"run_id","package_version","source_archive_sha256","cpu_profile","requested_blas_threads","reported_blas_threads","loaded_blas_library","scenario_id","design_partition","factor_name","factor_value","factor_label","task_type","method","route","backend","svd_method","xprod_requested","xprod_used","precision","n_train","n_test","p","q","class_count","latent_rank","max_ncomp","requested_prefixes","crosscov_mb","replicate","data_seed","fit_seed","oversample","power","rsvd_control_profile","rsvd_case_audit_available","rsvd_case_audit_certified","rsvd_deterministic_fallbacks","rsvd_audit_max_attempts","rsvd_effective_oversample","rsvd_effective_power","rsvd_max_triplet_residual","rsvd_max_omitted_direction_ratio","direction_rule","directions_per_solve","candidate_block_refresh","fresh_start","refresh_width","refresh_iterations","baseline_rss_mb","rss_after_fit_mb","rss_after_prediction_mb","process_peak_rss_mb","incremental_peak_rss_mb","gpu_process_peak_mb","gpu_total_baseline_mb","gpu_total_peak_mb","gpu_total_incremental_mb","fit_sec","prediction_sec","total_sec","model_size_mb","input_size_mb","rmsd","q2","accuracy","prediction_relative_error","prediction_correlation","label_agreement","score_relative_error","score_correlation","metric_absolute_difference","numerical_status","status","warnings","error"
"35_class_count_5__cpu_irlba_explicit__rep1","0.99.39",NA,"concurrent_numerical_reference",1,1,"/usr/lib/x86_64-linux-gnu/blas/libblas.so.3.10.0","35_class_count_5","one_factor","class_count",5,5,"classification","simpls","cpu_irlba_explicit","cpu","irlba","explicit",FALSE,"float64",2000,400,400,5,5,20,4,1,0.0152587890625,1,10035,124,32,5,NA,NA,NA,NA,NA,NA,NA,NA,NA,"fresh_per_component",1,FALSE,TRUE,NA,NA,378.53125,392.60546875,392.60546875,393.078,14.54675,NA,1152,1152,0,0.018,0.003,0.021,0.0528106689453125,7.33570861816406,NA,NA,0.67,0,1,1,0,1,0,"deterministic_reference","success",NA,NA
"35_class_count_5__cpu_irlba_explicit__rep2","0.99.39",NA,"concurrent_numerical_reference",1,1,"/usr/lib/x86_64-linux-gnu/blas/libblas.so.3.10.0","35_class_count_5","one_factor","class_count",5,5,"classification","simpls","cpu_irlba_explicit","cpu","irlba","explicit",FALSE,"float64",2000,400,400,5,5,20,4,1,0.0152587890625,2,10035,125,32,5,NA,NA,NA,NA,NA,NA,NA,NA,NA,"fresh_per_component",1,FALSE,TRUE,NA,NA,378.41796875,392.4921875,392.4921875,392.965,14.54703125,NA,1152,1152,0,0.02,0.003,0.023,0.0528106689453125,7.33570861816406,NA,NA,0.67,0,1,1,0,1,0,"deterministic_reference","success",NA,NA
"35_class_count_5__cpu_irlba_explicit__rep3","0.99.39",NA,"concurrent_numerical_reference",1,1,"/usr/lib/x86_64-linux-gnu/blas/libblas.so.3.10.0","35_class_count_5","one_factor","class_count",5,5,"classification","simpls","cpu_irlba_explicit","cpu","irlba","explicit",FALSE,"float64",2000,400,400,5,5,20,4,1,0.0152587890625,3,10035,126,32,5,NA,NA,NA,NA,NA,NA,NA,NA,NA,"fresh_per_component",1,FALSE,TRUE,NA,NA,378.48828125,392.5625,392.5625,393.035,14.54671875,NA,1152,1152,0,0.018,0.002,0.02,0.0528106689453125,7.33570861816406,NA,NA,0.67,0,1,1,0,1,0,"deterministic_reference","success",NA,NA
"35_class_count_5__cuda_rsvd_auto__rep1","0.99.39",NA,"concurrent_numerical_reference",1,1,"/usr/lib/x86_64-linux-gnu/blas/libblas.so.3.10.0","35_class_count_5","one_factor","class_count",5,5,"classification","simpls","cuda_rsvd_auto","cuda","rsvd","auto",FALSE,"float64",2000,400,400,5,5,20,4,1,0.0152587890625,1,10035,124,NA,NA,"ordinary_fast",FALSE,NA,NA,NA,32,5,NA,NA,"fresh_oversampled_sketch_per_component",1,FALSE,TRUE,NA,NA,382.953125,733.765625,733.765625,733.766,350.812875,202,1152,1362,210,0.252,0.00300000000000011,0.255,0.0582046508789062,7.33570861816406,NA,NA,0.67,NA,NA,1,1.63861086319537e-15,1,0,"within_tolerance","success",NA,NA
"35_class_count_5__cuda_rsvd_auto__rep2","0.99.39",NA,"concurrent_numerical_reference",1,1,"/usr/lib/x86_64-linux-gnu/blas/libblas.so.3.10.0","35_class_count_5","one_factor","class_count",5,5,"classification","simpls","cuda_rsvd_auto","cuda","rsvd","auto",FALSE,"float64",2000,400,400,5,5,20,4,1,0.0152587890625,2,10035,125,NA,NA,"ordinary_fast",FALSE,NA,NA,NA,32,5,NA,NA,"fresh_oversampled_sketch_per_component",1,FALSE,TRUE,NA,NA,382.8984375,733.73828125,733.73828125,733.738,350.8395625,202,1152,1362,210,0.252,0.004,0.256,0.0582046508789062,7.33570861816406,NA,NA,0.67,NA,NA,1,1.48664040832692e-15,1,0,"within_tolerance","success",NA,NA
"35_class_count_5__cuda_rsvd_auto__rep3","0.99.39",NA,"concurrent_numerical_reference",1,1,"/usr/lib/x86_64-linux-gnu/blas/libblas.so.3.10.0","35_class_count_5","one_factor","class_count",5,5,"classification","simpls","cuda_rsvd_auto","cuda","rsvd","auto",FALSE,"float64",2000,400,400,5,5,20,4,1,0.0152587890625,3,10035,126,NA,NA,"ordinary_fast",FALSE,NA,NA,NA,32,5,NA,NA,"fresh_oversampled_sketch_per_component",1,FALSE,TRUE,NA,NA,382.96875,733.7890625,733.7890625,733.789,350.82025,202,1152,1362,210,0.248,0.00300000000000011,0.251,0.0582046508789062,7.33570861816406,NA,NA,0.67,NA,NA,1,1.60789152145862e-15,1,0,"within_tolerance","success",NA,NA
"36_class_count_10__cpu_irlba_explicit__rep1","0.99.39",NA,"concurrent_numerical_reference",1,1,"/usr/lib/x86_64-linux-gnu/blas/libblas.so.3.10.0","36_class_count_10","one_factor","class_count",10,10,"classification","simpls","cpu_irlba_explicit","cpu","irlba","explicit",FALSE,"float64",2000,400,400,10,10,20,4,1,0.030517578125,1,10036,124,32,5,NA,NA,NA,NA,NA,NA,NA,NA,NA,"fresh_per_component",1,FALSE,TRUE,NA,NA,378.90234375,393.0078125,393.0078125,393.449,14.54665625,NA,1152,1152,0,0.021,0.00300000000000011,0.0240000000000001,0.0701751708984375,7.33639526367188,NA,NA,0.4575,0,1,1,0,1,0,"deterministic_reference","success",NA,NA
"36_class_count_10__cpu_irlba_explicit__rep2","0.99.39",NA,"concurrent_numerical_reference",1,1,"/usr/lib/x86_64-linux-gnu/blas/libblas.so.3.10.0","36_class_count_10","one_factor","class_count",10,10,"classification","simpls","cpu_irlba_explicit","cpu","irlba","explicit",FALSE,"float64",2000,400,400,10,10,20,4,1,0.030517578125,2,10036,125,32,5,NA,NA,NA,NA,NA,NA,NA,NA,NA,"fresh_per_component",1,FALSE,TRUE,NA,NA,378.8984375,392.9921875,392.9921875,393.445,14.5465625,NA,1152,1152,0,0.021,0.003,0.024,0.0701751708984375,7.33639526367188,NA,NA,0.4575,0,1,1,0,1,0,"deterministic_reference","success",NA,NA
"36_class_count_10__cpu_irlba_explicit__rep3","0.99.39",NA,"concurrent_numerical_reference",1,1,"/usr/lib/x86_64-linux-gnu/blas/libblas.so.3.10.0","36_class_count_10","one_factor","class_count",10,10,"classification","simpls","cpu_irlba_explicit","cpu","irlba","explicit",FALSE,"float64",2000,400,400,10,10,20,4,1,0.030517578125,3,10036,126,32,5,NA,NA,NA,NA,NA,NA,NA,NA,NA,"fresh_per_component",1,FALSE,TRUE,NA,NA,378.80078125,392.87890625,392.87890625,393.348,14.54721875,NA,1152,1152,0,0.021,0.003,0.024,0.0701751708984375,7.33639526367188,NA,NA,0.4575,0,1,1,0,1,0,"deterministic_reference","success",NA,NA
"36_class_count_10__cuda_rsvd_auto__rep1","0.99.39",NA,"concurrent_numerical_reference",1,1,"/usr/lib/x86_64-linux-gnu/blas/libblas.so.3.10.0","36_class_count_10","one_factor","class_count",10,10,"classification","simpls","cuda_rsvd_auto","cuda","rsvd","auto",FALSE,"float64",2000,400,400,10,10,20,4,1,0.030517578125,1,10036,124,NA,NA,"ordinary_fast",FALSE,NA,NA,NA,32,5,NA,NA,"fresh_oversampled_sketch_per_component",1,FALSE,TRUE,NA,NA,383.35546875,734.23828125,734.2421875,734.238,350.88253125,202,1152,1362,210,0.247,0.004,0.251,0.0755691528320312,7.33639526367188,NA,NA,0.4575,NA,NA,1,3.08120826546049e-06,0.999999999992632,0,"within_tolerance","success",NA,NA
"36_class_count_10__cuda_rsvd_auto__rep2","0.99.39",NA,"concurrent_numerical_reference",1,1,"/usr/lib/x86_64-linux-gnu/blas/libblas.so.3.10.0","36_class_count_10","one_factor","class_count",10,10,"classification","simpls","cuda_rsvd_auto","cuda","rsvd","auto",FALSE,"float64",2000,400,400,10,10,20,4,1,0.030517578125,2,10036,125,NA,NA,"ordinary_fast",FALSE,NA,NA,NA,32,5,NA,NA,"fresh_oversampled_sketch_per_component",1,FALSE,TRUE,NA,NA,383.234375,734.1015625,734.1015625,734.102,350.867625,202,1152,1372,220,0.252,0.004,0.256,0.0755691528320312,7.33639526367188,NA,NA,0.4575,NA,NA,1,3.08120826509274e-06,0.999999999992632,0,"within_tolerance","success",NA,NA
"36_class_count_10__cuda_rsvd_auto__rep3","0.99.39",NA,"concurrent_numerical_reference",1,1,"/usr/lib/x86_64-linux-gnu/blas/libblas.so.3.10.0","36_class_count_10","one_factor","class_count",10,10,"classification","simpls","cuda_rsvd_auto","cuda","rsvd","auto",FALSE,"float64",2000,400,400,10,10,20,4,1,0.030517578125,3,10036,126,NA,NA,"ordinary_fast",FALSE,NA,NA,NA,32,5,NA,NA,"fresh_oversampled_sketch_per_component",1,FALSE,TRUE,NA,NA,383.26953125,734.11328125,734.11328125,734.113,350.84346875,202,1152,1362,210,0.256,0.00300000000000011,0.259,0.0755691528320312,7.33639526367188,NA,NA,0.4575,NA,NA,1,3.08120826442781e-06,0.999999999992632,0,"within_tolerance","success",NA,NA
"37_class_count_25__cpu_irlba_explicit__rep1","0.99.39",NA,"concurrent_numerical_reference",1,1,"/usr/lib/x86_64-linux-gnu/blas/libblas.so.3.10.0","37_class_count_25","one_factor","class_count",25,25,"classification","simpls","cpu_irlba_explicit","cpu","irlba","explicit",FALSE,"float64",2000,400,400,25,25,20,4,1,0.0762939453125,1,10037,124,32,5,NA,NA,NA,NA,NA,NA,NA,NA,NA,"fresh_per_component",1,FALSE,TRUE,NA,NA,379.90625,393.984375,393.984375,394.453,14.54675,NA,1152,1152,0,0.026,0.00499999999999989,0.0309999999999999,0.122245788574219,7.338134765625,NA,NA,0.23,0,1,1,0,1,0,"deterministic_reference","success",NA,NA
"37_class_count_25__cpu_irlba_explicit__rep2","0.99.39",NA,"concurrent_numerical_reference",1,1,"/usr/lib/x86_64-linux-gnu/blas/libblas.so.3.10.0","37_class_count_25","one_factor","class_count",25,25,"classification","simpls","cpu_irlba_explicit","cpu","irlba","explicit",FALSE,"float64",2000,400,400,25,25,20,4,1,0.0762939453125,2,10037,125,32,5,NA,NA,NA,NA,NA,NA,NA,NA,NA,"fresh_per_component",1,FALSE,TRUE,NA,NA,379.98828125,394.0703125,394.0703125,394.535,14.54671875,NA,1152,1152,0,0.027,0.005,0.032,0.122245788574219,7.338134765625,NA,NA,0.23,0,1,1,0,1,0,"deterministic_reference","success",NA,NA
"37_class_count_25__cpu_irlba_explicit__rep3","0.99.39",NA,"concurrent_numerical_reference",1,1,"/usr/lib/x86_64-linux-gnu/blas/libblas.so.3.10.0","37_class_count_25","one_factor","class_count",25,25,"classification","simpls","cpu_irlba_explicit","cpu","irlba","explicit",FALSE,"float64",2000,400,400,25,25,20,4,1,0.0762939453125,3,10037,126,32,5,NA,NA,NA,NA,NA,NA,NA,NA,NA,"fresh_per_component",1,FALSE,TRUE,NA,NA,380.00390625,394.0859375,394.0859375,394.551,14.54709375,NA,1152,1152,0,0.027,0.00400000000000011,0.0310000000000001,0.122245788574219,7.338134765625,NA,NA,0.23,0,1,1,0,1,0,"deterministic_reference","success",NA,NA
"37_class_count_25__cuda_rsvd_auto__rep1","0.99.39",NA,"concurrent_numerical_reference",1,1,"/usr/lib/x86_64-linux-gnu/blas/libblas.so.3.10.0","37_class_count_25","one_factor","class_count",25,25,"classification","simpls","cuda_rsvd_auto","cuda","rsvd","auto",FALSE,"float64",2000,400,400,25,25,20,4,1,0.0762939453125,1,10037,124,NA,NA,"ordinary_fast",FALSE,NA,NA,NA,32,5,NA,NA,"fresh_oversampled_sketch_per_component",1,FALSE,TRUE,NA,NA,384.4296875,748.640625,752.15625,748.641,364.2113125,202,1152,1362,210,0.255,0.00600000000000001,0.261,0.127639770507812,7.338134765625,NA,NA,0.23,NA,NA,1,6.12148097780938e-07,0.999999999999739,0,"within_tolerance","success",NA,NA
"37_class_count_25__cuda_rsvd_auto__rep2","0.99.39",NA,"concurrent_numerical_reference",1,1,"/usr/lib/x86_64-linux-gnu/blas/libblas.so.3.10.0","37_class_count_25","one_factor","class_count",25,25,"classification","simpls","cuda_rsvd_auto","cuda","rsvd","auto",FALSE,"float64",2000,400,400,25,25,20,4,1,0.0762939453125,2,10037,125,NA,NA,"ordinary_fast",FALSE,NA,NA,NA,32,5,NA,NA,"fresh_oversampled_sketch_per_component",1,FALSE,TRUE,NA,NA,384.4375,748.66015625,752.17578125,748.66,364.2225,202,1152,1362,210,0.253,0.00600000000000001,0.259,0.127639770507812,7.338134765625,NA,NA,0.23,NA,NA,1,6.1214809830274e-07,0.999999999999739,0,"within_tolerance","success",NA,NA
"37_class_count_25__cuda_rsvd_auto__rep3","0.99.39",NA,"concurrent_numerical_reference",1,1,"/usr/lib/x86_64-linux-gnu/blas/libblas.so.3.10.0","37_class_count_25","one_factor","class_count",25,25,"classification","simpls","cuda_rsvd_auto","cuda","rsvd","auto",FALSE,"float64",2000,400,400,25,25,20,4,1,0.0762939453125,3,10037,126,NA,NA,"ordinary_fast",FALSE,NA,NA,NA,32,5,NA,NA,"fresh_oversampled_sketch_per_component",1,FALSE,TRUE,NA,NA,384.3984375,748.61328125,752.12109375,748.613,364.2145625,202,1152,1362,210,0.257,0.0069999999999999,0.264,0.127639770507812,7.338134765625,NA,NA,0.23,NA,NA,1,6.12148097370789e-07,0.999999999999738,0,"within_tolerance","success",NA,NA
"38_class_count_50__cpu_irlba_explicit__rep1","0.99.39",NA,"concurrent_numerical_reference",1,1,"/usr/lib/x86_64-linux-gnu/blas/libblas.so.3.10.0","38_class_count_50","one_factor","class_count",50,50,"classification","simpls","cpu_irlba_explicit","cpu","irlba","explicit",FALSE,"float64",2000,400,400,50,50,20,4,1,0.152587890625,1,10038,124,32,5,NA,NA,NA,NA,NA,NA,NA,NA,NA,"fresh_per_component",1,FALSE,TRUE,NA,NA,381.32421875,395.40234375,395.40234375,395.871,14.54678125,NA,1152,1152,0,0.037,0.0069999999999999,0.0439999999999999,0.213386535644531,7.3411865234375,NA,NA,0.1425,0,1,1,0,1,0,"deterministic_reference","success",NA,NA
"38_class_count_50__cpu_irlba_explicit__rep2","0.99.39",NA,"concurrent_numerical_reference",1,1,"/usr/lib/x86_64-linux-gnu/blas/libblas.so.3.10.0","38_class_count_50","one_factor","class_count",50,50,"classification","simpls","cpu_irlba_explicit","cpu","irlba","explicit",FALSE,"float64",2000,400,400,50,50,20,4,1,0.152587890625,2,10038,125,32,5,NA,NA,NA,NA,NA,NA,NA,NA,NA,"fresh_per_component",1,FALSE,TRUE,NA,NA,381.34765625,395.42578125,395.42578125,395.895,14.54734375,NA,1152,1152,0,0.0399999999999999,0.0069999999999999,0.0469999999999998,0.213386535644531,7.3411865234375,NA,NA,0.1425,0,1,1,0,1,0,"deterministic_reference","success",NA,NA
"38_class_count_50__cpu_irlba_explicit__rep3","0.99.39",NA,"concurrent_numerical_reference",1,1,"/usr/lib/x86_64-linux-gnu/blas/libblas.so.3.10.0","38_class_count_50","one_factor","class_count",50,50,"classification","simpls","cpu_irlba_explicit","cpu","irlba","explicit",FALSE,"float64",2000,400,400,50,50,20,4,1,0.152587890625,3,10038,126,32,5,NA,NA,NA,NA,NA,NA,NA,NA,NA,"fresh_per_component",1,FALSE,TRUE,NA,NA,381.33203125,395.4140625,395.4140625,395.879,14.54696875,NA,1152,1152,0,0.037,0.0069999999999999,0.0439999999999999,0.213386535644531,7.3411865234375,NA,NA,0.1425,0,1,1,0,1,0,"deterministic_reference","success",NA,NA
"38_class_count_50__cuda_rsvd_auto__rep1","0.99.39",NA,"concurrent_numerical_reference",1,1,"/usr/lib/x86_64-linux-gnu/blas/libblas.so.3.10.0","38_class_count_50","one_factor","class_count",50,50,"classification","simpls","cuda_rsvd_auto","cuda","rsvd","auto",FALSE,"float64",2000,400,400,50,50,20,4,1,0.152587890625,1,10038,124,NA,NA,"ordinary_fast",FALSE,NA,NA,NA,32,5,NA,NA,"fresh_oversampled_sketch_per_component",1,FALSE,TRUE,NA,NA,385.8828125,751.14453125,754.6328125,751.699,365.8161875,204,1152,1364,212,0.26,0.0069999999999999,0.267,0.218780517578125,7.3411865234375,NA,NA,0.1425,NA,NA,1,0.000382242273813671,0.999999900176453,0,"within_tolerance","success",NA,NA
"38_class_count_50__cuda_rsvd_auto__rep2","0.99.39",NA,"concurrent_numerical_reference",1,1,"/usr/lib/x86_64-linux-gnu/blas/libblas.so.3.10.0","38_class_count_50","one_factor","class_count",50,50,"classification","simpls","cuda_rsvd_auto","cuda","rsvd","auto",FALSE,"float64",2000,400,400,50,50,20,4,1,0.152587890625,2,10038,125,NA,NA,"ordinary_fast",FALSE,NA,NA,NA,32,5,NA,NA,"fresh_oversampled_sketch_per_component",1,FALSE,TRUE,NA,NA,385.70703125,751.4375,754.921875,751.438,365.73096875,204,1152,1364,212,0.262,0.00700000000000012,0.269,0.218780517578125,7.3411865234375,NA,NA,0.1425,NA,NA,1,0.000382152049891705,0.999999900223697,0,"within_tolerance","success",NA,NA
"38_class_count_50__cuda_rsvd_auto__rep3","0.99.39",NA,"concurrent_numerical_reference",1,1,"/usr/lib/x86_64-linux-gnu/blas/libblas.so.3.10.0","38_class_count_50","one_factor","class_count",50,50,"classification","simpls","cuda_rsvd_auto","cuda","rsvd","auto",FALSE,"float64",2000,400,400,50,50,20,4,1,0.152587890625,3,10038,126,NA,NA,"ordinary_fast",FALSE,NA,NA,NA,32,5,NA,NA,"fresh_oversampled_sketch_per_component",1,FALSE,TRUE,NA,NA,385.84375,751.23828125,754.72265625,751.238,365.39425,204,1152,1364,212,0.26,0.0069999999999999,0.267,0.218780517578125,7.3411865234375,NA,NA,0.1425,NA,NA,1,0.000382190338474831,0.999999900203326,0,"within_tolerance","success",NA,NA
"39_class_count_100__cpu_irlba_explicit__rep1","0.99.39",NA,"concurrent_numerical_reference",1,1,"/usr/lib/x86_64-linux-gnu/blas/libblas.so.3.10.0","39_class_count_100","one_factor","class_count",100,100,"classification","simpls","cpu_irlba_explicit","cpu","irlba","explicit",FALSE,"float64",2000,400,400,100,100,20,4,1,0.30517578125,1,10039,124,32,5,NA,NA,NA,NA,NA,NA,NA,NA,NA,"fresh_per_component",1,FALSE,TRUE,NA,NA,384.05859375,398.15625,398.15625,398.605,14.54640625,NA,1152,1152,0,0.0549999999999999,0.01,0.0649999999999999,0.4100341796875,7.3472900390625,NA,NA,0.1,0,1,1,0,1,0,"deterministic_reference","success",NA,NA
"39_class_count_100__cpu_irlba_explicit__rep2","0.99.39",NA,"concurrent_numerical_reference",1,1,"/usr/lib/x86_64-linux-gnu/blas/libblas.so.3.10.0","39_class_count_100","one_factor","class_count",100,100,"classification","simpls","cpu_irlba_explicit","cpu","irlba","explicit",FALSE,"float64",2000,400,400,100,100,20,4,1,0.30517578125,2,10039,125,32,5,NA,NA,NA,NA,NA,NA,NA,NA,NA,"fresh_per_component",1,FALSE,TRUE,NA,NA,384.12890625,398.234375,398.234375,398.676,14.54709375,NA,1152,1152,0,0.0539999999999999,0.012,0.0659999999999999,0.4100341796875,7.3472900390625,NA,NA,0.1,0,1,1,0,1,0,"deterministic_reference","success",NA,NA
"39_class_count_100__cpu_irlba_explicit__rep3","0.99.39",NA,"concurrent_numerical_reference",1,1,"/usr/lib/x86_64-linux-gnu/blas/libblas.so.3.10.0","39_class_count_100","one_factor","class_count",100,100,"classification","simpls","cpu_irlba_explicit","cpu","irlba","explicit",FALSE,"float64",2000,400,400,100,100,20,4,1,0.30517578125,3,10039,126,32,5,NA,NA,NA,NA,NA,NA,NA,NA,NA,"fresh_per_component",1,FALSE,TRUE,NA,NA,384.09765625,398.1796875,398.1796875,398.645,14.54734375,NA,1152,1152,0,0.0549999999999999,0.012,0.0669999999999999,0.4100341796875,7.3472900390625,NA,NA,0.1,0,1,1,0,1,0,"deterministic_reference","success",NA,NA
"39_class_count_100__cuda_rsvd_auto__rep1","0.99.39",NA,"concurrent_numerical_reference",1,1,"/usr/lib/x86_64-linux-gnu/blas/libblas.so.3.10.0","39_class_count_100","one_factor","class_count",100,100,"classification","simpls","cuda_rsvd_auto","cuda","rsvd","auto",FALSE,"float64",2000,400,400,100,100,20,4,1,0.30517578125,1,10039,124,NA,NA,"sparse_high_class_stable",FALSE,NA,NA,NA,64,7,NA,NA,"fresh_oversampled_sketch_per_component",1,FALSE,TRUE,NA,NA,388.5546875,753.8359375,754.9609375,753.836,365.2813125,218,1152,1368,216,0.282,0.0069999999999999,0.289,0.415443420410156,7.3472900390625,NA,NA,0.1,NA,NA,1,5.53662030603237e-06,0.999999999980424,0,"within_tolerance","success",NA,NA
"39_class_count_100__cuda_rsvd_auto__rep2","0.99.39",NA,"concurrent_numerical_reference",1,1,"/usr/lib/x86_64-linux-gnu/blas/libblas.so.3.10.0","39_class_count_100","one_factor","class_count",100,100,"classification","simpls","cuda_rsvd_auto","cuda","rsvd","auto",FALSE,"float64",2000,400,400,100,100,20,4,1,0.30517578125,2,10039,125,NA,NA,"sparse_high_class_stable",FALSE,NA,NA,NA,64,7,NA,NA,"fresh_oversampled_sketch_per_component",1,FALSE,TRUE,NA,NA,388.55859375,753.8203125,754.9453125,753.82,365.26140625,208,1152,1368,216,0.291,0.0069999999999999,0.298,0.415443420410156,7.3472900390625,NA,NA,0.1,NA,NA,1,5.53660188309831e-06,0.999999999980424,0,"within_tolerance","success",NA,NA
"39_class_count_100__cuda_rsvd_auto__rep3","0.99.39",NA,"concurrent_numerical_reference",1,1,"/usr/lib/x86_64-linux-gnu/blas/libblas.so.3.10.0","39_class_count_100","one_factor","class_count",100,100,"classification","simpls","cuda_rsvd_auto","cuda","rsvd","auto",FALSE,"float64",2000,400,400,100,100,20,4,1,0.30517578125,3,10039,126,NA,NA,"sparse_high_class_stable",FALSE,NA,NA,NA,64,7,NA,NA,"fresh_oversampled_sketch_per_component",1,FALSE,TRUE,NA,NA,388.56640625,753.8984375,755.0234375,753.898,365.33159375,208,1152,1368,216,0.284,0.00700000000000012,0.291,0.415443420410156,7.3472900390625,NA,NA,0.1,NA,NA,1,5.53661593220538e-06,0.999999999980424,0,"within_tolerance","success",NA,NA
"40_class_count_200__cpu_irlba_explicit__rep1","0.99.39",NA,"concurrent_numerical_reference",1,1,"/usr/lib/x86_64-linux-gnu/blas/libblas.so.3.10.0","40_class_count_200","one_factor","class_count",200,200,"classification","simpls","cpu_irlba_explicit","cpu","irlba","explicit",FALSE,"float64",4000,800,400,200,200,20,4,1,0.6103515625,1,10040,124,32,5,NA,NA,NA,NA,NA,NA,NA,NA,NA,"fresh_per_component",1,FALSE,TRUE,NA,NA,393.47265625,400.3515625,400.3515625,429.188,35.71534375,NA,1152,1152,0,0.181,0.032,0.213,0.860549926757812,14.69287109375,NA,NA,0.09125,0,1,1,0,1,0,"deterministic_reference","success",NA,NA
"40_class_count_200__cpu_irlba_explicit__rep2","0.99.39",NA,"concurrent_numerical_reference",1,1,"/usr/lib/x86_64-linux-gnu/blas/libblas.so.3.10.0","40_class_count_200","one_factor","class_count",200,200,"classification","simpls","cpu_irlba_explicit","cpu","irlba","explicit",FALSE,"float64",4000,800,400,200,200,20,4,1,0.6103515625,2,10040,125,32,5,NA,NA,NA,NA,NA,NA,NA,NA,NA,"fresh_per_component",1,FALSE,TRUE,NA,NA,393.4140625,436.8125,436.8125,436.812,43.3979375,NA,1152,1152,0,0.189,0.032,0.221,0.860549926757812,14.69287109375,NA,NA,0.09125,0,1,1,0,1,0,"deterministic_reference","success",NA,NA
"40_class_count_200__cpu_irlba_explicit__rep3","0.99.39",NA,"concurrent_numerical_reference",1,1,"/usr/lib/x86_64-linux-gnu/blas/libblas.so.3.10.0","40_class_count_200","one_factor","class_count",200,200,"classification","simpls","cpu_irlba_explicit","cpu","irlba","explicit",FALSE,"float64",4000,800,400,200,200,20,4,1,0.6103515625,3,10040,126,32,5,NA,NA,NA,NA,NA,NA,NA,NA,NA,"fresh_per_component",1,FALSE,TRUE,NA,NA,393.3828125,436.765625,436.765625,436.766,43.3831875,NA,1152,1152,0,0.181,0.032,0.213,0.860549926757812,14.69287109375,NA,NA,0.09125,0,1,1,0,1,0,"deterministic_reference","success",NA,NA
"40_class_count_200__cuda_rsvd_auto__rep1","0.99.39",NA,"concurrent_numerical_reference",1,1,"/usr/lib/x86_64-linux-gnu/blas/libblas.so.3.10.0","40_class_count_200","one_factor","class_count",200,200,"classification","simpls","cuda_rsvd_auto","cuda","rsvd","auto",FALSE,"float64",4000,800,400,200,200,20,4,1,0.6103515625,1,10040,124,NA,NA,"sparse_high_class_stable",FALSE,NA,NA,NA,64,7,NA,NA,"fresh_oversampled_sketch_per_component",1,FALSE,TRUE,NA,NA,397.890625,777.31640625,777.8046875,777.316,379.425375,220,1152,1380,228,0.302,0.00600000000000001,0.308,0.865959167480469,14.69287109375,NA,NA,0.09125,NA,NA,1,3.05733663675984e-06,0.999999999994348,0,"within_tolerance","success",NA,NA
"40_class_count_200__cuda_rsvd_auto__rep2","0.99.39",NA,"concurrent_numerical_reference",1,1,"/usr/lib/x86_64-linux-gnu/blas/libblas.so.3.10.0","40_class_count_200","one_factor","class_count",200,200,"classification","simpls","cuda_rsvd_auto","cuda","rsvd","auto",FALSE,"float64",4000,800,400,200,200,20,4,1,0.6103515625,2,10040,125,NA,NA,"sparse_high_class_stable",FALSE,NA,NA,NA,64,7,NA,NA,"fresh_oversampled_sketch_per_component",1,FALSE,TRUE,NA,NA,397.96875,777.4375,777.92578125,777.438,379.46925,220,1152,1394,242,0.296,0.0069999999999999,0.303,0.865959167480469,14.69287109375,NA,NA,0.09125,NA,NA,1,3.0573547950593e-06,0.999999999994348,0,"within_tolerance","success",NA,NA
"40_class_count_200__cuda_rsvd_auto__rep3","0.99.39",NA,"concurrent_numerical_reference",1,1,"/usr/lib/x86_64-linux-gnu/blas/libblas.so.3.10.0","40_class_count_200","one_factor","class_count",200,200,"classification","simpls","cuda_rsvd_auto","cuda","rsvd","auto",FALSE,"float64",4000,800,400,200,200,20,4,1,0.6103515625,3,10040,126,NA,NA,"sparse_high_class_stable",FALSE,NA,NA,NA,64,7,NA,NA,"fresh_oversampled_sketch_per_component",1,FALSE,TRUE,NA,NA,397.89453125,777.609375,778.09765625,777.609,379.71446875,220,1152,1380,228,0.304,0.00600000000000001,0.31,0.865959167480469,14.69287109375,NA,NA,0.09125,NA,NA,1,3.05697229589128e-06,0.99999999999435,0,"within_tolerance","success",NA,NA
"41_crosscov_mb_2_0__cpu_irlba_explicit__rep1","0.99.39",NA,"concurrent_numerical_reference",1,1,"/usr/lib/x86_64-linux-gnu/blas/libblas.so.3.10.0","41_crosscov_mb_2_0","one_factor","crosscov_mb",1.9989013671875,2,"regression","simpls","cpu_irlba_explicit","cpu","irlba","explicit",FALSE,"float64",1500,300,1000,262,NA,20,10,1,1.9989013671875,1,10041,124,32,5,NA,NA,NA,NA,NA,NA,NA,NA,NA,"fresh_per_component",1,FALSE,TRUE,NA,NA,396.90625,425.66796875,425.66796875,425.668,28.76175,NA,1152,1152,0,0.263,0.036,0.299,2.12502288818359,17.3322296142578,0.795635014652537,0.362044310936978,NA,0,1,NA,NA,NA,0,"deterministic_reference","success",NA,NA
"41_crosscov_mb_2_0__cpu_irlba_explicit__rep2","0.99.39",NA,"concurrent_numerical_reference",1,1,"/usr/lib/x86_64-linux-gnu/blas/libblas.so.3.10.0","41_crosscov_mb_2_0","one_factor","crosscov_mb",1.9989013671875,2,"regression","simpls","cpu_irlba_explicit","cpu","irlba","explicit",FALSE,"float64",1500,300,1000,262,NA,20,10,1,1.9989013671875,2,10041,125,32,5,NA,NA,NA,NA,NA,NA,NA,NA,NA,"fresh_per_component",1,FALSE,TRUE,NA,NA,396.9921875,425.78125,425.78125,425.781,28.7888125,NA,1152,1154,2,0.265,0.0349999999999999,0.3,2.12502288818359,17.3322296142578,0.795635014652537,0.362044310936978,NA,0,1,NA,NA,NA,0,"deterministic_reference","success",NA,NA
"41_crosscov_mb_2_0__cpu_irlba_explicit__rep3","0.99.39",NA,"concurrent_numerical_reference",1,1,"/usr/lib/x86_64-linux-gnu/blas/libblas.so.3.10.0","41_crosscov_mb_2_0","one_factor","crosscov_mb",1.9989013671875,2,"regression","simpls","cpu_irlba_explicit","cpu","irlba","explicit",FALSE,"float64",1500,300,1000,262,NA,20,10,1,1.9989013671875,3,10041,126,32,5,NA,NA,NA,NA,NA,NA,NA,NA,NA,"fresh_per_component",1,FALSE,TRUE,NA,NA,396.984375,425.765625,425.765625,425.766,28.781625,NA,1152,1152,0,0.282,0.0350000000000001,0.317,2.12502288818359,17.3322296142578,0.795635014652537,0.362044310936978,NA,0,1,NA,NA,NA,0,"deterministic_reference","success",NA,NA
"41_crosscov_mb_2_0__cuda_rsvd_auto__rep1","0.99.39",NA,"concurrent_numerical_reference",1,1,"/usr/lib/x86_64-linux-gnu/blas/libblas.so.3.10.0","41_crosscov_mb_2_0","one_factor","crosscov_mb",1.9989013671875,2,"regression","simpls","cuda_rsvd_auto","cuda","rsvd","auto",FALSE,"float64",1500,300,1000,262,NA,20,10,1,1.9989013671875,1,10041,124,NA,NA,"ordinary_fast",FALSE,NA,NA,NA,32,5,NA,NA,"fresh_oversampled_sketch_per_component",1,FALSE,TRUE,NA,NA,401.51953125,774.1484375,774.1484375,774.148,372.62846875,218,1152,1378,226,0.317,0.00299999999999989,0.32,2.13041687011719,17.3322296142578,0.795635005414985,0.362044325750678,NA,5.10348346992645e-06,0.999999999986979,NA,NA,NA,9.23755238968482e-09,"within_tolerance","success",NA,NA
"41_crosscov_mb_2_0__cuda_rsvd_auto__rep2","0.99.39",NA,"concurrent_numerical_reference",1,1,"/usr/lib/x86_64-linux-gnu/blas/libblas.so.3.10.0","41_crosscov_mb_2_0","one_factor","crosscov_mb",1.9989013671875,2,"regression","simpls","cuda_rsvd_auto","cuda","rsvd","auto",FALSE,"float64",1500,300,1000,262,NA,20,10,1,1.9989013671875,2,10041,125,NA,NA,"ordinary_fast",FALSE,NA,NA,NA,32,5,NA,NA,"fresh_oversampled_sketch_per_component",1,FALSE,TRUE,NA,NA,401.4765625,774.09375,774.09375,774.094,372.6174375,218,1154,1380,226,0.307,0.004,0.311,2.13041687011719,17.3322296142578,0.795635005414985,0.362044325750678,NA,5.10348347019192e-06,0.999999999986978,NA,NA,NA,9.23755238968482e-09,"within_tolerance","success",NA,NA
"41_crosscov_mb_2_0__cuda_rsvd_auto__rep3","0.99.39",NA,"concurrent_numerical_reference",1,1,"/usr/lib/x86_64-linux-gnu/blas/libblas.so.3.10.0","41_crosscov_mb_2_0","one_factor","crosscov_mb",1.9989013671875,2,"regression","simpls","cuda_rsvd_auto","cuda","rsvd","auto",FALSE,"float64",1500,300,1000,262,NA,20,10,1,1.9989013671875,3,10041,126,NA,NA,"ordinary_fast",FALSE,NA,NA,NA,32,5,NA,NA,"fresh_oversampled_sketch_per_component",1,FALSE,TRUE,NA,NA,401.4375,774.0859375,774.0859375,774.086,372.6485,218,1152,1378,226,0.308,0.00300000000000011,0.311,2.13041687011719,17.3322296142578,0.795635005414985,0.362044325750678,NA,5.10348346954624e-06,0.999999999986979,NA,NA,NA,9.23755238968482e-09,"within_tolerance","success",NA,NA
"41_crosscov_mb_2_0__cuda_rsvd_explicit__rep1","0.99.39",NA,"concurrent_numerical_reference",1,1,"/usr/lib/x86_64-linux-gnu/blas/libblas.so.3.10.0","41_crosscov_mb_2_0","one_factor","crosscov_mb",1.9989013671875,2,"regression","simpls","cuda_rsvd_explicit","cuda","rsvd","explicit",FALSE,"float64",1500,300,1000,262,NA,20,10,1,1.9989013671875,1,10041,124,32,5,"explicit",FALSE,NA,NA,NA,32,5,NA,NA,"fresh_oversampled_sketch_per_component",1,FALSE,TRUE,NA,NA,401.53125,774.12890625,774.12890625,774.129,372.59775,216,1152,1378,226,0.318,0.00299999999999989,0.321,2.13041687011719,17.3322296142578,0.795635005414985,0.362044325750678,NA,5.10348346992645e-06,0.999999999986979,NA,NA,NA,9.23755238968482e-09,"within_tolerance","success",NA,NA
"41_crosscov_mb_2_0__cuda_rsvd_explicit__rep2","0.99.39",NA,"concurrent_numerical_reference",1,1,"/usr/lib/x86_64-linux-gnu/blas/libblas.so.3.10.0","41_crosscov_mb_2_0","one_factor","crosscov_mb",1.9989013671875,2,"regression","simpls","cuda_rsvd_explicit","cuda","rsvd","explicit",FALSE,"float64",1500,300,1000,262,NA,20,10,1,1.9989013671875,2,10041,125,32,5,"explicit",FALSE,NA,NA,NA,32,5,NA,NA,"fresh_oversampled_sketch_per_component",1,FALSE,TRUE,NA,NA,401.44140625,774.30859375,774.30859375,774.309,372.86759375,218,1152,1378,226,0.307,0.004,0.311,2.13041687011719,17.3322296142578,0.795635005414985,0.362044325750678,NA,5.10348347019192e-06,0.999999999986978,NA,NA,NA,9.23755238968482e-09,"within_tolerance","success",NA,NA
"41_crosscov_mb_2_0__cuda_rsvd_explicit__rep3","0.99.39",NA,"concurrent_numerical_reference",1,1,"/usr/lib/x86_64-linux-gnu/blas/libblas.so.3.10.0","41_crosscov_mb_2_0","one_factor","crosscov_mb",1.9989013671875,2,"regression","simpls","cuda_rsvd_explicit","cuda","rsvd","explicit",FALSE,"float64",1500,300,1000,262,NA,20,10,1,1.9989013671875,3,10041,126,32,5,"explicit",FALSE,NA,NA,NA,32,5,NA,NA,"fresh_oversampled_sketch_per_component",1,FALSE,TRUE,NA,NA,401.4453125,774.01171875,774.01171875,774.012,372.5666875,218,1152,1378,226,0.308,0.00399999999999978,0.312,2.13041687011719,17.3322296142578,0.795635005414985,0.362044325750678,NA,5.10348346954624e-06,0.999999999986979,NA,NA,NA,9.23755238968482e-09,"within_tolerance","success",NA,NA
"41_crosscov_mb_2_0__cuda_rsvd_implicit__rep1","0.99.39",NA,"concurrent_numerical_reference",1,1,"/usr/lib/x86_64-linux-gnu/blas/libblas.so.3.10.0","41_crosscov_mb_2_0","one_factor","crosscov_mb",1.9989013671875,2,"regression","simpls","cuda_rsvd_implicit","cuda","rsvd","implicit",FALSE,"float64",1500,300,1000,262,NA,20,10,1,1.9989013671875,1,10041,124,32,5,"explicit",FALSE,NA,NA,NA,32,5,NA,NA,"fresh_oversampled_sketch_per_component",1,FALSE,TRUE,NA,NA,401.5,773.78515625,773.7890625,773.785,372.285,218,1152,1378,226,0.302,0.00300000000000011,0.305,2.13041687011719,17.3322296142578,0.795635005414985,0.362044325750678,NA,5.10348346992645e-06,0.999999999986979,NA,NA,NA,9.23755238968482e-09,"within_tolerance","success",NA,NA
"41_crosscov_mb_2_0__cuda_rsvd_implicit__rep2","0.99.39",NA,"concurrent_numerical_reference",1,1,"/usr/lib/x86_64-linux-gnu/blas/libblas.so.3.10.0","41_crosscov_mb_2_0","one_factor","crosscov_mb",1.9989013671875,2,"regression","simpls","cuda_rsvd_implicit","cuda","rsvd","implicit",FALSE,"float64",1500,300,1000,262,NA,20,10,1,1.9989013671875,2,10041,125,32,5,"explicit",FALSE,NA,NA,NA,32,5,NA,NA,"fresh_oversampled_sketch_per_component",1,FALSE,TRUE,NA,NA,401.453125,774.046875,774.046875,774.047,372.593875,218,1152,1378,226,0.305,0.00300000000000011,0.308,2.13041687011719,17.3322296142578,0.795635005414985,0.362044325750678,NA,5.10348347019192e-06,0.999999999986978,NA,NA,NA,9.23755238968482e-09,"within_tolerance","success",NA,NA
"41_crosscov_mb_2_0__cuda_rsvd_implicit__rep3","0.99.39",NA,"concurrent_numerical_reference",1,1,"/usr/lib/x86_64-linux-gnu/blas/libblas.so.3.10.0","41_crosscov_mb_2_0","one_factor","crosscov_mb",1.9989013671875,2,"regression","simpls","cuda_rsvd_implicit","cuda","rsvd","implicit",FALSE,"float64",1500,300,1000,262,NA,20,10,1,1.9989013671875,3,10041,126,32,5,"explicit",FALSE,NA,NA,NA,32,5,NA,NA,"fresh_oversampled_sketch_per_component",1,FALSE,TRUE,NA,NA,401.4296875,774.0234375,774.0234375,774.023,372.5933125,218,1152,1378,226,0.311,0.00300000000000011,0.314,2.13041687011719,17.3322296142578,0.795635005414985,0.362044325750678,NA,5.10348346954624e-06,0.999999999986979,NA,NA,NA,9.23755238968482e-09,"within_tolerance","success",NA,NA
"42_crosscov_mb_4_0__cpu_irlba_explicit__rep1","0.99.39",NA,"concurrent_numerical_reference",1,1,"/usr/lib/x86_64-linux-gnu/blas/libblas.so.3.10.0","42_crosscov_mb_4_0","one_factor","crosscov_mb",3.997802734375,4,"regression","simpls","cpu_irlba_explicit","cpu","irlba","explicit",FALSE,"float64",1500,300,1000,524,NA,20,10,1,3.997802734375,1,10042,124,32,5,NA,NA,NA,NA,NA,NA,NA,NA,NA,"fresh_per_component",1,FALSE,TRUE,NA,NA,398.88671875,445.64453125,445.64453125,445.645,46.75828125,NA,1152,1152,0,0.519,0.0710000000000002,0.59,4.14591217041016,20.9302520751953,0.844192242784201,0.322917898095581,NA,0,1,NA,NA,NA,0,"deterministic_reference","success",NA,NA
"42_crosscov_mb_4_0__cpu_irlba_explicit__rep2","0.99.39",NA,"concurrent_numerical_reference",1,1,"/usr/lib/x86_64-linux-gnu/blas/libblas.so.3.10.0","42_crosscov_mb_4_0","one_factor","crosscov_mb",3.997802734375,4,"regression","simpls","cpu_irlba_explicit","cpu","irlba","explicit",FALSE,"float64",1500,300,1000,524,NA,20,10,1,3.997802734375,2,10042,125,32,5,NA,NA,NA,NA,NA,NA,NA,NA,NA,"fresh_per_component",1,FALSE,TRUE,NA,NA,398.8515625,445.6015625,445.6015625,445.602,46.7504375,NA,1152,1152,0,0.518,0.0670000000000002,0.585,4.14591217041016,20.9302520751953,0.844192242784201,0.322917898095581,NA,0,1,NA,NA,NA,0,"deterministic_reference","success",NA,NA
"42_crosscov_mb_4_0__cpu_irlba_explicit__rep3","0.99.39",NA,"concurrent_numerical_reference",1,1,"/usr/lib/x86_64-linux-gnu/blas/libblas.so.3.10.0","42_crosscov_mb_4_0","one_factor","crosscov_mb",3.997802734375,4,"regression","simpls","cpu_irlba_explicit","cpu","irlba","explicit",FALSE,"float64",1500,300,1000,524,NA,20,10,1,3.997802734375,3,10042,126,32,5,NA,NA,NA,NA,NA,NA,NA,NA,NA,"fresh_per_component",1,FALSE,TRUE,NA,NA,398.88671875,445.640625,445.640625,445.641,46.75428125,NA,1152,1152,0,0.52,0.0669999999999999,0.587,4.14591217041016,20.9302520751953,0.844192242784201,0.322917898095581,NA,0,1,NA,NA,NA,0,"deterministic_reference","success",NA,NA
"42_crosscov_mb_4_0__cuda_rsvd_auto__rep1","0.99.39",NA,"concurrent_numerical_reference",1,1,"/usr/lib/x86_64-linux-gnu/blas/libblas.so.3.10.0","42_crosscov_mb_4_0","one_factor","crosscov_mb",3.997802734375,4,"regression","simpls","cuda_rsvd_auto","cuda","rsvd","auto",FALSE,"float64",1500,300,1000,524,NA,20,10,1,3.997802734375,1,10042,124,NA,NA,"high_response_stable",FALSE,NA,NA,NA,48,6,NA,NA,"fresh_oversampled_sketch_per_component",1,FALSE,TRUE,NA,NA,403.2265625,786.6875,786.6875,786.688,383.4614375,224,1152,1384,232,0.339,0.00300000000000011,0.342,4.15132141113281,20.9302520751953,0.844191838556385,0.322918546515076,NA,3.82708857559996e-05,0.999999999267825,NA,NA,NA,4.0422781633076e-07,"within_tolerance","success",NA,NA
"42_crosscov_mb_4_0__cuda_rsvd_auto__rep2","0.99.39",NA,"concurrent_numerical_reference",1,1,"/usr/lib/x86_64-linux-gnu/blas/libblas.so.3.10.0","42_crosscov_mb_4_0","one_factor","crosscov_mb",3.997802734375,4,"regression","simpls","cuda_rsvd_auto","cuda","rsvd","auto",FALSE,"float64",1500,300,1000,524,NA,20,10,1,3.997802734375,2,10042,125,NA,NA,"high_response_stable",FALSE,NA,NA,NA,48,6,NA,NA,"fresh_oversampled_sketch_per_component",1,FALSE,TRUE,NA,NA,403.296875,786.75390625,786.75390625,786.754,383.457125,224,1152,1384,232,0.345,0.004,0.349,4.15132141113281,20.9302520751953,0.844191838556385,0.322918546515076,NA,3.82708857601848e-05,0.999999999267825,NA,NA,NA,4.0422781633076e-07,"within_tolerance","success",NA,NA
"42_crosscov_mb_4_0__cuda_rsvd_auto__rep3","0.99.39",NA,"concurrent_numerical_reference",1,1,"/usr/lib/x86_64-linux-gnu/blas/libblas.so.3.10.0","42_crosscov_mb_4_0","one_factor","crosscov_mb",3.997802734375,4,"regression","simpls","cuda_rsvd_auto","cuda","rsvd","auto",FALSE,"float64",1500,300,1000,524,NA,20,10,1,3.997802734375,3,10042,126,NA,NA,"high_response_stable",FALSE,NA,NA,NA,48,6,NA,NA,"fresh_oversampled_sketch_per_component",1,FALSE,TRUE,NA,NA,403.27734375,786.7109375,786.7109375,786.711,383.43365625,224,1152,1384,232,0.343,0.004,0.347,4.15132141113281,20.9302520751953,0.844191838556385,0.322918546515076,NA,3.82708857563206e-05,0.999999999267825,NA,NA,NA,4.04227816219738e-07,"within_tolerance","success",NA,NA
"42_crosscov_mb_4_0__cuda_rsvd_explicit__rep1","0.99.39",NA,"concurrent_numerical_reference",1,1,"/usr/lib/x86_64-linux-gnu/blas/libblas.so.3.10.0","42_crosscov_mb_4_0","one_factor","crosscov_mb",3.997802734375,4,"regression","simpls","cuda_rsvd_explicit","cuda","rsvd","explicit",FALSE,"float64",1500,300,1000,524,NA,20,10,1,3.997802734375,1,10042,124,32,5,"explicit",FALSE,NA,NA,NA,32,5,NA,NA,"fresh_oversampled_sketch_per_component",1,FALSE,TRUE,NA,NA,403.1953125,786.6015625,786.6015625,786.602,383.4066875,224,1152,1384,232,0.31,0.00300000000000011,0.313,4.15130615234375,20.9302520751953,0.844191838556385,0.322918546515076,NA,3.82708857589343e-05,0.999999999267825,NA,NA,NA,4.0422781633076e-07,"within_tolerance","success",NA,NA
"42_crosscov_mb_4_0__cuda_rsvd_explicit__rep2","0.99.39",NA,"concurrent_numerical_reference",1,1,"/usr/lib/x86_64-linux-gnu/blas/libblas.so.3.10.0","42_crosscov_mb_4_0","one_factor","crosscov_mb",3.997802734375,4,"regression","simpls","cuda_rsvd_explicit","cuda","rsvd","explicit",FALSE,"float64",1500,300,1000,524,NA,20,10,1,3.997802734375,2,10042,125,32,5,"explicit",FALSE,NA,NA,NA,32,5,NA,NA,"fresh_oversampled_sketch_per_component",1,FALSE,TRUE,NA,NA,403.2265625,786.63671875,786.640625,786.637,383.4104375,224,1152,1384,232,0.308,0.00300000000000011,0.311,4.15130615234375,20.9302520751953,0.844191838556385,0.322918546515076,NA,3.82708857528217e-05,0.999999999267825,NA,NA,NA,4.04227816219738e-07,"within_tolerance","success",NA,NA
"42_crosscov_mb_4_0__cuda_rsvd_explicit__rep3","0.99.39",NA,"concurrent_numerical_reference",1,1,"/usr/lib/x86_64-linux-gnu/blas/libblas.so.3.10.0","42_crosscov_mb_4_0","one_factor","crosscov_mb",3.997802734375,4,"regression","simpls","cuda_rsvd_explicit","cuda","rsvd","explicit",FALSE,"float64",1500,300,1000,524,NA,20,10,1,3.997802734375,3,10042,126,32,5,"explicit",FALSE,NA,NA,NA,32,5,NA,NA,"fresh_oversampled_sketch_per_component",1,FALSE,TRUE,NA,NA,403.21484375,786.6328125,786.6328125,786.633,383.41815625,224,1152,1384,232,0.311,0.00300000000000011,0.314,4.15130615234375,20.9302520751953,0.844191838556385,0.322918546515076,NA,3.82708857581579e-05,0.999999999267825,NA,NA,NA,4.0422781633076e-07,"within_tolerance","success",NA,NA
"42_crosscov_mb_4_0__cuda_rsvd_implicit__rep1","0.99.39",NA,"concurrent_numerical_reference",1,1,"/usr/lib/x86_64-linux-gnu/blas/libblas.so.3.10.0","42_crosscov_mb_4_0","one_factor","crosscov_mb",3.997802734375,4,"regression","simpls","cuda_rsvd_implicit","cuda","rsvd","implicit",FALSE,"float64",1500,300,1000,524,NA,20,10,1,3.997802734375,1,10042,124,32,5,"explicit",FALSE,NA,NA,NA,32,5,NA,NA,"fresh_oversampled_sketch_per_component",1,FALSE,TRUE,NA,NA,403.3515625,786.76953125,786.76953125,786.77,383.4184375,224,1152,1384,232,0.319,0.004,0.323,4.15130615234375,20.9302520751953,0.844191838556385,0.322918546515076,NA,3.82708857589343e-05,0.999999999267825,NA,NA,NA,4.0422781633076e-07,"within_tolerance","success",NA,NA
"42_crosscov_mb_4_0__cuda_rsvd_implicit__rep2","0.99.39",NA,"concurrent_numerical_reference",1,1,"/usr/lib/x86_64-linux-gnu/blas/libblas.so.3.10.0","42_crosscov_mb_4_0","one_factor","crosscov_mb",3.997802734375,4,"regression","simpls","cuda_rsvd_implicit","cuda","rsvd","implicit",FALSE,"float64",1500,300,1000,524,NA,20,10,1,3.997802734375,2,10042,125,32,5,"explicit",FALSE,NA,NA,NA,32,5,NA,NA,"fresh_oversampled_sketch_per_component",1,FALSE,TRUE,NA,NA,403.18359375,787.078125,787.078125,787.078,383.89440625,224,1152,1384,232,0.324,0.00299999999999989,0.327,4.15130615234375,20.9302520751953,0.844191838556385,0.322918546515076,NA,3.82708857528217e-05,0.999999999267825,NA,NA,NA,4.04227816219738e-07,"within_tolerance","success",NA,NA
"42_crosscov_mb_4_0__cuda_rsvd_implicit__rep3","0.99.39",NA,"concurrent_numerical_reference",1,1,"/usr/lib/x86_64-linux-gnu/blas/libblas.so.3.10.0","42_crosscov_mb_4_0","one_factor","crosscov_mb",3.997802734375,4,"regression","simpls","cuda_rsvd_implicit","cuda","rsvd","implicit",FALSE,"float64",1500,300,1000,524,NA,20,10,1,3.997802734375,3,10042,126,32,5,"explicit",FALSE,NA,NA,NA,32,5,NA,NA,"fresh_oversampled_sketch_per_component",1,FALSE,TRUE,NA,NA,403.28515625,786.703125,786.703125,786.703,383.41784375,224,1152,1384,232,0.308,0.004,0.312,4.15130615234375,20.9302520751953,0.844191838556385,0.322918546515076,NA,3.82708857581579e-05,0.999999999267825,NA,NA,NA,4.0422781633076e-07,"within_tolerance","success",NA,NA
"43_crosscov_mb_8_0__cpu_irlba_explicit__rep1","0.99.39",NA,"concurrent_numerical_reference",1,1,"/usr/lib/x86_64-linux-gnu/blas/libblas.so.3.10.0","43_crosscov_mb_8_0","one_factor","crosscov_mb",8.00323486328125,8,"regression","simpls","cpu_irlba_explicit","cpu","irlba","explicit",FALSE,"float64",1500,300,1000,1049,NA,20,10,1,8.00323486328125,1,10043,124,32,5,NA,NA,NA,NA,NA,NA,NA,NA,NA,"fresh_per_component",1,FALSE,TRUE,NA,NA,397.26953125,478.65625,478.65625,478.656,81.38646875,NA,1152,1152,0,1.019,0.133,1.152,8.19540405273438,28.1400299072266,0.828451150476411,0.342121831375667,NA,0,1,NA,NA,NA,0,"deterministic_reference","success",NA,NA
"43_crosscov_mb_8_0__cpu_irlba_explicit__rep2","0.99.39",NA,"concurrent_numerical_reference",1,1,"/usr/lib/x86_64-linux-gnu/blas/libblas.so.3.10.0","43_crosscov_mb_8_0","one_factor","crosscov_mb",8.00323486328125,8,"regression","simpls","cpu_irlba_explicit","cpu","irlba","explicit",FALSE,"float64",1500,300,1000,1049,NA,20,10,1,8.00323486328125,2,10043,125,32,5,NA,NA,NA,NA,NA,NA,NA,NA,NA,"fresh_per_component",1,FALSE,TRUE,NA,NA,397.3125,478.7109375,478.7109375,478.711,81.3985,NA,1152,1152,0,1.017,0.133,1.15,8.19540405273438,28.1400299072266,0.828451150476411,0.342121831375667,NA,0,1,NA,NA,NA,0,"deterministic_reference","success",NA,NA
"43_crosscov_mb_8_0__cpu_irlba_explicit__rep3","0.99.39",NA,"concurrent_numerical_reference",1,1,"/usr/lib/x86_64-linux-gnu/blas/libblas.so.3.10.0","43_crosscov_mb_8_0","one_factor","crosscov_mb",8.00323486328125,8,"regression","simpls","cpu_irlba_explicit","cpu","irlba","explicit",FALSE,"float64",1500,300,1000,1049,NA,20,10,1,8.00323486328125,3,10043,126,32,5,NA,NA,NA,NA,NA,NA,NA,NA,NA,"fresh_per_component",1,FALSE,TRUE,NA,NA,397.31640625,478.69921875,478.69921875,478.699,81.38259375,NA,1152,1152,0,1.019,0.132,1.151,8.19540405273438,28.1400299072266,0.828451150476411,0.342121831375667,NA,0,1,NA,NA,NA,0,"deterministic_reference","success",NA,NA
"43_crosscov_mb_8_0__cuda_rsvd_auto__rep1","0.99.39",NA,"concurrent_numerical_reference",1,1,"/usr/lib/x86_64-linux-gnu/blas/libblas.so.3.10.0","43_crosscov_mb_8_0","one_factor","crosscov_mb",8.00323486328125,8,"regression","simpls","cuda_rsvd_auto","cuda","rsvd","auto",FALSE,"float64",1500,300,1000,1049,NA,20,10,1,8.00323486328125,1,10043,124,NA,NA,"high_response_stable",FALSE,NA,NA,NA,48,6,NA,NA,"fresh_oversampled_sketch_per_component",1,FALSE,TRUE,NA,NA,401.77734375,811.0859375,811.08984375,811.086,409.30865625,244,1152,1404,252,0.392,0.004,0.396,8.20081329345703,28.1400299072266,0.82845130659978,0.342121583418584,NA,1.86067733643341e-05,0.999999999826939,NA,NA,NA,1.56123368344474e-07,"within_tolerance","success",NA,NA
"43_crosscov_mb_8_0__cuda_rsvd_auto__rep2","0.99.39",NA,"concurrent_numerical_reference",1,1,"/usr/lib/x86_64-linux-gnu/blas/libblas.so.3.10.0","43_crosscov_mb_8_0","one_factor","crosscov_mb",8.00323486328125,8,"regression","simpls","cuda_rsvd_auto","cuda","rsvd","auto",FALSE,"float64",1500,300,1000,1049,NA,20,10,1,8.00323486328125,2,10043,125,NA,NA,"high_response_stable",FALSE,NA,NA,NA,48,6,NA,NA,"fresh_oversampled_sketch_per_component",1,FALSE,TRUE,NA,NA,401.75390625,810.6796875,810.6796875,810.68,408.92609375,244,1152,1404,252,0.386,0.004,0.39,8.20081329345703,28.1400299072266,0.82845130659978,0.342121583418584,NA,1.86067733633732e-05,0.999999999826939,NA,NA,NA,1.56123368344474e-07,"within_tolerance","success",NA,NA
"43_crosscov_mb_8_0__cuda_rsvd_auto__rep3","0.99.39",NA,"concurrent_numerical_reference",1,1,"/usr/lib/x86_64-linux-gnu/blas/libblas.so.3.10.0","43_crosscov_mb_8_0","one_factor","crosscov_mb",8.00323486328125,8,"regression","simpls","cuda_rsvd_auto","cuda","rsvd","auto",FALSE,"float64",1500,300,1000,1049,NA,20,10,1,8.00323486328125,3,10043,126,NA,NA,"high_response_stable",FALSE,NA,NA,NA,48,6,NA,NA,"fresh_oversampled_sketch_per_component",1,FALSE,TRUE,NA,NA,401.6953125,811.0078125,811.0078125,811.008,409.3126875,244,1152,1404,252,0.389,0.004,0.393,8.20081329345703,28.1400299072266,0.82845130659978,0.342121583418584,NA,1.86067733628642e-05,0.999999999826939,NA,NA,NA,1.56123368344474e-07,"within_tolerance","success",NA,NA
"43_crosscov_mb_8_0__cuda_rsvd_explicit__rep1","0.99.39",NA,"concurrent_numerical_reference",1,1,"/usr/lib/x86_64-linux-gnu/blas/libblas.so.3.10.0","43_crosscov_mb_8_0","one_factor","crosscov_mb",8.00323486328125,8,"regression","simpls","cuda_rsvd_explicit","cuda","rsvd","explicit",FALSE,"float64",1500,300,1000,1049,NA,20,10,1,8.00323486328125,1,10043,124,32,5,"explicit",FALSE,NA,NA,NA,32,5,NA,NA,"fresh_oversampled_sketch_per_component",1,FALSE,TRUE,NA,NA,401.7578125,811.0546875,811.0546875,811.055,409.2971875,244,1152,1404,252,0.336,0.004,0.34,8.20079803466797,28.1400299072266,0.82845130659978,0.342121583418584,NA,1.86067733646716e-05,0.999999999826939,NA,NA,NA,1.56123368344474e-07,"within_tolerance","success",NA,NA
"43_crosscov_mb_8_0__cuda_rsvd_explicit__rep2","0.99.39",NA,"concurrent_numerical_reference",1,1,"/usr/lib/x86_64-linux-gnu/blas/libblas.so.3.10.0","43_crosscov_mb_8_0","one_factor","crosscov_mb",8.00323486328125,8,"regression","simpls","cuda_rsvd_explicit","cuda","rsvd","explicit",FALSE,"float64",1500,300,1000,1049,NA,20,10,1,8.00323486328125,2,10043,125,32,5,"explicit",FALSE,NA,NA,NA,32,5,NA,NA,"fresh_oversampled_sketch_per_component",1,FALSE,TRUE,NA,NA,401.73828125,811.71875,811.71875,811.719,409.98071875,244,1152,1404,252,0.346,0.004,0.35,8.20079803466797,28.1400299072266,0.82845130659978,0.342121583418584,NA,1.8606773364086e-05,0.999999999826939,NA,NA,NA,1.56123368344474e-07,"within_tolerance","success",NA,NA
"43_crosscov_mb_8_0__cuda_rsvd_explicit__rep3","0.99.39",NA,"concurrent_numerical_reference",1,1,"/usr/lib/x86_64-linux-gnu/blas/libblas.so.3.10.0","43_crosscov_mb_8_0","one_factor","crosscov_mb",8.00323486328125,8,"regression","simpls","cuda_rsvd_explicit","cuda","rsvd","explicit",FALSE,"float64",1500,300,1000,1049,NA,20,10,1,8.00323486328125,3,10043,126,32,5,"explicit",FALSE,NA,NA,NA,32,5,NA,NA,"fresh_oversampled_sketch_per_component",1,FALSE,TRUE,NA,NA,401.71484375,810.98046875,810.98046875,810.98,409.26515625,244,1152,1404,252,0.346,0.004,0.35,8.20079803466797,28.1400299072266,0.82845130659978,0.342121583418584,NA,1.86067733630214e-05,0.999999999826939,NA,NA,NA,1.56123368344474e-07,"within_tolerance","success",NA,NA
"43_crosscov_mb_8_0__cuda_rsvd_implicit__rep1","0.99.39",NA,"concurrent_numerical_reference",1,1,"/usr/lib/x86_64-linux-gnu/blas/libblas.so.3.10.0","43_crosscov_mb_8_0","one_factor","crosscov_mb",8.00323486328125,8,"regression","simpls","cuda_rsvd_implicit","cuda","rsvd","implicit",FALSE,"float64",1500,300,1000,1049,NA,20,10,1,8.00323486328125,1,10043,124,32,5,"explicit",FALSE,NA,NA,NA,32,5,NA,NA,"fresh_oversampled_sketch_per_component",1,FALSE,TRUE,NA,NA,401.6953125,810.9453125,810.9453125,810.945,409.2496875,244,1152,1404,252,0.339,0.004,0.343,8.20079803466797,28.1400299072266,0.82845130659978,0.342121583418584,NA,1.86067733646716e-05,0.999999999826939,NA,NA,NA,1.56123368344474e-07,"within_tolerance","success",NA,NA
"43_crosscov_mb_8_0__cuda_rsvd_implicit__rep2","0.99.39",NA,"concurrent_numerical_reference",1,1,"/usr/lib/x86_64-linux-gnu/blas/libblas.so.3.10.0","43_crosscov_mb_8_0","one_factor","crosscov_mb",8.00323486328125,8,"regression","simpls","cuda_rsvd_implicit","cuda","rsvd","implicit",FALSE,"float64",1500,300,1000,1049,NA,20,10,1,8.00323486328125,2,10043,125,32,5,"explicit",FALSE,NA,NA,NA,32,5,NA,NA,"fresh_oversampled_sketch_per_component",1,FALSE,TRUE,NA,NA,401.70703125,811,811,811,409.29296875,244,1152,1404,252,0.344,0.004,0.348,8.20079803466797,28.1400299072266,0.82845130659978,0.342121583418584,NA,1.8606773364086e-05,0.999999999826939,NA,NA,NA,1.56123368344474e-07,"within_tolerance","success",NA,NA
"43_crosscov_mb_8_0__cuda_rsvd_implicit__rep3","0.99.39",NA,"concurrent_numerical_reference",1,1,"/usr/lib/x86_64-linux-gnu/blas/libblas.so.3.10.0","43_crosscov_mb_8_0","one_factor","crosscov_mb",8.00323486328125,8,"regression","simpls","cuda_rsvd_implicit","cuda","rsvd","implicit",FALSE,"float64",1500,300,1000,1049,NA,20,10,1,8.00323486328125,3,10043,126,32,5,"explicit",FALSE,NA,NA,NA,32,5,NA,NA,"fresh_oversampled_sketch_per_component",1,FALSE,TRUE,NA,NA,401.7109375,810.984375,810.984375,810.984,409.2730625,244,1152,1404,252,0.342,0.00300000000000011,0.345,8.20079803466797,28.1400299072266,0.82845130659978,0.342121583418584,NA,1.86067733630214e-05,0.999999999826939,NA,NA,NA,1.56123368344474e-07,"within_tolerance","success",NA,NA
"44_crosscov_mb_16_0__cpu_irlba_explicit__rep1","0.99.39",NA,"concurrent_numerical_reference",1,1,"/usr/lib/x86_64-linux-gnu/blas/libblas.so.3.10.0","44_crosscov_mb_16_0","one_factor","crosscov_mb",15.9988403320312,16,"regression","simpls","cpu_irlba_explicit","cpu","irlba","explicit",FALSE,"float64",1500,300,1000,2097,NA,20,10,1,15.9988403320312,1,10044,124,32,5,NA,NA,NA,NA,NA,NA,NA,NA,NA,"fresh_per_component",1,FALSE,TRUE,NA,NA,411.9921875,548.765625,548.765625,548.766,136.7738125,NA,1152,1152,0,2.046,0.261,2.307,16.2789611816406,42.5321197509766,0.832300993081847,0.312480039080745,NA,0,1,NA,NA,NA,0,"deterministic_reference","success",NA,NA
"44_crosscov_mb_16_0__cpu_irlba_explicit__rep2","0.99.39",NA,"concurrent_numerical_reference",1,1,"/usr/lib/x86_64-linux-gnu/blas/libblas.so.3.10.0","44_crosscov_mb_16_0","one_factor","crosscov_mb",15.9988403320312,16,"regression","simpls","cpu_irlba_explicit","cpu","irlba","explicit",FALSE,"float64",1500,300,1000,2097,NA,20,10,1,15.9988403320312,2,10044,125,32,5,NA,NA,NA,NA,NA,NA,NA,NA,NA,"fresh_per_component",1,FALSE,TRUE,NA,NA,412.03125,548.81640625,548.81640625,548.816,136.78475,NA,1152,1152,0,2.06,0.276,2.336,16.2789611816406,42.5321197509766,0.832300993081847,0.312480039080745,NA,0,1,NA,NA,NA,0,"deterministic_reference","success",NA,NA
"44_crosscov_mb_16_0__cpu_irlba_explicit__rep3","0.99.39",NA,"concurrent_numerical_reference",1,1,"/usr/lib/x86_64-linux-gnu/blas/libblas.so.3.10.0","44_crosscov_mb_16_0","one_factor","crosscov_mb",15.9988403320312,16,"regression","simpls","cpu_irlba_explicit","cpu","irlba","explicit",FALSE,"float64",1500,300,1000,2097,NA,20,10,1,15.9988403320312,3,10044,126,32,5,NA,NA,NA,NA,NA,NA,NA,NA,NA,"fresh_per_component",1,FALSE,TRUE,NA,NA,412.0234375,548.78125,548.78125,548.781,136.7575625,NA,1152,1152,0,2.048,0.261,2.309,16.2789611816406,42.5321197509766,0.832300993081847,0.312480039080745,NA,0,1,NA,NA,NA,0,"deterministic_reference","success",NA,NA
"44_crosscov_mb_16_0__cuda_rsvd_auto__rep1","0.99.39",NA,"concurrent_numerical_reference",1,1,"/usr/lib/x86_64-linux-gnu/blas/libblas.so.3.10.0","44_crosscov_mb_16_0","one_factor","crosscov_mb",15.9988403320312,16,"regression","simpls","cuda_rsvd_auto","cuda","rsvd","auto",FALSE,"float64",1500,300,1000,2097,NA,20,10,1,15.9988403320312,1,10044,124,NA,NA,"high_response_stable",FALSE,NA,NA,NA,48,6,NA,NA,"fresh_oversampled_sketch_per_component",1,FALSE,TRUE,NA,NA,416.46484375,861.98046875,861.98046875,861.98,445.51515625,268,1152,1428,276,0.454,0.00499999999999989,0.459,16.2843704223633,42.5321197509766,0.832301344835144,0.312479457950922,NA,3.35194740239877e-05,0.999999999438436,NA,NA,NA,3.51753297267443e-07,"within_tolerance","success",NA,NA
"44_crosscov_mb_16_0__cuda_rsvd_auto__rep2","0.99.39",NA,"concurrent_numerical_reference",1,1,"/usr/lib/x86_64-linux-gnu/blas/libblas.so.3.10.0","44_crosscov_mb_16_0","one_factor","crosscov_mb",15.9988403320312,16,"regression","simpls","cuda_rsvd_auto","cuda","rsvd","auto",FALSE,"float64",1500,300,1000,2097,NA,20,10,1,15.9988403320312,2,10044,125,NA,NA,"high_response_stable",FALSE,NA,NA,NA,48,6,NA,NA,"fresh_oversampled_sketch_per_component",1,FALSE,TRUE,NA,NA,416.36328125,861.890625,861.890625,861.891,445.52771875,268,1152,1428,276,0.454,0.00499999999999989,0.459,16.2843704223633,42.5321197509766,0.832301344835144,0.312479457950922,NA,3.3519474024877e-05,0.999999999438436,NA,NA,NA,3.51753297378465e-07,"within_tolerance","success",NA,NA
"44_crosscov_mb_16_0__cuda_rsvd_auto__rep3","0.99.39",NA,"concurrent_numerical_reference",1,1,"/usr/lib/x86_64-linux-gnu/blas/libblas.so.3.10.0","44_crosscov_mb_16_0","one_factor","crosscov_mb",15.9988403320312,16,"regression","simpls","cuda_rsvd_auto","cuda","rsvd","auto",FALSE,"float64",1500,300,1000,2097,NA,20,10,1,15.9988403320312,3,10044,126,NA,NA,"high_response_stable",FALSE,NA,NA,NA,48,6,NA,NA,"fresh_oversampled_sketch_per_component",1,FALSE,TRUE,NA,NA,416.39453125,861.953125,861.953125,861.953,445.55846875,268,1152,1428,276,0.453,0.00500000000000012,0.458,16.2843704223633,42.5321197509766,0.832301344835144,0.312479457950922,NA,3.35194740242656e-05,0.999999999438436,NA,NA,NA,3.51753297378465e-07,"within_tolerance","success",NA,NA
"44_crosscov_mb_16_0__cuda_rsvd_explicit__rep1","0.99.39",NA,"concurrent_numerical_reference",1,1,"/usr/lib/x86_64-linux-gnu/blas/libblas.so.3.10.0","44_crosscov_mb_16_0","one_factor","crosscov_mb",15.9988403320312,16,"regression","simpls","cuda_rsvd_explicit","cuda","rsvd","explicit",FALSE,"float64",1500,300,1000,2097,NA,20,10,1,15.9988403320312,1,10044,124,32,5,"explicit",FALSE,NA,NA,NA,32,5,NA,NA,"fresh_oversampled_sketch_per_component",1,FALSE,TRUE,NA,NA,416.44140625,861.95703125,861.95703125,861.957,445.51559375,266,1152,1426,274,0.4,0.00500000000000012,0.405,16.2843551635742,42.5321197509766,0.832301344835144,0.312479457950922,NA,3.351947402398e-05,0.999999999438436,NA,NA,NA,3.51753297378465e-07,"within_tolerance","success",NA,NA
"44_crosscov_mb_16_0__cuda_rsvd_explicit__rep2","0.99.39",NA,"concurrent_numerical_reference",1,1,"/usr/lib/x86_64-linux-gnu/blas/libblas.so.3.10.0","44_crosscov_mb_16_0","one_factor","crosscov_mb",15.9988403320312,16,"regression","simpls","cuda_rsvd_explicit","cuda","rsvd","explicit",FALSE,"float64",1500,300,1000,2097,NA,20,10,1,15.9988403320312,2,10044,125,32,5,"explicit",FALSE,NA,NA,NA,32,5,NA,NA,"fresh_oversampled_sketch_per_component",1,FALSE,TRUE,NA,NA,416.421875,861.8984375,861.8984375,861.898,445.476125,266,1152,1426,274,0.415,0.00600000000000001,0.421,16.2843551635742,42.5321197509766,0.832301344835144,0.312479457950922,NA,3.35194740236086e-05,0.999999999438436,NA,NA,NA,3.51753297378465e-07,"within_tolerance","success",NA,NA
"44_crosscov_mb_16_0__cuda_rsvd_explicit__rep3","0.99.39",NA,"concurrent_numerical_reference",1,1,"/usr/lib/x86_64-linux-gnu/blas/libblas.so.3.10.0","44_crosscov_mb_16_0","one_factor","crosscov_mb",15.9988403320312,16,"regression","simpls","cuda_rsvd_explicit","cuda","rsvd","explicit",FALSE,"float64",1500,300,1000,2097,NA,20,10,1,15.9988403320312,3,10044,126,32,5,"explicit",FALSE,NA,NA,NA,32,5,NA,NA,"fresh_oversampled_sketch_per_component",1,FALSE,TRUE,NA,NA,416.48046875,861.953125,861.953125,861.953,445.47253125,266,1152,1426,274,0.406,0.00500000000000012,0.411,16.2843551635742,42.5321197509766,0.832301344835144,0.312479457950922,NA,3.3519474024412e-05,0.999999999438436,NA,NA,NA,3.51753297267443e-07,"within_tolerance","success",NA,NA
"44_crosscov_mb_16_0__cuda_rsvd_implicit__rep1","0.99.39",NA,"concurrent_numerical_reference",1,1,"/usr/lib/x86_64-linux-gnu/blas/libblas.so.3.10.0","44_crosscov_mb_16_0","one_factor","crosscov_mb",15.9988403320312,16,"regression","simpls","cuda_rsvd_implicit","cuda","rsvd","implicit",FALSE,"float64",1500,300,1000,2097,NA,20,10,1,15.9988403320312,1,10044,124,32,5,"explicit",FALSE,NA,NA,NA,32,5,NA,NA,"fresh_oversampled_sketch_per_component",1,FALSE,TRUE,NA,NA,416.47265625,862.11328125,862.1171875,862.113,445.64034375,266,1152,1426,274,0.401,0.00500000000000012,0.406,16.2843551635742,42.5321197509766,0.832301344835144,0.312479457950922,NA,3.351947402398e-05,0.999999999438436,NA,NA,NA,3.51753297378465e-07,"within_tolerance","success",NA,NA
"44_crosscov_mb_16_0__cuda_rsvd_implicit__rep2","0.99.39",NA,"concurrent_numerical_reference",1,1,"/usr/lib/x86_64-linux-gnu/blas/libblas.so.3.10.0","44_crosscov_mb_16_0","one_factor","crosscov_mb",15.9988403320312,16,"regression","simpls","cuda_rsvd_implicit","cuda","rsvd","implicit",FALSE,"float64",1500,300,1000,2097,NA,20,10,1,15.9988403320312,2,10044,125,32,5,"explicit",FALSE,NA,NA,NA,32,5,NA,NA,"fresh_oversampled_sketch_per_component",1,FALSE,TRUE,NA,NA,416.37109375,861.859375,861.859375,861.859,445.48790625,266,1152,1446,294,0.41,0.00499999999999989,0.415,16.2843551635742,42.5321197509766,0.832301344835144,0.312479457950922,NA,3.35194740236086e-05,0.999999999438436,NA,NA,NA,3.51753297378465e-07,"within_tolerance","success",NA,NA
"44_crosscov_mb_16_0__cuda_rsvd_implicit__rep3","0.99.39",NA,"concurrent_numerical_reference",1,1,"/usr/lib/x86_64-linux-gnu/blas/libblas.so.3.10.0","44_crosscov_mb_16_0","one_factor","crosscov_mb",15.9988403320312,16,"regression","simpls","cuda_rsvd_implicit","cuda","rsvd","implicit",FALSE,"float64",1500,300,1000,2097,NA,20,10,1,15.9988403320312,3,10044,126,32,5,"explicit",FALSE,NA,NA,NA,32,5,NA,NA,"fresh_oversampled_sketch_per_component",1,FALSE,TRUE,NA,NA,416.39453125,861.88671875,861.88671875,861.887,445.49246875,266,1152,1426,274,0.402,0.00499999999999989,0.407,16.2843551635742,42.5321197509766,0.832301344835144,0.312479457950922,NA,3.3519474024412e-05,0.999999999438436,NA,NA,NA,3.51753297267443e-07,"within_tolerance","success",NA,NA
"45_crosscov_mb_32_0__cpu_irlba_explicit__rep1","0.99.39",NA,"concurrent_numerical_reference",1,1,"/usr/lib/x86_64-linux-gnu/blas/libblas.so.3.10.0","45_crosscov_mb_32_0","one_factor","crosscov_mb",31.9976806640625,32,"regression","simpls","cpu_irlba_explicit","cpu","irlba","explicit",FALSE,"float64",1500,300,1000,4194,NA,20,10,1,31.9976806640625,1,10045,124,32,5,NA,NA,NA,NA,NA,NA,NA,NA,NA,"fresh_per_component",1,FALSE,TRUE,NA,NA,441.41796875,498.1796875,507.77734375,657.785,216.36703125,NA,1152,1152,0,4.937,0.52,5.457,32.4537887573242,71.3300323486328,0.842800896083619,0.311432411294463,NA,0,1,NA,NA,NA,0,"deterministic_reference","success",NA,NA
"45_crosscov_mb_32_0__cpu_irlba_explicit__rep2","0.99.39",NA,"concurrent_numerical_reference",1,1,"/usr/lib/x86_64-linux-gnu/blas/libblas.so.3.10.0","45_crosscov_mb_32_0","one_factor","crosscov_mb",31.9976806640625,32,"regression","simpls","cpu_irlba_explicit","cpu","irlba","explicit",FALSE,"float64",1500,300,1000,4194,NA,20,10,1,31.9976806640625,2,10045,125,32,5,NA,NA,NA,NA,NA,NA,NA,NA,NA,"fresh_per_component",1,FALSE,TRUE,NA,NA,441.44921875,498.203125,507.80078125,665.801,224.35178125,NA,1152,1152,0,4.796,0.51,5.306,32.4537887573242,71.3300323486328,0.842800896083619,0.311432411294463,NA,0,1,NA,NA,NA,0,"deterministic_reference","success",NA,NA
"45_crosscov_mb_32_0__cpu_irlba_explicit__rep3","0.99.39",NA,"concurrent_numerical_reference",1,1,"/usr/lib/x86_64-linux-gnu/blas/libblas.so.3.10.0","45_crosscov_mb_32_0","one_factor","crosscov_mb",31.9976806640625,32,"regression","simpls","cpu_irlba_explicit","cpu","irlba","explicit",FALSE,"float64",1500,300,1000,4194,NA,20,10,1,31.9976806640625,3,10045,126,32,5,NA,NA,NA,NA,NA,NA,NA,NA,NA,"fresh_per_component",1,FALSE,TRUE,NA,NA,441.46875,498.23046875,507.828125,657.836,216.36725,NA,1152,1154,2,4.937,0.537,5.474,32.4537887573242,71.3300323486328,0.842800896083619,0.311432411294463,NA,0,1,NA,NA,NA,0,"deterministic_reference","success",NA,NA
"45_crosscov_mb_32_0__cuda_rsvd_auto__rep1","0.99.39",NA,"concurrent_numerical_reference",1,1,"/usr/lib/x86_64-linux-gnu/blas/libblas.so.3.10.0","45_crosscov_mb_32_0","one_factor","crosscov_mb",31.9976806640625,32,"regression","simpls","cuda_rsvd_auto","cuda","rsvd","auto",FALSE,"float64",1500,300,1000,4194,NA,20,10,1,31.9976806640625,1,10045,124,NA,NA,"high_response_stable",FALSE,NA,NA,NA,48,6,NA,NA,"fresh_oversampled_sketch_per_component",1,FALSE,TRUE,NA,NA,445.8046875,851.38671875,870.5859375,930.363,484.5583125,326,1152,1510,358,0.608,0.0109999999999997,0.619,32.4591979980469,71.3300323486328,0.842800987300055,0.311432262246959,NA,2.115946135212e-05,0.999999999776152,NA,NA,NA,9.12164358490841e-08,"within_tolerance","success",NA,NA
"45_crosscov_mb_32_0__cuda_rsvd_auto__rep2","0.99.39",NA,"concurrent_numerical_reference",1,1,"/usr/lib/x86_64-linux-gnu/blas/libblas.so.3.10.0","45_crosscov_mb_32_0","one_factor","crosscov_mb",31.9976806640625,32,"regression","simpls","cuda_rsvd_auto","cuda","rsvd","auto",FALSE,"float64",1500,300,1000,4194,NA,20,10,1,31.9976806640625,2,10045,125,NA,NA,"high_response_stable",FALSE,NA,NA,NA,48,6,NA,NA,"fresh_oversampled_sketch_per_component",1,FALSE,TRUE,NA,NA,445.80078125,851.3125,870.51171875,930.285,484.48421875,326,1152,1486,334,0.604,0.0109999999999997,0.615,32.4591979980469,71.3300323486328,0.842800987300055,0.311432262246959,NA,2.11594613542848e-05,0.999999999776152,NA,NA,NA,9.12164358490841e-08,"within_tolerance","success",NA,NA
"45_crosscov_mb_32_0__cuda_rsvd_auto__rep3","0.99.39",NA,"concurrent_numerical_reference",1,1,"/usr/lib/x86_64-linux-gnu/blas/libblas.so.3.10.0","45_crosscov_mb_32_0","one_factor","crosscov_mb",31.9976806640625,32,"regression","simpls","cuda_rsvd_auto","cuda","rsvd","auto",FALSE,"float64",1500,300,1000,4194,NA,20,10,1,31.9976806640625,3,10045,126,NA,NA,"high_response_stable",FALSE,NA,NA,NA,48,6,NA,NA,"fresh_oversampled_sketch_per_component",1,FALSE,TRUE,NA,NA,445.86328125,851.47265625,870.671875,930.445,484.58171875,326,1154,1488,334,0.596,0.0110000000000001,0.607,32.4591979980469,71.3300323486328,0.842800987300055,0.311432262246959,NA,2.11594613575197e-05,0.999999999776152,NA,NA,NA,9.12164358490841e-08,"within_tolerance","success",NA,NA
"45_crosscov_mb_32_0__cuda_rsvd_explicit__rep1","0.99.39",NA,"concurrent_numerical_reference",1,1,"/usr/lib/x86_64-linux-gnu/blas/libblas.so.3.10.0","45_crosscov_mb_32_0","one_factor","crosscov_mb",31.9976806640625,32,"regression","simpls","cuda_rsvd_explicit","cuda","rsvd","explicit",FALSE,"float64",1500,300,1000,4194,NA,20,10,1,31.9976806640625,1,10045,124,32,5,"explicit",FALSE,NA,NA,NA,32,5,NA,NA,"fresh_oversampled_sketch_per_component",1,FALSE,TRUE,NA,NA,445.890625,851.47265625,870.671875,930.441,484.550375,324,1152,1484,332,0.52,0.0109999999999997,0.531,32.4591827392578,71.3300323486328,0.842800987300055,0.311432262246959,NA,2.11594613565982e-05,0.999999999776152,NA,NA,NA,9.12164358490841e-08,"within_tolerance","success",NA,NA
"45_crosscov_mb_32_0__cuda_rsvd_explicit__rep2","0.99.39",NA,"concurrent_numerical_reference",1,1,"/usr/lib/x86_64-linux-gnu/blas/libblas.so.3.10.0","45_crosscov_mb_32_0","one_factor","crosscov_mb",31.9976806640625,32,"regression","simpls","cuda_rsvd_explicit","cuda","rsvd","explicit",FALSE,"float64",1500,300,1000,4194,NA,20,10,1,31.9976806640625,2,10045,125,32,5,"explicit",FALSE,NA,NA,NA,32,5,NA,NA,"fresh_oversampled_sketch_per_component",1,FALSE,TRUE,NA,NA,445.90625,852.28515625,871.484375,931.258,485.35175,324,1152,1484,332,0.515,0.012,0.527,32.4591827392578,71.3300323486328,0.842800987300055,0.311432262246959,NA,2.11594613543592e-05,0.999999999776152,NA,NA,NA,9.12164358490841e-08,"within_tolerance","success",NA,NA
"45_crosscov_mb_32_0__cuda_rsvd_explicit__rep3","0.99.39",NA,"concurrent_numerical_reference",1,1,"/usr/lib/x86_64-linux-gnu/blas/libblas.so.3.10.0","45_crosscov_mb_32_0","one_factor","crosscov_mb",31.9976806640625,32,"regression","simpls","cuda_rsvd_explicit","cuda","rsvd","explicit",FALSE,"float64",1500,300,1000,4194,NA,20,10,1,31.9976806640625,3,10045,126,32,5,"explicit",FALSE,NA,NA,NA,32,5,NA,NA,"fresh_oversampled_sketch_per_component",1,FALSE,TRUE,NA,NA,445.79296875,851.2734375,870.47265625,932.105,486.31203125,324,1152,1484,332,0.526,0.0109999999999997,0.537,32.4591827392578,71.3300323486328,0.842800987300055,0.311432262246959,NA,2.11594613570779e-05,0.999999999776152,NA,NA,NA,9.12164359601064e-08,"within_tolerance","success",NA,NA
"45_crosscov_mb_32_0__cuda_rsvd_implicit__rep1","0.99.39",NA,"concurrent_numerical_reference",1,1,"/usr/lib/x86_64-linux-gnu/blas/libblas.so.3.10.0","45_crosscov_mb_32_0","one_factor","crosscov_mb",31.9976806640625,32,"regression","simpls","cuda_rsvd_implicit","cuda","rsvd","implicit",FALSE,"float64",1500,300,1000,4194,NA,20,10,1,31.9976806640625,1,10045,124,32,5,"explicit",FALSE,NA,NA,NA,32,5,NA,NA,"fresh_oversampled_sketch_per_component",1,FALSE,TRUE,NA,NA,445.90625,851.8984375,871.09765625,930.867,484.96075,324,1152,1484,332,0.519,0.012,0.531,32.4591827392578,71.3300323486328,0.842800987300055,0.311432262246959,NA,2.11594613565982e-05,0.999999999776152,NA,NA,NA,9.12164358490841e-08,"within_tolerance","success",NA,NA
"45_crosscov_mb_32_0__cuda_rsvd_implicit__rep2","0.99.39",NA,"concurrent_numerical_reference",1,1,"/usr/lib/x86_64-linux-gnu/blas/libblas.so.3.10.0","45_crosscov_mb_32_0","one_factor","crosscov_mb",31.9976806640625,32,"regression","simpls","cuda_rsvd_implicit","cuda","rsvd","implicit",FALSE,"float64",1500,300,1000,4194,NA,20,10,1,31.9976806640625,2,10045,125,32,5,"explicit",FALSE,NA,NA,NA,32,5,NA,NA,"fresh_oversampled_sketch_per_component",1,FALSE,TRUE,NA,NA,445.84765625,851.4296875,870.62890625,930.398,484.55034375,324,1152,1484,332,0.522,0.0110000000000001,0.533,32.4591827392578,71.3300323486328,0.842800987300055,0.311432262246959,NA,2.11594613543592e-05,0.999999999776152,NA,NA,NA,9.12164358490841e-08,"within_tolerance","success",NA,NA
"45_crosscov_mb_32_0__cuda_rsvd_implicit__rep3","0.99.39",NA,"concurrent_numerical_reference",1,1,"/usr/lib/x86_64-linux-gnu/blas/libblas.so.3.10.0","45_crosscov_mb_32_0","one_factor","crosscov_mb",31.9976806640625,32,"regression","simpls","cuda_rsvd_implicit","cuda","rsvd","implicit",FALSE,"float64",1500,300,1000,4194,NA,20,10,1,31.9976806640625,3,10045,126,32,5,"explicit",FALSE,NA,NA,NA,32,5,NA,NA,"fresh_oversampled_sketch_per_component",1,FALSE,TRUE,NA,NA,445.8828125,851.4453125,870.64453125,930.414,484.5311875,324,1152,1508,356,0.515,0.012,0.527,32.4591827392578,71.3300323486328,0.842800987300055,0.311432262246959,NA,2.11594613570779e-05,0.999999999776152,NA,NA,NA,9.12164359601064e-08,"within_tolerance","success",NA,NA
"46_crosscov_mb_64_0__cpu_irlba_explicit__rep1","0.99.39",NA,"concurrent_numerical_reference",1,1,"/usr/lib/x86_64-linux-gnu/blas/libblas.so.3.10.0","46_crosscov_mb_64_0","one_factor","crosscov_mb",64.0029907226562,64,"regression","simpls","cpu_irlba_explicit","cpu","irlba","explicit",FALSE,"float64",1500,300,1000,8389,NA,20,10,1,64.0029907226562,1,10046,124,32,5,NA,NA,NA,NA,NA,NA,NA,NA,NA,"fresh_per_component",1,FALSE,TRUE,NA,NA,500.359375,589.640625,608.84375,909.266,408.906625,NA,1152,1152,0,9.057,1.046,10.103,64.8111572265625,128.939590454102,0.824599319203826,0.31650974288222,NA,0,1,NA,NA,NA,0,"deterministic_reference","success",NA,NA
"46_crosscov_mb_64_0__cpu_irlba_explicit__rep2","0.99.39",NA,"concurrent_numerical_reference",1,1,"/usr/lib/x86_64-linux-gnu/blas/libblas.so.3.10.0","46_crosscov_mb_64_0","one_factor","crosscov_mb",64.0029907226562,64,"regression","simpls","cpu_irlba_explicit","cpu","irlba","explicit",FALSE,"float64",1500,300,1000,8389,NA,20,10,1,64.0029907226562,2,10046,125,32,5,NA,NA,NA,NA,NA,NA,NA,NA,NA,"fresh_per_component",1,FALSE,TRUE,NA,NA,500.32421875,589.5390625,608.7421875,909.164,408.83978125,NA,1152,1152,0,8.945,1.037,9.982,64.8111572265625,128.939590454102,0.824599319203826,0.31650974288222,NA,0,1,NA,NA,NA,0,"deterministic_reference","success",NA,NA
"46_crosscov_mb_64_0__cpu_irlba_explicit__rep3","0.99.39",NA,"concurrent_numerical_reference",1,1,"/usr/lib/x86_64-linux-gnu/blas/libblas.so.3.10.0","46_crosscov_mb_64_0","one_factor","crosscov_mb",64.0029907226562,64,"regression","simpls","cpu_irlba_explicit","cpu","irlba","explicit",FALSE,"float64",1500,300,1000,8389,NA,20,10,1,64.0029907226562,3,10046,126,32,5,NA,NA,NA,NA,NA,NA,NA,NA,NA,"fresh_per_component",1,FALSE,TRUE,NA,NA,500.35546875,589.13671875,608.33984375,965.023,464.66753125,NA,1152,1152,0,9.09,1.036,10.126,64.8111572265625,128.939590454102,0.824599319203826,0.31650974288222,NA,0,1,NA,NA,NA,0,"deterministic_reference","success",NA,NA
"46_crosscov_mb_64_0__cuda_rsvd_auto__rep1","0.99.39",NA,"concurrent_numerical_reference",1,1,"/usr/lib/x86_64-linux-gnu/blas/libblas.so.3.10.0","46_crosscov_mb_64_0","one_factor","crosscov_mb",64.0029907226562,64,"regression","simpls","cuda_rsvd_auto","cuda","rsvd","auto",TRUE,"float64",1500,300,1000,8389,NA,20,10,1,64.0029907226562,1,10046,124,NA,NA,"high_response_stable",FALSE,NA,NA,NA,48,6,NA,NA,"fresh_oversampled_sketch_per_component",1,FALSE,TRUE,NA,NA,504.79296875,943.1328125,962.3359375,1147.39,642.59703125,386,1152,1546,394,1.141,0.0210000000000004,1.162,64.8165664672852,128.939590454102,0.824599331544779,0.31650972242399,NA,1.21003742441673e-05,0.999999999926791,NA,NA,NA,1.23409531482821e-08,"within_tolerance","success",NA,NA
"46_crosscov_mb_64_0__cuda_rsvd_auto__rep2","0.99.39",NA,"concurrent_numerical_reference",1,1,"/usr/lib/x86_64-linux-gnu/blas/libblas.so.3.10.0","46_crosscov_mb_64_0","one_factor","crosscov_mb",64.0029907226562,64,"regression","simpls","cuda_rsvd_auto","cuda","rsvd","auto",TRUE,"float64",1500,300,1000,8389,NA,20,10,1,64.0029907226562,2,10046,125,NA,NA,"high_response_stable",FALSE,NA,NA,NA,48,6,NA,NA,"fresh_oversampled_sketch_per_component",1,FALSE,TRUE,NA,NA,504.74609375,944.03515625,963.23828125,1102.67,597.92390625,386,1152,1546,394,1.141,0.0189999999999997,1.16,64.8165664672852,128.939590454102,0.824599331544779,0.316509722423989,NA,1.21003742440002e-05,0.999999999926791,NA,NA,NA,1.23409531482821e-08,"within_tolerance","success",NA,NA
"46_crosscov_mb_64_0__cuda_rsvd_auto__rep3","0.99.39",NA,"concurrent_numerical_reference",1,1,"/usr/lib/x86_64-linux-gnu/blas/libblas.so.3.10.0","46_crosscov_mb_64_0","one_factor","crosscov_mb",64.0029907226562,64,"regression","simpls","cuda_rsvd_auto","cuda","rsvd","auto",TRUE,"float64",1500,300,1000,8389,NA,20,10,1,64.0029907226562,3,10046,126,NA,NA,"high_response_stable",FALSE,NA,NA,NA,48,6,NA,NA,"fresh_oversampled_sketch_per_component",1,FALSE,TRUE,NA,NA,504.75390625,943.58203125,962.78515625,1102.21,597.45609375,386,1152,1546,394,1.133,0.0189999999999997,1.152,64.8165664672852,128.939590454102,0.824599331544779,0.31650972242399,NA,1.21003742433055e-05,0.999999999926791,NA,NA,NA,1.23409531482821e-08,"within_tolerance","success",NA,NA
"46_crosscov_mb_64_0__cuda_rsvd_explicit__rep1","0.99.39",NA,"concurrent_numerical_reference",1,1,"/usr/lib/x86_64-linux-gnu/blas/libblas.so.3.10.0","46_crosscov_mb_64_0","one_factor","crosscov_mb",64.0029907226562,64,"regression","simpls","cuda_rsvd_explicit","cuda","rsvd","explicit",TRUE,"float64",1500,300,1000,8389,NA,20,10,1,64.0029907226562,1,10046,124,32,5,"explicit",FALSE,NA,NA,NA,32,5,NA,NA,"fresh_oversampled_sketch_per_component",1,FALSE,TRUE,NA,NA,504.734375,944.79296875,963.99609375,1103.4,598.665625,386,1152,1546,394,0.94,0.0180000000000002,0.958,64.8165512084961,128.939590454102,0.824599331544779,0.31650972242399,NA,1.21003742446628e-05,0.999999999926791,NA,NA,NA,1.23409531482821e-08,"within_tolerance","success",NA,NA
"46_crosscov_mb_64_0__cuda_rsvd_explicit__rep2","0.99.39",NA,"concurrent_numerical_reference",1,1,"/usr/lib/x86_64-linux-gnu/blas/libblas.so.3.10.0","46_crosscov_mb_64_0","one_factor","crosscov_mb",64.0029907226562,64,"regression","simpls","cuda_rsvd_explicit","cuda","rsvd","explicit",TRUE,"float64",1500,300,1000,8389,NA,20,10,1,64.0029907226562,2,10046,125,32,5,"explicit",FALSE,NA,NA,NA,32,5,NA,NA,"fresh_oversampled_sketch_per_component",1,FALSE,TRUE,NA,NA,504.6953125,945.1171875,964.3203125,1103.75,599.0546875,418,1152,1546,394,0.957,0.0190000000000001,0.976,64.8165512084961,128.939590454102,0.824599331544779,0.316509722423989,NA,1.21003742437483e-05,0.999999999926791,NA,NA,NA,1.23409531482821e-08,"within_tolerance","success",NA,NA
"46_crosscov_mb_64_0__cuda_rsvd_explicit__rep3","0.99.39",NA,"concurrent_numerical_reference",1,1,"/usr/lib/x86_64-linux-gnu/blas/libblas.so.3.10.0","46_crosscov_mb_64_0","one_factor","crosscov_mb",64.0029907226562,64,"regression","simpls","cuda_rsvd_explicit","cuda","rsvd","explicit",TRUE,"float64",1500,300,1000,8389,NA,20,10,1,64.0029907226562,3,10046,126,32,5,"explicit",FALSE,NA,NA,NA,32,5,NA,NA,"fresh_oversampled_sketch_per_component",1,FALSE,TRUE,NA,NA,504.796875,945.09765625,964.3046875,1103.73,598.933125,386,1152,1546,394,0.937,0.0190000000000001,0.956,64.8165512084961,128.939590454102,0.824599331544779,0.31650972242399,NA,1.2100374243392e-05,0.999999999926791,NA,NA,NA,1.23409531482821e-08,"within_tolerance","success",NA,NA
"46_crosscov_mb_64_0__cuda_rsvd_implicit__rep1","0.99.39",NA,"concurrent_numerical_reference",1,1,"/usr/lib/x86_64-linux-gnu/blas/libblas.so.3.10.0","46_crosscov_mb_64_0","one_factor","crosscov_mb",64.0029907226562,64,"regression","simpls","cuda_rsvd_implicit","cuda","rsvd","implicit",TRUE,"float64",1500,300,1000,8389,NA,20,10,1,64.0029907226562,1,10046,124,32,5,"explicit",FALSE,NA,NA,NA,32,5,NA,NA,"fresh_oversampled_sketch_per_component",1,FALSE,TRUE,NA,NA,504.75,945.6875,964.890625,1160.77,656.02,386,1152,1546,394,0.944,0.0190000000000001,0.963,64.8165512084961,128.939590454102,0.824599331544779,0.31650972242399,NA,1.21003742446628e-05,0.999999999926791,NA,NA,NA,1.23409531482821e-08,"within_tolerance","success",NA,NA
"46_crosscov_mb_64_0__cuda_rsvd_implicit__rep2","0.99.39",NA,"concurrent_numerical_reference",1,1,"/usr/lib/x86_64-linux-gnu/blas/libblas.so.3.10.0","46_crosscov_mb_64_0","one_factor","crosscov_mb",64.0029907226562,64,"regression","simpls","cuda_rsvd_implicit","cuda","rsvd","implicit",TRUE,"float64",1500,300,1000,8389,NA,20,10,1,64.0029907226562,2,10046,125,32,5,"explicit",FALSE,NA,NA,NA,32,5,NA,NA,"fresh_oversampled_sketch_per_component",1,FALSE,TRUE,NA,NA,504.78515625,945.1171875,964.3203125,1103.74,598.95484375,386,1152,1546,394,0.944,0.0190000000000001,0.963,64.8165512084961,128.939590454102,0.824599331544779,0.316509722423989,NA,1.21003742437483e-05,0.999999999926791,NA,NA,NA,1.23409531482821e-08,"within_tolerance","success",NA,NA
"46_crosscov_mb_64_0__cuda_rsvd_implicit__rep3","0.99.39",NA,"concurrent_numerical_reference",1,1,"/usr/lib/x86_64-linux-gnu/blas/libblas.so.3.10.0","46_crosscov_mb_64_0","one_factor","crosscov_mb",64.0029907226562,64,"regression","simpls","cuda_rsvd_implicit","cuda","rsvd","implicit",TRUE,"float64",1500,300,1000,8389,NA,20,10,1,64.0029907226562,3,10046,126,32,5,"explicit",FALSE,NA,NA,NA,32,5,NA,NA,"fresh_oversampled_sketch_per_component",1,FALSE,TRUE,NA,NA,504.74609375,945.0390625,964.2421875,1103.67,598.92390625,386,1152,1546,394,0.938,0.02,0.958,64.8165512084961,128.939590454102,0.824599331544779,0.31650972242399,NA,1.2100374243392e-05,0.999999999926791,NA,NA,NA,1.23409531482821e-08,"within_tolerance","success",NA,NA
"01_n_500__cpu_irlba_explicit__rep1","0.99.39",NA,"concurrent_numerical_reference",1,1,"/usr/lib/x86_64-linux-gnu/blas/libblas.so.3.10.0","01_n_500","one_factor","n",500,500,"regression","simpls","cpu_irlba_explicit","cpu","irlba","explicit",FALSE,"float64",500,100,400,100,NA,30,20,1,0.30517578125,1,10001,124,32,5,NA,NA,NA,NA,NA,NA,NA,NA,NA,"fresh_per_component",1,FALSE,TRUE,NA,NA,378.34375,380.21875,380.21875,380.219,1.87524999999999,NA,1152,1152,0,0.041,0.003,0.044,0.400917053222656,2.29011535644531,0.74069400873912,0.451673185285172,NA,0,1,NA,NA,NA,0,"deterministic_reference","success",NA,NA
"01_n_500__cpu_irlba_explicit__rep2","0.99.39",NA,"concurrent_numerical_reference",1,1,"/usr/lib/x86_64-linux-gnu/blas/libblas.so.3.10.0","01_n_500","one_factor","n",500,500,"regression","simpls","cpu_irlba_explicit","cpu","irlba","explicit",FALSE,"float64",500,100,400,100,NA,30,20,1,0.30517578125,2,10001,125,32,5,NA,NA,NA,NA,NA,NA,NA,NA,NA,"fresh_per_component",1,FALSE,TRUE,NA,NA,378.3046875,380.1796875,380.1796875,380.18,1.87531250000001,NA,1152,1152,0,0.04,0.004,0.044,0.400917053222656,2.29011535644531,0.74069400873912,0.451673185285172,NA,0,1,NA,NA,NA,0,"deterministic_reference","success",NA,NA
"01_n_500__cpu_irlba_explicit__rep3","0.99.39",NA,"concurrent_numerical_reference",1,1,"/usr/lib/x86_64-linux-gnu/blas/libblas.so.3.10.0","01_n_500","one_factor","n",500,500,"regression","simpls","cpu_irlba_explicit","cpu","irlba","explicit",FALSE,"float64",500,100,400,100,NA,30,20,1,0.30517578125,3,10001,126,32,5,NA,NA,NA,NA,NA,NA,NA,NA,NA,"fresh_per_component",1,FALSE,TRUE,NA,NA,378.30078125,380.171875,380.171875,380.172,1.87121875000003,NA,1152,1152,0,0.04,0.003,0.043,0.400917053222656,2.29011535644531,0.74069400873912,0.451673185285172,NA,0,1,NA,NA,NA,0,"deterministic_reference","success",NA,NA
"01_n_500__cuda_rsvd_auto__rep1","0.99.39",NA,"concurrent_numerical_reference",1,1,"/usr/lib/x86_64-linux-gnu/blas/libblas.so.3.10.0","01_n_500","one_factor","n",500,500,"regression","simpls","cuda_rsvd_auto","cuda","rsvd","auto",FALSE,"float64",500,100,400,100,NA,30,20,1,0.30517578125,1,10001,124,NA,NA,"high_response_stable",FALSE,NA,NA,NA,48,6,NA,NA,"fresh_oversampled_sketch_per_component",1,FALSE,TRUE,NA,NA,382.81640625,734.30078125,734.30078125,734.301,351.48459375,200,1152,1360,208,0.344,0.00100000000000011,0.345,0.406326293945312,2.29011535644531,0.740693943654504,0.451673281647876,NA,1.45213470162815e-05,0.999999999894445,NA,NA,NA,6.50846161409646e-08,"within_tolerance","success",NA,NA
"01_n_500__cuda_rsvd_auto__rep2","0.99.39",NA,"concurrent_numerical_reference",1,1,"/usr/lib/x86_64-linux-gnu/blas/libblas.so.3.10.0","01_n_500","one_factor","n",500,500,"regression","simpls","cuda_rsvd_auto","cuda","rsvd","auto",FALSE,"float64",500,100,400,100,NA,30,20,1,0.30517578125,2,10001,125,NA,NA,"high_response_stable",FALSE,NA,NA,NA,48,6,NA,NA,"fresh_oversampled_sketch_per_component",1,FALSE,TRUE,NA,NA,382.74609375,735.0546875,735.0546875,735.055,352.30890625,200,1152,1360,208,0.338,0.002,0.34,0.406326293945312,2.29011535644531,0.740693943654504,0.451673281647876,NA,1.45213470117678e-05,0.999999999894445,NA,NA,NA,6.50846160299423e-08,"within_tolerance","success",NA,NA
"01_n_500__cuda_rsvd_auto__rep3","0.99.39",NA,"concurrent_numerical_reference",1,1,"/usr/lib/x86_64-linux-gnu/blas/libblas.so.3.10.0","01_n_500","one_factor","n",500,500,"regression","simpls","cuda_rsvd_auto","cuda","rsvd","auto",FALSE,"float64",500,100,400,100,NA,30,20,1,0.30517578125,3,10001,126,NA,NA,"high_response_stable",FALSE,NA,NA,NA,48,6,NA,NA,"fresh_oversampled_sketch_per_component",1,FALSE,TRUE,NA,NA,382.78515625,734.2265625,734.2265625,734.227,351.44184375,200,1152,1360,208,0.344,0.00099999999999989,0.345,0.406326293945312,2.29011535644531,0.740693943654504,0.451673281647876,NA,1.45213470104754e-05,0.999999999894445,NA,NA,NA,6.50846160299423e-08,"within_tolerance","success",NA,NA
"02_n_1000__cpu_irlba_explicit__rep1","0.99.39",NA,"concurrent_numerical_reference",1,1,"/usr/lib/x86_64-linux-gnu/blas/libblas.so.3.10.0","02_n_1000","one_factor","n",1000,1000,"regression","simpls","cpu_irlba_explicit","cpu","irlba","explicit",FALSE,"float64",1000,200,400,100,NA,30,20,1,0.30517578125,1,10002,124,32,5,NA,NA,NA,NA,NA,NA,NA,NA,NA,"fresh_per_component",1,FALSE,TRUE,NA,NA,378.484375,383.71875,383.71875,385.703,7.21862499999997,NA,1152,1152,0,0.055,0.00600000000000001,0.0610000000000001,0.400917053222656,4.57893371582031,0.655524944119632,0.597056593054304,NA,0,1,NA,NA,NA,0,"deterministic_reference","success",NA,NA
"02_n_1000__cpu_irlba_explicit__rep2","0.99.39",NA,"concurrent_numerical_reference",1,1,"/usr/lib/x86_64-linux-gnu/blas/libblas.so.3.10.0","02_n_1000","one_factor","n",1000,1000,"regression","simpls","cpu_irlba_explicit","cpu","irlba","explicit",FALSE,"float64",1000,200,400,100,NA,30,20,1,0.30517578125,2,10002,125,32,5,NA,NA,NA,NA,NA,NA,NA,NA,NA,"fresh_per_component",1,FALSE,TRUE,NA,NA,378.390625,383.625,383.625,385.609,7.21837499999998,NA,1152,1152,0,0.055,0.00599999999999978,0.0609999999999998,0.400917053222656,4.57893371582031,0.655524944119632,0.597056593054304,NA,0,1,NA,NA,NA,0,"deterministic_reference","success",NA,NA
"02_n_1000__cpu_irlba_explicit__rep3","0.99.39",NA,"concurrent_numerical_reference",1,1,"/usr/lib/x86_64-linux-gnu/blas/libblas.so.3.10.0","02_n_1000","one_factor","n",1000,1000,"regression","simpls","cpu_irlba_explicit","cpu","irlba","explicit",FALSE,"float64",1000,200,400,100,NA,30,20,1,0.30517578125,3,10002,126,32,5,NA,NA,NA,NA,NA,NA,NA,NA,NA,"fresh_per_component",1,FALSE,TRUE,NA,NA,378.484375,383.71875,383.71875,385.703,7.21862499999997,NA,1152,1152,0,0.056,0.00600000000000001,0.0620000000000001,0.400917053222656,4.57893371582031,0.655524944119632,0.597056593054304,NA,0,1,NA,NA,NA,0,"deterministic_reference","success",NA,NA
"02_n_1000__cuda_rsvd_auto__rep1","0.99.39",NA,"concurrent_numerical_reference",1,1,"/usr/lib/x86_64-linux-gnu/blas/libblas.so.3.10.0","02_n_1000","one_factor","n",1000,1000,"regression","simpls","cuda_rsvd_auto","cuda","rsvd","auto",FALSE,"float64",1000,200,400,100,NA,30,20,1,0.30517578125,1,10002,124,NA,NA,"ordinary_fast",FALSE,NA,NA,NA,32,5,NA,NA,"fresh_oversampled_sketch_per_component",1,FALSE,TRUE,NA,NA,382.9140625,745.1328125,745.1328125,745.133,362.2189375,202,1152,1362,210,0.311,0.002,0.313,0.40631103515625,4.57893371582031,0.655524945378283,0.597056591506949,NA,5.89907667758567e-06,0.9999999999826,NA,NA,NA,1.25865062816644e-09,"within_tolerance","success",NA,NA
"02_n_1000__cuda_rsvd_auto__rep2","0.99.39",NA,"concurrent_numerical_reference",1,1,"/usr/lib/x86_64-linux-gnu/blas/libblas.so.3.10.0","02_n_1000","one_factor","n",1000,1000,"regression","simpls","cuda_rsvd_auto","cuda","rsvd","auto",FALSE,"float64",1000,200,400,100,NA,30,20,1,0.30517578125,2,10002,125,NA,NA,"ordinary_fast",FALSE,NA,NA,NA,32,5,NA,NA,"fresh_oversampled_sketch_per_component",1,FALSE,TRUE,NA,NA,382.94921875,745.16796875,745.16796875,745.168,362.21878125,202,1152,1362,210,0.308,0.002,0.31,0.40631103515625,4.57893371582031,0.655524945378283,0.597056591506949,NA,5.89907667637157e-06,0.9999999999826,NA,NA,NA,1.25865040612183e-09,"within_tolerance","success",NA,NA
"02_n_1000__cuda_rsvd_auto__rep3","0.99.39",NA,"concurrent_numerical_reference",1,1,"/usr/lib/x86_64-linux-gnu/blas/libblas.so.3.10.0","02_n_1000","one_factor","n",1000,1000,"regression","simpls","cuda_rsvd_auto","cuda","rsvd","auto",FALSE,"float64",1000,200,400,100,NA,30,20,1,0.30517578125,3,10002,126,NA,NA,"ordinary_fast",FALSE,NA,NA,NA,32,5,NA,NA,"fresh_oversampled_sketch_per_component",1,FALSE,TRUE,NA,NA,382.96484375,745.19140625,745.19140625,745.191,362.22615625,202,1152,1362,210,0.327,0.002,0.329,0.40631103515625,4.57893371582031,0.655524945378283,0.597056591506949,NA,5.89907667703437e-06,0.9999999999826,NA,NA,NA,1.25865040612183e-09,"within_tolerance","success",NA,NA
"03_n_2000__cpu_irlba_explicit__rep1","0.99.39",NA,"concurrent_numerical_reference",1,1,"/usr/lib/x86_64-linux-gnu/blas/libblas.so.3.10.0","03_n_2000","one_factor","n",2000,2000,"regression","simpls","cpu_irlba_explicit","cpu","irlba","explicit",FALSE,"float64",2000,400,400,100,NA,30,20,1,0.30517578125,1,10003,124,32,5,NA,NA,NA,NA,NA,NA,NA,NA,NA,"fresh_per_component",1,FALSE,TRUE,NA,NA,386.109375,400.19140625,400.19140625,400.656,14.546625,NA,1152,1152,0,0.0850000000000001,0.01,0.0950000000000001,0.400917053222656,9.15657043457031,0.547403616295979,0.705081462149799,NA,0,1,NA,NA,NA,0,"deterministic_reference","success",NA,NA
"03_n_2000__cpu_irlba_explicit__rep2","0.99.39",NA,"concurrent_numerical_reference",1,1,"/usr/lib/x86_64-linux-gnu/blas/libblas.so.3.10.0","03_n_2000","one_factor","n",2000,2000,"regression","simpls","cpu_irlba_explicit","cpu","irlba","explicit",FALSE,"float64",2000,400,400,100,NA,30,20,1,0.30517578125,2,10003,125,32,5,NA,NA,NA,NA,NA,NA,NA,NA,NA,"fresh_per_component",1,FALSE,TRUE,NA,NA,386.078125,400.16015625,400.16015625,400.625,14.546875,NA,1152,1152,0,0.086,0.01,0.096,0.400917053222656,9.15657043457031,0.547403616295979,0.705081462149799,NA,0,1,NA,NA,NA,0,"deterministic_reference","success",NA,NA
"03_n_2000__cpu_irlba_explicit__rep3","0.99.39",NA,"concurrent_numerical_reference",1,1,"/usr/lib/x86_64-linux-gnu/blas/libblas.so.3.10.0","03_n_2000","one_factor","n",2000,2000,"regression","simpls","cpu_irlba_explicit","cpu","irlba","explicit",FALSE,"float64",2000,400,400,100,NA,30,20,1,0.30517578125,3,10003,126,32,5,NA,NA,NA,NA,NA,NA,NA,NA,NA,"fresh_per_component",1,FALSE,TRUE,NA,NA,386.08203125,400.1640625,400.1640625,400.629,14.54696875,NA,1152,1152,0,0.0860000000000001,0.01,0.0960000000000001,0.400917053222656,9.15657043457031,0.547403616295979,0.705081462149799,NA,0,1,NA,NA,NA,0,"deterministic_reference","success",NA,NA
"03_n_2000__cuda_rsvd_auto__rep1","0.99.39",NA,"concurrent_numerical_reference",1,1,"/usr/lib/x86_64-linux-gnu/blas/libblas.so.3.10.0","03_n_2000","one_factor","n",2000,2000,"regression","simpls","cuda_rsvd_auto","cuda","rsvd","auto",FALSE,"float64",2000,400,400,100,NA,30,20,1,0.30517578125,1,10003,124,NA,NA,"ordinary_fast",FALSE,NA,NA,NA,32,5,NA,NA,"fresh_oversampled_sketch_per_component",1,FALSE,TRUE,NA,NA,390.5,752.90234375,752.90234375,752.902,362.402,204,1152,1364,212,0.315,0.00299999999999989,0.318,0.40631103515625,9.15657043457031,0.547403643475886,0.705081432862968,NA,2.2478362815594e-06,0.999999999997474,NA,NA,NA,2.71799069917478e-08,"within_tolerance","success",NA,NA
"03_n_2000__cuda_rsvd_auto__rep2","0.99.39",NA,"concurrent_numerical_reference",1,1,"/usr/lib/x86_64-linux-gnu/blas/libblas.so.3.10.0","03_n_2000","one_factor","n",2000,2000,"regression","simpls","cuda_rsvd_auto","cuda","rsvd","auto",FALSE,"float64",2000,400,400,100,NA,30,20,1,0.30517578125,2,10003,125,NA,NA,"ordinary_fast",FALSE,NA,NA,NA,32,5,NA,NA,"fresh_oversampled_sketch_per_component",1,FALSE,TRUE,NA,NA,390.53515625,752.953125,752.953125,752.953,362.41784375,204,1152,1364,212,0.316,0.00300000000000011,0.319,0.40631103515625,9.15657043457031,0.547403643475886,0.705081432862968,NA,2.24783628111911e-06,0.999999999997474,NA,NA,NA,2.71799068807255e-08,"within_tolerance","success",NA,NA
"03_n_2000__cuda_rsvd_auto__rep3","0.99.39",NA,"concurrent_numerical_reference",1,1,"/usr/lib/x86_64-linux-gnu/blas/libblas.so.3.10.0","03_n_2000","one_factor","n",2000,2000,"regression","simpls","cuda_rsvd_auto","cuda","rsvd","auto",FALSE,"float64",2000,400,400,100,NA,30,20,1,0.30517578125,3,10003,126,NA,NA,"ordinary_fast",FALSE,NA,NA,NA,32,5,NA,NA,"fresh_oversampled_sketch_per_component",1,FALSE,TRUE,NA,NA,390.51171875,752.91796875,752.91796875,752.918,362.40628125,204,1152,1364,212,0.312,0.00299999999999989,0.315,0.40631103515625,9.15657043457031,0.547403643475886,0.705081432862968,NA,2.24783628144348e-06,0.999999999997473,NA,NA,NA,2.71799069917478e-08,"within_tolerance","success",NA,NA
"04_n_5000__cpu_irlba_explicit__rep1","0.99.39",NA,"concurrent_numerical_reference",1,1,"/usr/lib/x86_64-linux-gnu/blas/libblas.so.3.10.0","04_n_5000","one_factor","n",5000,5000,"regression","simpls","cpu_irlba_explicit","cpu","irlba","explicit",FALSE,"float64",5000,1000,400,100,NA,30,20,1,0.30517578125,1,10004,124,32,5,NA,NA,NA,NA,NA,NA,NA,NA,NA,"fresh_per_component",1,FALSE,TRUE,NA,NA,397.9921875,434.19921875,434.19921875,434.199,36.2068125,NA,1152,1152,0,0.502,0.02,0.522,0.400917053222656,22.8894805908203,0.441711961576397,0.80548834708599,NA,0,1,NA,NA,NA,0,"deterministic_reference","success",NA,NA
"04_n_5000__cpu_irlba_explicit__rep2","0.99.39",NA,"concurrent_numerical_reference",1,1,"/usr/lib/x86_64-linux-gnu/blas/libblas.so.3.10.0","04_n_5000","one_factor","n",5000,5000,"regression","simpls","cpu_irlba_explicit","cpu","irlba","explicit",FALSE,"float64",5000,1000,400,100,NA,30,20,1,0.30517578125,2,10004,125,32,5,NA,NA,NA,NA,NA,NA,NA,NA,NA,"fresh_per_component",1,FALSE,TRUE,NA,NA,397.95703125,434.16796875,434.16796875,434.168,36.21096875,NA,1152,1152,0,0.494,0.02,0.514,0.400917053222656,22.8894805908203,0.441711961576397,0.80548834708599,NA,0,1,NA,NA,NA,0,"deterministic_reference","success",NA,NA
"04_n_5000__cpu_irlba_explicit__rep3","0.99.39",NA,"concurrent_numerical_reference",1,1,"/usr/lib/x86_64-linux-gnu/blas/libblas.so.3.10.0","04_n_5000","one_factor","n",5000,5000,"regression","simpls","cpu_irlba_explicit","cpu","irlba","explicit",FALSE,"float64",5000,1000,400,100,NA,30,20,1,0.30517578125,3,10004,126,32,5,NA,NA,NA,NA,NA,NA,NA,NA,NA,"fresh_per_component",1,FALSE,TRUE,NA,NA,398,434.22265625,434.22265625,434.223,36.223,NA,1152,1152,0,0.494,0.02,0.514,0.400917053222656,22.8894805908203,0.441711961576397,0.80548834708599,NA,0,1,NA,NA,NA,0,"deterministic_reference","success",NA,NA
"04_n_5000__cuda_rsvd_auto__rep1","0.99.39",NA,"concurrent_numerical_reference",1,1,"/usr/lib/x86_64-linux-gnu/blas/libblas.so.3.10.0","04_n_5000","one_factor","n",5000,5000,"regression","simpls","cuda_rsvd_auto","cuda","rsvd","auto",FALSE,"float64",5000,1000,400,100,NA,30,20,1,0.30517578125,1,10004,124,NA,NA,"ordinary_fast",FALSE,NA,NA,NA,32,5,NA,NA,"fresh_oversampled_sketch_per_component",1,FALSE,TRUE,NA,NA,402.453125,778.78515625,778.87109375,778.785,376.331875,218,1152,1378,226,0.33,0.004,0.334,0.40631103515625,22.8894805908203,0.441711977709747,0.805488332877072,NA,5.54178702995226e-06,0.999999999984645,NA,NA,NA,1.61333491011106e-08,"within_tolerance","success",NA,NA
"04_n_5000__cuda_rsvd_auto__rep2","0.99.39",NA,"concurrent_numerical_reference",1,1,"/usr/lib/x86_64-linux-gnu/blas/libblas.so.3.10.0","04_n_5000","one_factor","n",5000,5000,"regression","simpls","cuda_rsvd_auto","cuda","rsvd","auto",FALSE,"float64",5000,1000,400,100,NA,30,20,1,0.30517578125,2,10004,125,NA,NA,"ordinary_fast",FALSE,NA,NA,NA,32,5,NA,NA,"fresh_oversampled_sketch_per_component",1,FALSE,TRUE,NA,NA,402.44921875,778.77734375,778.86328125,778.777,376.32778125,230,1152,1378,226,0.324,0.00500000000000012,0.329,0.40631103515625,22.8894805908203,0.441711977709747,0.805488332877072,NA,5.54178703007862e-06,0.999999999984645,NA,NA,NA,1.61333491011106e-08,"within_tolerance","success",NA,NA
"04_n_5000__cuda_rsvd_auto__rep3","0.99.39",NA,"concurrent_numerical_reference",1,1,"/usr/lib/x86_64-linux-gnu/blas/libblas.so.3.10.0","04_n_5000","one_factor","n",5000,5000,"regression","simpls","cuda_rsvd_auto","cuda","rsvd","auto",FALSE,"float64",5000,1000,400,100,NA,30,20,1,0.30517578125,3,10004,126,NA,NA,"ordinary_fast",FALSE,NA,NA,NA,32,5,NA,NA,"fresh_oversampled_sketch_per_component",1,FALSE,TRUE,NA,NA,402.4921875,778.7734375,778.86328125,778.773,376.2808125,226,1152,1378,226,0.321,0.00499999999999989,0.326,0.40631103515625,22.8894805908203,0.441711977709747,0.805488332877072,NA,5.54178703035993e-06,0.999999999984645,NA,NA,NA,1.61333491011106e-08,"within_tolerance","success",NA,NA
"05_n_10000__cpu_irlba_explicit__rep1","0.99.39",NA,"concurrent_numerical_reference",1,1,"/usr/lib/x86_64-linux-gnu/blas/libblas.so.3.10.0","05_n_10000","one_factor","n",10000,10000,"regression","simpls","cpu_irlba_explicit","cpu","irlba","explicit",FALSE,"float64",10000,2000,400,100,NA,30,20,1,0.30517578125,1,10005,124,32,5,NA,NA,NA,NA,NA,NA,NA,NA,NA,"fresh_per_component",1,FALSE,TRUE,NA,NA,414.73828125,433.66796875,433.66796875,492.543,77.80471875,NA,1152,1152,0,1.299,0.0369999999999999,1.336,0.400917053222656,45.7776641845703,0.418057070714247,0.824729981658621,NA,0,1,NA,NA,NA,0,"deterministic_reference","success",NA,NA
"05_n_10000__cpu_irlba_explicit__rep2","0.99.39",NA,"concurrent_numerical_reference",1,1,"/usr/lib/x86_64-linux-gnu/blas/libblas.so.3.10.0","05_n_10000","one_factor","n",10000,10000,"regression","simpls","cpu_irlba_explicit","cpu","irlba","explicit",FALSE,"float64",10000,2000,400,100,NA,30,20,1,0.30517578125,2,10005,125,32,5,NA,NA,NA,NA,NA,NA,NA,NA,NA,"fresh_per_component",1,FALSE,TRUE,NA,NA,414.66796875,433.6328125,433.6328125,493.969,79.30103125,NA,1152,1152,0,1.305,0.036,1.341,0.400917053222656,45.7776641845703,0.418057070714247,0.824729981658621,NA,0,1,NA,NA,NA,0,"deterministic_reference","success",NA,NA
"05_n_10000__cpu_irlba_explicit__rep3","0.99.39",NA,"concurrent_numerical_reference",1,1,"/usr/lib/x86_64-linux-gnu/blas/libblas.so.3.10.0","05_n_10000","one_factor","n",10000,10000,"regression","simpls","cpu_irlba_explicit","cpu","irlba","explicit",FALSE,"float64",10000,2000,400,100,NA,30,20,1,0.30517578125,3,10005,126,32,5,NA,NA,NA,NA,NA,NA,NA,NA,NA,"fresh_per_component",1,FALSE,TRUE,NA,NA,414.796875,433.71875,433.71875,492.594,77.797125,NA,1152,1152,0,1.308,0.0349999999999997,1.343,0.400917053222656,45.7776641845703,0.418057070714247,0.824729981658621,NA,0,1,NA,NA,NA,0,"deterministic_reference","success",NA,NA
"05_n_10000__cuda_rsvd_auto__rep1","0.99.39",NA,"concurrent_numerical_reference",1,1,"/usr/lib/x86_64-linux-gnu/blas/libblas.so.3.10.0","05_n_10000","one_factor","n",10000,10000,"regression","simpls","cuda_rsvd_auto","cuda","rsvd","auto",FALSE,"float64",10000,2000,400,100,NA,30,20,1,0.30517578125,1,10005,124,NA,NA,"ordinary_fast",FALSE,NA,NA,NA,32,5,NA,NA,"fresh_oversampled_sketch_per_component",1,FALSE,TRUE,NA,NA,419.20703125,789.25390625,792.390625,818.801,399.59396875,238,1152,1398,246,0.348,0.00700000000000012,0.355,0.40631103515625,45.7776641845703,0.418056940864677,0.824730090537215,NA,1.18447068030734e-05,0.999999999929854,NA,NA,NA,1.29849570096319e-07,"within_tolerance","success",NA,NA
"05_n_10000__cuda_rsvd_auto__rep2","0.99.39",NA,"concurrent_numerical_reference",1,1,"/usr/lib/x86_64-linux-gnu/blas/libblas.so.3.10.0","05_n_10000","one_factor","n",10000,10000,"regression","simpls","cuda_rsvd_auto","cuda","rsvd","auto",FALSE,"float64",10000,2000,400,100,NA,30,20,1,0.30517578125,2,10005,125,NA,NA,"ordinary_fast",FALSE,NA,NA,NA,32,5,NA,NA,"fresh_oversampled_sketch_per_component",1,FALSE,TRUE,NA,NA,419.25390625,789.31640625,792.453125,818.863,399.60909375,238,1152,1398,246,0.349,0.0069999999999999,0.356,0.40631103515625,45.7776641845703,0.418056940864677,0.824730090537215,NA,1.18447068027448e-05,0.999999999929854,NA,NA,NA,1.2984957015183e-07,"within_tolerance","success",NA,NA
"05_n_10000__cuda_rsvd_auto__rep3","0.99.39",NA,"concurrent_numerical_reference",1,1,"/usr/lib/x86_64-linux-gnu/blas/libblas.so.3.10.0","05_n_10000","one_factor","n",10000,10000,"regression","simpls","cuda_rsvd_auto","cuda","rsvd","auto",FALSE,"float64",10000,2000,400,100,NA,30,20,1,0.30517578125,3,10005,126,NA,NA,"ordinary_fast",FALSE,NA,NA,NA,32,5,NA,NA,"fresh_oversampled_sketch_per_component",1,FALSE,TRUE,NA,NA,419.22265625,788.921875,792.06640625,818.473,399.25034375,238,1152,1398,246,0.354,0.0069999999999999,0.361,0.40631103515625,45.7776641845703,0.418056940864677,0.824730090537215,NA,1.1844706803562e-05,0.999999999929854,NA,NA,NA,1.2984957015183e-07,"within_tolerance","success",NA,NA
"19_ncomp_2__cpu_irlba_explicit__rep1","0.99.39",NA,"concurrent_numerical_reference",1,1,"/usr/lib/x86_64-linux-gnu/blas/libblas.so.3.10.0","19_ncomp_2","one_factor","ncomp",2,2,"regression","simpls","cpu_irlba_explicit","cpu","irlba","explicit",FALSE,"float64",2000,400,500,100,NA,100,2,1,0.3814697265625,1,10019,124,32,5,NA,NA,NA,NA,NA,NA,NA,NA,NA,"fresh_per_component",1,FALSE,TRUE,NA,NA,386.4453125,403.578125,403.578125,403.578,17.1326875,NA,1152,1152,0,0.0590000000000001,0.0110000000000001,0.0700000000000002,0.411582946777344,10.9876251220703,0.992370751198366,0.0563572940717239,NA,0,1,NA,NA,NA,0,"deterministic_reference","success",NA,NA
"19_ncomp_2__cpu_irlba_explicit__rep2","0.99.39",NA,"concurrent_numerical_reference",1,1,"/usr/lib/x86_64-linux-gnu/blas/libblas.so.3.10.0","19_ncomp_2","one_factor","ncomp",2,2,"regression","simpls","cpu_irlba_explicit","cpu","irlba","explicit",FALSE,"float64",2000,400,500,100,NA,100,2,1,0.3814697265625,2,10019,125,32,5,NA,NA,NA,NA,NA,NA,NA,NA,NA,"fresh_per_component",1,FALSE,TRUE,NA,NA,386.453125,403.5859375,403.5859375,403.586,17.132875,NA,1152,1152,0,0.0609999999999999,0.012,0.073,0.411582946777344,10.9876251220703,0.992370751198366,0.0563572940717239,NA,0,1,NA,NA,NA,0,"deterministic_reference","success",NA,NA
"19_ncomp_2__cpu_irlba_explicit__rep3","0.99.39",NA,"concurrent_numerical_reference",1,1,"/usr/lib/x86_64-linux-gnu/blas/libblas.so.3.10.0","19_ncomp_2","one_factor","ncomp",2,2,"regression","simpls","cpu_irlba_explicit","cpu","irlba","explicit",FALSE,"float64",2000,400,500,100,NA,100,2,1,0.3814697265625,3,10019,126,32,5,NA,NA,NA,NA,NA,NA,NA,NA,NA,"fresh_per_component",1,FALSE,TRUE,NA,NA,386.37890625,403.453125,403.453125,403.453,17.07409375,NA,1152,1152,0,0.0600000000000001,0.012,0.0720000000000001,0.411582946777344,10.9876251220703,0.992370751198366,0.0563572940717239,NA,0,1,NA,NA,NA,0,"deterministic_reference","success",NA,NA
"19_ncomp_2__cuda_rsvd_auto__rep1","0.99.39",NA,"concurrent_numerical_reference",1,1,"/usr/lib/x86_64-linux-gnu/blas/libblas.so.3.10.0","19_ncomp_2","one_factor","ncomp",2,2,"regression","simpls","cuda_rsvd_auto","cuda","rsvd","auto",FALSE,"float64",2000,400,500,100,NA,100,2,1,0.3814697265625,1,10019,124,NA,NA,"ordinary_fast",FALSE,NA,NA,NA,32,5,NA,NA,"fresh_oversampled_sketch_per_component",1,FALSE,TRUE,NA,NA,390.8359375,757.1953125,758.32421875,757.195,366.3590625,204,1152,1364,212,0.256,0.00600000000000001,0.262,0.416976928710938,10.9876251220703,0.992369037808542,0.0563605525845569,NA,0.000854615072665024,0.999999634738798,NA,NA,NA,1.71338982390967e-06,"within_tolerance","success",NA,NA
"19_ncomp_2__cuda_rsvd_auto__rep2","0.99.39",NA,"concurrent_numerical_reference",1,1,"/usr/lib/x86_64-linux-gnu/blas/libblas.so.3.10.0","19_ncomp_2","one_factor","ncomp",2,2,"regression","simpls","cuda_rsvd_auto","cuda","rsvd","auto",FALSE,"float64",2000,400,500,100,NA,100,2,1,0.3814697265625,2,10019,125,NA,NA,"ordinary_fast",FALSE,NA,NA,NA,32,5,NA,NA,"fresh_oversampled_sketch_per_component",1,FALSE,TRUE,NA,NA,390.8671875,757.23828125,758.3671875,757.238,366.3708125,204,1152,1364,212,0.261,0.00500000000000012,0.266,0.416976928710938,10.9876251220703,0.992371916186495,0.0563550785022016,NA,0.000472615272188315,0.999999888635305,NA,NA,NA,1.16498812885446e-06,"within_tolerance","success",NA,NA
"19_ncomp_2__cuda_rsvd_auto__rep3","0.99.39",NA,"concurrent_numerical_reference",1,1,"/usr/lib/x86_64-linux-gnu/blas/libblas.so.3.10.0","19_ncomp_2","one_factor","ncomp",2,2,"regression","simpls","cuda_rsvd_auto","cuda","rsvd","auto",FALSE,"float64",2000,400,500,100,NA,100,2,1,0.3814697265625,3,10019,126,NA,NA,"ordinary_fast",FALSE,NA,NA,NA,32,5,NA,NA,"fresh_oversampled_sketch_per_component",1,FALSE,TRUE,NA,NA,390.890625,757.265625,758.39453125,757.266,366.375375,204,1152,1364,212,0.256,0.00600000000000001,0.262,0.416976928710938,10.9876251220703,0.992371773687321,0.0563553495066706,NA,0.000484154748006719,0.999999883228117,NA,NA,NA,1.02248895494927e-06,"within_tolerance","success",NA,NA
"20_ncomp_5__cpu_irlba_explicit__rep1","0.99.39",NA,"concurrent_numerical_reference",1,1,"/usr/lib/x86_64-linux-gnu/blas/libblas.so.3.10.0","20_ncomp_5","one_factor","ncomp",5,5,"regression","simpls","cpu_irlba_explicit","cpu","irlba","explicit",FALSE,"float64",2000,400,500,100,NA,100,5,1,0.3814697265625,1,10020,124,32,5,NA,NA,NA,NA,NA,NA,NA,NA,NA,"fresh_per_component",1,FALSE,TRUE,NA,NA,386.35546875,403.48828125,403.48828125,403.488,17.13253125,NA,1152,1152,0,0.077,0.012,0.089,0.425315856933594,10.9876251220703,0.925946545862071,0.140362437541761,NA,0,1,NA,NA,NA,0,"deterministic_reference","success",NA,NA
"20_ncomp_5__cpu_irlba_explicit__rep2","0.99.39",NA,"concurrent_numerical_reference",1,1,"/usr/lib/x86_64-linux-gnu/blas/libblas.so.3.10.0","20_ncomp_5","one_factor","ncomp",5,5,"regression","simpls","cpu_irlba_explicit","cpu","irlba","explicit",FALSE,"float64",2000,400,500,100,NA,100,5,1,0.3814697265625,2,10020,125,32,5,NA,NA,NA,NA,NA,NA,NA,NA,NA,"fresh_per_component",1,FALSE,TRUE,NA,NA,386.296875,403.4296875,403.4296875,403.496,17.199125,NA,1152,1152,0,0.069,0.012,0.081,0.425315856933594,10.9876251220703,0.925946545862071,0.140362437541761,NA,0,1,NA,NA,NA,0,"deterministic_reference","success",NA,NA
"20_ncomp_5__cpu_irlba_explicit__rep3","0.99.39",NA,"concurrent_numerical_reference",1,1,"/usr/lib/x86_64-linux-gnu/blas/libblas.so.3.10.0","20_ncomp_5","one_factor","ncomp",5,5,"regression","simpls","cpu_irlba_explicit","cpu","irlba","explicit",FALSE,"float64",2000,400,500,100,NA,100,5,1,0.3814697265625,3,10020,126,32,5,NA,NA,NA,NA,NA,NA,NA,NA,NA,"fresh_per_component",1,FALSE,TRUE,NA,NA,386.41015625,403.53515625,403.53515625,403.535,17.12484375,NA,1152,1152,0,0.0669999999999999,0.012,0.079,0.425315856933594,10.9876251220703,0.925946545862071,0.140362437541761,NA,0,1,NA,NA,NA,0,"deterministic_reference","success",NA,NA
"20_ncomp_5__cuda_rsvd_auto__rep1","0.99.39",NA,"concurrent_numerical_reference",1,1,"/usr/lib/x86_64-linux-gnu/blas/libblas.so.3.10.0","20_ncomp_5","one_factor","ncomp",5,5,"regression","simpls","cuda_rsvd_auto","cuda","rsvd","auto",FALSE,"float64",2000,400,500,100,NA,100,5,1,0.3814697265625,1,10020,124,NA,NA,"ordinary_fast",FALSE,NA,NA,NA,32,5,NA,NA,"fresh_oversampled_sketch_per_component",1,FALSE,TRUE,NA,NA,390.79296875,757.2109375,758.33203125,757.211,366.41803125,206,1152,1364,212,0.281,0.00700000000000012,0.288,0.430709838867188,10.9876251220703,0.925945574112151,0.140364241862535,NA,0.00115474878582736,0.999999333579872,NA,NA,NA,9.71749919864706e-07,"within_tolerance","success",NA,NA
"20_ncomp_5__cuda_rsvd_auto__rep2","0.99.39",NA,"concurrent_numerical_reference",1,1,"/usr/lib/x86_64-linux-gnu/blas/libblas.so.3.10.0","20_ncomp_5","one_factor","ncomp",5,5,"regression","simpls","cuda_rsvd_auto","cuda","rsvd","auto",FALSE,"float64",2000,400,500,100,NA,100,5,1,0.3814697265625,2,10020,125,NA,NA,"ordinary_fast",FALSE,NA,NA,NA,32,5,NA,NA,"fresh_oversampled_sketch_per_component",1,FALSE,TRUE,NA,NA,390.82421875,757.2578125,758.37890625,757.258,366.43378125,204,1152,1364,212,0.27,0.00600000000000001,0.276,0.430709838867188,10.9876251220703,0.925948270944853,0.14035923444684,NA,0.00105705713602656,0.999999441347698,NA,NA,NA,1.725082782289e-06,"within_tolerance","success",NA,NA
"20_ncomp_5__cuda_rsvd_auto__rep3","0.99.39",NA,"concurrent_numerical_reference",1,1,"/usr/lib/x86_64-linux-gnu/blas/libblas.so.3.10.0","20_ncomp_5","one_factor","ncomp",5,5,"regression","simpls","cuda_rsvd_auto","cuda","rsvd","auto",FALSE,"float64",2000,400,500,100,NA,100,5,1,0.3814697265625,3,10020,126,NA,NA,"ordinary_fast",FALSE,NA,NA,NA,32,5,NA,NA,"fresh_oversampled_sketch_per_component",1,FALSE,TRUE,NA,NA,390.890625,757.30859375,758.4296875,757.309,366.418375,204,1152,1366,214,0.265,0.00500000000000012,0.27,0.430709838867188,10.9876251220703,0.925944631543386,0.140365991998667,NA,0.000939100836356163,0.999999559135287,NA,NA,NA,1.91431868501457e-06,"within_tolerance","success",NA,NA
"21_ncomp_10__cpu_irlba_explicit__rep1","0.99.39",NA,"concurrent_numerical_reference",1,1,"/usr/lib/x86_64-linux-gnu/blas/libblas.so.3.10.0","21_ncomp_10","one_factor","ncomp",10,10,"regression","simpls","cpu_irlba_explicit","cpu","irlba","explicit",FALSE,"float64",2000,400,500,100,NA,100,10,1,0.3814697265625,1,10021,124,32,5,NA,NA,NA,NA,NA,NA,NA,NA,NA,"fresh_per_component",1,FALSE,TRUE,NA,NA,386.38671875,403.5234375,403.5234375,403.523,17.13628125,NA,1152,1152,0,0.082,0.0110000000000001,0.0930000000000001,0.448219299316406,10.9876251220703,0.867436672000205,0.259461218947935,NA,0,1,NA,NA,NA,0,"deterministic_reference","success",NA,NA
"21_ncomp_10__cpu_irlba_explicit__rep2","0.99.39",NA,"concurrent_numerical_reference",1,1,"/usr/lib/x86_64-linux-gnu/blas/libblas.so.3.10.0","21_ncomp_10","one_factor","ncomp",10,10,"regression","simpls","cpu_irlba_explicit","cpu","irlba","explicit",FALSE,"float64",2000,400,500,100,NA,100,10,1,0.3814697265625,2,10021,125,32,5,NA,NA,NA,NA,NA,NA,NA,NA,NA,"fresh_per_component",1,FALSE,TRUE,NA,NA,386.34375,403.4765625,403.4765625,403.477,17.13325,NA,1152,1152,0,0.0830000000000001,0.012,0.0950000000000001,0.448219299316406,10.9876251220703,0.867436672000205,0.259461218947935,NA,0,1,NA,NA,NA,0,"deterministic_reference","success",NA,NA
"21_ncomp_10__cpu_irlba_explicit__rep3","0.99.39",NA,"concurrent_numerical_reference",1,1,"/usr/lib/x86_64-linux-gnu/blas/libblas.so.3.10.0","21_ncomp_10","one_factor","ncomp",10,10,"regression","simpls","cpu_irlba_explicit","cpu","irlba","explicit",FALSE,"float64",2000,400,500,100,NA,100,10,1,0.3814697265625,3,10021,126,32,5,NA,NA,NA,NA,NA,NA,NA,NA,NA,"fresh_per_component",1,FALSE,TRUE,NA,NA,386.42578125,403.5625,403.5625,403.562,17.13621875,NA,1152,1152,0,0.0820000000000001,0.0109999999999999,0.093,0.448219299316406,10.9876251220703,0.867436672000205,0.259461218947935,NA,0,1,NA,NA,NA,0,"deterministic_reference","success",NA,NA
"21_ncomp_10__cuda_rsvd_auto__rep1","0.99.39",NA,"concurrent_numerical_reference",1,1,"/usr/lib/x86_64-linux-gnu/blas/libblas.so.3.10.0","21_ncomp_10","one_factor","ncomp",10,10,"regression","simpls","cuda_rsvd_auto","cuda","rsvd","auto",FALSE,"float64",2000,400,500,100,NA,100,10,1,0.3814697265625,1,10021,124,NA,NA,"ordinary_fast",FALSE,NA,NA,NA,32,5,NA,NA,"fresh_oversampled_sketch_per_component",1,FALSE,TRUE,NA,NA,390.890625,757.34375,757.34375,757.344,366.453375,204,1152,1364,212,0.283,0.00299999999999989,0.286,0.45361328125,10.9876251220703,0.867436055075795,0.25946227229581,NA,0.00065539681337038,0.999999785226718,NA,NA,NA,6.16924409335695e-07,"within_tolerance","success",NA,NA
"21_ncomp_10__cuda_rsvd_auto__rep2","0.99.39",NA,"concurrent_numerical_reference",1,1,"/usr/lib/x86_64-linux-gnu/blas/libblas.so.3.10.0","21_ncomp_10","one_factor","ncomp",10,10,"regression","simpls","cuda_rsvd_auto","cuda","rsvd","auto",FALSE,"float64",2000,400,500,100,NA,100,10,1,0.3814697265625,2,10021,125,NA,NA,"ordinary_fast",FALSE,NA,NA,NA,32,5,NA,NA,"fresh_oversampled_sketch_per_component",1,FALSE,TRUE,NA,NA,390.859375,757.36328125,757.36328125,757.363,366.503625,204,1152,1364,212,0.282,0.00299999999999989,0.285,0.45361328125,10.9876251220703,0.86743904537299,0.259457166601405,NA,0.000855672133473259,0.999999633914907,NA,NA,NA,2.37337278508054e-06,"within_tolerance","success",NA,NA
"21_ncomp_10__cuda_rsvd_auto__rep3","0.99.39",NA,"concurrent_numerical_reference",1,1,"/usr/lib/x86_64-linux-gnu/blas/libblas.so.3.10.0","21_ncomp_10","one_factor","ncomp",10,10,"regression","simpls","cuda_rsvd_auto","cuda","rsvd","auto",FALSE,"float64",2000,400,500,100,NA,100,10,1,0.3814697265625,3,10021,126,NA,NA,"ordinary_fast",FALSE,NA,NA,NA,32,5,NA,NA,"fresh_oversampled_sketch_per_component",1,FALSE,TRUE,NA,NA,390.890625,757.375,757.375,757.375,366.484375,204,1152,1364,212,0.285,0.002,0.287,0.45361328125,10.9876251220703,0.867434553295667,0.259464836459184,NA,0.000740422654368334,0.999999726011404,NA,NA,NA,2.11870453736829e-06,"within_tolerance","success",NA,NA
"22_ncomp_20__cpu_irlba_explicit__rep1","0.99.39",NA,"concurrent_numerical_reference",1,1,"/usr/lib/x86_64-linux-gnu/blas/libblas.so.3.10.0","22_ncomp_20","one_factor","ncomp",20,20,"regression","simpls","cpu_irlba_explicit","cpu","irlba","explicit",FALSE,"float64",2000,400,500,100,NA,100,20,1,0.3814697265625,1,10022,124,32,5,NA,NA,NA,NA,NA,NA,NA,NA,NA,"fresh_per_component",1,FALSE,TRUE,NA,NA,386.40625,403.53515625,403.53515625,403.535,17.12875,NA,1152,1152,0,0.115,0.012,0.127,0.493995666503906,10.9876251220703,0.75412574991847,0.431863098266972,NA,0,1,NA,NA,NA,0,"deterministic_reference","success",NA,NA
"22_ncomp_20__cpu_irlba_explicit__rep2","0.99.39",NA,"concurrent_numerical_reference",1,1,"/usr/lib/x86_64-linux-gnu/blas/libblas.so.3.10.0","22_ncomp_20","one_factor","ncomp",20,20,"regression","simpls","cpu_irlba_explicit","cpu","irlba","explicit",FALSE,"float64",2000,400,500,100,NA,100,20,1,0.3814697265625,2,10022,125,32,5,NA,NA,NA,NA,NA,NA,NA,NA,NA,"fresh_per_component",1,FALSE,TRUE,NA,NA,386.3984375,403.53515625,403.53515625,403.535,17.1365625,NA,1152,1152,0,0.119,0.0110000000000001,0.13,0.493995666503906,10.9876251220703,0.75412574991847,0.431863098266972,NA,0,1,NA,NA,NA,0,"deterministic_reference","success",NA,NA
"22_ncomp_20__cpu_irlba_explicit__rep3","0.99.39",NA,"concurrent_numerical_reference",1,1,"/usr/lib/x86_64-linux-gnu/blas/libblas.so.3.10.0","22_ncomp_20","one_factor","ncomp",20,20,"regression","simpls","cpu_irlba_explicit","cpu","irlba","explicit",FALSE,"float64",2000,400,500,100,NA,100,20,1,0.3814697265625,3,10022,126,32,5,NA,NA,NA,NA,NA,NA,NA,NA,NA,"fresh_per_component",1,FALSE,TRUE,NA,NA,386.44140625,403.57421875,403.57421875,403.574,17.13259375,NA,1152,1152,0,0.114,0.012,0.126,0.493995666503906,10.9876251220703,0.75412574991847,0.431863098266972,NA,0,1,NA,NA,NA,0,"deterministic_reference","success",NA,NA
"22_ncomp_20__cuda_rsvd_auto__rep1","0.99.39",NA,"concurrent_numerical_reference",1,1,"/usr/lib/x86_64-linux-gnu/blas/libblas.so.3.10.0","22_ncomp_20","one_factor","ncomp",20,20,"regression","simpls","cuda_rsvd_auto","cuda","rsvd","auto",FALSE,"float64",2000,400,500,100,NA,100,20,1,0.3814697265625,1,10022,124,NA,NA,"ordinary_fast",FALSE,NA,NA,NA,32,5,NA,NA,"fresh_oversampled_sketch_per_component",1,FALSE,TRUE,NA,NA,390.83984375,757.45703125,757.45703125,757.516,366.67615625,208,1152,1368,216,0.319,0.002,0.321,0.4993896484375,10.9876251220703,0.754129736042585,0.431857092185917,NA,0.00150058559917064,0.999998874490756,NA,NA,NA,3.98612411522947e-06,"within_tolerance","success",NA,NA
"22_ncomp_20__cuda_rsvd_auto__rep2","0.99.39",NA,"concurrent_numerical_reference",1,1,"/usr/lib/x86_64-linux-gnu/blas/libblas.so.3.10.0","22_ncomp_20","one_factor","ncomp",20,20,"regression","simpls","cuda_rsvd_auto","cuda","rsvd","auto",FALSE,"float64",2000,400,500,100,NA,100,20,1,0.3814697265625,2,10022,125,NA,NA,"ordinary_fast",FALSE,NA,NA,NA,32,5,NA,NA,"fresh_oversampled_sketch_per_component",1,FALSE,TRUE,NA,NA,390.94921875,757.5546875,757.5546875,757.555,366.60578125,208,1152,1368,216,0.322,0.00300000000000011,0.325,0.4993896484375,10.9876251220703,0.754131091976296,0.431855049129458,NA,0.00148506619533247,0.999998897516087,NA,NA,NA,5.34205782598551e-06,"within_tolerance","success",NA,NA
"22_ncomp_20__cuda_rsvd_auto__rep3","0.99.39",NA,"concurrent_numerical_reference",1,1,"/usr/lib/x86_64-linux-gnu/blas/libblas.so.3.10.0","22_ncomp_20","one_factor","ncomp",20,20,"regression","simpls","cuda_rsvd_auto","cuda","rsvd","auto",FALSE,"float64",2000,400,500,100,NA,100,20,1,0.3814697265625,3,10022,126,NA,NA,"ordinary_fast",FALSE,NA,NA,NA,32,5,NA,NA,"fresh_oversampled_sketch_per_component",1,FALSE,TRUE,NA,NA,390.83984375,757.28125,757.28125,757.281,366.44115625,208,1152,1368,216,0.319,0.00299999999999989,0.322,0.4993896484375,10.9876251220703,0.754125039873879,0.431864168121288,NA,0.00134868226710623,0.999999090627627,NA,NA,NA,7.10044591012426e-07,"within_tolerance","success",NA,NA
"23_ncomp_40__cpu_irlba_explicit__rep1","0.99.39",NA,"concurrent_numerical_reference",1,1,"/usr/lib/x86_64-linux-gnu/blas/libblas.so.3.10.0","23_ncomp_40","one_factor","ncomp",40,40,"regression","simpls","cpu_irlba_explicit","cpu","irlba","explicit",FALSE,"float64",2000,400,500,100,NA,100,40,1,0.3814697265625,1,10023,124,32,5,NA,NA,NA,NA,NA,NA,NA,NA,NA,"fresh_per_component",1,FALSE,TRUE,NA,NA,386.421875,403.5546875,403.5546875,403.555,17.133125,NA,1152,1152,0,0.174,0.0110000000000001,0.185,0.585548400878906,10.9876251220703,0.603040868008814,0.660258587819083,NA,0,1,NA,NA,NA,0,"deterministic_reference","success",NA,NA
"23_ncomp_40__cpu_irlba_explicit__rep2","0.99.39",NA,"concurrent_numerical_reference",1,1,"/usr/lib/x86_64-linux-gnu/blas/libblas.so.3.10.0","23_ncomp_40","one_factor","ncomp",40,40,"regression","simpls","cpu_irlba_explicit","cpu","irlba","explicit",FALSE,"float64",2000,400,500,100,NA,100,40,1,0.3814697265625,2,10023,125,32,5,NA,NA,NA,NA,NA,NA,NA,NA,NA,"fresh_per_component",1,FALSE,TRUE,NA,NA,386.42578125,403.55859375,403.55859375,403.559,17.13321875,NA,1152,1152,0,0.176,0.0109999999999999,0.187,0.585548400878906,10.9876251220703,0.603040868008814,0.660258587819083,NA,0,1,NA,NA,NA,0,"deterministic_reference","success",NA,NA
"23_ncomp_40__cpu_irlba_explicit__rep3","0.99.39",NA,"concurrent_numerical_reference",1,1,"/usr/lib/x86_64-linux-gnu/blas/libblas.so.3.10.0","23_ncomp_40","one_factor","ncomp",40,40,"regression","simpls","cpu_irlba_explicit","cpu","irlba","explicit",FALSE,"float64",2000,400,500,100,NA,100,40,1,0.3814697265625,3,10023,126,32,5,NA,NA,NA,NA,NA,NA,NA,NA,NA,"fresh_per_component",1,FALSE,TRUE,NA,NA,386.34765625,403.48046875,403.48046875,403.48,17.13234375,NA,1152,1152,0,0.175,0.0110000000000001,0.186,0.585548400878906,10.9876251220703,0.603040868008814,0.660258587819083,NA,0,1,NA,NA,NA,0,"deterministic_reference","success",NA,NA
"23_ncomp_40__cuda_rsvd_auto__rep1","0.99.39",NA,"concurrent_numerical_reference",1,1,"/usr/lib/x86_64-linux-gnu/blas/libblas.so.3.10.0","23_ncomp_40","one_factor","ncomp",40,40,"regression","simpls","cuda_rsvd_auto","cuda","rsvd","auto",FALSE,"float64",2000,400,500,100,NA,100,40,1,0.3814697265625,1,10023,124,NA,NA,"ordinary_fast",FALSE,NA,NA,NA,32,5,NA,NA,"fresh_oversampled_sketch_per_component",1,FALSE,TRUE,NA,NA,390.8203125,757.69140625,757.69140625,757.691,366.8706875,208,1152,1368,216,0.392,0.00300000000000011,0.395,0.5909423828125,10.9876251220703,0.603055999655604,0.660241537858394,NA,0.0015022838136202,0.999998871593719,NA,NA,NA,1.51316467896789e-05,"within_tolerance","success",NA,NA
"23_ncomp_40__cuda_rsvd_auto__rep2","0.99.39",NA,"concurrent_numerical_reference",1,1,"/usr/lib/x86_64-linux-gnu/blas/libblas.so.3.10.0","23_ncomp_40","one_factor","ncomp",40,40,"regression","simpls","cuda_rsvd_auto","cuda","rsvd","auto",FALSE,"float64",2000,400,500,100,NA,100,40,1,0.3814697265625,2,10023,125,NA,NA,"ordinary_fast",FALSE,NA,NA,NA,32,5,NA,NA,"fresh_oversampled_sketch_per_component",1,FALSE,TRUE,NA,NA,390.8359375,757.70703125,757.70703125,757.707,366.8710625,208,1152,1368,216,0.394,0.00300000000000011,0.397,0.5909423828125,10.9876251220703,0.603046506489953,0.660252234569736,NA,0.00109491638142715,0.999999400616793,NA,NA,NA,5.63848113910304e-06,"within_tolerance","success",NA,NA
"23_ncomp_40__cuda_rsvd_auto__rep3","0.99.39",NA,"concurrent_numerical_reference",1,1,"/usr/lib/x86_64-linux-gnu/blas/libblas.so.3.10.0","23_ncomp_40","one_factor","ncomp",40,40,"regression","simpls","cuda_rsvd_auto","cuda","rsvd","auto",FALSE,"float64",2000,400,500,100,NA,100,40,1,0.3814697265625,3,10023,126,NA,NA,"ordinary_fast",FALSE,NA,NA,NA,32,5,NA,NA,"fresh_oversampled_sketch_per_component",1,FALSE,TRUE,NA,NA,390.9375,757.8203125,757.8203125,757.82,366.8825,208,1152,1368,216,0.392,0.00300000000000011,0.395,0.5909423828125,10.9876251220703,0.603031363459709,0.660269297088253,NA,0.0013679409523982,0.999999064491294,NA,NA,NA,9.50454910497722e-06,"within_tolerance","success",NA,NA
"24_ncomp_80__cpu_irlba_explicit__rep1","0.99.39",NA,"concurrent_numerical_reference",1,1,"/usr/lib/x86_64-linux-gnu/blas/libblas.so.3.10.0","24_ncomp_80","one_factor","ncomp",80,80,"regression","simpls","cpu_irlba_explicit","cpu","irlba","explicit",FALSE,"float64",2000,400,500,100,NA,100,80,1,0.3814697265625,1,10024,124,32,5,NA,NA,NA,NA,NA,NA,NA,NA,NA,"fresh_per_component",1,FALSE,TRUE,NA,NA,386.30859375,403.44140625,403.44140625,403.441,17.13240625,NA,1152,1152,0,0.312,0.0109999999999999,0.323,0.768653869628906,10.9876251220703,0.392673033119945,0.847379216397047,NA,0,1,NA,NA,NA,0,"deterministic_reference","success",NA,NA
"24_ncomp_80__cpu_irlba_explicit__rep2","0.99.39",NA,"concurrent_numerical_reference",1,1,"/usr/lib/x86_64-linux-gnu/blas/libblas.so.3.10.0","24_ncomp_80","one_factor","ncomp",80,80,"regression","simpls","cpu_irlba_explicit","cpu","irlba","explicit",FALSE,"float64",2000,400,500,100,NA,100,80,1,0.3814697265625,2,10024,125,32,5,NA,NA,NA,NA,NA,NA,NA,NA,NA,"fresh_per_component",1,FALSE,TRUE,NA,NA,386.4453125,403.578125,403.578125,403.578,17.1326875,NA,1152,1152,0,0.309,0.0129999999999999,0.322,0.768653869628906,10.9876251220703,0.392673033119945,0.847379216397047,NA,0,1,NA,NA,NA,0,"deterministic_reference","success",NA,NA
"24_ncomp_80__cpu_irlba_explicit__rep3","0.99.39",NA,"concurrent_numerical_reference",1,1,"/usr/lib/x86_64-linux-gnu/blas/libblas.so.3.10.0","24_ncomp_80","one_factor","ncomp",80,80,"regression","simpls","cpu_irlba_explicit","cpu","irlba","explicit",FALSE,"float64",2000,400,500,100,NA,100,80,1,0.3814697265625,3,10024,126,32,5,NA,NA,NA,NA,NA,NA,NA,NA,NA,"fresh_per_component",1,FALSE,TRUE,NA,NA,386.296875,403.43359375,403.43359375,403.434,17.137125,NA,1152,1152,0,0.313,0.012,0.325,0.768653869628906,10.9876251220703,0.392673033119945,0.847379216397047,NA,0,1,NA,NA,NA,0,"deterministic_reference","success",NA,NA
"24_ncomp_80__cuda_rsvd_auto__rep1","0.99.39",NA,"concurrent_numerical_reference",1,1,"/usr/lib/x86_64-linux-gnu/blas/libblas.so.3.10.0","24_ncomp_80","one_factor","ncomp",80,80,"regression","simpls","cuda_rsvd_auto","cuda","rsvd","auto",FALSE,"float64",2000,400,500,100,NA,100,80,1,0.3814697265625,1,10024,124,NA,NA,"ordinary_fast",FALSE,NA,NA,NA,32,5,NA,NA,"fresh_oversampled_sketch_per_component",1,FALSE,TRUE,NA,NA,390.8046875,758.25,758.3125,758.25,367.4453125,208,1152,1368,216,0.55,0.00299999999999989,0.553,0.7740478515625,10.9876251220703,0.392678502950338,0.84737496443399,NA,0.00284356755808953,0.999995956534832,NA,NA,NA,5.46983039340088e-06,"within_tolerance","success",NA,NA
"24_ncomp_80__cuda_rsvd_auto__rep2","0.99.39",NA,"concurrent_numerical_reference",1,1,"/usr/lib/x86_64-linux-gnu/blas/libblas.so.3.10.0","24_ncomp_80","one_factor","ncomp",80,80,"regression","simpls","cuda_rsvd_auto","cuda","rsvd","auto",FALSE,"float64",2000,400,500,100,NA,100,80,1,0.3814697265625,2,10024,125,NA,NA,"ordinary_fast",FALSE,NA,NA,NA,32,5,NA,NA,"fresh_oversampled_sketch_per_component",1,FALSE,TRUE,NA,NA,390.828125,758.27734375,758.33984375,758.277,367.448875,208,1152,1368,216,0.533,0.002,0.535,0.7740478515625,10.9876251220703,0.392660829291732,0.847388702808003,NA,0.00304943427643043,0.999995350693544,NA,NA,NA,1.22038282132642e-05,"within_tolerance","success",NA,NA
"24_ncomp_80__cuda_rsvd_auto__rep3","0.99.39",NA,"concurrent_numerical_reference",1,1,"/usr/lib/x86_64-linux-gnu/blas/libblas.so.3.10.0","24_ncomp_80","one_factor","ncomp",80,80,"regression","simpls","cuda_rsvd_auto","cuda","rsvd","auto",FALSE,"float64",2000,400,500,100,NA,100,80,1,0.3814697265625,3,10024,126,NA,NA,"ordinary_fast",FALSE,NA,NA,NA,32,5,NA,NA,"fresh_oversampled_sketch_per_component",1,FALSE,TRUE,NA,NA,390.82421875,758.27734375,758.33984375,758.277,367.45278125,208,1152,1368,216,0.533,0.00300000000000011,0.536,0.7740478515625,10.9876251220703,0.392705375310604,0.847354074391643,NA,0.00328271991038115,0.999994611941086,NA,NA,NA,3.23421906587851e-05,"within_tolerance","success",NA,NA
"06_p_50__cpu_irlba_explicit__rep1","0.99.39",NA,"concurrent_numerical_reference",1,1,"/usr/lib/x86_64-linux-gnu/blas/libblas.so.3.10.0","06_p_50","one_factor","p",50,50,"regression","simpls","cpu_irlba_explicit","cpu","irlba","explicit",FALSE,"float64",2000,400,50,100,NA,30,20,1,0.03814697265625,1,10006,124,32,5,NA,NA,NA,NA,NA,NA,NA,NA,NA,"fresh_per_component",1,FALSE,TRUE,NA,NA,381.29296875,383.16796875,383.16796875,383.168,1.87503125000001,NA,1152,1152,0,0.017,0.002,0.019,0.0751419067382812,2.74787902832031,0.283173060575308,0.921942192494707,NA,0,1,NA,NA,NA,0,"deterministic_reference","success",NA,NA
"06_p_50__cpu_irlba_explicit__rep2","0.99.39",NA,"concurrent_numerical_reference",1,1,"/usr/lib/x86_64-linux-gnu/blas/libblas.so.3.10.0","06_p_50","one_factor","p",50,50,"regression","simpls","cpu_irlba_explicit","cpu","irlba","explicit",FALSE,"float64",2000,400,50,100,NA,30,20,1,0.03814697265625,2,10006,125,32,5,NA,NA,NA,NA,NA,NA,NA,NA,NA,"fresh_per_component",1,FALSE,TRUE,NA,NA,381.26953125,383.1640625,383.1640625,383.164,1.89446874999999,NA,1152,1152,0,0.017,0.002,0.019,0.0751419067382812,2.74787902832031,0.283173060575308,0.921942192494707,NA,0,1,NA,NA,NA,0,"deterministic_reference","success",NA,NA
"06_p_50__cpu_irlba_explicit__rep3","0.99.39",NA,"concurrent_numerical_reference",1,1,"/usr/lib/x86_64-linux-gnu/blas/libblas.so.3.10.0","06_p_50","one_factor","p",50,50,"regression","simpls","cpu_irlba_explicit","cpu","irlba","explicit",FALSE,"float64",2000,400,50,100,NA,30,20,1,0.03814697265625,3,10006,126,32,5,NA,NA,NA,NA,NA,NA,NA,NA,NA,"fresh_per_component",1,FALSE,TRUE,NA,NA,381.2109375,383.0859375,383.0859375,383.086,1.87506250000001,NA,1152,1152,0,0.017,0.002,0.019,0.0751419067382812,2.74787902832031,0.283173060575308,0.921942192494707,NA,0,1,NA,NA,NA,0,"deterministic_reference","success",NA,NA
"06_p_50__cuda_rsvd_auto__rep1","0.99.39",NA,"concurrent_numerical_reference",1,1,"/usr/lib/x86_64-linux-gnu/blas/libblas.so.3.10.0","06_p_50","one_factor","p",50,50,"regression","simpls","cuda_rsvd_auto","cuda","rsvd","auto",FALSE,"float64",2000,400,50,100,NA,30,20,1,0.03814697265625,1,10006,124,NA,NA,"ordinary_fast",FALSE,NA,NA,NA,32,5,NA,NA,"fresh_oversampled_sketch_per_component",1,FALSE,TRUE,NA,NA,385.69140625,739.921875,739.921875,739.922,354.23059375,198,1152,1358,206,0.311,0.002,0.313,0.080535888671875,2.74787902832031,0.283173043435711,0.921942201943907,NA,6.32772413520758e-07,0.9999999999998,NA,NA,NA,1.71395971304555e-08,"within_tolerance","success",NA,NA
"06_p_50__cuda_rsvd_auto__rep2","0.99.39",NA,"concurrent_numerical_reference",1,1,"/usr/lib/x86_64-linux-gnu/blas/libblas.so.3.10.0","06_p_50","one_factor","p",50,50,"regression","simpls","cuda_rsvd_auto","cuda","rsvd","auto",FALSE,"float64",2000,400,50,100,NA,30,20,1,0.03814697265625,2,10006,125,NA,NA,"ordinary_fast",FALSE,NA,NA,NA,32,5,NA,NA,"fresh_oversampled_sketch_per_component",1,FALSE,TRUE,NA,NA,385.79296875,739.85546875,739.85546875,739.855,354.06203125,198,1152,1358,206,0.311,0.00100000000000011,0.312,0.080535888671875,2.74787902832031,0.283173043435711,0.921942201943907,NA,6.32772413558795e-07,0.9999999999998,NA,NA,NA,1.71395971304555e-08,"within_tolerance","success",NA,NA
"06_p_50__cuda_rsvd_auto__rep3","0.99.39",NA,"concurrent_numerical_reference",1,1,"/usr/lib/x86_64-linux-gnu/blas/libblas.so.3.10.0","06_p_50","one_factor","p",50,50,"regression","simpls","cuda_rsvd_auto","cuda","rsvd","auto",FALSE,"float64",2000,400,50,100,NA,30,20,1,0.03814697265625,3,10006,126,NA,NA,"ordinary_fast",FALSE,NA,NA,NA,32,5,NA,NA,"fresh_oversampled_sketch_per_component",1,FALSE,TRUE,NA,NA,385.7421875,739.96875,739.96875,739.969,354.2268125,198,1152,1358,206,0.311,0.00100000000000011,0.312,0.080535888671875,2.74787902832031,0.283173043435711,0.921942201943907,NA,6.32772413429213e-07,0.9999999999998,NA,NA,NA,1.71395971859667e-08,"within_tolerance","success",NA,NA
"07_p_100__cpu_irlba_explicit__rep1","0.99.39",NA,"concurrent_numerical_reference",1,1,"/usr/lib/x86_64-linux-gnu/blas/libblas.so.3.10.0","07_p_100","one_factor","p",100,100,"regression","simpls","cpu_irlba_explicit","cpu","irlba","explicit",FALSE,"float64",2000,400,100,100,NA,30,20,1,0.0762939453125,1,10007,124,32,5,NA,NA,NA,NA,NA,NA,NA,NA,NA,"fresh_per_component",1,FALSE,TRUE,NA,NA,384.08984375,385.98046875,385.98046875,385.98,1.89015625000002,NA,1152,1152,0,0.031,0.004,0.035,0.121681213378906,3.66340637207031,0.378787812227133,0.859081853234207,NA,0,1,NA,NA,NA,0,"deterministic_reference","success",NA,NA
"07_p_100__cpu_irlba_explicit__rep2","0.99.39",NA,"concurrent_numerical_reference",1,1,"/usr/lib/x86_64-linux-gnu/blas/libblas.so.3.10.0","07_p_100","one_factor","p",100,100,"regression","simpls","cpu_irlba_explicit","cpu","irlba","explicit",FALSE,"float64",2000,400,100,100,NA,30,20,1,0.0762939453125,2,10007,125,32,5,NA,NA,NA,NA,NA,NA,NA,NA,NA,"fresh_per_component",1,FALSE,TRUE,NA,NA,384.02734375,385.90234375,385.90234375,385.902,1.87465624999999,NA,1152,1152,0,0.032,0.004,0.036,0.121681213378906,3.66340637207031,0.378787812227133,0.859081853234207,NA,0,1,NA,NA,NA,0,"deterministic_reference","success",NA,NA
"07_p_100__cpu_irlba_explicit__rep3","0.99.39",NA,"concurrent_numerical_reference",1,1,"/usr/lib/x86_64-linux-gnu/blas/libblas.so.3.10.0","07_p_100","one_factor","p",100,100,"regression","simpls","cpu_irlba_explicit","cpu","irlba","explicit",FALSE,"float64",2000,400,100,100,NA,30,20,1,0.0762939453125,3,10007,126,32,5,NA,NA,NA,NA,NA,NA,NA,NA,NA,"fresh_per_component",1,FALSE,TRUE,NA,NA,384.125,386.00390625,386.00390625,386.004,1.87900000000002,NA,1152,1152,0,0.031,0.004,0.035,0.121681213378906,3.66340637207031,0.378787812227133,0.859081853234207,NA,0,1,NA,NA,NA,0,"deterministic_reference","success",NA,NA
"07_p_100__cuda_rsvd_auto__rep1","0.99.39",NA,"concurrent_numerical_reference",1,1,"/usr/lib/x86_64-linux-gnu/blas/libblas.so.3.10.0","07_p_100","one_factor","p",100,100,"regression","simpls","cuda_rsvd_auto","cuda","rsvd","auto",FALSE,"float64",2000,400,100,100,NA,30,20,1,0.0762939453125,1,10007,124,NA,NA,"ordinary_fast",FALSE,NA,NA,NA,32,5,NA,NA,"fresh_oversampled_sketch_per_component",1,FALSE,TRUE,NA,NA,388.53125,740.24609375,740.24609375,740.246,351.71475,198,1152,1358,206,0.328,0.00300000000000011,0.331,0.1270751953125,3.66340637207031,0.378787782084532,0.859081875661746,NA,1.05841805313184e-06,0.99999999999944,NA,NA,NA,3.01426011373174e-08,"within_tolerance","success",NA,NA
"07_p_100__cuda_rsvd_auto__rep2","0.99.39",NA,"concurrent_numerical_reference",1,1,"/usr/lib/x86_64-linux-gnu/blas/libblas.so.3.10.0","07_p_100","one_factor","p",100,100,"regression","simpls","cuda_rsvd_auto","cuda","rsvd","auto",FALSE,"float64",2000,400,100,100,NA,30,20,1,0.0762939453125,2,10007,125,NA,NA,"ordinary_fast",FALSE,NA,NA,NA,32,5,NA,NA,"fresh_oversampled_sketch_per_component",1,FALSE,TRUE,NA,NA,388.55859375,741.65234375,741.65234375,741.652,353.09340625,198,1152,1358,206,0.331,0.002,0.333,0.1270751953125,3.66340637207031,0.378787782084532,0.859081875661746,NA,1.05841805292888e-06,0.99999999999944,NA,NA,NA,3.01426011373174e-08,"within_tolerance","success",NA,NA
"07_p_100__cuda_rsvd_auto__rep3","0.99.39",NA,"concurrent_numerical_reference",1,1,"/usr/lib/x86_64-linux-gnu/blas/libblas.so.3.10.0","07_p_100","one_factor","p",100,100,"regression","simpls","cuda_rsvd_auto","cuda","rsvd","auto",FALSE,"float64",2000,400,100,100,NA,30,20,1,0.0762939453125,3,10007,126,NA,NA,"ordinary_fast",FALSE,NA,NA,NA,32,5,NA,NA,"fresh_oversampled_sketch_per_component",1,FALSE,TRUE,NA,NA,388.53125,741.73046875,741.73046875,741.73,353.19875,198,1152,1358,206,0.327,0.002,0.329,0.1270751953125,3.66340637207031,0.378787782084532,0.859081875661746,NA,1.05841805282314e-06,0.99999999999944,NA,NA,NA,3.01426011373174e-08,"within_tolerance","success",NA,NA
"08_p_250__cpu_irlba_explicit__rep1","0.99.39",NA,"concurrent_numerical_reference",1,1,"/usr/lib/x86_64-linux-gnu/blas/libblas.so.3.10.0","08_p_250","one_factor","p",250,250,"regression","simpls","cpu_irlba_explicit","cpu","irlba","explicit",FALSE,"float64",2000,400,250,100,NA,30,20,1,0.19073486328125,1,10008,124,32,5,NA,NA,NA,NA,NA,NA,NA,NA,NA,"fresh_per_component",1,FALSE,TRUE,NA,NA,383.26953125,388.9765625,388.9765625,392.316,9.04646874999997,NA,1152,1152,0,0.096,0.00800000000000001,0.104,0.261299133300781,6.40998840332031,0.479709409625629,0.775754381052817,NA,0,1,NA,NA,NA,0,"deterministic_reference","success",NA,NA
"08_p_250__cpu_irlba_explicit__rep2","0.99.39",NA,"concurrent_numerical_reference",1,1,"/usr/lib/x86_64-linux-gnu/blas/libblas.so.3.10.0","08_p_250","one_factor","p",250,250,"regression","simpls","cpu_irlba_explicit","cpu","irlba","explicit",FALSE,"float64",2000,400,250,100,NA,30,20,1,0.19073486328125,2,10008,125,32,5,NA,NA,NA,NA,NA,NA,NA,NA,NA,"fresh_per_component",1,FALSE,TRUE,NA,NA,383.12109375,388.80859375,388.80859375,392.168,9.04690625000001,NA,1152,1152,0,0.096,0.00700000000000012,0.103,0.261299133300781,6.40998840332031,0.479709409625629,0.775754381052817,NA,0,1,NA,NA,NA,0,"deterministic_reference","success",NA,NA
"08_p_250__cpu_irlba_explicit__rep3","0.99.39",NA,"concurrent_numerical_reference",1,1,"/usr/lib/x86_64-linux-gnu/blas/libblas.so.3.10.0","08_p_250","one_factor","p",250,250,"regression","simpls","cpu_irlba_explicit","cpu","irlba","explicit",FALSE,"float64",2000,400,250,100,NA,30,20,1,0.19073486328125,3,10008,126,32,5,NA,NA,NA,NA,NA,NA,NA,NA,NA,"fresh_per_component",1,FALSE,TRUE,NA,NA,383.1640625,388.85546875,388.85546875,392.211,9.04693750000001,NA,1152,1152,0,0.0960000000000001,0.0069999999999999,0.103,0.261299133300781,6.40998840332031,0.479709409625629,0.775754381052817,NA,0,1,NA,NA,NA,0,"deterministic_reference","success",NA,NA
"08_p_250__cuda_rsvd_auto__rep1","0.99.39",NA,"concurrent_numerical_reference",1,1,"/usr/lib/x86_64-linux-gnu/blas/libblas.so.3.10.0","08_p_250","one_factor","p",250,250,"regression","simpls","cuda_rsvd_auto","cuda","rsvd","auto",FALSE,"float64",2000,400,250,100,NA,30,20,1,0.19073486328125,1,10008,124,NA,NA,"ordinary_fast",FALSE,NA,NA,NA,32,5,NA,NA,"fresh_oversampled_sketch_per_component",1,FALSE,TRUE,NA,NA,387.6953125,746.765625,746.765625,746.766,359.0706875,200,1152,1360,208,0.312,0.002,0.314,0.266693115234375,6.40998840332031,0.4797093889975,0.775754400338523,NA,7.21094123496036e-06,0.999999999974002,NA,NA,NA,2.06281284831356e-08,"within_tolerance","success",NA,NA
"08_p_250__cuda_rsvd_auto__rep2","0.99.39",NA,"concurrent_numerical_reference",1,1,"/usr/lib/x86_64-linux-gnu/blas/libblas.so.3.10.0","08_p_250","one_factor","p",250,250,"regression","simpls","cuda_rsvd_auto","cuda","rsvd","auto",FALSE,"float64",2000,400,250,100,NA,30,20,1,0.19073486328125,2,10008,125,NA,NA,"ordinary_fast",FALSE,NA,NA,NA,32,5,NA,NA,"fresh_oversampled_sketch_per_component",1,FALSE,TRUE,NA,NA,387.72265625,746.80078125,746.80078125,746.801,359.07834375,200,1152,1360,208,0.317,0.002,0.319,0.266693115234375,6.40998840332031,0.4797093889975,0.775754400338523,NA,7.21094123474351e-06,0.999999999974002,NA,NA,NA,2.06281284276244e-08,"within_tolerance","success",NA,NA
"08_p_250__cuda_rsvd_auto__rep3","0.99.39",NA,"concurrent_numerical_reference",1,1,"/usr/lib/x86_64-linux-gnu/blas/libblas.so.3.10.0","08_p_250","one_factor","p",250,250,"regression","simpls","cuda_rsvd_auto","cuda","rsvd","auto",FALSE,"float64",2000,400,250,100,NA,30,20,1,0.19073486328125,3,10008,126,NA,NA,"ordinary_fast",FALSE,NA,NA,NA,32,5,NA,NA,"fresh_oversampled_sketch_per_component",1,FALSE,TRUE,NA,NA,387.7265625,746.84765625,746.84765625,746.848,359.1214375,200,1152,1360,208,0.315,0.00299999999999989,0.318,0.266693115234375,6.40998840332031,0.4797093889975,0.775754400338523,NA,7.21094123476809e-06,0.999999999974002,NA,NA,NA,2.06281284831356e-08,"within_tolerance","success",NA,NA
"09_p_500__cpu_irlba_explicit__rep1","0.99.39",NA,"concurrent_numerical_reference",1,1,"/usr/lib/x86_64-linux-gnu/blas/libblas.so.3.10.0","09_p_500","one_factor","p",500,500,"regression","simpls","cpu_irlba_explicit","cpu","irlba","explicit",FALSE,"float64",2000,400,500,100,NA,30,20,1,0.3814697265625,1,10009,124,32,5,NA,NA,NA,NA,NA,NA,NA,NA,NA,"fresh_per_component",1,FALSE,TRUE,NA,NA,384.4765625,401.546875,401.546875,401.547,17.0704375,NA,1152,1152,0,0.107,0.012,0.119,0.493995666503906,10.9876251220703,0.565009949490716,0.678428314031324,NA,0,1,NA,NA,NA,0,"deterministic_reference","success",NA,NA
"09_p_500__cpu_irlba_explicit__rep2","0.99.39",NA,"concurrent_numerical_reference",1,1,"/usr/lib/x86_64-linux-gnu/blas/libblas.so.3.10.0","09_p_500","one_factor","p",500,500,"regression","simpls","cpu_irlba_explicit","cpu","irlba","explicit",FALSE,"float64",2000,400,500,100,NA,30,20,1,0.3814697265625,2,10009,125,32,5,NA,NA,NA,NA,NA,NA,NA,NA,NA,"fresh_per_component",1,FALSE,TRUE,NA,NA,384.50390625,401.63671875,401.63671875,401.637,17.13309375,NA,1152,1152,0,0.107,0.0129999999999999,0.12,0.493995666503906,10.9876251220703,0.565009949490716,0.678428314031324,NA,0,1,NA,NA,NA,0,"deterministic_reference","success",NA,NA
"09_p_500__cpu_irlba_explicit__rep3","0.99.39",NA,"concurrent_numerical_reference",1,1,"/usr/lib/x86_64-linux-gnu/blas/libblas.so.3.10.0","09_p_500","one_factor","p",500,500,"regression","simpls","cpu_irlba_explicit","cpu","irlba","explicit",FALSE,"float64",2000,400,500,100,NA,30,20,1,0.3814697265625,3,10009,126,32,5,NA,NA,NA,NA,NA,NA,NA,NA,NA,"fresh_per_component",1,FALSE,TRUE,NA,NA,384.5390625,401.671875,401.671875,401.672,17.1329375,NA,1152,1152,0,0.107,0.0129999999999999,0.12,0.493995666503906,10.9876251220703,0.565009949490716,0.678428314031324,NA,0,1,NA,NA,NA,0,"deterministic_reference","success",NA,NA
"09_p_500__cuda_rsvd_auto__rep1","0.99.39",NA,"concurrent_numerical_reference",1,1,"/usr/lib/x86_64-linux-gnu/blas/libblas.so.3.10.0","09_p_500","one_factor","p",500,500,"regression","simpls","cuda_rsvd_auto","cuda","rsvd","auto",FALSE,"float64",2000,400,500,100,NA,30,20,1,0.3814697265625,1,10009,124,NA,NA,"ordinary_fast",FALSE,NA,NA,NA,32,5,NA,NA,"fresh_oversampled_sketch_per_component",1,FALSE,TRUE,NA,NA,388.90625,757.4296875,757.4296875,757.43,368.52375,208,1152,1368,216,0.33,0.002,0.332,0.4993896484375,10.9876251220703,0.565009924348668,0.678428342650185,NA,7.80313751799587e-06,0.999999999969557,NA,NA,NA,2.5142048110105e-08,"within_tolerance","success",NA,NA
"09_p_500__cuda_rsvd_auto__rep2","0.99.39",NA,"concurrent_numerical_reference",1,1,"/usr/lib/x86_64-linux-gnu/blas/libblas.so.3.10.0","09_p_500","one_factor","p",500,500,"regression","simpls","cuda_rsvd_auto","cuda","rsvd","auto",FALSE,"float64",2000,400,500,100,NA,30,20,1,0.3814697265625,2,10009,125,NA,NA,"ordinary_fast",FALSE,NA,NA,NA,32,5,NA,NA,"fresh_oversampled_sketch_per_component",1,FALSE,TRUE,NA,NA,388.94921875,757.5,757.5,757.5,368.55078125,208,1152,1368,216,0.317,0.00299999999999989,0.32,0.4993896484375,10.9876251220703,0.565009924348668,0.678428342650185,NA,7.80313751743711e-06,0.999999999969557,NA,NA,NA,2.5142048110105e-08,"within_tolerance","success",NA,NA
"09_p_500__cuda_rsvd_auto__rep3","0.99.39",NA,"concurrent_numerical_reference",1,1,"/usr/lib/x86_64-linux-gnu/blas/libblas.so.3.10.0","09_p_500","one_factor","p",500,500,"regression","simpls","cuda_rsvd_auto","cuda","rsvd","auto",FALSE,"float64",2000,400,500,100,NA,30,20,1,0.3814697265625,3,10009,126,NA,NA,"ordinary_fast",FALSE,NA,NA,NA,32,5,NA,NA,"fresh_oversampled_sketch_per_component",1,FALSE,TRUE,NA,NA,388.90625,757.453125,757.453125,757.453,368.54675,208,1152,1368,216,0.326,0.00299999999999989,0.329,0.4993896484375,10.9876251220703,0.565009924348668,0.678428342650185,NA,7.80313751723977e-06,0.999999999969557,NA,NA,NA,2.5142048110105e-08,"within_tolerance","success",NA,NA
"10_p_1000__cpu_irlba_explicit__rep1","0.99.39",NA,"concurrent_numerical_reference",1,1,"/usr/lib/x86_64-linux-gnu/blas/libblas.so.3.10.0","10_p_1000","one_factor","p",1000,1000,"regression","simpls","cpu_irlba_explicit","cpu","irlba","explicit",FALSE,"float64",2000,400,1000,100,NA,30,20,1,0.762939453125,1,10010,124,32,5,NA,NA,NA,NA,NA,NA,NA,NA,NA,"fresh_per_component",1,FALSE,TRUE,NA,NA,392.453125,427.15625,427.15625,427.156,34.702875,NA,1152,1152,0,0.225,0.02,0.245,0.959388732910156,20.1428985595703,0.677315754463947,0.564449533300732,NA,0,1,NA,NA,NA,0,"deterministic_reference","success",NA,NA
"10_p_1000__cpu_irlba_explicit__rep2","0.99.39",NA,"concurrent_numerical_reference",1,1,"/usr/lib/x86_64-linux-gnu/blas/libblas.so.3.10.0","10_p_1000","one_factor","p",1000,1000,"regression","simpls","cpu_irlba_explicit","cpu","irlba","explicit",FALSE,"float64",2000,400,1000,100,NA,30,20,1,0.762939453125,2,10010,125,32,5,NA,NA,NA,NA,NA,NA,NA,NA,NA,"fresh_per_component",1,FALSE,TRUE,NA,NA,392.4765625,427.1640625,427.1640625,427.164,34.6874375,NA,1152,1152,0,0.233,0.02,0.253,0.959388732910156,20.1428985595703,0.677315754463947,0.564449533300732,NA,0,1,NA,NA,NA,0,"deterministic_reference","success",NA,NA
"10_p_1000__cpu_irlba_explicit__rep3","0.99.39",NA,"concurrent_numerical_reference",1,1,"/usr/lib/x86_64-linux-gnu/blas/libblas.so.3.10.0","10_p_1000","one_factor","p",1000,1000,"regression","simpls","cpu_irlba_explicit","cpu","irlba","explicit",FALSE,"float64",2000,400,1000,100,NA,30,20,1,0.762939453125,3,10010,126,32,5,NA,NA,NA,NA,NA,NA,NA,NA,NA,"fresh_per_component",1,FALSE,TRUE,NA,NA,392.45703125,427.13671875,427.13671875,427.137,34.67996875,NA,1152,1152,0,0.223,0.02,0.243,0.959388732910156,20.1428985595703,0.677315754463947,0.564449533300732,NA,0,1,NA,NA,NA,0,"deterministic_reference","success",NA,NA
"10_p_1000__cuda_rsvd_auto__rep1","0.99.39",NA,"concurrent_numerical_reference",1,1,"/usr/lib/x86_64-linux-gnu/blas/libblas.so.3.10.0","10_p_1000","one_factor","p",1000,1000,"regression","simpls","cuda_rsvd_auto","cuda","rsvd","auto",FALSE,"float64",2000,400,1000,100,NA,30,20,1,0.762939453125,1,10010,124,NA,NA,"ordinary_fast",FALSE,NA,NA,NA,32,5,NA,NA,"fresh_oversampled_sketch_per_component",1,FALSE,TRUE,NA,NA,396.8984375,774.8828125,774.8828125,774.883,377.9845625,214,1152,1374,222,0.338,0.004,0.342,0.96478271484375,20.1428985595703,0.677315797545895,0.56444947789271,NA,9.57123456269965e-06,0.999999999954197,NA,NA,NA,4.30819476759936e-08,"within_tolerance","success",NA,NA
"10_p_1000__cuda_rsvd_auto__rep2","0.99.39",NA,"concurrent_numerical_reference",1,1,"/usr/lib/x86_64-linux-gnu/blas/libblas.so.3.10.0","10_p_1000","one_factor","p",1000,1000,"regression","simpls","cuda_rsvd_auto","cuda","rsvd","auto",FALSE,"float64",2000,400,1000,100,NA,30,20,1,0.762939453125,2,10010,125,NA,NA,"ordinary_fast",FALSE,NA,NA,NA,32,5,NA,NA,"fresh_oversampled_sketch_per_component",1,FALSE,TRUE,NA,NA,396.96484375,774.97265625,774.97265625,774.973,378.00815625,214,1152,1374,222,0.339,0.004,0.343,0.96478271484375,20.1428985595703,0.677315797545896,0.56444947789271,NA,9.57123456395532e-06,0.999999999954197,NA,NA,NA,4.30819483421274e-08,"within_tolerance","success",NA,NA
"10_p_1000__cuda_rsvd_auto__rep3","0.99.39",NA,"concurrent_numerical_reference",1,1,"/usr/lib/x86_64-linux-gnu/blas/libblas.so.3.10.0","10_p_1000","one_factor","p",1000,1000,"regression","simpls","cuda_rsvd_auto","cuda","rsvd","auto",FALSE,"float64",2000,400,1000,100,NA,30,20,1,0.762939453125,3,10010,126,NA,NA,"ordinary_fast",FALSE,NA,NA,NA,32,5,NA,NA,"fresh_oversampled_sketch_per_component",1,FALSE,TRUE,NA,NA,396.9296875,774.9296875,774.9296875,774.93,378.0003125,214,1152,1374,222,0.341,0.004,0.345,0.96478271484375,20.1428985595703,0.677315797545895,0.564449477892711,NA,9.57123456124595e-06,0.999999999954197,NA,NA,NA,4.30819476759936e-08,"within_tolerance","success",NA,NA
"11_p_2000__cpu_irlba_explicit__rep1","0.99.39",NA,"concurrent_numerical_reference",1,1,"/usr/lib/x86_64-linux-gnu/blas/libblas.so.3.10.0","11_p_2000","one_factor","p",2000,2000,"regression","simpls","cpu_irlba_explicit","cpu","irlba","explicit",FALSE,"float64",2000,400,2000,100,NA,30,20,1,1.52587890625,1,10011,124,32,5,NA,NA,NA,NA,NA,NA,NA,NA,NA,"fresh_per_component",1,FALSE,TRUE,NA,NA,412.6484375,418.4921875,418.4921875,479.684,67.0355625,NA,1152,1152,0,0.521,0.0370000000000001,0.558,1.89017486572266,38.4534454345703,0.785652605588637,0.417589474051065,NA,0,1,NA,NA,NA,0,"deterministic_reference","success",NA,NA
"11_p_2000__cpu_irlba_explicit__rep2","0.99.39",NA,"concurrent_numerical_reference",1,1,"/usr/lib/x86_64-linux-gnu/blas/libblas.so.3.10.0","11_p_2000","one_factor","p",2000,2000,"regression","simpls","cpu_irlba_explicit","cpu","irlba","explicit",FALSE,"float64",2000,400,2000,100,NA,30,20,1,1.52587890625,2,10011,125,32,5,NA,NA,NA,NA,NA,NA,NA,NA,NA,"fresh_per_component",1,FALSE,TRUE,NA,NA,412.5546875,418.3984375,424.5,477.207,64.6523125,NA,1152,1152,0,0.515,0.0390000000000001,0.554,1.89017486572266,38.4534454345703,0.785652605588637,0.417589474051065,NA,0,1,NA,NA,NA,0,"deterministic_reference","success",NA,NA
"11_p_2000__cpu_irlba_explicit__rep3","0.99.39",NA,"concurrent_numerical_reference",1,1,"/usr/lib/x86_64-linux-gnu/blas/libblas.so.3.10.0","11_p_2000","one_factor","p",2000,2000,"regression","simpls","cpu_irlba_explicit","cpu","irlba","explicit",FALSE,"float64",2000,400,2000,100,NA,30,20,1,1.52587890625,3,10011,126,32,5,NA,NA,NA,NA,NA,NA,NA,NA,NA,"fresh_per_component",1,FALSE,TRUE,NA,NA,412.5234375,418.3671875,424.46875,479.559,67.0355625,NA,1152,1152,0,0.516,0.038,0.554,1.89017486572266,38.4534454345703,0.785652605588637,0.417589474051065,NA,0,1,NA,NA,NA,0,"deterministic_reference","success",NA,NA
"11_p_2000__cuda_rsvd_auto__rep1","0.99.39",NA,"concurrent_numerical_reference",1,1,"/usr/lib/x86_64-linux-gnu/blas/libblas.so.3.10.0","11_p_2000","one_factor","p",2000,2000,"regression","simpls","cuda_rsvd_auto","cuda","rsvd","auto",FALSE,"float64",2000,400,2000,100,NA,30,20,1,1.52587890625,1,10011,124,NA,NA,"ordinary_fast",FALSE,NA,NA,NA,32,5,NA,NA,"fresh_oversampled_sketch_per_component",1,FALSE,TRUE,NA,NA,417.01953125,780.6875,786.7890625,808.746,391.72646875,234,1152,1394,242,0.39,0.0069999999999999,0.397,1.89556884765625,38.4534454345703,0.785652612728481,0.417589463465418,NA,1.56230004906151e-06,0.99999999999878,NA,NA,NA,7.13984416034208e-09,"within_tolerance","success",NA,NA
"11_p_2000__cuda_rsvd_auto__rep2","0.99.39",NA,"concurrent_numerical_reference",1,1,"/usr/lib/x86_64-linux-gnu/blas/libblas.so.3.10.0","11_p_2000","one_factor","p",2000,2000,"regression","simpls","cuda_rsvd_auto","cuda","rsvd","auto",FALSE,"float64",2000,400,2000,100,NA,30,20,1,1.52587890625,2,10011,125,NA,NA,"ordinary_fast",FALSE,NA,NA,NA,32,5,NA,NA,"fresh_oversampled_sketch_per_component",1,FALSE,TRUE,NA,NA,417.140625,780.8984375,787,808.953,391.812375,234,1152,1394,242,0.394,0.00800000000000001,0.402,1.89556884765625,38.4534454345703,0.78565261272848,0.417589463465419,NA,1.56230004908273e-06,0.999999999998779,NA,NA,NA,7.13984349420826e-09,"within_tolerance","success",NA,NA
"11_p_2000__cuda_rsvd_auto__rep3","0.99.39",NA,"concurrent_numerical_reference",1,1,"/usr/lib/x86_64-linux-gnu/blas/libblas.so.3.10.0","11_p_2000","one_factor","p",2000,2000,"regression","simpls","cuda_rsvd_auto","cuda","rsvd","auto",FALSE,"float64",2000,400,2000,100,NA,30,20,1,1.52587890625,3,10011,126,NA,NA,"ordinary_fast",FALSE,NA,NA,NA,32,5,NA,NA,"fresh_oversampled_sketch_per_component",1,FALSE,TRUE,NA,NA,417.015625,779.80078125,785.90625,807.863,390.847375,234,1152,1394,242,0.383,0.0069999999999999,0.39,1.89556884765625,38.4534454345703,0.78565261272848,0.41758946346542,NA,1.56230005996362e-06,0.999999999998779,NA,NA,NA,7.13984338318596e-09,"within_tolerance","success",NA,NA
"25_prefix_count_1__cpu_irlba_explicit__rep1","0.99.39",NA,"concurrent_numerical_reference",1,1,"/usr/lib/x86_64-linux-gnu/blas/libblas.so.3.10.0","25_prefix_count_1","one_factor","prefix_count",1,1,"regression","simpls","cpu_irlba_explicit","cpu","irlba","explicit",FALSE,"float64",2000,400,400,100,NA,30,1,1,0.30517578125,1,10025,124,32,5,NA,NA,NA,NA,NA,NA,NA,NA,NA,"fresh_per_component",1,FALSE,TRUE,NA,NA,386.0234375,400.10546875,400.10546875,400.57,14.5465625,NA,1152,1152,0,0.0479999999999999,0.01,0.0579999999999999,0.328422546386719,9.15657043457031,0.973469270026626,0.0579703376615479,NA,0,1,NA,NA,NA,0,"deterministic_reference","success",NA,NA
"25_prefix_count_1__cpu_irlba_explicit__rep2","0.99.39",NA,"concurrent_numerical_reference",1,1,"/usr/lib/x86_64-linux-gnu/blas/libblas.so.3.10.0","25_prefix_count_1","one_factor","prefix_count",1,1,"regression","simpls","cpu_irlba_explicit","cpu","irlba","explicit",FALSE,"float64",2000,400,400,100,NA,30,1,1,0.30517578125,2,10025,125,32,5,NA,NA,NA,NA,NA,NA,NA,NA,NA,"fresh_per_component",1,FALSE,TRUE,NA,NA,386.11328125,400.1953125,400.1953125,400.66,14.54671875,NA,1152,1152,0,0.0479999999999999,0.0110000000000001,0.0590000000000001,0.328422546386719,9.15657043457031,0.973469270026626,0.0579703376615479,NA,0,1,NA,NA,NA,0,"deterministic_reference","success",NA,NA
"25_prefix_count_1__cpu_irlba_explicit__rep3","0.99.39",NA,"concurrent_numerical_reference",1,1,"/usr/lib/x86_64-linux-gnu/blas/libblas.so.3.10.0","25_prefix_count_1","one_factor","prefix_count",1,1,"regression","simpls","cpu_irlba_explicit","cpu","irlba","explicit",FALSE,"float64",2000,400,400,100,NA,30,1,1,0.30517578125,3,10025,126,32,5,NA,NA,NA,NA,NA,NA,NA,NA,NA,"fresh_per_component",1,FALSE,TRUE,NA,NA,386.00390625,400.0859375,400.0859375,400.551,14.54709375,NA,1152,1152,0,0.0469999999999999,0.01,0.0569999999999999,0.328422546386719,9.15657043457031,0.973469270026626,0.0579703376615479,NA,0,1,NA,NA,NA,0,"deterministic_reference","success",NA,NA
"25_prefix_count_1__cuda_rsvd_auto__rep1","0.99.39",NA,"concurrent_numerical_reference",1,1,"/usr/lib/x86_64-linux-gnu/blas/libblas.so.3.10.0","25_prefix_count_1","one_factor","prefix_count",1,1,"regression","simpls","cuda_rsvd_auto","cuda","rsvd","auto",FALSE,"float64",2000,400,400,100,NA,30,1,1,0.30517578125,1,10025,124,NA,NA,"ordinary_fast",FALSE,NA,NA,NA,32,5,NA,NA,"fresh_oversampled_sketch_per_component",1,FALSE,TRUE,NA,NA,390.4453125,742.05859375,747.09375,742.059,351.6136875,204,1152,1364,212,0.253,0.00600000000000001,0.259,0.333816528320312,9.15657043457031,0.973469270013712,0.0579703376865419,NA,1.38812544067525e-06,0.999999999999037,NA,NA,NA,1.29141142224398e-11,"within_tolerance","success",NA,NA
"25_prefix_count_1__cuda_rsvd_auto__rep2","0.99.39",NA,"concurrent_numerical_reference",1,1,"/usr/lib/x86_64-linux-gnu/blas/libblas.so.3.10.0","25_prefix_count_1","one_factor","prefix_count",1,1,"regression","simpls","cuda_rsvd_auto","cuda","rsvd","auto",FALSE,"float64",2000,400,400,100,NA,30,1,1,0.30517578125,2,10025,125,NA,NA,"ordinary_fast",FALSE,NA,NA,NA,32,5,NA,NA,"fresh_oversampled_sketch_per_component",1,FALSE,TRUE,NA,NA,390.5,742.23046875,747.26171875,742.23,351.73,204,1152,1364,212,0.246,0.00600000000000001,0.252,0.333816528320312,9.15657043457031,0.973469270013712,0.0579703376865421,NA,1.38812544476141e-06,0.999999999999037,NA,NA,NA,1.29141142224398e-11,"within_tolerance","success",NA,NA
"25_prefix_count_1__cuda_rsvd_auto__rep3","0.99.39",NA,"concurrent_numerical_reference",1,1,"/usr/lib/x86_64-linux-gnu/blas/libblas.so.3.10.0","25_prefix_count_1","one_factor","prefix_count",1,1,"regression","simpls","cuda_rsvd_auto","cuda","rsvd","auto",FALSE,"float64",2000,400,400,100,NA,30,1,1,0.30517578125,3,10025,126,NA,NA,"ordinary_fast",FALSE,NA,NA,NA,32,5,NA,NA,"fresh_oversampled_sketch_per_component",1,FALSE,TRUE,NA,NA,390.37890625,742.09375,747.125,742.094,351.71509375,204,1152,1364,212,0.255,0.00600000000000001,0.261,0.333816528320312,9.15657043457031,0.973469270013712,0.0579703376865419,NA,1.38812544089885e-06,0.999999999999037,NA,NA,NA,1.29141142224398e-11,"within_tolerance","success",NA,NA
"26_prefix_count_2__cpu_irlba_explicit__rep1","0.99.39",NA,"concurrent_numerical_reference",1,1,"/usr/lib/x86_64-linux-gnu/blas/libblas.so.3.10.0","26_prefix_count_2","one_factor","prefix_count",2,2,"regression","simpls","cpu_irlba_explicit","cpu","irlba","explicit",FALSE,"float64",2000,400,400,100,NA,30,20,2,0.30517578125,1,10026,124,32,5,NA,NA,NA,NA,NA,NA,NA,NA,NA,"fresh_per_component",1,FALSE,TRUE,NA,NA,386.0234375,400.1015625,400.1015625,400.57,14.5465625,NA,1152,1152,0,0.086,0.0169999999999999,0.103,0.70562744140625,9.15657043457031,0.540980700046441,0.716237539478302,NA,0,1,NA,NA,NA,0,"deterministic_reference","success",NA,NA
"26_prefix_count_2__cpu_irlba_explicit__rep2","0.99.39",NA,"concurrent_numerical_reference",1,1,"/usr/lib/x86_64-linux-gnu/blas/libblas.so.3.10.0","26_prefix_count_2","one_factor","prefix_count",2,2,"regression","simpls","cpu_irlba_explicit","cpu","irlba","explicit",FALSE,"float64",2000,400,400,100,NA,30,20,2,0.30517578125,2,10026,125,32,5,NA,NA,NA,NA,NA,NA,NA,NA,NA,"fresh_per_component",1,FALSE,TRUE,NA,NA,386.08984375,400.16015625,400.16015625,400.637,14.54715625,NA,1152,1152,0,0.086,0.0190000000000001,0.105,0.70562744140625,9.15657043457031,0.540980700046441,0.716237539478302,NA,0,1,NA,NA,NA,0,"deterministic_reference","success",NA,NA
"26_prefix_count_2__cpu_irlba_explicit__rep3","0.99.39",NA,"concurrent_numerical_reference",1,1,"/usr/lib/x86_64-linux-gnu/blas/libblas.so.3.10.0","26_prefix_count_2","one_factor","prefix_count",2,2,"regression","simpls","cpu_irlba_explicit","cpu","irlba","explicit",FALSE,"float64",2000,400,400,100,NA,30,20,2,0.30517578125,3,10026,126,32,5,NA,NA,NA,NA,NA,NA,NA,NA,NA,"fresh_per_component",1,FALSE,TRUE,NA,NA,386.03125,400.109375,400.109375,400.578,14.54675,NA,1152,1152,0,0.086,0.018,0.104,0.70562744140625,9.15657043457031,0.540980700046441,0.716237539478302,NA,0,1,NA,NA,NA,0,"deterministic_reference","success",NA,NA
"26_prefix_count_2__cuda_rsvd_auto__rep1","0.99.39",NA,"concurrent_numerical_reference",1,1,"/usr/lib/x86_64-linux-gnu/blas/libblas.so.3.10.0","26_prefix_count_2","one_factor","prefix_count",2,2,"regression","simpls","cuda_rsvd_auto","cuda","rsvd","auto",FALSE,"float64",2000,400,400,100,NA,30,20,2,0.30517578125,1,10026,124,NA,NA,"ordinary_fast",FALSE,NA,NA,NA,32,5,NA,NA,"fresh_oversampled_sketch_per_component",1,FALSE,TRUE,NA,NA,390.50390625,753.3046875,753.3046875,753.426,362.92209375,204,1152,1364,212,0.317,0.002,0.319,0.711021423339844,9.15657043457031,0.540980697900245,0.716237541729805,NA,2.93733334482005e-06,0.999999999995686,NA,NA,NA,2.14619588767562e-09,"within_tolerance","success",NA,NA
"26_prefix_count_2__cuda_rsvd_auto__rep2","0.99.39",NA,"concurrent_numerical_reference",1,1,"/usr/lib/x86_64-linux-gnu/blas/libblas.so.3.10.0","26_prefix_count_2","one_factor","prefix_count",2,2,"regression","simpls","cuda_rsvd_auto","cuda","rsvd","auto",FALSE,"float64",2000,400,400,100,NA,30,20,2,0.30517578125,2,10026,125,NA,NA,"ordinary_fast",FALSE,NA,NA,NA,32,5,NA,NA,"fresh_oversampled_sketch_per_component",1,FALSE,TRUE,NA,NA,390.5078125,753.23828125,753.23828125,753.297,362.7891875,204,1152,1364,212,0.314,0.002,0.316,0.711021423339844,9.15657043457031,0.540980697900245,0.716237541729805,NA,2.93733334438884e-06,0.999999999995686,NA,NA,NA,2.14619588767562e-09,"within_tolerance","success",NA,NA
"26_prefix_count_2__cuda_rsvd_auto__rep3","0.99.39",NA,"concurrent_numerical_reference",1,1,"/usr/lib/x86_64-linux-gnu/blas/libblas.so.3.10.0","26_prefix_count_2","one_factor","prefix_count",2,2,"regression","simpls","cuda_rsvd_auto","cuda","rsvd","auto",FALSE,"float64",2000,400,400,100,NA,30,20,2,0.30517578125,3,10026,126,NA,NA,"ordinary_fast",FALSE,NA,NA,NA,32,5,NA,NA,"fresh_oversampled_sketch_per_component",1,FALSE,TRUE,NA,NA,390.51953125,753.265625,753.265625,753.266,362.74646875,204,1152,1364,212,0.309,0.002,0.311,0.711021423339844,9.15657043457031,0.540980697900245,0.716237541729805,NA,2.93733334440585e-06,0.999999999995686,NA,NA,NA,2.14619588767562e-09,"within_tolerance","success",NA,NA
"27_prefix_count_5__cpu_irlba_explicit__rep1","0.99.39",NA,"concurrent_numerical_reference",1,1,"/usr/lib/x86_64-linux-gnu/blas/libblas.so.3.10.0","27_prefix_count_5","one_factor","prefix_count",5,5,"regression","simpls","cpu_irlba_explicit","cpu","irlba","explicit",FALSE,"float64",2000,400,400,100,NA,30,20,5,0.30517578125,1,10027,124,32,5,NA,NA,NA,NA,NA,NA,NA,NA,NA,"fresh_per_component",1,FALSE,TRUE,NA,NA,386.05859375,400.15234375,400.15234375,400.605,14.54640625,NA,1152,1152,0,0.084,0.0390000000000001,0.123,1.62165832519531,9.15657043457031,0.539532738212033,0.711656180850688,NA,0,1,NA,NA,NA,0,"deterministic_reference","success",NA,NA
"27_prefix_count_5__cpu_irlba_explicit__rep2","0.99.39",NA,"concurrent_numerical_reference",1,1,"/usr/lib/x86_64-linux-gnu/blas/libblas.so.3.10.0","27_prefix_count_5","one_factor","prefix_count",5,5,"regression","simpls","cpu_irlba_explicit","cpu","irlba","explicit",FALSE,"float64",2000,400,400,100,NA,30,20,5,0.30517578125,2,10027,125,32,5,NA,NA,NA,NA,NA,NA,NA,NA,NA,"fresh_per_component",1,FALSE,TRUE,NA,NA,385.98828125,400.06640625,400.06640625,400.535,14.54671875,NA,1152,1152,0,0.085,0.04,0.125,1.62165832519531,9.15657043457031,0.539532738212033,0.711656180850688,NA,0,1,NA,NA,NA,0,"deterministic_reference","success",NA,NA
"27_prefix_count_5__cpu_irlba_explicit__rep3","0.99.39",NA,"concurrent_numerical_reference",1,1,"/usr/lib/x86_64-linux-gnu/blas/libblas.so.3.10.0","27_prefix_count_5","one_factor","prefix_count",5,5,"regression","simpls","cpu_irlba_explicit","cpu","irlba","explicit",FALSE,"float64",2000,400,400,100,NA,30,20,5,0.30517578125,3,10027,126,32,5,NA,NA,NA,NA,NA,NA,NA,NA,NA,"fresh_per_component",1,FALSE,TRUE,NA,NA,386.0703125,400.1484375,400.1484375,400.617,14.5466875,NA,1152,1152,0,0.0920000000000001,0.042,0.134,1.62165832519531,9.15657043457031,0.539532738212033,0.711656180850688,NA,0,1,NA,NA,NA,0,"deterministic_reference","success",NA,NA
"27_prefix_count_5__cuda_rsvd_auto__rep1","0.99.39",NA,"concurrent_numerical_reference",1,1,"/usr/lib/x86_64-linux-gnu/blas/libblas.so.3.10.0","27_prefix_count_5","one_factor","prefix_count",5,5,"regression","simpls","cuda_rsvd_auto","cuda","rsvd","auto",FALSE,"float64",2000,400,400,100,NA,30,20,5,0.30517578125,1,10027,124,NA,NA,"ordinary_fast",FALSE,NA,NA,NA,32,5,NA,NA,"fresh_oversampled_sketch_per_component",1,FALSE,TRUE,NA,NA,390.5234375,755.54296875,760.38671875,755.543,365.0195625,204,1152,1364,212,0.32,0.00700000000000012,0.327,1.62705230712891,9.15657043457031,0.539532804463492,0.71165611003682,NA,5.36322948300524e-06,0.999999999985619,NA,NA,NA,6.62514594296226e-08,"within_tolerance","success",NA,NA
"27_prefix_count_5__cuda_rsvd_auto__rep2","0.99.39",NA,"concurrent_numerical_reference",1,1,"/usr/lib/x86_64-linux-gnu/blas/libblas.so.3.10.0","27_prefix_count_5","one_factor","prefix_count",5,5,"regression","simpls","cuda_rsvd_auto","cuda","rsvd","auto",FALSE,"float64",2000,400,400,100,NA,30,20,5,0.30517578125,2,10027,125,NA,NA,"ordinary_fast",FALSE,NA,NA,NA,32,5,NA,NA,"fresh_oversampled_sketch_per_component",1,FALSE,TRUE,NA,NA,390.58203125,755.63671875,760.51171875,755.637,365.05496875,204,1152,1374,222,0.318,0.00800000000000001,0.326,1.62705230712891,9.15657043457031,0.539532804463492,0.71165611003682,NA,5.36322948292392e-06,0.999999999985619,NA,NA,NA,6.62514594296226e-08,"within_tolerance","success",NA,NA
"27_prefix_count_5__cuda_rsvd_auto__rep3","0.99.39",NA,"concurrent_numerical_reference",1,1,"/usr/lib/x86_64-linux-gnu/blas/libblas.so.3.10.0","27_prefix_count_5","one_factor","prefix_count",5,5,"regression","simpls","cuda_rsvd_auto","cuda","rsvd","auto",FALSE,"float64",2000,400,400,100,NA,30,20,5,0.30517578125,3,10027,126,NA,NA,"ordinary_fast",FALSE,NA,NA,NA,32,5,NA,NA,"fresh_oversampled_sketch_per_component",1,FALSE,TRUE,NA,NA,390.4453125,755.44921875,760.32421875,755.449,365.0036875,204,1152,1364,212,0.319,0.00700000000000012,0.326,1.62705230712891,9.15657043457031,0.539532804463492,0.71165611003682,NA,5.36322948296973e-06,0.999999999985619,NA,NA,NA,6.62514594296226e-08,"within_tolerance","success",NA,NA
"28_prefix_count_10__cpu_irlba_explicit__rep1","0.99.39",NA,"concurrent_numerical_reference",1,1,"/usr/lib/x86_64-linux-gnu/blas/libblas.so.3.10.0","28_prefix_count_10","one_factor","prefix_count",10,10,"regression","simpls","cpu_irlba_explicit","cpu","irlba","explicit",FALSE,"float64",2000,400,400,100,NA,30,20,10,0.30517578125,1,10028,124,32,5,NA,NA,NA,NA,NA,NA,NA,NA,NA,"fresh_per_component",1,FALSE,TRUE,NA,NA,385.984375,403.11328125,403.11328125,403.113,17.128625,NA,1152,1152,0,0.088,0.0720000000000001,0.16,3.14848327636719,9.15657043457031,0.553254905404334,0.704480897485077,NA,0,1,NA,NA,NA,0,"deterministic_reference","success",NA,NA
"28_prefix_count_10__cpu_irlba_explicit__rep2","0.99.39",NA,"concurrent_numerical_reference",1,1,"/usr/lib/x86_64-linux-gnu/blas/libblas.so.3.10.0","28_prefix_count_10","one_factor","prefix_count",10,10,"regression","simpls","cpu_irlba_explicit","cpu","irlba","explicit",FALSE,"float64",2000,400,400,100,NA,30,20,10,0.30517578125,2,10028,125,32,5,NA,NA,NA,NA,NA,NA,NA,NA,NA,"fresh_per_component",1,FALSE,TRUE,NA,NA,386.0546875,403.18359375,403.18359375,403.184,17.1293125,NA,1152,1152,0,0.0860000000000001,0.0690000000000002,0.155,3.14848327636719,9.15657043457031,0.553254905404334,0.704480897485077,NA,0,1,NA,NA,NA,0,"deterministic_reference","success",NA,NA
"28_prefix_count_10__cpu_irlba_explicit__rep3","0.99.39",NA,"concurrent_numerical_reference",1,1,"/usr/lib/x86_64-linux-gnu/blas/libblas.so.3.10.0","28_prefix_count_10","one_factor","prefix_count",10,10,"regression","simpls","cpu_irlba_explicit","cpu","irlba","explicit",FALSE,"float64",2000,400,400,100,NA,30,20,10,0.30517578125,3,10028,126,32,5,NA,NA,NA,NA,NA,NA,NA,NA,NA,"fresh_per_component",1,FALSE,TRUE,NA,NA,386.09375,403.22265625,403.22265625,403.223,17.12925,NA,1152,1152,0,0.0870000000000001,0.0700000000000001,0.157,3.14848327636719,9.15657043457031,0.553254905404334,0.704480897485077,NA,0,1,NA,NA,NA,0,"deterministic_reference","success",NA,NA
"28_prefix_count_10__cuda_rsvd_auto__rep1","0.99.39",NA,"concurrent_numerical_reference",1,1,"/usr/lib/x86_64-linux-gnu/blas/libblas.so.3.10.0","28_prefix_count_10","one_factor","prefix_count",10,10,"regression","simpls","cuda_rsvd_auto","cuda","rsvd","auto",FALSE,"float64",2000,400,400,100,NA,30,20,10,0.30517578125,1,10028,124,NA,NA,"ordinary_fast",FALSE,NA,NA,NA,32,5,NA,NA,"fresh_oversampled_sketch_per_component",1,FALSE,TRUE,NA,NA,390.52734375,758.56640625,763.0546875,758.566,368.03865625,204,1152,1376,224,0.315,0.01,0.325,3.15387725830078,9.15657043457031,0.553254891373033,0.704480912474615,NA,1.92151935143506e-06,0.999999999998154,NA,NA,NA,1.40313016760985e-08,"within_tolerance","success",NA,NA
"28_prefix_count_10__cuda_rsvd_auto__rep2","0.99.39",NA,"concurrent_numerical_reference",1,1,"/usr/lib/x86_64-linux-gnu/blas/libblas.so.3.10.0","28_prefix_count_10","one_factor","prefix_count",10,10,"regression","simpls","cuda_rsvd_auto","cuda","rsvd","auto",FALSE,"float64",2000,400,400,100,NA,30,20,10,0.30517578125,2,10028,125,NA,NA,"ordinary_fast",FALSE,NA,NA,NA,32,5,NA,NA,"fresh_oversampled_sketch_per_component",1,FALSE,TRUE,NA,NA,390.5078125,758.296875,762.76953125,758.297,367.7891875,204,1152,1366,214,0.314,0.00800000000000001,0.322,3.15387725830078,9.15657043457031,0.553254891373033,0.704480912474615,NA,1.92151935064412e-06,0.999999999998154,NA,NA,NA,1.40313017871208e-08,"within_tolerance","success",NA,NA
"28_prefix_count_10__cuda_rsvd_auto__rep3","0.99.39",NA,"concurrent_numerical_reference",1,1,"/usr/lib/x86_64-linux-gnu/blas/libblas.so.3.10.0","28_prefix_count_10","one_factor","prefix_count",10,10,"regression","simpls","cuda_rsvd_auto","cuda","rsvd","auto",FALSE,"float64",2000,400,400,100,NA,30,20,10,0.30517578125,3,10028,126,NA,NA,"ordinary_fast",FALSE,NA,NA,NA,32,5,NA,NA,"fresh_oversampled_sketch_per_component",1,FALSE,TRUE,NA,NA,390.484375,758.5625,763.05859375,758.562,368.077625,204,1152,1364,212,0.316,0.00800000000000001,0.324,3.15387725830078,9.15657043457031,0.553254891373033,0.704480912474615,NA,1.92151935137831e-06,0.999999999998154,NA,NA,NA,1.40313016760985e-08,"within_tolerance","success",NA,NA
"29_prefix_count_20__cpu_irlba_explicit__rep1","0.99.39",NA,"concurrent_numerical_reference",1,1,"/usr/lib/x86_64-linux-gnu/blas/libblas.so.3.10.0","29_prefix_count_20","one_factor","prefix_count",20,20,"regression","simpls","cpu_irlba_explicit","cpu","irlba","explicit",FALSE,"float64",2000,400,400,100,NA,30,20,20,0.30517578125,1,10029,124,32,5,NA,NA,NA,NA,NA,NA,NA,NA,NA,"fresh_per_component",1,FALSE,TRUE,NA,NA,385.984375,412.26953125,412.26953125,412.27,26.285625,NA,1152,1152,0,0.0910000000000001,0.134,0.225,6.20155334472656,9.15657043457031,0.544366935247201,0.707521589088079,NA,0,1,NA,NA,NA,0,"deterministic_reference","success",NA,NA
"29_prefix_count_20__cpu_irlba_explicit__rep2","0.99.39",NA,"concurrent_numerical_reference",1,1,"/usr/lib/x86_64-linux-gnu/blas/libblas.so.3.10.0","29_prefix_count_20","one_factor","prefix_count",20,20,"regression","simpls","cpu_irlba_explicit","cpu","irlba","explicit",FALSE,"float64",2000,400,400,100,NA,30,20,20,0.30517578125,2,10029,125,32,5,NA,NA,NA,NA,NA,NA,NA,NA,NA,"fresh_per_component",1,FALSE,TRUE,NA,NA,386.09765625,412.3828125,424.58984375,416.988,30.89034375,NA,1152,1152,0,0.092,0.129,0.221,6.20155334472656,9.15657043457031,0.544366935247201,0.707521589088079,NA,0,1,NA,NA,NA,0,"deterministic_reference","success",NA,NA
"29_prefix_count_20__cpu_irlba_explicit__rep3","0.99.39",NA,"concurrent_numerical_reference",1,1,"/usr/lib/x86_64-linux-gnu/blas/libblas.so.3.10.0","29_prefix_count_20","one_factor","prefix_count",20,20,"regression","simpls","cpu_irlba_explicit","cpu","irlba","explicit",FALSE,"float64",2000,400,400,100,NA,30,20,20,0.30517578125,3,10029,126,32,5,NA,NA,NA,NA,NA,NA,NA,NA,NA,"fresh_per_component",1,FALSE,TRUE,NA,NA,386.03515625,412.3203125,424.52734375,416.781,30.74584375,NA,1152,1152,0,0.0900000000000001,0.128,0.218,6.20155334472656,9.15657043457031,0.544366935247201,0.707521589088079,NA,0,1,NA,NA,NA,0,"deterministic_reference","success",NA,NA
"29_prefix_count_20__cuda_rsvd_auto__rep1","0.99.39",NA,"concurrent_numerical_reference",1,1,"/usr/lib/x86_64-linux-gnu/blas/libblas.so.3.10.0","29_prefix_count_20","one_factor","prefix_count",20,20,"regression","simpls","cuda_rsvd_auto","cuda","rsvd","auto",FALSE,"float64",2000,400,400,100,NA,30,20,20,0.30517578125,1,10029,124,NA,NA,"ordinary_fast",FALSE,NA,NA,NA,32,5,NA,NA,"fresh_oversampled_sketch_per_component",1,FALSE,TRUE,NA,NA,390.46875,765.484375,778.24609375,765.484,375.01525,204,1152,1374,222,0.316,0.012,0.328,6.20694732666016,9.15657043457031,0.544366895981873,0.707521631281165,NA,6.33106379221114e-06,0.999999999979964,NA,NA,NA,3.926532821108e-08,"within_tolerance","success",NA,NA
"29_prefix_count_20__cuda_rsvd_auto__rep2","0.99.39",NA,"concurrent_numerical_reference",1,1,"/usr/lib/x86_64-linux-gnu/blas/libblas.so.3.10.0","29_prefix_count_20","one_factor","prefix_count",20,20,"regression","simpls","cuda_rsvd_auto","cuda","rsvd","auto",FALSE,"float64",2000,400,400,100,NA,30,20,20,0.30517578125,2,10029,125,NA,NA,"ordinary_fast",FALSE,NA,NA,NA,32,5,NA,NA,"fresh_oversampled_sketch_per_component",1,FALSE,TRUE,NA,NA,390.5234375,764.71484375,777.4765625,771.871,381.3475625,204,1152,1364,212,0.319,0.012,0.331,6.20694732666016,9.15657043457031,0.544366895981873,0.707521631281165,NA,6.33106379191901e-06,0.999999999979964,NA,NA,NA,3.92653281000577e-08,"within_tolerance","success",NA,NA
"29_prefix_count_20__cuda_rsvd_auto__rep3","0.99.39",NA,"concurrent_numerical_reference",1,1,"/usr/lib/x86_64-linux-gnu/blas/libblas.so.3.10.0","29_prefix_count_20","one_factor","prefix_count",20,20,"regression","simpls","cuda_rsvd_auto","cuda","rsvd","auto",FALSE,"float64",2000,400,400,100,NA,30,20,20,0.30517578125,3,10029,126,NA,NA,"ordinary_fast",FALSE,NA,NA,NA,32,5,NA,NA,"fresh_oversampled_sketch_per_component",1,FALSE,TRUE,NA,NA,390.5234375,764.3671875,777.12890625,764.367,373.8435625,204,1152,1364,212,0.321,0.012,0.333,6.20694732666016,9.15657043457031,0.544366895981873,0.707521631281165,NA,6.3310637923948e-06,0.999999999979964,NA,NA,NA,3.92653281000577e-08,"within_tolerance","success",NA,NA
"12_q_10__cpu_irlba_explicit__rep1","0.99.39",NA,"concurrent_numerical_reference",1,1,"/usr/lib/x86_64-linux-gnu/blas/libblas.so.3.10.0","12_q_10","one_factor","q",10,10,"regression","simpls","cpu_irlba_explicit","cpu","irlba","explicit",FALSE,"float64",2000,400,400,10,NA,30,20,1,0.030517578125,1,10012,124,32,5,NA,NA,NA,NA,NA,NA,NA,NA,NA,"fresh_per_component",1,FALSE,TRUE,NA,NA,378.9609375,393.04296875,393.04296875,393.508,14.5470625,NA,1152,1152,0,0.033,0.00300000000000011,0.0360000000000001,0.111885070800781,7.50862121582031,0.167799784817821,0.970438976379307,NA,0,1,NA,NA,NA,0,"deterministic_reference","success",NA,NA
"12_q_10__cpu_irlba_explicit__rep2","0.99.39",NA,"concurrent_numerical_reference",1,1,"/usr/lib/x86_64-linux-gnu/blas/libblas.so.3.10.0","12_q_10","one_factor","q",10,10,"regression","simpls","cpu_irlba_explicit","cpu","irlba","explicit",FALSE,"float64",2000,400,400,10,NA,30,20,1,0.030517578125,2,10012,125,32,5,NA,NA,NA,NA,NA,NA,NA,NA,NA,"fresh_per_component",1,FALSE,TRUE,NA,NA,378.96484375,393.046875,393.046875,393.512,14.54715625,NA,1152,1152,0,0.034,0.002,0.036,0.111885070800781,7.50862121582031,0.167799784817821,0.970438976379307,NA,0,1,NA,NA,NA,0,"deterministic_reference","success",NA,NA
"12_q_10__cpu_irlba_explicit__rep3","0.99.39",NA,"concurrent_numerical_reference",1,1,"/usr/lib/x86_64-linux-gnu/blas/libblas.so.3.10.0","12_q_10","one_factor","q",10,10,"regression","simpls","cpu_irlba_explicit","cpu","irlba","explicit",FALSE,"float64",2000,400,400,10,NA,30,20,1,0.030517578125,3,10012,126,32,5,NA,NA,NA,NA,NA,NA,NA,NA,NA,"fresh_per_component",1,FALSE,TRUE,NA,NA,378.8828125,392.96484375,392.96484375,393.43,14.5471875,NA,1152,1152,0,0.034,0.00299999999999989,0.0369999999999999,0.111885070800781,7.50862121582031,0.167799784817821,0.970438976379307,NA,0,1,NA,NA,NA,0,"deterministic_reference","success",NA,NA
"12_q_10__cuda_rsvd_auto__rep1","0.99.39",NA,"concurrent_numerical_reference",1,1,"/usr/lib/x86_64-linux-gnu/blas/libblas.so.3.10.0","12_q_10","one_factor","q",10,10,"regression","simpls","cuda_rsvd_auto","cuda","rsvd","auto",FALSE,"float64",2000,400,400,10,NA,30,20,1,0.030517578125,1,10012,124,NA,NA,"ordinary_fast",FALSE,NA,NA,NA,32,5,NA,NA,"fresh_oversampled_sketch_per_component",1,FALSE,TRUE,NA,NA,383.46875,734.33203125,734.33203125,734.332,350.86325,202,1152,1362,210,0.284,0.00299999999999989,0.287,0.117279052734375,7.50862121582031,0.167799787417012,0.970438975463517,NA,1.26655074098831e-07,0.999999999999992,NA,NA,NA,2.59919027967292e-09,"within_tolerance","success",NA,NA
"12_q_10__cuda_rsvd_auto__rep2","0.99.39",NA,"concurrent_numerical_reference",1,1,"/usr/lib/x86_64-linux-gnu/blas/libblas.so.3.10.0","12_q_10","one_factor","q",10,10,"regression","simpls","cuda_rsvd_auto","cuda","rsvd","auto",FALSE,"float64",2000,400,400,10,NA,30,20,1,0.030517578125,2,10012,125,NA,NA,"ordinary_fast",FALSE,NA,NA,NA,32,5,NA,NA,"fresh_oversampled_sketch_per_component",1,FALSE,TRUE,NA,NA,383.40625,734.265625,734.265625,734.266,350.85975,212,1152,1362,210,0.287,0.004,0.291,0.117279052734375,7.50862121582031,0.167799787417012,0.970438975463517,NA,1.2665507415981e-07,0.999999999999992,NA,NA,NA,2.59919016865062e-09,"within_tolerance","success",NA,NA
"12_q_10__cuda_rsvd_auto__rep3","0.99.39",NA,"concurrent_numerical_reference",1,1,"/usr/lib/x86_64-linux-gnu/blas/libblas.so.3.10.0","12_q_10","one_factor","q",10,10,"regression","simpls","cuda_rsvd_auto","cuda","rsvd","auto",FALSE,"float64",2000,400,400,10,NA,30,20,1,0.030517578125,3,10012,126,NA,NA,"ordinary_fast",FALSE,NA,NA,NA,32,5,NA,NA,"fresh_oversampled_sketch_per_component",1,FALSE,TRUE,NA,NA,383.40234375,734.25,734.25,734.25,350.84765625,202,1152,1362,210,0.281,0.002,0.283,0.117279052734375,7.50862121582031,0.167799787417012,0.970438975463517,NA,1.26655074097718e-07,0.999999999999992,NA,NA,NA,2.59919033518408e-09,"within_tolerance","success",NA,NA
"13_q_25__cpu_irlba_explicit__rep1","0.99.39",NA,"concurrent_numerical_reference",1,1,"/usr/lib/x86_64-linux-gnu/blas/libblas.so.3.10.0","13_q_25","one_factor","q",25,25,"regression","simpls","cpu_irlba_explicit","cpu","irlba","explicit",FALSE,"float64",2000,400,400,25,NA,30,20,1,0.0762939453125,1,10013,124,32,5,NA,NA,NA,NA,NA,NA,NA,NA,NA,"fresh_per_component",1,FALSE,TRUE,NA,NA,380.41015625,394.4921875,394.4921875,394.957,14.54684375,NA,1152,1152,0,0.042,0.004,0.046,0.160018920898438,7.78327941894531,0.367321448182573,0.856678259172378,NA,0,1,NA,NA,NA,0,"deterministic_reference","success",NA,NA
"13_q_25__cpu_irlba_explicit__rep2","0.99.39",NA,"concurrent_numerical_reference",1,1,"/usr/lib/x86_64-linux-gnu/blas/libblas.so.3.10.0","13_q_25","one_factor","q",25,25,"regression","simpls","cpu_irlba_explicit","cpu","irlba","explicit",FALSE,"float64",2000,400,400,25,NA,30,20,1,0.0762939453125,2,10013,125,32,5,NA,NA,NA,NA,NA,NA,NA,NA,NA,"fresh_per_component",1,FALSE,TRUE,NA,NA,380.4296875,394.51171875,394.51171875,394.977,14.5473125,NA,1152,1152,0,0.041,0.00299999999999989,0.0439999999999999,0.160018920898438,7.78327941894531,0.367321448182573,0.856678259172378,NA,0,1,NA,NA,NA,0,"deterministic_reference","success",NA,NA
"13_q_25__cpu_irlba_explicit__rep3","0.99.39",NA,"concurrent_numerical_reference",1,1,"/usr/lib/x86_64-linux-gnu/blas/libblas.so.3.10.0","13_q_25","one_factor","q",25,25,"regression","simpls","cpu_irlba_explicit","cpu","irlba","explicit",FALSE,"float64",2000,400,400,25,NA,30,20,1,0.0762939453125,3,10013,126,32,5,NA,NA,NA,NA,NA,NA,NA,NA,NA,"fresh_per_component",1,FALSE,TRUE,NA,NA,380.375,394.4609375,394.4609375,394.922,14.547,NA,1152,1152,0,0.042,0.00299999999999989,0.0449999999999999,0.160018920898438,7.78327941894531,0.367321448182573,0.856678259172378,NA,0,1,NA,NA,NA,0,"deterministic_reference","success",NA,NA
"13_q_25__cuda_rsvd_auto__rep1","0.99.39",NA,"concurrent_numerical_reference",1,1,"/usr/lib/x86_64-linux-gnu/blas/libblas.so.3.10.0","13_q_25","one_factor","q",25,25,"regression","simpls","cuda_rsvd_auto","cuda","rsvd","auto",FALSE,"float64",2000,400,400,25,NA,30,20,1,0.0762939453125,1,10013,124,NA,NA,"ordinary_fast",FALSE,NA,NA,NA,32,5,NA,NA,"fresh_oversampled_sketch_per_component",1,FALSE,TRUE,NA,NA,384.84765625,748.7109375,748.7109375,748.711,363.86334375,202,1152,1362,210,0.298,0.00299999999999989,0.301,0.165412902832031,7.78327941894531,0.367321431579849,0.856678272128503,NA,8.46168676320037e-07,0.999999999999642,NA,NA,NA,1.66027240289246e-08,"within_tolerance","success",NA,NA
"13_q_25__cuda_rsvd_auto__rep2","0.99.39",NA,"concurrent_numerical_reference",1,1,"/usr/lib/x86_64-linux-gnu/blas/libblas.so.3.10.0","13_q_25","one_factor","q",25,25,"regression","simpls","cuda_rsvd_auto","cuda","rsvd","auto",FALSE,"float64",2000,400,400,25,NA,30,20,1,0.0762939453125,2,10013,125,NA,NA,"ordinary_fast",FALSE,NA,NA,NA,32,5,NA,NA,"fresh_oversampled_sketch_per_component",1,FALSE,TRUE,NA,NA,384.77734375,748.6640625,748.6640625,748.664,363.88665625,202,1152,1362,210,0.292,0.00299999999999989,0.295,0.165412902832031,7.78327941894531,0.367321431579849,0.856678272128503,NA,8.46168676464633e-07,0.999999999999642,NA,NA,NA,1.66027240844357e-08,"within_tolerance","success",NA,NA
"13_q_25__cuda_rsvd_auto__rep3","0.99.39",NA,"concurrent_numerical_reference",1,1,"/usr/lib/x86_64-linux-gnu/blas/libblas.so.3.10.0","13_q_25","one_factor","q",25,25,"regression","simpls","cuda_rsvd_auto","cuda","rsvd","auto",FALSE,"float64",2000,400,400,25,NA,30,20,1,0.0762939453125,3,10013,126,NA,NA,"ordinary_fast",FALSE,NA,NA,NA,32,5,NA,NA,"fresh_oversampled_sketch_per_component",1,FALSE,TRUE,NA,NA,384.828125,748.71875,748.71875,748.719,363.890875,202,1152,1362,210,0.296,0.00300000000000011,0.299,0.165412902832031,7.78327941894531,0.367321431579849,0.856678272128503,NA,8.4616867645145e-07,0.999999999999642,NA,NA,NA,1.66027241954581e-08,"within_tolerance","success",NA,NA
"14_q_50__cpu_irlba_explicit__rep1","0.99.39",NA,"concurrent_numerical_reference",1,1,"/usr/lib/x86_64-linux-gnu/blas/libblas.so.3.10.0","14_q_50","one_factor","q",50,50,"regression","simpls","cpu_irlba_explicit","cpu","irlba","explicit",FALSE,"float64",2000,400,400,50,NA,30,20,1,0.152587890625,1,10014,124,32,5,NA,NA,NA,NA,NA,NA,NA,NA,NA,"fresh_per_component",1,FALSE,TRUE,NA,NA,382.37890625,396.4609375,396.4609375,396.926,14.54709375,NA,1152,1152,0,0.0559999999999999,0.00500000000000012,0.0610000000000001,0.240318298339844,8.24104309082031,0.49497214281662,0.750449747015057,NA,0,1,NA,NA,NA,0,"deterministic_reference","success",NA,NA
"14_q_50__cpu_irlba_explicit__rep2","0.99.39",NA,"concurrent_numerical_reference",1,1,"/usr/lib/x86_64-linux-gnu/blas/libblas.so.3.10.0","14_q_50","one_factor","q",50,50,"regression","simpls","cpu_irlba_explicit","cpu","irlba","explicit",FALSE,"float64",2000,400,400,50,NA,30,20,1,0.152587890625,2,10014,125,32,5,NA,NA,NA,NA,NA,NA,NA,NA,NA,"fresh_per_component",1,FALSE,TRUE,NA,NA,382.296875,396.37890625,396.37890625,396.844,14.547125,NA,1152,1152,0,0.0549999999999999,0.00600000000000001,0.0609999999999999,0.240318298339844,8.24104309082031,0.49497214281662,0.750449747015057,NA,0,1,NA,NA,NA,0,"deterministic_reference","success",NA,NA
"14_q_50__cpu_irlba_explicit__rep3","0.99.39",NA,"concurrent_numerical_reference",1,1,"/usr/lib/x86_64-linux-gnu/blas/libblas.so.3.10.0","14_q_50","one_factor","q",50,50,"regression","simpls","cpu_irlba_explicit","cpu","irlba","explicit",FALSE,"float64",2000,400,400,50,NA,30,20,1,0.152587890625,3,10014,126,32,5,NA,NA,NA,NA,NA,NA,NA,NA,NA,"fresh_per_component",1,FALSE,TRUE,NA,NA,382.3046875,396.38671875,396.38671875,396.852,14.5473125,NA,1152,1152,0,0.0569999999999999,0.00600000000000001,0.0629999999999999,0.240318298339844,8.24104309082031,0.49497214281662,0.750449747015057,NA,0,1,NA,NA,NA,0,"deterministic_reference","success",NA,NA
"14_q_50__cuda_rsvd_auto__rep1","0.99.39",NA,"concurrent_numerical_reference",1,1,"/usr/lib/x86_64-linux-gnu/blas/libblas.so.3.10.0","14_q_50","one_factor","q",50,50,"regression","simpls","cuda_rsvd_auto","cuda","rsvd","auto",FALSE,"float64",2000,400,400,50,NA,30,20,1,0.152587890625,1,10014,124,NA,NA,"ordinary_fast",FALSE,NA,NA,NA,32,5,NA,NA,"fresh_oversampled_sketch_per_component",1,FALSE,TRUE,NA,NA,386.7890625,751.6640625,751.6640625,751.664,364.8749375,204,1152,1364,212,0.314,0.002,0.316,0.245712280273438,8.24104309082031,0.494972171545979,0.750449718046078,NA,1.60867343218321e-06,0.999999999998706,NA,NA,NA,2.87293586698212e-08,"within_tolerance","success",NA,NA
"14_q_50__cuda_rsvd_auto__rep2","0.99.39",NA,"concurrent_numerical_reference",1,1,"/usr/lib/x86_64-linux-gnu/blas/libblas.so.3.10.0","14_q_50","one_factor","q",50,50,"regression","simpls","cuda_rsvd_auto","cuda","rsvd","auto",FALSE,"float64",2000,400,400,50,NA,30,20,1,0.152587890625,2,10014,125,NA,NA,"ordinary_fast",FALSE,NA,NA,NA,32,5,NA,NA,"fresh_oversampled_sketch_per_component",1,FALSE,TRUE,NA,NA,386.734375,751.62109375,751.62109375,751.621,364.886625,204,1152,1364,212,0.308,0.00299999999999989,0.311,0.245712280273438,8.24104309082031,0.494972171545979,0.750449718046078,NA,1.60867343282448e-06,0.999999999998706,NA,NA,NA,2.87293585587989e-08,"within_tolerance","success",NA,NA
"14_q_50__cuda_rsvd_auto__rep3","0.99.39",NA,"concurrent_numerical_reference",1,1,"/usr/lib/x86_64-linux-gnu/blas/libblas.so.3.10.0","14_q_50","one_factor","q",50,50,"regression","simpls","cuda_rsvd_auto","cuda","rsvd","auto",FALSE,"float64",2000,400,400,50,NA,30,20,1,0.152587890625,3,10014,126,NA,NA,"ordinary_fast",FALSE,NA,NA,NA,32,5,NA,NA,"fresh_oversampled_sketch_per_component",1,FALSE,TRUE,NA,NA,386.85546875,751.125,751.125,751.125,364.26953125,204,1152,1364,212,0.316,0.002,0.318,0.245712280273438,8.24104309082031,0.494972171545979,0.750449718046078,NA,1.60867343271438e-06,0.999999999998706,NA,NA,NA,2.872935861431e-08,"within_tolerance","success",NA,NA
"15_q_100__cpu_irlba_explicit__rep1","0.99.39",NA,"concurrent_numerical_reference",1,1,"/usr/lib/x86_64-linux-gnu/blas/libblas.so.3.10.0","15_q_100","one_factor","q",100,100,"regression","simpls","cpu_irlba_explicit","cpu","irlba","explicit",FALSE,"float64",2000,400,400,100,NA,30,20,1,0.30517578125,1,10015,124,32,5,NA,NA,NA,NA,NA,NA,NA,NA,NA,"fresh_per_component",1,FALSE,TRUE,NA,NA,385.94921875,400.03125,400.03125,400.031,14.08178125,NA,1152,1152,0,0.085,0.01,0.095,0.400917053222656,9.15657043457031,0.539869967639047,0.71311861493138,NA,0,1,NA,NA,NA,0,"deterministic_reference","success",NA,NA
"15_q_100__cpu_irlba_explicit__rep2","0.99.39",NA,"concurrent_numerical_reference",1,1,"/usr/lib/x86_64-linux-gnu/blas/libblas.so.3.10.0","15_q_100","one_factor","q",100,100,"regression","simpls","cpu_irlba_explicit","cpu","irlba","explicit",FALSE,"float64",2000,400,400,100,NA,30,20,1,0.30517578125,2,10015,125,32,5,NA,NA,NA,NA,NA,NA,NA,NA,NA,"fresh_per_component",1,FALSE,TRUE,NA,NA,385.9921875,400.07421875,400.07421875,400.539,14.5468125,NA,1152,1152,0,0.089,0.0110000000000001,0.1,0.400917053222656,9.15657043457031,0.539869967639047,0.71311861493138,NA,0,1,NA,NA,NA,0,"deterministic_reference","success",NA,NA
"15_q_100__cpu_irlba_explicit__rep3","0.99.39",NA,"concurrent_numerical_reference",1,1,"/usr/lib/x86_64-linux-gnu/blas/libblas.so.3.10.0","15_q_100","one_factor","q",100,100,"regression","simpls","cpu_irlba_explicit","cpu","irlba","explicit",FALSE,"float64",2000,400,400,100,NA,30,20,1,0.30517578125,3,10015,126,32,5,NA,NA,NA,NA,NA,NA,NA,NA,NA,"fresh_per_component",1,FALSE,TRUE,NA,NA,386.09375,400.17578125,400.17578125,400.641,14.54725,NA,1152,1152,0,0.0850000000000001,0.0110000000000001,0.0960000000000002,0.400917053222656,9.15657043457031,0.539869967639047,0.71311861493138,NA,0,1,NA,NA,NA,0,"deterministic_reference","success",NA,NA
"15_q_100__cuda_rsvd_auto__rep1","0.99.39",NA,"concurrent_numerical_reference",1,1,"/usr/lib/x86_64-linux-gnu/blas/libblas.so.3.10.0","15_q_100","one_factor","q",100,100,"regression","simpls","cuda_rsvd_auto","cuda","rsvd","auto",FALSE,"float64",2000,400,400,100,NA,30,20,1,0.30517578125,1,10015,124,NA,NA,"ordinary_fast",FALSE,NA,NA,NA,32,5,NA,NA,"fresh_oversampled_sketch_per_component",1,FALSE,TRUE,NA,NA,390.42578125,752.796875,752.796875,752.918,362.49221875,204,1152,1364,212,0.315,0.002,0.317,0.40631103515625,9.15657043457031,0.539869889859221,0.713118697594184,NA,3.11925991843438e-06,0.999999999995138,NA,NA,NA,7.77798262463492e-08,"within_tolerance","success",NA,NA
"15_q_100__cuda_rsvd_auto__rep2","0.99.39",NA,"concurrent_numerical_reference",1,1,"/usr/lib/x86_64-linux-gnu/blas/libblas.so.3.10.0","15_q_100","one_factor","q",100,100,"regression","simpls","cuda_rsvd_auto","cuda","rsvd","auto",FALSE,"float64",2000,400,400,100,NA,30,20,1,0.30517578125,2,10015,125,NA,NA,"ordinary_fast",FALSE,NA,NA,NA,32,5,NA,NA,"fresh_oversampled_sketch_per_component",1,FALSE,TRUE,NA,NA,390.56640625,752.9453125,752.9453125,753.004,362.43759375,204,1152,1364,212,0.321,0.00299999999999989,0.324,0.40631103515625,9.15657043457031,0.539869889859221,0.713118697594184,NA,3.119259918086e-06,0.999999999995138,NA,NA,NA,7.77798262463492e-08,"within_tolerance","success",NA,NA
"15_q_100__cuda_rsvd_auto__rep3","0.99.39",NA,"concurrent_numerical_reference",1,1,"/usr/lib/x86_64-linux-gnu/blas/libblas.so.3.10.0","15_q_100","one_factor","q",100,100,"regression","simpls","cuda_rsvd_auto","cuda","rsvd","auto",FALSE,"float64",2000,400,400,100,NA,30,20,1,0.30517578125,3,10015,126,NA,NA,"ordinary_fast",FALSE,NA,NA,NA,32,5,NA,NA,"fresh_oversampled_sketch_per_component",1,FALSE,TRUE,NA,NA,390.48046875,752.87890625,752.87890625,752.879,362.39853125,204,1152,1364,212,0.317,0.00299999999999989,0.32,0.40631103515625,9.15657043457031,0.539869889859221,0.713118697594184,NA,3.11925991827568e-06,0.999999999995138,NA,NA,NA,7.77798262463492e-08,"within_tolerance","success",NA,NA
"16_q_250__cpu_irlba_explicit__rep1","0.99.39",NA,"concurrent_numerical_reference",1,1,"/usr/lib/x86_64-linux-gnu/blas/libblas.so.3.10.0","16_q_250","one_factor","q",250,250,"regression","simpls","cpu_irlba_explicit","cpu","irlba","explicit",FALSE,"float64",2000,400,400,250,NA,30,20,1,0.762939453125,1,10016,124,32,5,NA,NA,NA,NA,NA,NA,NA,NA,NA,"fresh_per_component",1,FALSE,TRUE,NA,NA,381.25,406.015625,406.015625,406.016,24.766,NA,1152,1152,0,0.184,0.022,0.206,0.882713317871094,11.9031524658203,0.592350572317383,0.655249751702443,NA,0,1,NA,NA,NA,0,"deterministic_reference","success",NA,NA
"16_q_250__cpu_irlba_explicit__rep2","0.99.39",NA,"concurrent_numerical_reference",1,1,"/usr/lib/x86_64-linux-gnu/blas/libblas.so.3.10.0","16_q_250","one_factor","q",250,250,"regression","simpls","cpu_irlba_explicit","cpu","irlba","explicit",FALSE,"float64",2000,400,400,250,NA,30,20,1,0.762939453125,2,10016,125,32,5,NA,NA,NA,NA,NA,NA,NA,NA,NA,"fresh_per_component",1,FALSE,TRUE,NA,NA,381.31640625,406.07421875,406.07421875,406.074,24.75759375,NA,1152,1152,0,0.195,0.022,0.217,0.882713317871094,11.9031524658203,0.592350572317383,0.655249751702443,NA,0,1,NA,NA,NA,0,"deterministic_reference","success",NA,NA
"16_q_250__cpu_irlba_explicit__rep3","0.99.39",NA,"concurrent_numerical_reference",1,1,"/usr/lib/x86_64-linux-gnu/blas/libblas.so.3.10.0","16_q_250","one_factor","q",250,250,"regression","simpls","cpu_irlba_explicit","cpu","irlba","explicit",FALSE,"float64",2000,400,400,250,NA,30,20,1,0.762939453125,3,10016,126,32,5,NA,NA,NA,NA,NA,NA,NA,NA,NA,"fresh_per_component",1,FALSE,TRUE,NA,NA,381.3203125,406.1015625,406.1015625,406.102,24.7816875,NA,1152,1152,0,0.189,0.0209999999999999,0.21,0.882713317871094,11.9031524658203,0.592350572317383,0.655249751702443,NA,0,1,NA,NA,NA,0,"deterministic_reference","success",NA,NA
"16_q_250__cuda_rsvd_auto__rep1","0.99.39",NA,"concurrent_numerical_reference",1,1,"/usr/lib/x86_64-linux-gnu/blas/libblas.so.3.10.0","16_q_250","one_factor","q",250,250,"regression","simpls","cuda_rsvd_auto","cuda","rsvd","auto",FALSE,"float64",2000,400,400,250,NA,30,20,1,0.762939453125,1,10016,124,NA,NA,"ordinary_fast",FALSE,NA,NA,NA,32,5,NA,NA,"fresh_oversampled_sketch_per_component",1,FALSE,TRUE,NA,NA,385.8125,759.58203125,759.58203125,759.582,373.7695,208,1152,1368,216,0.33,0.00300000000000011,0.333,0.888107299804688,11.9031524658203,0.592350562337608,0.655249763318976,NA,9.77128423688998e-06,0.999999999952261,NA,NA,NA,9.97977467331879e-09,"within_tolerance","success",NA,NA
"16_q_250__cuda_rsvd_auto__rep2","0.99.39",NA,"concurrent_numerical_reference",1,1,"/usr/lib/x86_64-linux-gnu/blas/libblas.so.3.10.0","16_q_250","one_factor","q",250,250,"regression","simpls","cuda_rsvd_auto","cuda","rsvd","auto",FALSE,"float64",2000,400,400,250,NA,30,20,1,0.762939453125,2,10016,125,NA,NA,"ordinary_fast",FALSE,NA,NA,NA,32,5,NA,NA,"fresh_oversampled_sketch_per_component",1,FALSE,TRUE,NA,NA,385.765625,759.53515625,759.53515625,759.535,373.769375,208,1152,1368,216,0.333,0.002,0.335,0.888107299804688,11.9031524658203,0.592350562337608,0.655249763318976,NA,9.77128423680881e-06,0.999999999952261,NA,NA,NA,9.97977467331879e-09,"within_tolerance","success",NA,NA
"16_q_250__cuda_rsvd_auto__rep3","0.99.39",NA,"concurrent_numerical_reference",1,1,"/usr/lib/x86_64-linux-gnu/blas/libblas.so.3.10.0","16_q_250","one_factor","q",250,250,"regression","simpls","cuda_rsvd_auto","cuda","rsvd","auto",FALSE,"float64",2000,400,400,250,NA,30,20,1,0.762939453125,3,10016,126,NA,NA,"ordinary_fast",FALSE,NA,NA,NA,32,5,NA,NA,"fresh_oversampled_sketch_per_component",1,FALSE,TRUE,NA,NA,385.6796875,759.4765625,759.4765625,759.477,373.7973125,208,1152,1368,216,0.329,0.00300000000000011,0.332,0.888107299804688,11.9031524658203,0.592350562337608,0.655249763318976,NA,9.77128423692578e-06,0.999999999952261,NA,NA,NA,9.97977467331879e-09,"within_tolerance","success",NA,NA
"17_q_500__cpu_irlba_explicit__rep1","0.99.39",NA,"concurrent_numerical_reference",1,1,"/usr/lib/x86_64-linux-gnu/blas/libblas.so.3.10.0","17_q_500","one_factor","q",500,500,"regression","simpls","cpu_irlba_explicit","cpu","irlba","explicit",FALSE,"float64",2000,400,400,500,NA,30,20,1,1.52587890625,1,10017,124,32,5,NA,NA,NA,NA,NA,NA,NA,NA,NA,"fresh_per_component",1,FALSE,TRUE,NA,NA,386.70703125,422.171875,422.171875,422.172,35.46496875,NA,1152,1152,0,0.341,0.0389999999999999,0.38,1.68570709228516,16.4807891845703,0.603989425983753,0.641541960099364,NA,0,1,NA,NA,NA,0,"deterministic_reference","success",NA,NA
"17_q_500__cpu_irlba_explicit__rep2","0.99.39",NA,"concurrent_numerical_reference",1,1,"/usr/lib/x86_64-linux-gnu/blas/libblas.so.3.10.0","17_q_500","one_factor","q",500,500,"regression","simpls","cpu_irlba_explicit","cpu","irlba","explicit",FALSE,"float64",2000,400,400,500,NA,30,20,1,1.52587890625,2,10017,125,32,5,NA,NA,NA,NA,NA,NA,NA,NA,NA,"fresh_per_component",1,FALSE,TRUE,NA,NA,386.6484375,422.09765625,422.09765625,422.164,35.5155625,NA,1152,1152,0,0.33,0.0429999999999999,0.373,1.68570709228516,16.4807891845703,0.603989425983753,0.641541960099364,NA,0,1,NA,NA,NA,0,"deterministic_reference","success",NA,NA
"17_q_500__cpu_irlba_explicit__rep3","0.99.39",NA,"concurrent_numerical_reference",1,1,"/usr/lib/x86_64-linux-gnu/blas/libblas.so.3.10.0","17_q_500","one_factor","q",500,500,"regression","simpls","cpu_irlba_explicit","cpu","irlba","explicit",FALSE,"float64",2000,400,400,500,NA,30,20,1,1.52587890625,3,10017,126,32,5,NA,NA,NA,NA,NA,NA,NA,NA,NA,"fresh_per_component",1,FALSE,TRUE,NA,NA,386.69140625,422.13671875,422.13671875,422.137,35.44559375,NA,1152,1152,0,0.335,0.0430000000000001,0.378,1.68570709228516,16.4807891845703,0.603989425983753,0.641541960099364,NA,0,1,NA,NA,NA,0,"deterministic_reference","success",NA,NA
"17_q_500__cuda_rsvd_auto__rep1","0.99.39",NA,"concurrent_numerical_reference",1,1,"/usr/lib/x86_64-linux-gnu/blas/libblas.so.3.10.0","17_q_500","one_factor","q",500,500,"regression","simpls","cuda_rsvd_auto","cuda","rsvd","auto",FALSE,"float64",2000,400,400,500,NA,30,20,1,1.52587890625,1,10017,124,NA,NA,"high_response_stable",FALSE,NA,NA,NA,48,6,NA,NA,"fresh_oversampled_sketch_per_component",1,FALSE,TRUE,NA,NA,391.15625,771.09375,771.09765625,771.094,379.93775,216,1152,1376,224,0.385,0.00300000000000011,0.388,1.69111633300781,16.4807891845703,0.603989770314561,0.641541551389621,NA,1.04374817488869e-05,0.999999999945571,NA,NA,NA,3.44330807533488e-07,"within_tolerance","success",NA,NA
"17_q_500__cuda_rsvd_auto__rep2","0.99.39",NA,"concurrent_numerical_reference",1,1,"/usr/lib/x86_64-linux-gnu/blas/libblas.so.3.10.0","17_q_500","one_factor","q",500,500,"regression","simpls","cuda_rsvd_auto","cuda","rsvd","auto",FALSE,"float64",2000,400,400,500,NA,30,20,1,1.52587890625,2,10017,125,NA,NA,"high_response_stable",FALSE,NA,NA,NA,48,6,NA,NA,"fresh_oversampled_sketch_per_component",1,FALSE,TRUE,NA,NA,391.2578125,771.19921875,771.19921875,771.199,379.9411875,216,1152,1376,224,0.37,0.00299999999999989,0.373,1.69111633300781,16.4807891845703,0.603989770314561,0.641541551389621,NA,1.04374817515456e-05,0.999999999945571,NA,NA,NA,3.44330807755533e-07,"within_tolerance","success",NA,NA
"17_q_500__cuda_rsvd_auto__rep3","0.99.39",NA,"concurrent_numerical_reference",1,1,"/usr/lib/x86_64-linux-gnu/blas/libblas.so.3.10.0","17_q_500","one_factor","q",500,500,"regression","simpls","cuda_rsvd_auto","cuda","rsvd","auto",FALSE,"float64",2000,400,400,500,NA,30,20,1,1.52587890625,3,10017,126,NA,NA,"high_response_stable",FALSE,NA,NA,NA,48,6,NA,NA,"fresh_oversampled_sketch_per_component",1,FALSE,TRUE,NA,NA,391.17578125,771.10546875,771.10546875,771.105,379.92921875,216,1152,1376,224,0.376,0.00299999999999989,0.379,1.69111633300781,16.4807891845703,0.603989770314561,0.641541551389621,NA,1.04374817554543e-05,0.999999999945571,NA,NA,NA,3.44330807866555e-07,"within_tolerance","success",NA,NA
"18_q_1000__cpu_irlba_explicit__rep1","0.99.39",NA,"concurrent_numerical_reference",1,1,"/usr/lib/x86_64-linux-gnu/blas/libblas.so.3.10.0","18_q_1000","one_factor","q",1000,1000,"regression","simpls","cpu_irlba_explicit","cpu","irlba","explicit",FALSE,"float64",2000,400,400,1000,NA,30,20,1,3.0517578125,1,10018,124,32,5,NA,NA,NA,NA,NA,NA,NA,NA,NA,"fresh_per_component",1,FALSE,TRUE,NA,NA,396.16796875,452.97265625,452.97265625,452.973,56.80503125,NA,1152,1152,0,0.634,0.071,0.705,3.29169464111328,25.6360626220703,0.611464928567861,0.622608747319039,NA,0,1,NA,NA,NA,0,"deterministic_reference","success",NA,NA
"18_q_1000__cpu_irlba_explicit__rep2","0.99.39",NA,"concurrent_numerical_reference",1,1,"/usr/lib/x86_64-linux-gnu/blas/libblas.so.3.10.0","18_q_1000","one_factor","q",1000,1000,"regression","simpls","cpu_irlba_explicit","cpu","irlba","explicit",FALSE,"float64",2000,400,400,1000,NA,30,20,1,3.0517578125,2,10018,125,32,5,NA,NA,NA,NA,NA,NA,NA,NA,NA,"fresh_per_component",1,FALSE,TRUE,NA,NA,396.1640625,452.96875,452.96875,452.969,56.8049375,NA,1152,1152,0,0.638,0.0700000000000001,0.708,3.29169464111328,25.6360626220703,0.611464928567861,0.622608747319039,NA,0,1,NA,NA,NA,0,"deterministic_reference","success",NA,NA
"18_q_1000__cpu_irlba_explicit__rep3","0.99.39",NA,"concurrent_numerical_reference",1,1,"/usr/lib/x86_64-linux-gnu/blas/libblas.so.3.10.0","18_q_1000","one_factor","q",1000,1000,"regression","simpls","cpu_irlba_explicit","cpu","irlba","explicit",FALSE,"float64",2000,400,400,1000,NA,30,20,1,3.0517578125,3,10018,126,32,5,NA,NA,NA,NA,NA,NA,NA,NA,NA,"fresh_per_component",1,FALSE,TRUE,NA,NA,396.14453125,452.97265625,452.97265625,452.973,56.82846875,NA,1152,1152,0,0.639,0.0740000000000001,0.713,3.29169464111328,25.6360626220703,0.611464928567861,0.622608747319039,NA,0,1,NA,NA,NA,0,"deterministic_reference","success",NA,NA
"18_q_1000__cuda_rsvd_auto__rep1","0.99.39",NA,"concurrent_numerical_reference",1,1,"/usr/lib/x86_64-linux-gnu/blas/libblas.so.3.10.0","18_q_1000","one_factor","q",1000,1000,"regression","simpls","cuda_rsvd_auto","cuda","rsvd","auto",FALSE,"float64",2000,400,400,1000,NA,30,20,1,3.0517578125,1,10018,124,NA,NA,"high_response_stable",FALSE,NA,NA,NA,48,6,NA,NA,"fresh_oversampled_sketch_per_component",1,FALSE,TRUE,NA,NA,400.62109375,792.33984375,792.34375,792.344,391.72290625,230,1152,1390,238,0.411,0.00299999999999989,0.414,3.29710388183594,25.6360626220703,0.611464872835047,0.622608816114728,NA,6.13126592085087e-06,0.99999999998121,NA,NA,NA,5.57328138084401e-08,"within_tolerance","success",NA,NA
"18_q_1000__cuda_rsvd_auto__rep2","0.99.39",NA,"concurrent_numerical_reference",1,1,"/usr/lib/x86_64-linux-gnu/blas/libblas.so.3.10.0","18_q_1000","one_factor","q",1000,1000,"regression","simpls","cuda_rsvd_auto","cuda","rsvd","auto",FALSE,"float64",2000,400,400,1000,NA,30,20,1,3.0517578125,2,10018,125,NA,NA,"high_response_stable",FALSE,NA,NA,NA,48,6,NA,NA,"fresh_oversampled_sketch_per_component",1,FALSE,TRUE,NA,NA,400.52734375,792.25390625,792.25390625,792.254,391.72665625,230,1152,1390,238,0.406,0.00499999999999989,0.411,3.29710388183594,25.6360626220703,0.611464872835047,0.622608816114728,NA,6.13126592064123e-06,0.99999999998121,NA,NA,NA,5.57328138084401e-08,"within_tolerance","success",NA,NA
"18_q_1000__cuda_rsvd_auto__rep3","0.99.39",NA,"concurrent_numerical_reference",1,1,"/usr/lib/x86_64-linux-gnu/blas/libblas.so.3.10.0","18_q_1000","one_factor","q",1000,1000,"regression","simpls","cuda_rsvd_auto","cuda","rsvd","auto",FALSE,"float64",2000,400,400,1000,NA,30,20,1,3.0517578125,3,10018,126,NA,NA,"high_response_stable",FALSE,NA,NA,NA,48,6,NA,NA,"fresh_oversampled_sketch_per_component",1,FALSE,TRUE,NA,NA,400.6171875,792.36328125,792.36328125,798.59,397.9728125,230,1152,1388,236,0.407,0.00300000000000011,0.41,3.29710388183594,25.6360626220703,0.611464872835047,0.622608816114728,NA,6.13126592075359e-06,0.99999999998121,NA,NA,NA,5.57328138084401e-08,"within_tolerance","success",NA,NA
"30_rank_5__cpu_irlba_explicit__rep1","0.99.39",NA,"concurrent_numerical_reference",1,1,"/usr/lib/x86_64-linux-gnu/blas/libblas.so.3.10.0","30_rank_5","one_factor","rank",5,5,"regression","simpls","cpu_irlba_explicit","cpu","irlba","explicit",FALSE,"float64",2000,400,400,100,NA,5,5,1,0.30517578125,1,10030,124,32,5,NA,NA,NA,NA,NA,NA,NA,NA,NA,"fresh_per_component",1,FALSE,TRUE,NA,NA,385.4296875,399.53125,399.53125,399.977,14.5473125,NA,1152,1152,0,0.053,0.0109999999999999,0.0639999999999999,0.343681335449219,9.15657043457031,0.401911414257437,0.833008679663479,NA,0,1,NA,NA,NA,0,"deterministic_reference","success",NA,NA
"30_rank_5__cpu_irlba_explicit__rep2","0.99.39",NA,"concurrent_numerical_reference",1,1,"/usr/lib/x86_64-linux-gnu/blas/libblas.so.3.10.0","30_rank_5","one_factor","rank",5,5,"regression","simpls","cpu_irlba_explicit","cpu","irlba","explicit",FALSE,"float64",2000,400,400,100,NA,5,5,1,0.30517578125,2,10030,125,32,5,NA,NA,NA,NA,NA,NA,NA,NA,NA,"fresh_per_component",1,FALSE,TRUE,NA,NA,385.3671875,399.47265625,399.47265625,399.914,14.5468125,NA,1152,1152,0,0.052,0.0109999999999999,0.0629999999999999,0.343681335449219,9.15657043457031,0.401911414257437,0.833008679663479,NA,0,1,NA,NA,NA,0,"deterministic_reference","success",NA,NA
"30_rank_5__cpu_irlba_explicit__rep3","0.99.39",NA,"concurrent_numerical_reference",1,1,"/usr/lib/x86_64-linux-gnu/blas/libblas.so.3.10.0","30_rank_5","one_factor","rank",5,5,"regression","simpls","cpu_irlba_explicit","cpu","irlba","explicit",FALSE,"float64",2000,400,400,100,NA,5,5,1,0.30517578125,3,10030,126,32,5,NA,NA,NA,NA,NA,NA,NA,NA,NA,"fresh_per_component",1,FALSE,TRUE,NA,NA,385.44140625,399.5234375,399.5234375,399.988,14.54659375,NA,1152,1152,0,0.054,0.0110000000000001,0.0650000000000002,0.343681335449219,9.15657043457031,0.401911414257437,0.833008679663479,NA,0,1,NA,NA,NA,0,"deterministic_reference","success",NA,NA
"30_rank_5__cuda_rsvd_auto__rep1","0.99.39",NA,"concurrent_numerical_reference",1,1,"/usr/lib/x86_64-linux-gnu/blas/libblas.so.3.10.0","30_rank_5","one_factor","rank",5,5,"regression","simpls","cuda_rsvd_auto","cuda","rsvd","auto",FALSE,"float64",2000,400,400,100,NA,5,5,1,0.30517578125,1,10030,124,NA,NA,"ordinary_fast",FALSE,NA,NA,NA,32,5,NA,NA,"fresh_oversampled_sketch_per_component",1,FALSE,TRUE,NA,NA,389.91796875,753.71875,755.3359375,753.719,363.80103125,204,1152,1364,212,0.265,0.00600000000000001,0.271,0.349075317382812,9.15657043457031,0.401911414257437,0.833008679663479,NA,1.84228023227354e-15,1,NA,NA,NA,5.55111512312578e-17,"within_tolerance","success",NA,NA
"30_rank_5__cuda_rsvd_auto__rep2","0.99.39",NA,"concurrent_numerical_reference",1,1,"/usr/lib/x86_64-linux-gnu/blas/libblas.so.3.10.0","30_rank_5","one_factor","rank",5,5,"regression","simpls","cuda_rsvd_auto","cuda","rsvd","auto",FALSE,"float64",2000,400,400,100,NA,5,5,1,0.30517578125,2,10030,125,NA,NA,"ordinary_fast",FALSE,NA,NA,NA,32,5,NA,NA,"fresh_oversampled_sketch_per_component",1,FALSE,TRUE,NA,NA,389.91796875,753.73828125,755.35546875,753.738,363.82003125,204,1152,1364,212,0.269,0.00600000000000001,0.275,0.349075317382812,9.15657043457031,0.401911414257437,0.833008679663479,NA,1.8306484490495e-15,1,NA,NA,NA,5.55111512312578e-17,"within_tolerance","success",NA,NA
"30_rank_5__cuda_rsvd_auto__rep3","0.99.39",NA,"concurrent_numerical_reference",1,1,"/usr/lib/x86_64-linux-gnu/blas/libblas.so.3.10.0","30_rank_5","one_factor","rank",5,5,"regression","simpls","cuda_rsvd_auto","cuda","rsvd","auto",FALSE,"float64",2000,400,400,100,NA,5,5,1,0.30517578125,3,10030,126,NA,NA,"ordinary_fast",FALSE,NA,NA,NA,32,5,NA,NA,"fresh_oversampled_sketch_per_component",1,FALSE,TRUE,NA,NA,389.91796875,753.6875,755.3046875,753.688,363.77003125,204,1152,1364,212,0.26,0.00499999999999989,0.265,0.349075317382812,9.15657043457031,0.401911414257437,0.833008679663479,NA,1.80930500115682e-15,1,NA,NA,NA,0,"within_tolerance","success",NA,NA
"31_rank_10__cpu_irlba_explicit__rep1","0.99.39",NA,"concurrent_numerical_reference",1,1,"/usr/lib/x86_64-linux-gnu/blas/libblas.so.3.10.0","31_rank_10","one_factor","rank",10,10,"regression","simpls","cpu_irlba_explicit","cpu","irlba","explicit",FALSE,"float64",2000,400,400,100,NA,10,5,1,0.30517578125,1,10031,124,32,5,NA,NA,NA,NA,NA,NA,NA,NA,NA,"fresh_per_component",1,FALSE,TRUE,NA,NA,385.44921875,399.53125,399.53125,399.996,14.54678125,NA,1152,1152,0,0.0539999999999999,0.0110000000000001,0.0650000000000001,0.343681335449219,9.15657043457031,0.692998420231016,0.534714057280239,NA,0,1,NA,NA,NA,0,"deterministic_reference","success",NA,NA
"31_rank_10__cpu_irlba_explicit__rep2","0.99.39",NA,"concurrent_numerical_reference",1,1,"/usr/lib/x86_64-linux-gnu/blas/libblas.so.3.10.0","31_rank_10","one_factor","rank",10,10,"regression","simpls","cpu_irlba_explicit","cpu","irlba","explicit",FALSE,"float64",2000,400,400,100,NA,10,5,1,0.30517578125,2,10031,125,32,5,NA,NA,NA,NA,NA,NA,NA,NA,NA,"fresh_per_component",1,FALSE,TRUE,NA,NA,385.52734375,399.609375,399.609375,400.074,14.54665625,NA,1152,1152,0,0.0549999999999999,0.01,0.0649999999999999,0.343681335449219,9.15657043457031,0.692998420231016,0.534714057280239,NA,0,1,NA,NA,NA,0,"deterministic_reference","success",NA,NA
"31_rank_10__cpu_irlba_explicit__rep3","0.99.39",NA,"concurrent_numerical_reference",1,1,"/usr/lib/x86_64-linux-gnu/blas/libblas.so.3.10.0","31_rank_10","one_factor","rank",10,10,"regression","simpls","cpu_irlba_explicit","cpu","irlba","explicit",FALSE,"float64",2000,400,400,100,NA,10,5,1,0.30517578125,3,10031,126,32,5,NA,NA,NA,NA,NA,NA,NA,NA,NA,"fresh_per_component",1,FALSE,TRUE,NA,NA,385.57421875,399.65625,399.65625,400.121,14.54678125,NA,1152,1152,0,0.0589999999999999,0.01,0.069,0.343681335449219,9.15657043457031,0.692998420231016,0.534714057280239,NA,0,1,NA,NA,NA,0,"deterministic_reference","success",NA,NA
"31_rank_10__cuda_rsvd_auto__rep1","0.99.39",NA,"concurrent_numerical_reference",1,1,"/usr/lib/x86_64-linux-gnu/blas/libblas.so.3.10.0","31_rank_10","one_factor","rank",10,10,"regression","simpls","cuda_rsvd_auto","cuda","rsvd","auto",FALSE,"float64",2000,400,400,100,NA,10,5,1,0.30517578125,1,10031,124,NA,NA,"ordinary_fast",FALSE,NA,NA,NA,32,5,NA,NA,"fresh_oversampled_sketch_per_component",1,FALSE,TRUE,NA,NA,389.9375,753.65625,755.27734375,753.656,363.7185,204,1152,1374,222,0.265,0.00600000000000001,0.271,0.349075317382812,9.15657043457031,0.692998418314787,0.534714059853389,NA,2.19830219517205e-07,0.999999999999976,NA,NA,NA,1.91622895329147e-09,"within_tolerance","success",NA,NA
"31_rank_10__cuda_rsvd_auto__rep2","0.99.39",NA,"concurrent_numerical_reference",1,1,"/usr/lib/x86_64-linux-gnu/blas/libblas.so.3.10.0","31_rank_10","one_factor","rank",10,10,"regression","simpls","cuda_rsvd_auto","cuda","rsvd","auto",FALSE,"float64",2000,400,400,100,NA,10,5,1,0.30517578125,2,10031,125,NA,NA,"ordinary_fast",FALSE,NA,NA,NA,32,5,NA,NA,"fresh_oversampled_sketch_per_component",1,FALSE,TRUE,NA,NA,389.98046875,753.69140625,755.30859375,755.309,365.32853125,204,1152,1364,212,0.278,0.00600000000000001,0.284,0.349075317382812,9.15657043457031,0.692998418314787,0.534714059853389,NA,2.19830219518437e-07,0.999999999999976,NA,NA,NA,1.91622895329147e-09,"within_tolerance","success",NA,NA
"31_rank_10__cuda_rsvd_auto__rep3","0.99.39",NA,"concurrent_numerical_reference",1,1,"/usr/lib/x86_64-linux-gnu/blas/libblas.so.3.10.0","31_rank_10","one_factor","rank",10,10,"regression","simpls","cuda_rsvd_auto","cuda","rsvd","auto",FALSE,"float64",2000,400,400,100,NA,10,5,1,0.30517578125,3,10031,126,NA,NA,"ordinary_fast",FALSE,NA,NA,NA,32,5,NA,NA,"fresh_oversampled_sketch_per_component",1,FALSE,TRUE,NA,NA,389.984375,753.68359375,755.30078125,753.684,363.699625,204,1152,1364,212,0.269,0.0069999999999999,0.276,0.349075317382812,9.15657043457031,0.692998418314787,0.534714059853389,NA,2.19830219572965e-07,0.999999999999976,NA,NA,NA,1.91622895329147e-09,"within_tolerance","success",NA,NA
"32_rank_20__cpu_irlba_explicit__rep1","0.99.39",NA,"concurrent_numerical_reference",1,1,"/usr/lib/x86_64-linux-gnu/blas/libblas.so.3.10.0","32_rank_20","one_factor","rank",20,20,"regression","simpls","cpu_irlba_explicit","cpu","irlba","explicit",FALSE,"float64",2000,400,400,100,NA,20,5,1,0.30517578125,1,10032,124,32,5,NA,NA,NA,NA,NA,NA,NA,NA,NA,"fresh_per_component",1,FALSE,TRUE,NA,NA,385.72265625,399.80859375,399.80859375,400.27,14.54734375,NA,1152,1152,0,0.0549999999999999,0.01,0.0649999999999999,0.343681335449219,9.15657043457031,0.791743068455016,0.357749137047293,NA,0,1,NA,NA,NA,0,"deterministic_reference","success",NA,NA
"32_rank_20__cpu_irlba_explicit__rep2","0.99.39",NA,"concurrent_numerical_reference",1,1,"/usr/lib/x86_64-linux-gnu/blas/libblas.so.3.10.0","32_rank_20","one_factor","rank",20,20,"regression","simpls","cpu_irlba_explicit","cpu","irlba","explicit",FALSE,"float64",2000,400,400,100,NA,20,5,1,0.30517578125,2,10032,125,32,5,NA,NA,NA,NA,NA,NA,NA,NA,NA,"fresh_per_component",1,FALSE,TRUE,NA,NA,385.82421875,399.90625,399.90625,400.371,14.54678125,NA,1152,1152,0,0.0549999999999999,0.01,0.0649999999999999,0.343681335449219,9.15657043457031,0.791743068455016,0.357749137047293,NA,0,1,NA,NA,NA,0,"deterministic_reference","success",NA,NA
"32_rank_20__cpu_irlba_explicit__rep3","0.99.39",NA,"concurrent_numerical_reference",1,1,"/usr/lib/x86_64-linux-gnu/blas/libblas.so.3.10.0","32_rank_20","one_factor","rank",20,20,"regression","simpls","cpu_irlba_explicit","cpu","irlba","explicit",FALSE,"float64",2000,400,400,100,NA,20,5,1,0.30517578125,3,10032,126,32,5,NA,NA,NA,NA,NA,NA,NA,NA,NA,"fresh_per_component",1,FALSE,TRUE,NA,NA,385.8203125,399.90625,399.90625,400.367,14.5466875,NA,1152,1152,0,0.054,0.01,0.0640000000000001,0.343681335449219,9.15657043457031,0.791743068455016,0.357749137047293,NA,0,1,NA,NA,NA,0,"deterministic_reference","success",NA,NA
"32_rank_20__cuda_rsvd_auto__rep1","0.99.39",NA,"concurrent_numerical_reference",1,1,"/usr/lib/x86_64-linux-gnu/blas/libblas.so.3.10.0","32_rank_20","one_factor","rank",20,20,"regression","simpls","cuda_rsvd_auto","cuda","rsvd","auto",FALSE,"float64",2000,400,400,100,NA,20,5,1,0.30517578125,1,10032,124,NA,NA,"ordinary_fast",FALSE,NA,NA,NA,32,5,NA,NA,"fresh_oversampled_sketch_per_component",1,FALSE,TRUE,NA,NA,390.2734375,753.69140625,755.30859375,753.691,363.4175625,204,1152,1364,212,0.264,0.00499999999999989,0.269,0.349075317382812,9.15657043457031,0.791743086192948,0.357749108269769,NA,1.39625084872931e-06,0.999999999999028,NA,NA,NA,1.77379324561855e-08,"within_tolerance","success",NA,NA
"32_rank_20__cuda_rsvd_auto__rep2","0.99.39",NA,"concurrent_numerical_reference",1,1,"/usr/lib/x86_64-linux-gnu/blas/libblas.so.3.10.0","32_rank_20","one_factor","rank",20,20,"regression","simpls","cuda_rsvd_auto","cuda","rsvd","auto",FALSE,"float64",2000,400,400,100,NA,20,5,1,0.30517578125,2,10032,125,NA,NA,"ordinary_fast",FALSE,NA,NA,NA,32,5,NA,NA,"fresh_oversampled_sketch_per_component",1,FALSE,TRUE,NA,NA,390.171875,753.578125,755.1953125,754.133,363.961125,204,1152,1364,212,0.269,0.00499999999999989,0.274,0.349075317382812,9.15657043457031,0.791743086192948,0.35774910826977,NA,1.39625084810587e-06,0.999999999999028,NA,NA,NA,1.77379323451632e-08,"within_tolerance","success",NA,NA
"32_rank_20__cuda_rsvd_auto__rep3","0.99.39",NA,"concurrent_numerical_reference",1,1,"/usr/lib/x86_64-linux-gnu/blas/libblas.so.3.10.0","32_rank_20","one_factor","rank",20,20,"regression","simpls","cuda_rsvd_auto","cuda","rsvd","auto",FALSE,"float64",2000,400,400,100,NA,20,5,1,0.30517578125,3,10032,126,NA,NA,"ordinary_fast",FALSE,NA,NA,NA,32,5,NA,NA,"fresh_oversampled_sketch_per_component",1,FALSE,TRUE,NA,NA,390.25390625,753.69140625,755.30859375,753.691,363.43709375,204,1152,1364,212,0.269,0.00499999999999989,0.274,0.349075317382812,9.15657043457031,0.791743086192948,0.35774910826977,NA,1.39625084800223e-06,0.999999999999028,NA,NA,NA,1.77379323451632e-08,"within_tolerance","success",NA,NA
"33_rank_40__cpu_irlba_explicit__rep1","0.99.39",NA,"concurrent_numerical_reference",1,1,"/usr/lib/x86_64-linux-gnu/blas/libblas.so.3.10.0","33_rank_40","one_factor","rank",40,40,"regression","simpls","cpu_irlba_explicit","cpu","irlba","explicit",FALSE,"float64",2000,400,400,100,NA,40,5,1,0.30517578125,1,10033,124,32,5,NA,NA,NA,NA,NA,NA,NA,NA,NA,"fresh_per_component",1,FALSE,TRUE,NA,NA,386.31640625,396.140625,396.140625,400.863,14.54659375,NA,1152,1152,0,0.0559999999999999,0.0110000000000001,0.0670000000000001,0.343681335449219,9.15657043457031,0.855842006598111,0.236294800299027,NA,0,1,NA,NA,NA,0,"deterministic_reference","success",NA,NA
"33_rank_40__cpu_irlba_explicit__rep2","0.99.39",NA,"concurrent_numerical_reference",1,1,"/usr/lib/x86_64-linux-gnu/blas/libblas.so.3.10.0","33_rank_40","one_factor","rank",40,40,"regression","simpls","cpu_irlba_explicit","cpu","irlba","explicit",FALSE,"float64",2000,400,400,100,NA,40,5,1,0.30517578125,2,10033,125,32,5,NA,NA,NA,NA,NA,NA,NA,NA,NA,"fresh_per_component",1,FALSE,TRUE,NA,NA,386.3046875,396.1171875,396.1171875,400.852,14.5473125,NA,1152,1152,0,0.0539999999999999,0.01,0.0639999999999999,0.343681335449219,9.15657043457031,0.855842006598111,0.236294800299027,NA,0,1,NA,NA,NA,0,"deterministic_reference","success",NA,NA
"33_rank_40__cpu_irlba_explicit__rep3","0.99.39",NA,"concurrent_numerical_reference",1,1,"/usr/lib/x86_64-linux-gnu/blas/libblas.so.3.10.0","33_rank_40","one_factor","rank",40,40,"regression","simpls","cpu_irlba_explicit","cpu","irlba","explicit",FALSE,"float64",2000,400,400,100,NA,40,5,1,0.30517578125,3,10033,126,32,5,NA,NA,NA,NA,NA,NA,NA,NA,NA,"fresh_per_component",1,FALSE,TRUE,NA,NA,386.37890625,396.21875,396.21875,400.926,14.54709375,NA,1152,1152,0,0.0599999999999999,0.0110000000000001,0.0710000000000001,0.343681335449219,9.15657043457031,0.855842006598111,0.236294800299027,NA,0,1,NA,NA,NA,0,"deterministic_reference","success",NA,NA
"33_rank_40__cuda_rsvd_auto__rep1","0.99.39",NA,"concurrent_numerical_reference",1,1,"/usr/lib/x86_64-linux-gnu/blas/libblas.so.3.10.0","33_rank_40","one_factor","rank",40,40,"regression","simpls","cuda_rsvd_auto","cuda","rsvd","auto",FALSE,"float64",2000,400,400,100,NA,40,5,1,0.30517578125,1,10033,124,NA,NA,"ordinary_fast",FALSE,NA,NA,NA,32,5,NA,NA,"fresh_oversampled_sketch_per_component",1,FALSE,TRUE,NA,NA,390.765625,752.85546875,754.47265625,752.855,362.089375,204,1152,1374,222,0.264,0.00600000000000001,0.27,0.349075317382812,9.15657043457031,0.85584207024685,0.236294686705924,NA,2.21380132797155e-05,0.999999999754944,NA,NA,NA,6.36487383909312e-08,"within_tolerance","success",NA,NA
"33_rank_40__cuda_rsvd_auto__rep2","0.99.39",NA,"concurrent_numerical_reference",1,1,"/usr/lib/x86_64-linux-gnu/blas/libblas.so.3.10.0","33_rank_40","one_factor","rank",40,40,"regression","simpls","cuda_rsvd_auto","cuda","rsvd","auto",FALSE,"float64",2000,400,400,100,NA,40,5,1,0.30517578125,2,10033,125,NA,NA,"ordinary_fast",FALSE,NA,NA,NA,32,5,NA,NA,"fresh_oversampled_sketch_per_component",1,FALSE,TRUE,NA,NA,390.7890625,752.89453125,754.51171875,752.895,362.1059375,204,1152,1364,212,0.26,0.00600000000000001,0.266,0.349075317382812,9.15657043457031,0.855842018528883,0.236294779006329,NA,1.27360242201579e-05,0.999999999918892,NA,NA,NA,1.19307714818717e-08,"within_tolerance","success",NA,NA
"33_rank_40__cuda_rsvd_auto__rep3","0.99.39",NA,"concurrent_numerical_reference",1,1,"/usr/lib/x86_64-linux-gnu/blas/libblas.so.3.10.0","33_rank_40","one_factor","rank",40,40,"regression","simpls","cuda_rsvd_auto","cuda","rsvd","auto",FALSE,"float64",2000,400,400,100,NA,40,5,1,0.30517578125,3,10033,126,NA,NA,"ordinary_fast",FALSE,NA,NA,NA,32,5,NA,NA,"fresh_oversampled_sketch_per_component",1,FALSE,TRUE,NA,NA,390.671875,752.75390625,754.37109375,752.754,362.082125,204,1152,1364,212,0.27,0.00600000000000001,0.276,0.349075317382812,9.15657043457031,0.85584202823875,0.236294761677251,NA,9.66237825492784e-06,0.999999999953332,NA,NA,NA,2.16406391695401e-08,"within_tolerance","success",NA,NA
"34_rank_80__cpu_irlba_explicit__rep1","0.99.39",NA,"concurrent_numerical_reference",1,1,"/usr/lib/x86_64-linux-gnu/blas/libblas.so.3.10.0","34_rank_80","one_factor","rank",80,80,"regression","simpls","cpu_irlba_explicit","cpu","irlba","explicit",FALSE,"float64",2000,400,400,100,NA,80,5,1,0.30517578125,1,10034,124,32,5,NA,NA,NA,NA,NA,NA,NA,NA,NA,"fresh_per_component",1,FALSE,TRUE,NA,NA,387.35546875,396.859375,396.859375,401.902,14.54653125,NA,1152,1152,0,0.0570000000000001,0.0110000000000001,0.0680000000000002,0.343681335449219,9.15657043457031,0.927778572129284,0.168456664974527,NA,0,1,NA,NA,NA,0,"deterministic_reference","success",NA,NA
"34_rank_80__cpu_irlba_explicit__rep2","0.99.39",NA,"concurrent_numerical_reference",1,1,"/usr/lib/x86_64-linux-gnu/blas/libblas.so.3.10.0","34_rank_80","one_factor","rank",80,80,"regression","simpls","cpu_irlba_explicit","cpu","irlba","explicit",FALSE,"float64",2000,400,400,100,NA,80,5,1,0.30517578125,2,10034,125,32,5,NA,NA,NA,NA,NA,NA,NA,NA,NA,"fresh_per_component",1,FALSE,TRUE,NA,NA,387.234375,396.73828125,396.73828125,401.781,14.546625,NA,1152,1152,0,0.0539999999999999,0.01,0.0639999999999999,0.343681335449219,9.15657043457031,0.927778572129284,0.168456664974527,NA,0,1,NA,NA,NA,0,"deterministic_reference","success",NA,NA
"34_rank_80__cpu_irlba_explicit__rep3","0.99.39",NA,"concurrent_numerical_reference",1,1,"/usr/lib/x86_64-linux-gnu/blas/libblas.so.3.10.0","34_rank_80","one_factor","rank",80,80,"regression","simpls","cpu_irlba_explicit","cpu","irlba","explicit",FALSE,"float64",2000,400,400,100,NA,80,5,1,0.30517578125,3,10034,126,32,5,NA,NA,NA,NA,NA,NA,NA,NA,NA,"fresh_per_component",1,FALSE,TRUE,NA,NA,387.359375,396.8828125,396.8828125,401.906,14.546625,NA,1152,1152,0,0.0549999999999999,0.0109999999999999,0.0659999999999998,0.343681335449219,9.15657043457031,0.927778572129284,0.168456664974527,NA,0,1,NA,NA,NA,0,"deterministic_reference","success",NA,NA
"34_rank_80__cuda_rsvd_auto__rep1","0.99.39",NA,"concurrent_numerical_reference",1,1,"/usr/lib/x86_64-linux-gnu/blas/libblas.so.3.10.0","34_rank_80","one_factor","rank",80,80,"regression","simpls","cuda_rsvd_auto","cuda","rsvd","auto",FALSE,"float64",2000,400,400,100,NA,80,5,1,0.30517578125,1,10034,124,NA,NA,"ordinary_fast",FALSE,NA,NA,NA,32,5,NA,NA,"fresh_oversampled_sketch_per_component",1,FALSE,TRUE,NA,NA,391.765625,754.13671875,755.75390625,754.137,362.371375,204,1152,1364,212,0.265,0.00500000000000012,0.27,0.349075317382812,9.15657043457031,0.927780402039397,0.168453384771462,NA,0.000671117040142597,0.999999774804617,NA,NA,NA,1.82991011254963e-06,"within_tolerance","success",NA,NA
"34_rank_80__cuda_rsvd_auto__rep2","0.99.39",NA,"concurrent_numerical_reference",1,1,"/usr/lib/x86_64-linux-gnu/blas/libblas.so.3.10.0","34_rank_80","one_factor","rank",80,80,"regression","simpls","cuda_rsvd_auto","cuda","rsvd","auto",FALSE,"float64",2000,400,400,100,NA,80,5,1,0.30517578125,2,10034,125,NA,NA,"ordinary_fast",FALSE,NA,NA,NA,32,5,NA,NA,"fresh_oversampled_sketch_per_component",1,FALSE,TRUE,NA,NA,391.765625,753.45703125,755.078125,755.383,363.617375,204,1152,1364,212,0.276,0.00499999999999989,0.281,0.349075317382812,9.15657043457031,0.927775346968587,0.168462446216521,NA,0.000694359013187674,0.999999758990268,NA,NA,NA,3.22516069750645e-06,"within_tolerance","success",NA,NA
"34_rank_80__cuda_rsvd_auto__rep3","0.99.39",NA,"concurrent_numerical_reference",1,1,"/usr/lib/x86_64-linux-gnu/blas/libblas.so.3.10.0","34_rank_80","one_factor","rank",80,80,"regression","simpls","cuda_rsvd_auto","cuda","rsvd","auto",FALSE,"float64",2000,400,400,100,NA,80,5,1,0.30517578125,3,10034,126,NA,NA,"ordinary_fast",FALSE,NA,NA,NA,32,5,NA,NA,"fresh_oversampled_sketch_per_component",1,FALSE,TRUE,NA,NA,391.75,754.0859375,755.703125,754.086,362.336,204,1152,1364,212,0.272,0.00499999999999989,0.277,0.349075317382812,9.15657043457031,0.927776695378075,0.168460029135821,NA,0.000500125628458881,0.999999875013885,NA,NA,NA,1.87675120888464e-06,"within_tolerance","success",NA,NA
