"run_id","experiment","dataset","task_type","method","backend_requested","backend_reported","prediction_backend","svd_method","classifier","precision","ncomp","n_train","n_test","p","q","seed","replicate","requested_oversample","requested_power","control_profile","oversample","power","direction_rule","directions_per_solve","refresh_width","refresh_iterations","fresh_start","kernel","north","fit_sec","prediction_sec","total_sec","baseline_rss_mb","rss_after_fit_mb","rss_after_prediction_mb","peak_rss_mb","incremental_peak_rss_mb","metric_name","metric_value","accuracy","q2","rmsd","prediction_checksum","prediction_length","status","warnings","error","package_version"
"selected_backend__cbmc_citeseq__plssvd__cpu__r1","selected_component_backend_panel","cbmc_citeseq","regression","plssvd","cpu","cpu","cpu_flash","rsvd","argmax","float64",10,7755,862,1000,10,1001,1,NA,NA,"not_applicable",32,5,NA,NA,NA,NA,NA,"linear",1,0.131,0.01,0.141,452.91796875,456.1796875,456.1796875,524.02734375,71.109375,"rmsd",1096.50042330597,NA,0.470082959556193,1096.50042330597,2368212056.6836,8620,"success","","","0.99.39"
"selected_backend__cbmc_citeseq__plssvd__cpu__r2","selected_component_backend_panel","cbmc_citeseq","regression","plssvd","cpu","cpu","cpu_flash","rsvd","argmax","float64",10,7755,862,1000,10,1002,2,NA,NA,"not_applicable",32,5,NA,NA,NA,NA,NA,"linear",1,0.131,0.0089999999999999,0.14,452.81640625,456.17578125,456.17578125,524.02734375,71.2109375,"rmsd",1096.50042330597,NA,0.470082959556193,1096.50042330597,2368212056.6836,8620,"success","","","0.99.39"
"selected_backend__cbmc_citeseq__plssvd__cpu__r3","selected_component_backend_panel","cbmc_citeseq","regression","plssvd","cpu","cpu","cpu_flash","rsvd","argmax","float64",10,7755,862,1000,10,1003,3,NA,NA,"not_applicable",32,5,NA,NA,NA,NA,NA,"linear",1,0.133,0.01,0.143,452.8203125,456.19921875,456.19921875,523.7578125,70.9375,"rmsd",1096.50042330597,NA,0.470082959556193,1096.50042330597,2368212056.6836,8620,"success","","","0.99.39"
"selected_backend__cbmc_citeseq__plssvd__cuda__r1","selected_component_backend_panel","cbmc_citeseq","regression","plssvd","cuda","cuda","cuda_flash","rsvd","argmax","float64",10,7755,862,1000,10,1001,1,NA,NA,"not_applicable",32,5,NA,NA,NA,NA,NA,"linear",1,0.417,0.00800000000000001,0.425,452.76171875,787.19140625,788.59765625,856.71484375,403.953125,"rmsd",1096.50042330599,NA,0.470082959556182,1096.50042330599,2368212056.68361,8620,"success","","","0.99.39"
"selected_backend__cbmc_citeseq__plssvd__cuda__r2","selected_component_backend_panel","cbmc_citeseq","regression","plssvd","cuda","cuda","cuda_flash","rsvd","argmax","float64",10,7755,862,1000,10,1002,2,NA,NA,"not_applicable",32,5,NA,NA,NA,NA,NA,"linear",1,0.313,0.00800000000000001,0.321,452.8359375,786.6640625,788.07421875,856.328125,403.4921875,"rmsd",1096.50042330598,NA,0.470082959556184,1096.50042330598,2368212056.68361,8620,"success","","","0.99.39"
"selected_backend__cbmc_citeseq__plssvd__cuda__r3","selected_component_backend_panel","cbmc_citeseq","regression","plssvd","cuda","cuda","cuda_flash","rsvd","argmax","float64",10,7755,862,1000,10,1003,3,NA,NA,"not_applicable",32,5,NA,NA,NA,NA,NA,"linear",1,0.314,0.00800000000000001,0.322,452.765625,786.8984375,788.359375,856.5390625,403.7734375,"rmsd",1096.50042330598,NA,0.470082959556189,1096.50042330598,2368212056.68361,8620,"success","","","0.99.39"
"selected_backend__cbmc_citeseq__simpls__cpu__r1","selected_component_backend_panel","cbmc_citeseq","regression","simpls","cpu","cpu","cpu_flash","rsvd","argmax","float64",49,7755,862,1000,10,1001,1,NA,NA,"ordinary_fast",32,5,"fresh_oversampled_sketch_per_component",1,NA,NA,TRUE,"linear",1,0.608,0.01,0.618,452.74609375,455.7734375,455.7734375,573.0078125,120.26171875,"rmsd",1050.86326615961,NA,0.513276068667307,1050.86326615961,2377403560.98692,8620,"success","","","0.99.39"
"selected_backend__cbmc_citeseq__simpls__cpu__r2","selected_component_backend_panel","cbmc_citeseq","regression","simpls","cpu","cpu","cpu_flash","rsvd","argmax","float64",49,7755,862,1000,10,1002,2,NA,NA,"ordinary_fast",32,5,"fresh_oversampled_sketch_per_component",1,NA,NA,TRUE,"linear",1,0.6,0.00900000000000012,0.609,452.84765625,455.8984375,455.8984375,573.53125,120.68359375,"rmsd",1050.8632661615,NA,0.513276068665562,1050.8632661615,2377403560.98502,8620,"success","","","0.99.39"
"selected_backend__cbmc_citeseq__simpls__cpu__r3","selected_component_backend_panel","cbmc_citeseq","regression","simpls","cpu","cpu","cpu_flash","rsvd","argmax","float64",49,7755,862,1000,10,1003,3,NA,NA,"ordinary_fast",32,5,"fresh_oversampled_sketch_per_component",1,NA,NA,TRUE,"linear",1,0.599,0.00900000000000012,0.608,452.8359375,455.90625,455.90625,573.22265625,120.38671875,"rmsd",1050.86326616939,NA,0.513276068658251,1050.86326616939,2377403560.97963,8620,"success","","","0.99.39"
"selected_backend__cbmc_citeseq__simpls__cuda__r1","selected_component_backend_panel","cbmc_citeseq","regression","simpls","cuda","cuda","cuda_flash","rsvd","argmax","float64",49,7755,862,1000,10,1001,1,NA,NA,"ordinary_fast",32,5,"fresh_oversampled_sketch_per_component",1,NA,NA,TRUE,"linear",1,0.612,0.00800000000000001,0.62,452.8125,790.13671875,791.16015625,859.44140625,406.62890625,"rmsd",1050.86326613946,NA,0.513276068685973,1050.86326613946,2377403561.00128,8620,"success","","","0.99.39"
"selected_backend__cbmc_citeseq__simpls__cuda__r2","selected_component_backend_panel","cbmc_citeseq","regression","simpls","cuda","cuda","cuda_flash","rsvd","argmax","float64",49,7755,862,1000,10,1002,2,NA,NA,"ordinary_fast",32,5,"fresh_oversampled_sketch_per_component",1,NA,NA,TRUE,"linear",1,0.502,0.00800000000000001,0.51,452.83984375,791.62109375,792.63671875,861.203125,408.36328125,"rmsd",1050.86326613891,NA,0.513276068686482,1050.86326613891,2377403561.00158,8620,"success","","","0.99.39"
"selected_backend__cbmc_citeseq__simpls__cuda__r3","selected_component_backend_panel","cbmc_citeseq","regression","simpls","cuda","cuda","cuda_flash","rsvd","argmax","float64",49,7755,862,1000,10,1003,3,NA,NA,"ordinary_fast",32,5,"fresh_oversampled_sketch_per_component",1,NA,NA,TRUE,"linear",1,0.499,0.00800000000000001,0.507,452.828125,790.75390625,791.78125,860.28125,407.453125,"rmsd",1050.86326615469,NA,0.513276068671871,1050.86326615469,2377403560.99018,8620,"success","","","0.99.39"
"selected_backend__cbmc_citeseq__opls__cpu__r1","selected_component_backend_panel","cbmc_citeseq","regression","opls","cpu","cpu",NA,"rsvd","argmax","float64",48,7755,862,1000,10,1001,1,NA,NA,"ordinary_fast",32,5,"fresh_oversampled_sketch_per_component",1,NA,NA,TRUE,"linear",1,0.703,0.0150000000000001,0.718,452.8984375,515.1953125,469.18359375,632.4921875,179.59375,"rmsd",1051.00988213537,NA,0.513140244179811,1051.00988213537,2377795338.14437,8620,"success","","","0.99.39"
"selected_backend__cbmc_citeseq__opls__cpu__r2","selected_component_backend_panel","cbmc_citeseq","regression","opls","cpu","cpu",NA,"rsvd","argmax","float64",48,7755,862,1000,10,1002,2,NA,NA,"ordinary_fast",32,5,"fresh_oversampled_sketch_per_component",1,NA,NA,TRUE,"linear",1,0.701,0.0149999999999999,0.716,452.79296875,515.1484375,469.13671875,632.6640625,179.87109375,"rmsd",1051.0098821432,NA,0.513140244172554,1051.0098821432,2377795338.13971,8620,"success","","","0.99.39"
"selected_backend__cbmc_citeseq__opls__cpu__r3","selected_component_backend_panel","cbmc_citeseq","regression","opls","cpu","cpu",NA,"rsvd","argmax","float64",48,7755,862,1000,10,1003,3,NA,NA,"ordinary_fast",32,5,"fresh_oversampled_sketch_per_component",1,NA,NA,TRUE,"linear",1,0.701,0.0150000000000001,0.716,452.79296875,515.22265625,469.2109375,633.01953125,180.2265625,"rmsd",1051.00988214273,NA,0.513140244172986,1051.00988214273,2377795338.14017,8620,"success","","","0.99.39"
"selected_backend__cbmc_citeseq__opls__cuda__r1","selected_component_backend_panel","cbmc_citeseq","regression","opls","cuda","cuda",NA,"rsvd","argmax","float64",48,7755,862,1000,10,1001,1,NA,NA,"ordinary_fast",32,5,"fresh_oversampled_sketch_per_component",1,NA,NA,TRUE,"linear",1,0.718,0.014,0.732,452.83984375,851.35546875,806.25390625,909.1796875,456.33984375,"rmsd",1051.00988209316,NA,0.51314024421891,1051.00988209316,2377795338.17069,8620,"success","","","0.99.39"
"selected_backend__cbmc_citeseq__opls__cuda__r2","selected_component_backend_panel","cbmc_citeseq","regression","opls","cuda","cuda",NA,"rsvd","argmax","float64",48,7755,862,1000,10,1002,2,NA,NA,"ordinary_fast",32,5,"fresh_oversampled_sketch_per_component",1,NA,NA,TRUE,"linear",1,0.623,0.014,0.637,452.7578125,851.16796875,806.0703125,909.34375,456.5859375,"rmsd",1051.00988209333,NA,0.51314024421876,1051.00988209333,2377795338.17053,8620,"success","","","0.99.39"
"selected_backend__cbmc_citeseq__opls__cuda__r3","selected_component_backend_panel","cbmc_citeseq","regression","opls","cuda","cuda",NA,"rsvd","argmax","float64",48,7755,862,1000,10,1003,3,NA,NA,"ordinary_fast",32,5,"fresh_oversampled_sketch_per_component",1,NA,NA,TRUE,"linear",1,0.624,0.0139999999999998,0.638,452.8046875,850.9609375,805.86328125,909.015625,456.2109375,"rmsd",1051.00988209628,NA,0.513140244216024,1051.00988209628,2377795338.16883,8620,"success","","","0.99.39"
"selected_backend__cbmc_citeseq__kernelpls__cpu__r1","selected_component_backend_panel","cbmc_citeseq","regression","kernelpls","cpu","cpu","cpu_flash","rsvd","argmax","float64",49,7755,862,1000,10,1001,1,NA,NA,"ordinary_fast",32,5,"fresh_oversampled_sketch_per_component",1,NA,NA,TRUE,"linear",1,0.604,0.0089999999999999,0.613,452.8828125,455.91796875,455.91796875,573.51953125,120.63671875,"rmsd",1050.86326615961,NA,0.513276068667307,1050.86326615961,2377403560.98692,8620,"success","","","0.99.39"
"selected_backend__cbmc_citeseq__kernelpls__cpu__r2","selected_component_backend_panel","cbmc_citeseq","regression","kernelpls","cpu","cpu","cpu_flash","rsvd","argmax","float64",49,7755,862,1000,10,1002,2,NA,NA,"ordinary_fast",32,5,"fresh_oversampled_sketch_per_component",1,NA,NA,TRUE,"linear",1,0.605,0.00900000000000012,0.614,452.890625,455.921875,455.921875,573.56640625,120.67578125,"rmsd",1050.8632661615,NA,0.513276068665562,1050.8632661615,2377403560.98502,8620,"success","","","0.99.39"
"selected_backend__cbmc_citeseq__kernelpls__cpu__r3","selected_component_backend_panel","cbmc_citeseq","regression","kernelpls","cpu","cpu","cpu_flash","rsvd","argmax","float64",49,7755,862,1000,10,1003,3,NA,NA,"ordinary_fast",32,5,"fresh_oversampled_sketch_per_component",1,NA,NA,TRUE,"linear",1,0.604,0.0089999999999999,0.613,452.84765625,455.875,455.875,573.42578125,120.578125,"rmsd",1050.86326616939,NA,0.513276068658251,1050.86326616939,2377403560.97963,8620,"success","","","0.99.39"
"selected_backend__cbmc_citeseq__kernelpls__cuda__r1","selected_component_backend_panel","cbmc_citeseq","regression","kernelpls","cuda","cuda","cuda_flash","rsvd","argmax","float64",49,7755,862,1000,10,1001,1,NA,NA,"ordinary_fast",32,5,"fresh_oversampled_sketch_per_component",1,NA,NA,TRUE,"linear",1,0.615,0.00800000000000001,0.623,452.73046875,790.9609375,792.03515625,860.60546875,407.875,"rmsd",1050.86326613946,NA,0.513276068685973,1050.86326613946,2377403561.00128,8620,"success","","","0.99.39"
"selected_backend__cbmc_citeseq__kernelpls__cuda__r2","selected_component_backend_panel","cbmc_citeseq","regression","kernelpls","cuda","cuda","cuda_flash","rsvd","argmax","float64",49,7755,862,1000,10,1002,2,NA,NA,"ordinary_fast",32,5,"fresh_oversampled_sketch_per_component",1,NA,NA,TRUE,"linear",1,0.501,0.00800000000000001,0.509,452.8359375,790.25,791.3359375,859.42578125,406.58984375,"rmsd",1050.86326613891,NA,0.513276068686482,1050.86326613891,2377403561.00158,8620,"success","","","0.99.39"
"selected_backend__cbmc_citeseq__kernelpls__cuda__r3","selected_component_backend_panel","cbmc_citeseq","regression","kernelpls","cuda","cuda","cuda_flash","rsvd","argmax","float64",49,7755,862,1000,10,1003,3,NA,NA,"ordinary_fast",32,5,"fresh_oversampled_sketch_per_component",1,NA,NA,TRUE,"linear",1,0.498,0.00900000000000012,0.507,452.79296875,790.3046875,791.37890625,860.1953125,407.40234375,"rmsd",1050.86326615469,NA,0.513276068671871,1050.86326615469,2377403560.99018,8620,"success","","","0.99.39"
"selected_backend__ccle__plssvd__cpu__r1","selected_component_backend_panel","ccle","classification","plssvd","cpu","cpu","cpu_flash","rsvd","argmax","float64",17,547,71,1000,18,1001,1,NA,NA,"not_applicable",32,5,NA,NA,NA,NA,NA,"linear",1,0.019,0.003,0.022,393.2265625,395.3359375,395.3984375,462.953125,69.7265625,"accuracy",0.647887323943662,0.647887323943662,0.395903154394287,NA,24516,71,"success","","","0.99.39"
"selected_backend__ccle__plssvd__cpu__r2","selected_component_backend_panel","ccle","classification","plssvd","cpu","cpu","cpu_flash","rsvd","argmax","float64",17,547,71,1000,18,1002,2,NA,NA,"not_applicable",32,5,NA,NA,NA,NA,NA,"linear",1,0.02,0.003,0.023,393.16796875,395.33984375,395.40234375,462.91796875,69.75,"accuracy",0.647887323943662,0.647887323943662,0.395903154394287,NA,24516,71,"success","","","0.99.39"
"selected_backend__ccle__plssvd__cpu__r3","selected_component_backend_panel","ccle","classification","plssvd","cpu","cpu","cpu_flash","rsvd","argmax","float64",17,547,71,1000,18,1003,3,NA,NA,"not_applicable",32,5,NA,NA,NA,NA,NA,"linear",1,0.018,0.004,0.022,393.04296875,395.21484375,395.27734375,462.87109375,69.828125,"accuracy",0.647887323943662,0.647887323943662,0.395903154394287,NA,24516,71,"success","","","0.99.39"
"selected_backend__ccle__plssvd__cuda__r1","selected_component_backend_panel","ccle","classification","plssvd","cuda","cuda","cuda_flash","rsvd","argmax","float64",17,547,71,1000,18,1001,1,NA,NA,"not_applicable",32,5,NA,NA,NA,NA,NA,"linear",1,0.331,0.00500000000000012,0.336,393.08984375,742.1875,742.91796875,810.50390625,417.4140625,"accuracy",0.647887323943662,0.647887323943662,0.395903154394287,NA,24516,71,"success","","","0.99.39"
"selected_backend__ccle__plssvd__cuda__r2","selected_component_backend_panel","ccle","classification","plssvd","cuda","cuda","cuda_flash","rsvd","argmax","float64",17,547,71,1000,18,1002,2,NA,NA,"not_applicable",32,5,NA,NA,NA,NA,NA,"linear",1,0.275,0.00499999999999989,0.28,393.1171875,742.2265625,742.953125,810.546875,417.4296875,"accuracy",0.647887323943662,0.647887323943662,0.395903154394287,NA,24516,71,"success","","","0.99.39"
"selected_backend__ccle__plssvd__cuda__r3","selected_component_backend_panel","ccle","classification","plssvd","cuda","cuda","cuda_flash","rsvd","argmax","float64",17,547,71,1000,18,1003,3,NA,NA,"not_applicable",32,5,NA,NA,NA,NA,NA,"linear",1,0.274,0.004,0.278,393.1015625,742.1328125,742.86328125,810.42578125,417.32421875,"accuracy",0.647887323943662,0.647887323943662,0.395903154394287,NA,24516,71,"success","","","0.99.39"
"selected_backend__ccle__simpls__cpu__r1","selected_component_backend_panel","ccle","classification","simpls","cpu","cpu","cpu_flash","rsvd","argmax","float64",26,547,71,1000,18,1001,1,NA,NA,"ordinary_fast",32,5,"fresh_oversampled_sketch_per_component",1,NA,NA,TRUE,"linear",1,0.12,0.004,0.124,393.1484375,395.05859375,395.12109375,462.71875,69.5703125,"accuracy",0.71830985915493,0.71830985915493,0.404626414454984,NA,23556,71,"success","","","0.99.39"
"selected_backend__ccle__simpls__cpu__r2","selected_component_backend_panel","ccle","classification","simpls","cpu","cpu","cpu_flash","rsvd","argmax","float64",26,547,71,1000,18,1002,2,NA,NA,"ordinary_fast",32,5,"fresh_oversampled_sketch_per_component",1,NA,NA,TRUE,"linear",1,0.119,0.004,0.123,393.15234375,395.05859375,395.12109375,463.14453125,69.9921875,"accuracy",0.71830985915493,0.71830985915493,0.404626414454984,NA,23556,71,"success","","","0.99.39"
"selected_backend__ccle__simpls__cpu__r3","selected_component_backend_panel","ccle","classification","simpls","cpu","cpu","cpu_flash","rsvd","argmax","float64",26,547,71,1000,18,1003,3,NA,NA,"ordinary_fast",32,5,"fresh_oversampled_sketch_per_component",1,NA,NA,TRUE,"linear",1,0.12,0.004,0.124,393.16015625,395.05859375,395.12109375,462.4609375,69.30078125,"accuracy",0.71830985915493,0.71830985915493,0.404626414454983,NA,23556,71,"success","","","0.99.39"
"selected_backend__ccle__simpls__cuda__r1","selected_component_backend_panel","ccle","classification","simpls","cuda","cuda","cuda_flash","rsvd","argmax","float64",26,547,71,1000,18,1001,1,NA,NA,"ordinary_fast",32,5,"fresh_oversampled_sketch_per_component",1,NA,NA,TRUE,"linear",1,0.394,0.004,0.398,393.17578125,746.48046875,747.0859375,814.8125,421.63671875,"accuracy",0.71830985915493,0.71830985915493,0.404626414454983,NA,23556,71,"success","","","0.99.39"
"selected_backend__ccle__simpls__cuda__r2","selected_component_backend_panel","ccle","classification","simpls","cuda","cuda","cuda_flash","rsvd","argmax","float64",26,547,71,1000,18,1002,2,NA,NA,"ordinary_fast",32,5,"fresh_oversampled_sketch_per_component",1,NA,NA,TRUE,"linear",1,0.336,0.004,0.34,393.08984375,747.0078125,747.61328125,814.75390625,421.6640625,"accuracy",0.71830985915493,0.71830985915493,0.404626414454982,NA,23556,71,"success","","","0.99.39"
"selected_backend__ccle__simpls__cuda__r3","selected_component_backend_panel","ccle","classification","simpls","cuda","cuda","cuda_flash","rsvd","argmax","float64",26,547,71,1000,18,1003,3,NA,NA,"ordinary_fast",32,5,"fresh_oversampled_sketch_per_component",1,NA,NA,TRUE,"linear",1,0.335,0.004,0.339,393.0703125,746.45703125,747.0625,814.6015625,421.53125,"accuracy",0.71830985915493,0.71830985915493,0.404626414454983,NA,23556,71,"success","","","0.99.39"
"selected_backend__ccle__opls__cpu__r1","selected_component_backend_panel","ccle","classification","opls","cpu","cpu",NA,"rsvd","argmax","float64",25,547,71,1000,18,1001,1,NA,NA,"ordinary_fast",32,5,"fresh_oversampled_sketch_per_component",1,NA,NA,TRUE,"linear",1,0.126,0.00399999999999978,0.13,393.16015625,407.7890625,403.67578125,471.578125,78.41796875,"accuracy",0.676056338028169,0.676056338028169,0.382902066511397,NA,23468,71,"success","","","0.99.39"
"selected_backend__ccle__opls__cpu__r2","selected_component_backend_panel","ccle","classification","opls","cpu","cpu",NA,"rsvd","argmax","float64",25,547,71,1000,18,1002,2,NA,NA,"ordinary_fast",32,5,"fresh_oversampled_sketch_per_component",1,NA,NA,TRUE,"linear",1,0.126,0.004,0.13,393.19140625,407.8046875,403.69140625,471.2421875,78.05078125,"accuracy",0.676056338028169,0.676056338028169,0.382902066511396,NA,23468,71,"success","","","0.99.39"
"selected_backend__ccle__opls__cpu__r3","selected_component_backend_panel","ccle","classification","opls","cpu","cpu",NA,"rsvd","argmax","float64",25,547,71,1000,18,1003,3,NA,NA,"ordinary_fast",32,5,"fresh_oversampled_sketch_per_component",1,NA,NA,TRUE,"linear",1,0.126,0.004,0.13,393.140625,407.75390625,403.640625,471.41015625,78.26953125,"accuracy",0.676056338028169,0.676056338028169,0.382902066511397,NA,23468,71,"success","","","0.99.39"
"selected_backend__ccle__opls__cuda__r1","selected_component_backend_panel","ccle","classification","opls","cuda","cuda",NA,"rsvd","argmax","float64",25,547,71,1000,18,1001,1,NA,NA,"ordinary_fast",32,5,"fresh_oversampled_sketch_per_component",1,NA,NA,TRUE,"linear",1,0.385,0.00499999999999989,0.39,393.2109375,757.23046875,753.1171875,819.734375,426.5234375,"accuracy",0.676056338028169,0.676056338028169,0.382902066511393,NA,23468,71,"success","","","0.99.39"
"selected_backend__ccle__opls__cuda__r2","selected_component_backend_panel","ccle","classification","opls","cuda","cuda",NA,"rsvd","argmax","float64",25,547,71,1000,18,1002,2,NA,NA,"ordinary_fast",32,5,"fresh_oversampled_sketch_per_component",1,NA,NA,TRUE,"linear",1,0.337,0.004,0.341,393.15625,755.5859375,751.47265625,819.171875,426.015625,"accuracy",0.676056338028169,0.676056338028169,0.382902066511393,NA,23468,71,"success","","","0.99.39"
"selected_backend__ccle__opls__cuda__r3","selected_component_backend_panel","ccle","classification","opls","cuda","cuda",NA,"rsvd","argmax","float64",25,547,71,1000,18,1003,3,NA,NA,"ordinary_fast",32,5,"fresh_oversampled_sketch_per_component",1,NA,NA,TRUE,"linear",1,0.337,0.004,0.341,393.17578125,757.09765625,752.984375,820.2109375,427.03515625,"accuracy",0.676056338028169,0.676056338028169,0.382902066511393,NA,23468,71,"success","","","0.99.39"
"selected_backend__ccle__kernelpls__cpu__r1","selected_component_backend_panel","ccle","classification","kernelpls","cpu","cpu","cpu_flash","rsvd","argmax","float64",26,547,71,1000,18,1001,1,NA,NA,"ordinary_fast",32,5,"fresh_oversampled_sketch_per_component",1,NA,NA,TRUE,"linear",1,0.122,0.004,0.126,393.21484375,395.07421875,395.13671875,462.94921875,69.734375,"accuracy",0.71830985915493,0.71830985915493,0.404626414454984,NA,23556,71,"success","","","0.99.39"
"selected_backend__ccle__kernelpls__cpu__r2","selected_component_backend_panel","ccle","classification","kernelpls","cpu","cpu","cpu_flash","rsvd","argmax","float64",26,547,71,1000,18,1002,2,NA,NA,"ordinary_fast",32,5,"fresh_oversampled_sketch_per_component",1,NA,NA,TRUE,"linear",1,0.122,0.004,0.126,393.15625,395.05078125,395.11328125,462.75390625,69.59765625,"accuracy",0.71830985915493,0.71830985915493,0.404626414454984,NA,23556,71,"success","","","0.99.39"
"selected_backend__ccle__kernelpls__cpu__r3","selected_component_backend_panel","ccle","classification","kernelpls","cpu","cpu","cpu_flash","rsvd","argmax","float64",26,547,71,1000,18,1003,3,NA,NA,"ordinary_fast",32,5,"fresh_oversampled_sketch_per_component",1,NA,NA,TRUE,"linear",1,0.125,0.004,0.129,393.1015625,395.06640625,395.12890625,462.71875,69.6171875,"accuracy",0.71830985915493,0.71830985915493,0.404626414454983,NA,23556,71,"success","","","0.99.39"
"selected_backend__ccle__kernelpls__cuda__r1","selected_component_backend_panel","ccle","classification","kernelpls","cuda","cuda","cuda_flash","rsvd","argmax","float64",26,547,71,1000,18,1001,1,NA,NA,"ordinary_fast",32,5,"fresh_oversampled_sketch_per_component",1,NA,NA,TRUE,"linear",1,0.39,0.004,0.394,393.20703125,746.734375,747.33984375,814.484375,421.27734375,"accuracy",0.71830985915493,0.71830985915493,0.404626414454983,NA,23556,71,"success","","","0.99.39"
"selected_backend__ccle__kernelpls__cuda__r2","selected_component_backend_panel","ccle","classification","kernelpls","cuda","cuda","cuda_flash","rsvd","argmax","float64",26,547,71,1000,18,1002,2,NA,NA,"ordinary_fast",32,5,"fresh_oversampled_sketch_per_component",1,NA,NA,TRUE,"linear",1,0.336,0.004,0.34,393.14453125,747.59765625,748.203125,815.85546875,422.7109375,"accuracy",0.71830985915493,0.71830985915493,0.404626414454982,NA,23556,71,"success","","","0.99.39"
"selected_backend__ccle__kernelpls__cuda__r3","selected_component_backend_panel","ccle","classification","kernelpls","cuda","cuda","cuda_flash","rsvd","argmax","float64",26,547,71,1000,18,1003,3,NA,NA,"ordinary_fast",32,5,"fresh_oversampled_sketch_per_component",1,NA,NA,TRUE,"linear",1,0.337,0.004,0.341,393.078125,746.48046875,747.08984375,814.203125,421.125,"accuracy",0.71830985915493,0.71830985915493,0.404626414454983,NA,23556,71,"success","","","0.99.39"
"selected_backend__cifar100__plssvd__cpu__r1","selected_component_backend_panel","cifar100","classification","plssvd","cpu","cpu","cpu_flash","rsvd","argmax","float64",99,50000,10000,768,100,1001,1,NA,NA,"not_applicable",32,5,NA,NA,NA,NA,NA,"linear",1,5.126,0.542,5.668,738.58203125,820.6953125,858.91015625,1226.66796875,488.0859375,"accuracy",0.874,0.874,0.55353771437937,NA,258916663,10000,"success","","","0.99.39"
"selected_backend__cifar100__plssvd__cpu__r2","selected_component_backend_panel","cifar100","classification","plssvd","cpu","cpu","cpu_flash","rsvd","argmax","float64",99,50000,10000,768,100,1002,2,NA,NA,"not_applicable",32,5,NA,NA,NA,NA,NA,"linear",1,4.955,0.519,5.474,738.59375,820.70703125,858.921875,1226.328125,487.734375,"accuracy",0.874,0.874,0.55353771437937,NA,258916663,10000,"success","","","0.99.39"
"selected_backend__cifar100__plssvd__cpu__r3","selected_component_backend_panel","cifar100","classification","plssvd","cpu","cpu","cpu_flash","rsvd","argmax","float64",99,50000,10000,768,100,1003,3,NA,NA,"not_applicable",32,5,NA,NA,NA,NA,NA,"linear",1,4.991,0.537,5.528,738.62109375,820.7890625,859.00390625,1226.36328125,487.7421875,"accuracy",0.874,0.874,0.55353771437937,NA,258916663,10000,"success","","","0.99.39"
"selected_backend__cifar100__plssvd__cuda__r1","selected_component_backend_panel","cifar100","classification","plssvd","cuda","cuda","cuda_flash","rsvd","argmax","float64",99,50000,10000,768,100,1001,1,NA,NA,"not_applicable",32,5,NA,NA,NA,NA,NA,"linear",1,0.712,0.0980000000000001,0.81,738.73046875,1144.7421875,1183.078125,1509.66796875,770.9375,"accuracy",0.874,0.874,0.55353771437937,NA,258916663,10000,"success","","","0.99.39"
"selected_backend__cifar100__plssvd__cuda__r2","selected_component_backend_panel","cifar100","classification","plssvd","cuda","cuda","cuda_flash","rsvd","argmax","float64",99,50000,10000,768,100,1002,2,NA,NA,"not_applicable",32,5,NA,NA,NA,NA,NA,"linear",1,0.623,0.0980000000000001,0.721,738.70703125,1145.3828125,1183.71875,1510.62890625,771.921875,"accuracy",0.874,0.874,0.55353771437937,NA,258916663,10000,"success","","","0.99.39"
"selected_backend__cifar100__plssvd__cuda__r3","selected_component_backend_panel","cifar100","classification","plssvd","cuda","cuda","cuda_flash","rsvd","argmax","float64",99,50000,10000,768,100,1003,3,NA,NA,"not_applicable",32,5,NA,NA,NA,NA,NA,"linear",1,0.629,0.0990000000000002,0.728,738.6015625,1144.7421875,1183.078125,1509.96875,771.3671875,"accuracy",0.874,0.874,0.55353771437937,NA,258916663,10000,"success","","","0.99.39"
"selected_backend__cifar100__simpls__cpu__r1","selected_component_backend_panel","cifar100","classification","simpls","cpu","cpu","cpu_flash","rsvd","argmax","float64",263,50000,10000,768,100,1001,1,NA,NA,"ordinary_fast",32,5,"fresh_oversampled_sketch_per_component",1,NA,NA,TRUE,"linear",1,19.929,0.523000000000003,20.452,738.69140625,787.25390625,823.9296875,1447.30859375,708.6171875,"accuracy",0.8912,0.8912,0.603816873852605,NA,259386584,10000,"success","","","0.99.39"
"selected_backend__cifar100__simpls__cpu__r2","selected_component_backend_panel","cifar100","classification","simpls","cpu","cpu","cpu_flash","rsvd","argmax","float64",263,50000,10000,768,100,1002,2,NA,NA,"ordinary_fast",32,5,"fresh_oversampled_sketch_per_component",1,NA,NA,TRUE,"linear",1,19.79,0.523999999999997,20.314,738.59765625,787.21875,823.89453125,1446.90234375,708.3046875,"accuracy",0.8912,0.8912,0.603819970443774,NA,259413592,10000,"success","","","0.99.39"
"selected_backend__cifar100__simpls__cpu__r3","selected_component_backend_panel","cifar100","classification","simpls","cpu","cpu","cpu_flash","rsvd","argmax","float64",263,50000,10000,768,100,1003,3,NA,NA,"ordinary_fast",32,5,"fresh_oversampled_sketch_per_component",1,NA,NA,TRUE,"linear",1,19.762,0.527999999999999,20.29,738.75,787.3125,823.98828125,1447.26953125,708.51953125,"accuracy",0.8913,0.8913,0.603818188187161,NA,259325601,10000,"success","","","0.99.39"
"selected_backend__cifar100__simpls__cuda__r1","selected_component_backend_panel","cifar100","classification","simpls","cuda","cuda","cuda_flash","rsvd","argmax","float64",263,50000,10000,768,100,1001,1,NA,NA,"ordinary_fast",32,5,"fresh_cuda_candidate_block",8,NA,NA,TRUE,"linear",1,1.264,0.107,1.371,738.703125,1137.99609375,1174.66796875,1466.046875,727.34375,"accuracy",0.8907,0.8907,0.601968961672829,NA,259328590,10000,"success","","","0.99.39"
"selected_backend__cifar100__simpls__cuda__r2","selected_component_backend_panel","cifar100","classification","simpls","cuda","cuda","cuda_flash","rsvd","argmax","float64",263,50000,10000,768,100,1002,2,NA,NA,"ordinary_fast",32,5,"fresh_cuda_candidate_block",8,NA,NA,TRUE,"linear",1,1.178,0.106,1.284,738.62890625,1138.27734375,1174.94921875,1466.7109375,728.08203125,"accuracy",0.8908,0.8908,0.601966165430509,NA,259273593,10000,"success","","","0.99.39"
"selected_backend__cifar100__simpls__cuda__r3","selected_component_backend_panel","cifar100","classification","simpls","cuda","cuda","cuda_flash","rsvd","argmax","float64",263,50000,10000,768,100,1003,3,NA,NA,"ordinary_fast",32,5,"fresh_cuda_candidate_block",8,NA,NA,TRUE,"linear",1,1.169,0.107,1.276,738.5859375,1138.15625,1174.828125,1466.69921875,728.11328125,"accuracy",0.8907,0.8907,0.601982020429211,NA,259240233,10000,"success","","","0.99.39"
"selected_backend__cifar100__opls__cpu__r1","selected_component_backend_panel","cifar100","classification","opls","cpu","cpu",NA,"rsvd","argmax","float64",286,50000,10000,768,100,1001,1,NA,NA,"ordinary_fast",32,5,"fresh_oversampled_sketch_per_component",1,NA,NA,TRUE,"linear",1,23.967,0.608000000000001,24.575,738.70703125,1121.43359375,883.61328125,1779.33984375,1040.6328125,"accuracy",0.891,0.891,0.602043095447135,NA,259341512,10000,"success","","","0.99.39"
"selected_backend__cifar100__opls__cpu__r2","selected_component_backend_panel","cifar100","classification","opls","cpu","cpu",NA,"rsvd","argmax","float64",286,50000,10000,768,100,1002,2,NA,NA,"ordinary_fast",32,5,"fresh_oversampled_sketch_per_component",1,NA,NA,TRUE,"linear",1,23.938,0.596,24.534,738.71875,1121.45703125,883.63671875,1779.2578125,1040.5390625,"accuracy",0.8909,0.8909,0.602039450539721,NA,259471244,10000,"success","","","0.99.39"
"selected_backend__cifar100__opls__cpu__r3","selected_component_backend_panel","cifar100","classification","opls","cpu","cpu",NA,"rsvd","argmax","float64",286,50000,10000,768,100,1003,3,NA,NA,"ordinary_fast",32,5,"fresh_oversampled_sketch_per_component",1,NA,NA,TRUE,"linear",1,23.947,0.599,24.546,738.66015625,1121.42578125,883.60546875,1779.078125,1040.41796875,"accuracy",0.8909,0.8909,0.602049826816013,NA,259359042,10000,"success","","","0.99.39"
"selected_backend__cifar100__opls__cuda__r1","selected_component_backend_panel","cifar100","classification","opls","cuda","cuda",NA,"rsvd","argmax","float64",286,50000,10000,768,100,1001,1,NA,NA,"ordinary_fast",32,5,"fresh_cuda_candidate_block",8,NA,NA,TRUE,"linear",1,4.041,0.171,4.212,738.62109375,1469.42578125,1233.44140625,1797.5546875,1058.93359375,"accuracy",0.8903,0.8903,0.600509702971676,NA,259470839,10000,"success","","","0.99.39"
"selected_backend__cifar100__opls__cuda__r2","selected_component_backend_panel","cifar100","classification","opls","cuda","cuda",NA,"rsvd","argmax","float64",286,50000,10000,768,100,1002,2,NA,NA,"ordinary_fast",32,5,"fresh_cuda_candidate_block",8,NA,NA,TRUE,"linear",1,3.92,0.171,4.091,738.71484375,1469.53125,1233.54296875,1798.0234375,1059.30859375,"accuracy",0.8901,0.8901,0.600531305290986,NA,259557308,10000,"success","","","0.99.39"
"selected_backend__cifar100__opls__cuda__r3","selected_component_backend_panel","cifar100","classification","opls","cuda","cuda",NA,"rsvd","argmax","float64",286,50000,10000,768,100,1003,3,NA,NA,"ordinary_fast",32,5,"fresh_cuda_candidate_block",8,NA,NA,TRUE,"linear",1,3.94,0.171,4.111,738.625,1469.4609375,1233.47265625,1797.8984375,1059.2734375,"accuracy",0.8905,0.8905,0.600527024075451,NA,259470308,10000,"success","","","0.99.39"
"selected_backend__cifar100__kernelpls__cpu__r1","selected_component_backend_panel","cifar100","classification","kernelpls","cpu","cpu","cpu_flash","rsvd","argmax","float64",263,50000,10000,768,100,1001,1,NA,NA,"ordinary_fast",32,5,"fresh_oversampled_sketch_per_component",1,NA,NA,TRUE,"linear",1,19.757,0.530999999999999,20.288,738.671875,790.2265625,823.90625,1446.83984375,708.16796875,"accuracy",0.8912,0.8912,0.603816873852605,NA,259386584,10000,"success","","","0.99.39"
"selected_backend__cifar100__kernelpls__cpu__r2","selected_component_backend_panel","cifar100","classification","kernelpls","cpu","cpu","cpu_flash","rsvd","argmax","float64",263,50000,10000,768,100,1002,2,NA,NA,"ordinary_fast",32,5,"fresh_oversampled_sketch_per_component",1,NA,NA,TRUE,"linear",1,19.749,0.530999999999999,20.28,738.7109375,790.33203125,824.01171875,1447.26171875,708.55078125,"accuracy",0.8912,0.8912,0.603819970443774,NA,259413592,10000,"success","","","0.99.39"
"selected_backend__cifar100__kernelpls__cpu__r3","selected_component_backend_panel","cifar100","classification","kernelpls","cpu","cpu","cpu_flash","rsvd","argmax","float64",263,50000,10000,768,100,1003,3,NA,NA,"ordinary_fast",32,5,"fresh_oversampled_sketch_per_component",1,NA,NA,TRUE,"linear",1,19.77,0.533999999999999,20.304,738.71875,790.27734375,823.95703125,1446.66015625,707.94140625,"accuracy",0.8913,0.8913,0.603818188187161,NA,259325601,10000,"success","","","0.99.39"
"selected_backend__cifar100__kernelpls__cuda__r1","selected_component_backend_panel","cifar100","classification","kernelpls","cuda","cuda","cuda_flash","rsvd","argmax","float64",263,50000,10000,768,100,1001,1,NA,NA,"ordinary_fast",32,5,"fresh_cuda_candidate_block",8,NA,NA,TRUE,"linear",1,1.268,0.106,1.374,738.7890625,1139.109375,1175.78125,1467.2265625,728.4375,"accuracy",0.8907,0.8907,0.601968961672829,NA,259328590,10000,"success","","","0.99.39"
"selected_backend__cifar100__kernelpls__cuda__r2","selected_component_backend_panel","cifar100","classification","kernelpls","cuda","cuda","cuda_flash","rsvd","argmax","float64",263,50000,10000,768,100,1002,2,NA,NA,"ordinary_fast",32,5,"fresh_cuda_candidate_block",8,NA,NA,TRUE,"linear",1,1.169,0.107,1.276,738.6953125,1138.76953125,1175.44140625,1467.3125,728.6171875,"accuracy",0.8908,0.8908,0.601966165430509,NA,259273593,10000,"success","","","0.99.39"
"selected_backend__cifar100__kernelpls__cuda__r3","selected_component_backend_panel","cifar100","classification","kernelpls","cuda","cuda","cuda_flash","rsvd","argmax","float64",263,50000,10000,768,100,1003,3,NA,NA,"ordinary_fast",32,5,"fresh_cuda_candidate_block",8,NA,NA,TRUE,"linear",1,1.177,0.106,1.283,738.59765625,1138.95703125,1175.62890625,1467.5546875,728.95703125,"accuracy",0.8907,0.8907,0.601982020429211,NA,259240233,10000,"success","","","0.99.39"
"selected_backend__gtex_v8__plssvd__cpu__r1","selected_component_backend_panel","gtex_v8","classification","plssvd","cpu","cpu","cpu_flash","rsvd","argmax","float64",30,3000,797,1000,32,1001,1,NA,NA,"not_applicable",32,5,NA,NA,NA,NA,NA,"linear",1,0.115,0.018,0.133,417.6484375,422.85546875,429,496.4453125,78.796875,"accuracy",0.941028858218319,0.941028858218319,0.724490389472866,NA,4453740,797,"success","","","0.99.39"
"selected_backend__gtex_v8__plssvd__cpu__r2","selected_component_backend_panel","gtex_v8","classification","plssvd","cpu","cpu","cpu_flash","rsvd","argmax","float64",30,3000,797,1000,32,1002,2,NA,NA,"not_applicable",32,5,NA,NA,NA,NA,NA,"linear",1,0.115,0.0170000000000001,0.132,417.734375,422.875,429.01953125,496.33984375,78.60546875,"accuracy",0.941028858218319,0.941028858218319,0.724490389472866,NA,4453740,797,"success","","","0.99.39"
"selected_backend__gtex_v8__plssvd__cpu__r3","selected_component_backend_panel","gtex_v8","classification","plssvd","cpu","cpu","cpu_flash","rsvd","argmax","float64",30,3000,797,1000,32,1003,3,NA,NA,"not_applicable",32,5,NA,NA,NA,NA,NA,"linear",1,0.115,0.0169999999999999,0.132,417.75,422.89453125,429.0390625,496.90625,79.15625,"accuracy",0.941028858218319,0.941028858218319,0.724490389472866,NA,4453740,797,"success","","","0.99.39"
"selected_backend__gtex_v8__plssvd__cuda__r1","selected_component_backend_panel","gtex_v8","classification","plssvd","cuda","cuda","cuda_flash","rsvd","argmax","float64",30,3000,797,1000,32,1001,1,NA,NA,"not_applicable",32,5,NA,NA,NA,NA,NA,"linear",1,0.329,0.0089999999999999,0.338,417.765625,769.00390625,775.265625,842.4453125,424.6796875,"accuracy",0.941028858218319,0.941028858218319,0.724490389472866,NA,4453740,797,"success","","","0.99.39"
"selected_backend__gtex_v8__plssvd__cuda__r2","selected_component_backend_panel","gtex_v8","classification","plssvd","cuda","cuda","cuda_flash","rsvd","argmax","float64",30,3000,797,1000,32,1002,2,NA,NA,"not_applicable",32,5,NA,NA,NA,NA,NA,"linear",1,0.292,0.00800000000000001,0.3,417.73828125,769.04296875,775.30859375,842.8203125,425.08203125,"accuracy",0.941028858218319,0.941028858218319,0.724490389472866,NA,4453740,797,"success","","","0.99.39"
"selected_backend__gtex_v8__plssvd__cuda__r3","selected_component_backend_panel","gtex_v8","classification","plssvd","cuda","cuda","cuda_flash","rsvd","argmax","float64",30,3000,797,1000,32,1003,3,NA,NA,"not_applicable",32,5,NA,NA,NA,NA,NA,"linear",1,0.295,0.00900000000000012,0.304,417.7890625,769.796875,776.0625,843.828125,426.0390625,"accuracy",0.941028858218319,0.941028858218319,0.724490389472866,NA,4453740,797,"success","","","0.99.39"
"selected_backend__gtex_v8__simpls__cpu__r1","selected_component_backend_panel","gtex_v8","classification","simpls","cpu","cpu","cpu_flash","rsvd","argmax","float64",190,3000,797,1000,32,1001,1,NA,NA,"ordinary_fast",32,5,"fresh_oversampled_sketch_per_component",1,NA,NA,TRUE,"linear",1,2.907,0.0169999999999999,2.924,417.62890625,426.91796875,431.61328125,498.8515625,81.22265625,"accuracy",0.963613550815558,0.963613550815558,0.811025787043052,NA,4568563,797,"success","","","0.99.39"
"selected_backend__gtex_v8__simpls__cpu__r2","selected_component_backend_panel","gtex_v8","classification","simpls","cpu","cpu","cpu_flash","rsvd","argmax","float64",190,3000,797,1000,32,1002,2,NA,NA,"ordinary_fast",32,5,"fresh_oversampled_sketch_per_component",1,NA,NA,TRUE,"linear",1,2.9,0.0169999999999999,2.917,417.62109375,426.91015625,431.60546875,498.90234375,81.28125,"accuracy",0.963613550815558,0.963613550815558,0.811025787043047,NA,4568563,797,"success","","","0.99.39"
"selected_backend__gtex_v8__simpls__cpu__r3","selected_component_backend_panel","gtex_v8","classification","simpls","cpu","cpu","cpu_flash","rsvd","argmax","float64",190,3000,797,1000,32,1003,3,NA,NA,"ordinary_fast",32,5,"fresh_oversampled_sketch_per_component",1,NA,NA,TRUE,"linear",1,2.924,0.0169999999999999,2.941,417.71875,426.94921875,431.64453125,498.70703125,80.98828125,"accuracy",0.963613550815558,0.963613550815558,0.811025787043124,NA,4568563,797,"success","","","0.99.39"
"selected_backend__gtex_v8__simpls__cuda__r1","selected_component_backend_panel","gtex_v8","classification","simpls","cuda","cuda","cuda_flash","rsvd","argmax","float64",190,3000,797,1000,32,1001,1,NA,NA,"ordinary_fast",32,5,"fresh_oversampled_sketch_per_component",1,NA,NA,TRUE,"linear",1,1.018,0.00900000000000012,1.027,417.65625,777.7265625,782.41796875,849.83984375,432.18359375,"accuracy",0.963613550815558,0.963613550815558,0.811025787043095,NA,4568563,797,"success","","","0.99.39"
"selected_backend__gtex_v8__simpls__cuda__r2","selected_component_backend_panel","gtex_v8","classification","simpls","cuda","cuda","cuda_flash","rsvd","argmax","float64",190,3000,797,1000,32,1002,2,NA,NA,"ordinary_fast",32,5,"fresh_oversampled_sketch_per_component",1,NA,NA,TRUE,"linear",1,0.911,0.0089999999999999,0.92,417.71875,777.4296875,782.125,849.59765625,431.87890625,"accuracy",0.963613550815558,0.963613550815558,0.811025787043051,NA,4568563,797,"success","","","0.99.39"
"selected_backend__gtex_v8__simpls__cuda__r3","selected_component_backend_panel","gtex_v8","classification","simpls","cuda","cuda","cuda_flash","rsvd","argmax","float64",190,3000,797,1000,32,1003,3,NA,NA,"ordinary_fast",32,5,"fresh_oversampled_sketch_per_component",1,NA,NA,TRUE,"linear",1,0.912,0.01,0.922,417.74609375,777.53125,782.2265625,849.28515625,431.5390625,"accuracy",0.963613550815558,0.963613550815558,0.81102578704305,NA,4568563,797,"success","","","0.99.39"
"selected_backend__gtex_v8__opls__cpu__r1","selected_component_backend_panel","gtex_v8","classification","opls","cpu","cpu",NA,"rsvd","argmax","float64",179,3000,797,1000,32,1001,1,NA,NA,"ordinary_fast",32,5,"fresh_oversampled_sketch_per_component",1,NA,NA,TRUE,"linear",1,2.827,0.02,2.847,417.74609375,496.3203125,473.4921875,540.90234375,123.15625,"accuracy",0.961104140526976,0.961104140526976,0.786365378531166,NA,4589483,797,"success","","","0.99.39"
"selected_backend__gtex_v8__opls__cpu__r2","selected_component_backend_panel","gtex_v8","classification","opls","cpu","cpu",NA,"rsvd","argmax","float64",179,3000,797,1000,32,1002,2,NA,NA,"ordinary_fast",32,5,"fresh_oversampled_sketch_per_component",1,NA,NA,TRUE,"linear",1,2.838,0.02,2.858,417.67578125,496.24609375,473.41796875,540.94140625,123.265625,"accuracy",0.961104140526976,0.961104140526976,0.78636537853116,NA,4589483,797,"success","","","0.99.39"
"selected_backend__gtex_v8__opls__cpu__r3","selected_component_backend_panel","gtex_v8","classification","opls","cpu","cpu",NA,"rsvd","argmax","float64",179,3000,797,1000,32,1003,3,NA,NA,"ordinary_fast",32,5,"fresh_oversampled_sketch_per_component",1,NA,NA,TRUE,"linear",1,2.837,0.02,2.857,417.734375,496.25,473.421875,541.19921875,123.46484375,"accuracy",0.961104140526976,0.961104140526976,0.786365378531134,NA,4589483,797,"success","","","0.99.39"
"selected_backend__gtex_v8__opls__cuda__r1","selected_component_backend_panel","gtex_v8","classification","opls","cuda","cuda",NA,"rsvd","argmax","float64",179,3000,797,1000,32,1001,1,NA,NA,"ordinary_fast",32,5,"fresh_oversampled_sketch_per_component",1,NA,NA,TRUE,"linear",1,0.953,0.012,0.965,417.63671875,823.90625,801.078125,868.66015625,451.0234375,"accuracy",0.961104140526976,0.961104140526976,0.786365378531046,NA,4589483,797,"success","","","0.99.39"
"selected_backend__gtex_v8__opls__cuda__r2","selected_component_backend_panel","gtex_v8","classification","opls","cuda","cuda",NA,"rsvd","argmax","float64",179,3000,797,1000,32,1002,2,NA,NA,"ordinary_fast",32,5,"fresh_oversampled_sketch_per_component",1,NA,NA,TRUE,"linear",1,0.951,0.012,0.963,417.7578125,824.7890625,801.9609375,869.75,451.9921875,"accuracy",0.961104140526976,0.961104140526976,0.786365378531008,NA,4589483,797,"success","","","0.99.39"
"selected_backend__gtex_v8__opls__cuda__r3","selected_component_backend_panel","gtex_v8","classification","opls","cuda","cuda",NA,"rsvd","argmax","float64",179,3000,797,1000,32,1003,3,NA,NA,"ordinary_fast",32,5,"fresh_oversampled_sketch_per_component",1,NA,NA,TRUE,"linear",1,0.948,0.012,0.96,417.8359375,823.30078125,800.47265625,867.40625,449.5703125,"accuracy",0.961104140526976,0.961104140526976,0.786365378531049,NA,4589483,797,"success","","","0.99.39"
"selected_backend__gtex_v8__kernelpls__cpu__r1","selected_component_backend_panel","gtex_v8","classification","kernelpls","cpu","cpu","cpu_flash","rsvd","argmax","float64",190,3000,797,1000,32,1001,1,NA,NA,"ordinary_fast",32,5,"fresh_oversampled_sketch_per_component",1,NA,NA,TRUE,"linear",1,2.912,0.016,2.928,417.76953125,428.390625,431.6328125,499.4921875,81.72265625,"accuracy",0.963613550815558,0.963613550815558,0.811025787043052,NA,4568563,797,"success","","","0.99.39"
"selected_backend__gtex_v8__kernelpls__cpu__r2","selected_component_backend_panel","gtex_v8","classification","kernelpls","cpu","cpu","cpu_flash","rsvd","argmax","float64",190,3000,797,1000,32,1002,2,NA,NA,"ordinary_fast",32,5,"fresh_oversampled_sketch_per_component",1,NA,NA,TRUE,"linear",1,2.907,0.0169999999999999,2.924,417.75,428.47265625,431.71484375,499.80859375,82.05859375,"accuracy",0.963613550815558,0.963613550815558,0.811025787043047,NA,4568563,797,"success","","","0.99.39"
"selected_backend__gtex_v8__kernelpls__cpu__r3","selected_component_backend_panel","gtex_v8","classification","kernelpls","cpu","cpu","cpu_flash","rsvd","argmax","float64",190,3000,797,1000,32,1003,3,NA,NA,"ordinary_fast",32,5,"fresh_oversampled_sketch_per_component",1,NA,NA,TRUE,"linear",1,2.918,0.0169999999999999,2.935,417.71875,428.3359375,431.578125,499.0234375,81.3046875,"accuracy",0.963613550815558,0.963613550815558,0.811025787043124,NA,4568563,797,"success","","","0.99.39"
"selected_backend__gtex_v8__kernelpls__cuda__r1","selected_component_backend_panel","gtex_v8","classification","kernelpls","cuda","cuda","cuda_flash","rsvd","argmax","float64",190,3000,797,1000,32,1001,1,NA,NA,"ordinary_fast",32,5,"fresh_oversampled_sketch_per_component",1,NA,NA,TRUE,"linear",1,1.032,0.00900000000000012,1.041,417.6640625,777.33203125,782.02734375,848.625,430.9609375,"accuracy",0.963613550815558,0.963613550815558,0.811025787043095,NA,4568563,797,"success","","","0.99.39"
"selected_backend__gtex_v8__kernelpls__cuda__r2","selected_component_backend_panel","gtex_v8","classification","kernelpls","cuda","cuda","cuda_flash","rsvd","argmax","float64",190,3000,797,1000,32,1002,2,NA,NA,"ordinary_fast",32,5,"fresh_oversampled_sketch_per_component",1,NA,NA,TRUE,"linear",1,0.913,0.00900000000000012,0.922,417.734375,777.3671875,782.05859375,849.30859375,431.57421875,"accuracy",0.963613550815558,0.963613550815558,0.811025787043051,NA,4568563,797,"success","","","0.99.39"
"selected_backend__gtex_v8__kernelpls__cuda__r3","selected_component_backend_panel","gtex_v8","classification","kernelpls","cuda","cuda","cuda_flash","rsvd","argmax","float64",190,3000,797,1000,32,1003,3,NA,NA,"ordinary_fast",32,5,"fresh_oversampled_sketch_per_component",1,NA,NA,TRUE,"linear",1,0.915,0.00900000000000012,0.924,417.6640625,777.66015625,782.35546875,849.83203125,432.16796875,"accuracy",0.963613550815558,0.963613550815558,0.81102578704305,NA,4568563,797,"success","","","0.99.39"
"selected_backend__metref__plssvd__cpu__r1","selected_component_backend_panel","metref","classification","plssvd","cpu","cpu","cpu_flash","rsvd","argmax","float64",21,773,100,375,22,1001,1,NA,NA,"not_applicable",32,5,NA,NA,NA,NA,NA,"linear",1,0.015,0.003,0.018,390.94921875,395.203125,395.265625,462.58203125,71.6328125,"accuracy",0.8,0.8,0.268176683850053,NA,49973,100,"success","","","0.99.39"
"selected_backend__metref__plssvd__cpu__r2","selected_component_backend_panel","metref","classification","plssvd","cpu","cpu","cpu_flash","rsvd","argmax","float64",21,773,100,375,22,1002,2,NA,NA,"not_applicable",32,5,NA,NA,NA,NA,NA,"linear",1,0.0149999999999999,0.004,0.0189999999999999,390.96484375,395.28515625,395.34765625,462.8359375,71.87109375,"accuracy",0.8,0.8,0.268176683850053,NA,49973,100,"success","","","0.99.39"
"selected_backend__metref__plssvd__cpu__r3","selected_component_backend_panel","metref","classification","plssvd","cpu","cpu","cpu_flash","rsvd","argmax","float64",21,773,100,375,22,1003,3,NA,NA,"not_applicable",32,5,NA,NA,NA,NA,NA,"linear",1,0.015,0.003,0.018,390.92578125,395.24609375,395.30859375,462.828125,71.90234375,"accuracy",0.8,0.8,0.268176683850053,NA,49973,100,"success","","","0.99.39"
"selected_backend__metref__plssvd__cuda__r1","selected_component_backend_panel","metref","classification","plssvd","cuda","cuda","cuda_flash","rsvd","argmax","float64",21,773,100,375,22,1001,1,NA,NA,"not_applicable",32,5,NA,NA,NA,NA,NA,"linear",1,0.324,0.004,0.328,390.9375,741.33984375,741.5234375,808.515625,417.578125,"accuracy",0.8,0.8,0.268176683850054,NA,49973,100,"success","","","0.99.39"
"selected_backend__metref__plssvd__cuda__r2","selected_component_backend_panel","metref","classification","plssvd","cuda","cuda","cuda_flash","rsvd","argmax","float64",21,773,100,375,22,1002,2,NA,NA,"not_applicable",32,5,NA,NA,NA,NA,NA,"linear",1,0.273,0.004,0.277,390.8203125,741.1796875,741.36328125,808.8671875,418.046875,"accuracy",0.8,0.8,0.268176683850054,NA,49973,100,"success","","","0.99.39"
"selected_backend__metref__plssvd__cuda__r3","selected_component_backend_panel","metref","classification","plssvd","cuda","cuda","cuda_flash","rsvd","argmax","float64",21,773,100,375,22,1003,3,NA,NA,"not_applicable",32,5,NA,NA,NA,NA,NA,"linear",1,0.276,0.004,0.28,390.85546875,741.81640625,742,809.21875,418.36328125,"accuracy",0.8,0.8,0.268176683850054,NA,49973,100,"success","","","0.99.39"
"selected_backend__metref__simpls__cpu__r1","selected_component_backend_panel","metref","classification","simpls","cpu","cpu","cpu_flash","rsvd","argmax","float64",118,773,100,375,22,1001,1,NA,NA,"ordinary_fast",32,5,"fresh_oversampled_sketch_per_component",1,NA,NA,TRUE,"linear",1,0.269,0.004,0.273,390.96484375,397.23046875,397.29296875,465.0703125,74.10546875,"accuracy",0.97,0.97,0.619137562659358,NA,52112,100,"success","","","0.99.39"
"selected_backend__metref__simpls__cpu__r2","selected_component_backend_panel","metref","classification","simpls","cpu","cpu","cpu_flash","rsvd","argmax","float64",118,773,100,375,22,1002,2,NA,NA,"ordinary_fast",32,5,"fresh_oversampled_sketch_per_component",1,NA,NA,TRUE,"linear",1,0.27,0.00300000000000011,0.273,390.890625,397.2109375,397.2734375,464.7421875,73.8515625,"accuracy",0.97,0.97,0.619137562659565,NA,52112,100,"success","","","0.99.39"
"selected_backend__metref__simpls__cpu__r3","selected_component_backend_panel","metref","classification","simpls","cpu","cpu","cpu_flash","rsvd","argmax","float64",118,773,100,375,22,1003,3,NA,NA,"ordinary_fast",32,5,"fresh_oversampled_sketch_per_component",1,NA,NA,TRUE,"linear",1,0.269,0.00299999999999989,0.272,390.82421875,397.1484375,397.2109375,464.7109375,73.88671875,"accuracy",0.97,0.97,0.619137562659401,NA,52112,100,"success","","","0.99.39"
"selected_backend__metref__simpls__cuda__r1","selected_component_backend_panel","metref","classification","simpls","cuda","cuda","cuda_flash","rsvd","argmax","float64",118,773,100,375,22,1001,1,NA,NA,"ordinary_fast",32,5,"fresh_oversampled_sketch_per_component",1,NA,NA,TRUE,"linear",1,0.643,0.00299999999999989,0.646,390.83984375,745.421875,745.484375,812.88671875,422.046875,"accuracy",0.97,0.97,0.619137562659374,NA,52112,100,"success","","","0.99.39"
"selected_backend__metref__simpls__cuda__r2","selected_component_backend_panel","metref","classification","simpls","cuda","cuda","cuda_flash","rsvd","argmax","float64",118,773,100,375,22,1002,2,NA,NA,"ordinary_fast",32,5,"fresh_oversampled_sketch_per_component",1,NA,NA,TRUE,"linear",1,0.538,0.004,0.542,390.85546875,744.95703125,745.01953125,812.52734375,421.671875,"accuracy",0.97,0.97,0.619137562659284,NA,52112,100,"success","","","0.99.39"
"selected_backend__metref__simpls__cuda__r3","selected_component_backend_panel","metref","classification","simpls","cuda","cuda","cuda_flash","rsvd","argmax","float64",118,773,100,375,22,1003,3,NA,NA,"ordinary_fast",32,5,"fresh_oversampled_sketch_per_component",1,NA,NA,TRUE,"linear",1,0.538,0.00299999999999989,0.541,390.92578125,744.73828125,744.80078125,812.52734375,421.6015625,"accuracy",0.97,0.97,0.619137562659372,NA,52112,100,"success","","","0.99.39"
"selected_backend__metref__opls__cpu__r1","selected_component_backend_panel","metref","classification","opls","cpu","cpu",NA,"rsvd","argmax","float64",118,773,100,375,22,1001,1,NA,NA,"ordinary_fast",32,5,"fresh_oversampled_sketch_per_component",1,NA,NA,TRUE,"linear",1,0.277,0.004,0.281,390.953125,401.88671875,395.44140625,462.625,71.671875,"accuracy",0.97,0.97,0.607671147935996,NA,52112,100,"success","","","0.99.39"
"selected_backend__metref__opls__cpu__r2","selected_component_backend_panel","metref","classification","opls","cpu","cpu",NA,"rsvd","argmax","float64",118,773,100,375,22,1002,2,NA,NA,"ordinary_fast",32,5,"fresh_oversampled_sketch_per_component",1,NA,NA,TRUE,"linear",1,0.276,0.00299999999999989,0.279,390.85546875,401.7890625,395.34375,462.9375,72.08203125,"accuracy",0.97,0.97,0.607671147935969,NA,52112,100,"success","","","0.99.39"
"selected_backend__metref__opls__cpu__r3","selected_component_backend_panel","metref","classification","opls","cpu","cpu",NA,"rsvd","argmax","float64",118,773,100,375,22,1003,3,NA,NA,"ordinary_fast",32,5,"fresh_oversampled_sketch_per_component",1,NA,NA,TRUE,"linear",1,0.276,0.00299999999999989,0.279,390.8984375,401.8515625,395.40625,463.20703125,72.30859375,"accuracy",0.97,0.97,0.607671147935936,NA,52112,100,"success","","","0.99.39"
"selected_backend__metref__opls__cuda__r1","selected_component_backend_panel","metref","classification","opls","cuda","cuda",NA,"rsvd","argmax","float64",118,773,100,375,22,1001,1,NA,NA,"ordinary_fast",32,5,"fresh_oversampled_sketch_per_component",1,NA,NA,TRUE,"linear",1,0.654,0.004,0.658,390.921875,749.36328125,749.42578125,817.06640625,426.14453125,"accuracy",0.97,0.97,0.60767114793572,NA,52112,100,"success","","","0.99.39"
"selected_backend__metref__opls__cuda__r2","selected_component_backend_panel","metref","classification","opls","cuda","cuda",NA,"rsvd","argmax","float64",118,773,100,375,22,1002,2,NA,NA,"ordinary_fast",32,5,"fresh_oversampled_sketch_per_component",1,NA,NA,TRUE,"linear",1,0.545,0.004,0.549,390.85546875,749.12109375,749.18359375,816.56640625,425.7109375,"accuracy",0.97,0.97,0.607671147935701,NA,52112,100,"success","","","0.99.39"
"selected_backend__metref__opls__cuda__r3","selected_component_backend_panel","metref","classification","opls","cuda","cuda",NA,"rsvd","argmax","float64",118,773,100,375,22,1003,3,NA,NA,"ordinary_fast",32,5,"fresh_oversampled_sketch_per_component",1,NA,NA,TRUE,"linear",1,0.544,0.004,0.548,390.90625,749.64453125,749.70703125,816.71875,425.8125,"accuracy",0.97,0.97,0.607671147935805,NA,52112,100,"success","","","0.99.39"
"selected_backend__metref__kernelpls__cpu__r1","selected_component_backend_panel","metref","classification","kernelpls","cpu","cpu","cpu_flash","rsvd","argmax","float64",118,773,100,375,22,1001,1,NA,NA,"ordinary_fast",32,5,"fresh_oversampled_sketch_per_component",1,NA,NA,TRUE,"linear",1,0.272,0.00300000000000011,0.275,390.828125,397.2421875,397.3046875,464.8125,73.984375,"accuracy",0.97,0.97,0.619137562659358,NA,52112,100,"success","","","0.99.39"
"selected_backend__metref__kernelpls__cpu__r2","selected_component_backend_panel","metref","classification","kernelpls","cpu","cpu","cpu_flash","rsvd","argmax","float64",118,773,100,375,22,1002,2,NA,NA,"ordinary_fast",32,5,"fresh_oversampled_sketch_per_component",1,NA,NA,TRUE,"linear",1,0.272,0.00299999999999989,0.275,390.88671875,397.2734375,397.3359375,464.671875,73.78515625,"accuracy",0.97,0.97,0.619137562659565,NA,52112,100,"success","","","0.99.39"
"selected_backend__metref__kernelpls__cpu__r3","selected_component_backend_panel","metref","classification","kernelpls","cpu","cpu","cpu_flash","rsvd","argmax","float64",118,773,100,375,22,1003,3,NA,NA,"ordinary_fast",32,5,"fresh_oversampled_sketch_per_component",1,NA,NA,TRUE,"linear",1,0.272,0.00299999999999989,0.275,390.859375,397.23828125,397.30078125,464.5234375,73.6640625,"accuracy",0.97,0.97,0.619137562659401,NA,52112,100,"success","","","0.99.39"
"selected_backend__metref__kernelpls__cuda__r1","selected_component_backend_panel","metref","classification","kernelpls","cuda","cuda","cuda_flash","rsvd","argmax","float64",118,773,100,375,22,1001,1,NA,NA,"ordinary_fast",32,5,"fresh_oversampled_sketch_per_component",1,NA,NA,TRUE,"linear",1,0.639,0.004,0.643,390.87890625,745.28125,745.34375,812.8125,421.93359375,"accuracy",0.97,0.97,0.619137562659374,NA,52112,100,"success","","","0.99.39"
"selected_backend__metref__kernelpls__cuda__r2","selected_component_backend_panel","metref","classification","kernelpls","cuda","cuda","cuda_flash","rsvd","argmax","float64",118,773,100,375,22,1002,2,NA,NA,"ordinary_fast",32,5,"fresh_oversampled_sketch_per_component",1,NA,NA,TRUE,"linear",1,0.537,0.00300000000000011,0.54,390.83984375,744.734375,744.796875,812.1796875,421.33984375,"accuracy",0.97,0.97,0.619137562659284,NA,52112,100,"success","","","0.99.39"
"selected_backend__metref__kernelpls__cuda__r3","selected_component_backend_panel","metref","classification","kernelpls","cuda","cuda","cuda_flash","rsvd","argmax","float64",118,773,100,375,22,1003,3,NA,NA,"ordinary_fast",32,5,"fresh_oversampled_sketch_per_component",1,NA,NA,TRUE,"linear",1,0.537,0.004,0.541,390.8984375,744.89453125,744.95703125,812.36328125,421.46484375,"accuracy",0.97,0.97,0.619137562659372,NA,52112,100,"success","","","0.99.39"
"selected_backend__prism__plssvd__cpu__r1","selected_component_backend_panel","prism","regression","plssvd","cpu","cpu","cpu_flash","rsvd","argmax","float64",7,479,54,1000,4686,1001,1,NA,NA,"not_applicable",32,5,NA,NA,NA,NA,NA,"linear",1,0.692,0.108,0.8,412.15234375,451.62890625,461.66015625,548.52734375,136.375,"rmsd",0.549632284408543,NA,0.0224564408900092,0.549632284408543,-29428140.5899183,253044,"success","","","0.99.39"
"selected_backend__prism__plssvd__cpu__r2","selected_component_backend_panel","prism","regression","plssvd","cpu","cpu","cpu_flash","rsvd","argmax","float64",7,479,54,1000,4686,1002,2,NA,NA,"not_applicable",32,5,NA,NA,NA,NA,NA,"linear",1,0.686,0.111,0.797,412.109375,451.65234375,461.68359375,548.62109375,136.51171875,"rmsd",0.549632284328837,NA,0.0224564411735281,0.549632284328837,-29428140.5796978,253044,"success","","","0.99.39"
"selected_backend__prism__plssvd__cpu__r3","selected_component_backend_panel","prism","regression","plssvd","cpu","cpu","cpu_flash","rsvd","argmax","float64",7,479,54,1000,4686,1003,3,NA,NA,"not_applicable",32,5,NA,NA,NA,NA,NA,"linear",1,0.691,0.11,0.801,412.0859375,451.62890625,461.66015625,548.734375,136.6484375,"rmsd",0.549632284339813,NA,0.022456441134488,0.549632284339813,-29428140.5357223,253044,"success","","","0.99.39"
"selected_backend__prism__plssvd__cuda__r1","selected_component_backend_panel","prism","regression","plssvd","cuda","cuda","cuda_flash","rsvd","argmax","float64",7,479,54,1000,4686,1001,1,NA,NA,"not_applicable",32,5,NA,NA,NA,NA,NA,"linear",1,0.434,0.00900000000000012,0.443,412.10546875,798.63671875,812.93359375,898.50390625,486.3984375,"rmsd",0.549632288375058,NA,0.0224564267807894,0.549632288375058,-29428140.7014468,253044,"success","","","0.99.39"
"selected_backend__prism__plssvd__cuda__r2","selected_component_backend_panel","prism","regression","plssvd","cuda","cuda","cuda_flash","rsvd","argmax","float64",7,479,54,1000,4686,1002,2,NA,NA,"not_applicable",32,5,NA,NA,NA,NA,NA,"linear",1,0.325,0.0089999999999999,0.334,412.1328125,797.703125,812,897.25,485.1171875,"rmsd",0.549632285916224,NA,0.0224564355270643,0.549632285916224,-29428140.5779487,253044,"success","","","0.99.39"
"selected_backend__prism__plssvd__cuda__r3","selected_component_backend_panel","prism","regression","plssvd","cuda","cuda","cuda_flash","rsvd","argmax","float64",7,479,54,1000,4686,1003,3,NA,NA,"not_applicable",32,5,NA,NA,NA,NA,NA,"linear",1,0.326,0.00900000000000012,0.335,412.1328125,798.13671875,810.75390625,897.4140625,485.28125,"rmsd",0.549632284318341,NA,0.0224564412108638,0.549632284318341,-29428140.5180974,253044,"success","","","0.99.39"
"selected_backend__prism__simpls__cpu__r1","selected_component_backend_panel","prism","regression","simpls","cpu","cpu","cpu_flash","rsvd","argmax","float64",6,479,54,1000,4686,1001,1,NA,NA,"high_response_stable",48,6,"fresh_oversampled_sketch_per_component",1,NA,NA,TRUE,"linear",1,5.415,0.107,5.522,412.0859375,457.39453125,461.61328125,548.8046875,136.71875,"rmsd",0.547758816210441,NA,0.0291091633977839,0.547758816210441,-29673124.6062206,253044,"success","","","0.99.39"
"selected_backend__prism__simpls__cpu__r2","selected_component_backend_panel","prism","regression","simpls","cpu","cpu","cpu_flash","rsvd","argmax","float64",6,479,54,1000,4686,1002,2,NA,NA,"high_response_stable",48,6,"fresh_oversampled_sketch_per_component",1,NA,NA,TRUE,"linear",1,5.385,0.107,5.492,412.07421875,457.38671875,461.60546875,548.93359375,136.859375,"rmsd",0.547758816210514,NA,0.0291091633975243,0.547758816210514,-29673124.6062159,253044,"success","","","0.99.39"
"selected_backend__prism__simpls__cpu__r3","selected_component_backend_panel","prism","regression","simpls","cpu","cpu","cpu_flash","rsvd","argmax","float64",6,479,54,1000,4686,1003,3,NA,NA,"high_response_stable",48,6,"fresh_oversampled_sketch_per_component",1,NA,NA,TRUE,"linear",1,5.448,0.106,5.554,412.0703125,457.47265625,461.69140625,548.453125,136.3828125,"rmsd",0.54775881621046,NA,0.0291091633977147,0.54775881621046,-29673124.606217,253044,"success","","","0.99.39"
"selected_backend__prism__simpls__cuda__r1","selected_component_backend_panel","prism","regression","simpls","cuda","cuda","cuda_flash","rsvd","argmax","float64",6,479,54,1000,4686,1001,1,NA,NA,"high_response_stable",48,6,"fresh_oversampled_sketch_per_component",1,NA,NA,TRUE,"linear",1,0.546,0.0089999999999999,0.555,412.1328125,802.03515625,816.609375,901.96875,489.8359375,"rmsd",0.547758816211466,NA,0.0291091633941487,0.547758816211466,-29673124.6061813,253044,"success","","","0.99.39"
"selected_backend__prism__simpls__cuda__r2","selected_component_backend_panel","prism","regression","simpls","cuda","cuda","cuda_flash","rsvd","argmax","float64",6,479,54,1000,4686,1002,2,NA,NA,"high_response_stable",48,6,"fresh_oversampled_sketch_per_component",1,NA,NA,TRUE,"linear",1,0.445,0.01,0.455,412.17578125,801.66015625,816.234375,902.41796875,490.2421875,"rmsd",0.547758816210583,NA,0.0291091633972782,0.547758816210583,-29673124.606226,253044,"success","","","0.99.39"
"selected_backend__prism__simpls__cuda__r3","selected_component_backend_panel","prism","regression","simpls","cuda","cuda","cuda_flash","rsvd","argmax","float64",6,479,54,1000,4686,1003,3,NA,NA,"high_response_stable",48,6,"fresh_oversampled_sketch_per_component",1,NA,NA,TRUE,"linear",1,0.442,0.01,0.452,412.125,802.05859375,816.4140625,901.94140625,489.81640625,"rmsd",0.547758816210181,NA,0.0291091633987053,0.547758816210181,-29673124.6062589,253044,"success","","","0.99.39"
"selected_backend__prism__opls__cpu__r1","selected_component_backend_panel","prism","regression","opls","cpu","cpu",NA,"rsvd","argmax","float64",5,479,54,1000,4686,1001,1,NA,NA,"high_response_stable",48,6,"fresh_oversampled_sketch_per_component",1,NA,NA,TRUE,"linear",1,12.703,0.107999999999999,12.811,412.19921875,479.9453125,479.9453125,596.7421875,184.54296875,"rmsd",0.549646861459998,NA,0.0224045884347368,0.549646861459998,-29528515.7224895,253044,"success","","","0.99.39"
"selected_backend__prism__opls__cpu__r2","selected_component_backend_panel","prism","regression","opls","cpu","cpu",NA,"rsvd","argmax","float64",5,479,54,1000,4686,1002,2,NA,NA,"high_response_stable",48,6,"fresh_oversampled_sketch_per_component",1,NA,NA,TRUE,"linear",1,12.612,0.107000000000001,12.719,412.06640625,479.75,479.75,596.56640625,184.5,"rmsd",0.549646861459956,NA,0.0224045884348835,0.549646861459956,-29528515.7224926,253044,"success","","","0.99.39"
"selected_backend__prism__opls__cpu__r3","selected_component_backend_panel","prism","regression","opls","cpu","cpu",NA,"rsvd","argmax","float64",5,479,54,1000,4686,1003,3,NA,NA,"high_response_stable",48,6,"fresh_oversampled_sketch_per_component",1,NA,NA,TRUE,"linear",1,12.79,0.106000000000002,12.896,412.05859375,479.8046875,479.8046875,595.81640625,183.7578125,"rmsd",0.549646861460031,NA,0.022404588434616,0.549646861460031,-29528515.722487,253044,"success","","","0.99.39"
"selected_backend__prism__opls__cuda__r1","selected_component_backend_panel","prism","regression","opls","cuda","cuda",NA,"rsvd","argmax","float64",5,479,54,1000,4686,1001,1,NA,NA,"high_response_stable",48,6,"fresh_oversampled_sketch_per_component",1,NA,NA,TRUE,"linear",1,8.639,0.00600000000000023,8.645,412.078125,827.21484375,827.21484375,903.71875,491.640625,"rmsd",0.549646861460142,NA,0.0224045884342244,0.549646861460142,-29528515.7224792,253044,"success","","","0.99.39"
"selected_backend__prism__opls__cuda__r2","selected_component_backend_panel","prism","regression","opls","cuda","cuda",NA,"rsvd","argmax","float64",5,479,54,1000,4686,1002,2,NA,NA,"high_response_stable",48,6,"fresh_oversampled_sketch_per_component",1,NA,NA,TRUE,"linear",1,8.673,0.00699999999999967,8.68,412.16796875,827.2578125,827.2578125,903.9765625,491.80859375,"rmsd",0.54964686146047,NA,0.0224045884330546,0.54964686146047,-29528515.7224827,253044,"success","","","0.99.39"
"selected_backend__prism__opls__cuda__r3","selected_component_backend_panel","prism","regression","opls","cuda","cuda",NA,"rsvd","argmax","float64",5,479,54,1000,4686,1003,3,NA,NA,"high_response_stable",48,6,"fresh_oversampled_sketch_per_component",1,NA,NA,TRUE,"linear",1,8.754,0.00600000000000023,8.76,412.1640625,827.25390625,827.25390625,904.15234375,491.98828125,"rmsd",0.549646861460298,NA,0.0224045884336672,0.549646861460298,-29528515.7224746,253044,"success","","","0.99.39"
"selected_backend__prism__kernelpls__cpu__r1","selected_component_backend_panel","prism","regression","kernelpls","cpu","cpu","cpu_flash","rsvd","argmax","float64",6,479,54,1000,4686,1001,1,NA,NA,"high_response_stable",48,6,"fresh_oversampled_sketch_per_component",1,NA,NA,TRUE,"linear",1,5.479,0.108000000000001,5.587,412.078125,457.39453125,461.61328125,549.26171875,137.18359375,"rmsd",0.547758816210441,NA,0.0291091633977839,0.547758816210441,-29673124.6062206,253044,"success","","","0.99.39"
"selected_backend__prism__kernelpls__cpu__r2","selected_component_backend_panel","prism","regression","kernelpls","cpu","cpu","cpu_flash","rsvd","argmax","float64",6,479,54,1000,4686,1002,2,NA,NA,"high_response_stable",48,6,"fresh_oversampled_sketch_per_component",1,NA,NA,TRUE,"linear",1,5.472,0.106999999999999,5.579,412.16796875,457.5,461.71875,548.88671875,136.71875,"rmsd",0.547758816210514,NA,0.0291091633975243,0.547758816210514,-29673124.6062159,253044,"success","","","0.99.39"
"selected_backend__prism__kernelpls__cpu__r3","selected_component_backend_panel","prism","regression","kernelpls","cpu","cpu","cpu_flash","rsvd","argmax","float64",6,479,54,1000,4686,1003,3,NA,NA,"high_response_stable",48,6,"fresh_oversampled_sketch_per_component",1,NA,NA,TRUE,"linear",1,5.435,0.113,5.548,412.12890625,457.3828125,461.6015625,548.79296875,136.6640625,"rmsd",0.54775881621046,NA,0.0291091633977147,0.54775881621046,-29673124.606217,253044,"success","","","0.99.39"
"selected_backend__prism__kernelpls__cuda__r1","selected_component_backend_panel","prism","regression","kernelpls","cuda","cuda","cuda_flash","rsvd","argmax","float64",6,479,54,1000,4686,1001,1,NA,NA,"high_response_stable",48,6,"fresh_oversampled_sketch_per_component",1,NA,NA,TRUE,"linear",1,0.542,0.01,0.552,412.1953125,801.91796875,816.27734375,901.41015625,489.21484375,"rmsd",0.547758816211466,NA,0.0291091633941487,0.547758816211466,-29673124.6061813,253044,"success","","","0.99.39"
"selected_backend__prism__kernelpls__cuda__r2","selected_component_backend_panel","prism","regression","kernelpls","cuda","cuda","cuda_flash","rsvd","argmax","float64",6,479,54,1000,4686,1002,2,NA,NA,"high_response_stable",48,6,"fresh_oversampled_sketch_per_component",1,NA,NA,TRUE,"linear",1,0.44,0.00900000000000012,0.449,412.14453125,801.4765625,815.8359375,901.36328125,489.21875,"rmsd",0.547758816210583,NA,0.0291091633972782,0.547758816210583,-29673124.606226,253044,"success","","","0.99.39"
"selected_backend__prism__kernelpls__cuda__r3","selected_component_backend_panel","prism","regression","kernelpls","cuda","cuda","cuda_flash","rsvd","argmax","float64",6,479,54,1000,4686,1003,3,NA,NA,"high_response_stable",48,6,"fresh_oversampled_sketch_per_component",1,NA,NA,TRUE,"linear",1,0.438,0.00900000000000012,0.447,412.14453125,802.15234375,816.7265625,902.484375,490.33984375,"rmsd",0.547758816210181,NA,0.0291091633987053,0.547758816210181,-29673124.6062589,253044,"success","","","0.99.39"
"selected_backend__retina__plssvd__cpu__r1","selected_component_backend_panel","retina","classification","plssvd","cpu","cpu","cpu_flash","rsvd","argmax","float64",11,22402,22406,50,12,1001,1,NA,NA,"not_applicable",32,5,NA,NA,NA,NA,NA,"linear",1,0.0299999999999999,0.026,0.0559999999999999,413.67578125,423.7265625,442.25390625,510.91796875,97.2421875,"accuracy",0.927251629027939,0.927251629027939,0.742581320589585,NA,101666295,22406,"success","","","0.99.39"
"selected_backend__retina__plssvd__cpu__r2","selected_component_backend_panel","retina","classification","plssvd","cpu","cpu","cpu_flash","rsvd","argmax","float64",11,22402,22406,50,12,1002,2,NA,NA,"not_applicable",32,5,NA,NA,NA,NA,NA,"linear",1,0.0299999999999999,0.026,0.0559999999999999,413.55859375,425.47265625,441.9453125,511.36328125,97.8046875,"accuracy",0.927251629027939,0.927251629027939,0.742581320589585,NA,101666295,22406,"success","","","0.99.39"
"selected_backend__retina__plssvd__cpu__r3","selected_component_backend_panel","retina","classification","plssvd","cpu","cpu","cpu_flash","rsvd","argmax","float64",11,22402,22406,50,12,1003,3,NA,NA,"not_applicable",32,5,NA,NA,NA,NA,NA,"linear",1,0.03,0.026,0.056,413.7109375,425.609375,442.08203125,510.89453125,97.18359375,"accuracy",0.927251629027939,0.927251629027939,0.742581320589585,NA,101666295,22406,"success","","","0.99.39"
"selected_backend__retina__plssvd__cuda__r1","selected_component_backend_panel","retina","classification","plssvd","cuda","cuda","cuda_flash","rsvd","argmax","float64",11,22402,22406,50,12,1001,1,NA,NA,"not_applicable",32,5,NA,NA,NA,NA,NA,"linear",1,0.33,0.0229999999999999,0.353,413.6171875,768.05078125,789.78125,859.91796875,446.30078125,"accuracy",0.927251629027939,0.927251629027939,0.742581320589584,NA,101666295,22406,"success","","","0.99.39"
"selected_backend__retina__plssvd__cuda__r2","selected_component_backend_panel","retina","classification","plssvd","cuda","cuda","cuda_flash","rsvd","argmax","float64",11,22402,22406,50,12,1002,2,NA,NA,"not_applicable",32,5,NA,NA,NA,NA,NA,"linear",1,0.279,0.0229999999999999,0.302,413.66015625,768.59375,790.32421875,860.47265625,446.8125,"accuracy",0.927251629027939,0.927251629027939,0.742581320589585,NA,101666295,22406,"success","","","0.99.39"
"selected_backend__retina__plssvd__cuda__r3","selected_component_backend_panel","retina","classification","plssvd","cuda","cuda","cuda_flash","rsvd","argmax","float64",11,22402,22406,50,12,1003,3,NA,NA,"not_applicable",32,5,NA,NA,NA,NA,NA,"linear",1,0.277,0.024,0.301,413.66015625,768.83203125,790.55859375,860.734375,447.07421875,"accuracy",0.927251629027939,0.927251629027939,0.742581320589584,NA,101666295,22406,"success","","","0.99.39"
"selected_backend__retina__simpls__cpu__r1","selected_component_backend_panel","retina","classification","simpls","cpu","cpu","cpu_flash","rsvd","argmax","float64",30,22402,22406,50,12,1001,1,NA,NA,"ordinary_fast",32,5,"fresh_oversampled_sketch_per_component",1,NA,NA,TRUE,"linear",1,0.053,0.0269999999999999,0.08,413.62109375,421.68359375,438.5859375,509.12890625,95.5078125,"accuracy",0.967776488440596,0.967776488440596,0.844510816808036,NA,98087061,22406,"success","","","0.99.39"
"selected_backend__retina__simpls__cpu__r2","selected_component_backend_panel","retina","classification","simpls","cpu","cpu","cpu_flash","rsvd","argmax","float64",30,22402,22406,50,12,1002,2,NA,NA,"ordinary_fast",32,5,"fresh_oversampled_sketch_per_component",1,NA,NA,TRUE,"linear",1,0.053,0.026,0.0790000000000001,413.55859375,421.6171875,438.51953125,509.0234375,95.46484375,"accuracy",0.967776488440596,0.967776488440596,0.844510816808039,NA,98087061,22406,"success","","","0.99.39"
"selected_backend__retina__simpls__cpu__r3","selected_component_backend_panel","retina","classification","simpls","cpu","cpu","cpu_flash","rsvd","argmax","float64",30,22402,22406,50,12,1003,3,NA,NA,"ordinary_fast",32,5,"fresh_oversampled_sketch_per_component",1,NA,NA,TRUE,"linear",1,0.052,0.026,0.0780000000000001,413.703125,421.69921875,438.6015625,509.25,95.546875,"accuracy",0.967776488440596,0.967776488440596,0.844510816808038,NA,98087061,22406,"success","","","0.99.39"
"selected_backend__retina__simpls__cuda__r1","selected_component_backend_panel","retina","classification","simpls","cuda","cuda","cuda_flash","rsvd","argmax","float64",30,22402,22406,50,12,1001,1,NA,NA,"ordinary_fast",32,5,"fresh_oversampled_sketch_per_component",1,NA,NA,TRUE,"linear",1,0.376,0.024,0.4,413.6015625,762.93359375,786.3125,856.453125,442.8515625,"accuracy",0.967776488440596,0.967776488440596,0.844510816808037,NA,98087061,22406,"success","","","0.99.39"
"selected_backend__retina__simpls__cuda__r2","selected_component_backend_panel","retina","classification","simpls","cuda","cuda","cuda_flash","rsvd","argmax","float64",30,22402,22406,50,12,1002,2,NA,NA,"ordinary_fast",32,5,"fresh_oversampled_sketch_per_component",1,NA,NA,TRUE,"linear",1,0.316,0.024,0.34,413.7109375,762.6484375,786.02734375,856.609375,442.8984375,"accuracy",0.967776488440596,0.967776488440596,0.844510816808037,NA,98087061,22406,"success","","","0.99.39"
"selected_backend__retina__simpls__cuda__r3","selected_component_backend_panel","retina","classification","simpls","cuda","cuda","cuda_flash","rsvd","argmax","float64",30,22402,22406,50,12,1003,3,NA,NA,"ordinary_fast",32,5,"fresh_oversampled_sketch_per_component",1,NA,NA,TRUE,"linear",1,0.316,0.0229999999999999,0.339,413.59765625,763.0859375,786.46484375,857.07421875,443.4765625,"accuracy",0.967776488440596,0.967776488440596,0.844510816808038,NA,98087061,22406,"success","","","0.99.39"
"selected_backend__retina__opls__cpu__r1","selected_component_backend_panel","retina","classification","opls","cpu","cpu",NA,"rsvd","argmax","float64",22,22402,22406,50,12,1001,1,NA,NA,"ordinary_fast",32,5,"fresh_oversampled_sketch_per_component",1,NA,NA,TRUE,"linear",1,0.069,0.026,0.095,413.640625,449.51171875,449.578125,508.6953125,95.0546875,"accuracy",0.94974560385611,0.94974560385611,0.751088740300937,NA,98403185,22406,"success","","","0.99.39"
"selected_backend__retina__opls__cpu__r2","selected_component_backend_panel","retina","classification","opls","cpu","cpu",NA,"rsvd","argmax","float64",22,22402,22406,50,12,1002,2,NA,NA,"ordinary_fast",32,5,"fresh_oversampled_sketch_per_component",1,NA,NA,TRUE,"linear",1,0.0729999999999998,0.026,0.0989999999999999,413.58203125,449.5859375,449.65234375,508.15625,94.57421875,"accuracy",0.94974560385611,0.94974560385611,0.751088740300936,NA,98403185,22406,"success","","","0.99.39"
"selected_backend__retina__opls__cpu__r3","selected_component_backend_panel","retina","classification","opls","cpu","cpu",NA,"rsvd","argmax","float64",22,22402,22406,50,12,1003,3,NA,NA,"ordinary_fast",32,5,"fresh_oversampled_sketch_per_component",1,NA,NA,TRUE,"linear",1,0.071,0.026,0.097,413.5546875,449.546875,449.61328125,508.375,94.8203125,"accuracy",0.94974560385611,0.94974560385611,0.751088740300936,NA,98403185,22406,"success","","","0.99.39"
"selected_backend__retina__opls__cuda__r1","selected_component_backend_panel","retina","classification","opls","cuda","cuda",NA,"rsvd","argmax","float64",22,22402,22406,50,12,1001,1,NA,NA,"ordinary_fast",32,5,"fresh_oversampled_sketch_per_component",1,NA,NA,TRUE,"linear",1,0.364,0.0279999999999998,0.392,413.734375,783.890625,798.37890625,857.3984375,443.6640625,"accuracy",0.94974560385611,0.94974560385611,0.751088740300936,NA,98403185,22406,"success","","","0.99.39"
"selected_backend__retina__opls__cuda__r2","selected_component_backend_panel","retina","classification","opls","cuda","cuda",NA,"rsvd","argmax","float64",22,22402,22406,50,12,1002,2,NA,NA,"ordinary_fast",32,5,"fresh_oversampled_sketch_per_component",1,NA,NA,TRUE,"linear",1,0.329,0.0269999999999999,0.356,413.69921875,784.3828125,798.87109375,857.82421875,444.125,"accuracy",0.94974560385611,0.94974560385611,0.751088740300936,NA,98403185,22406,"success","","","0.99.39"
"selected_backend__retina__opls__cuda__r3","selected_component_backend_panel","retina","classification","opls","cuda","cuda",NA,"rsvd","argmax","float64",22,22402,22406,50,12,1003,3,NA,NA,"ordinary_fast",32,5,"fresh_oversampled_sketch_per_component",1,NA,NA,TRUE,"linear",1,0.322,0.028,0.35,413.6796875,782.71875,797.20703125,856.3203125,442.640625,"accuracy",0.94974560385611,0.94974560385611,0.751088740300937,NA,98403185,22406,"success","","","0.99.39"
"selected_backend__retina__kernelpls__cpu__r1","selected_component_backend_panel","retina","classification","kernelpls","cpu","cpu","cpu_flash","rsvd","argmax","float64",30,22402,22406,50,12,1001,1,NA,NA,"ordinary_fast",32,5,"fresh_oversampled_sketch_per_component",1,NA,NA,TRUE,"linear",1,0.055,0.026,0.0810000000000001,413.53515625,421.65234375,438.46875,509.06640625,95.53125,"accuracy",0.967776488440596,0.967776488440596,0.844510816808036,NA,98087061,22406,"success","","","0.99.39"
"selected_backend__retina__kernelpls__cpu__r2","selected_component_backend_panel","retina","classification","kernelpls","cpu","cpu","cpu_flash","rsvd","argmax","float64",30,22402,22406,50,12,1002,2,NA,NA,"ordinary_fast",32,5,"fresh_oversampled_sketch_per_component",1,NA,NA,TRUE,"linear",1,0.0559999999999999,0.026,0.082,413.5625,421.70703125,438.5234375,508.67578125,95.11328125,"accuracy",0.967776488440596,0.967776488440596,0.844510816808039,NA,98087061,22406,"success","","","0.99.39"
"selected_backend__retina__kernelpls__cpu__r3","selected_component_backend_panel","retina","classification","kernelpls","cpu","cpu","cpu_flash","rsvd","argmax","float64",30,22402,22406,50,12,1003,3,NA,NA,"ordinary_fast",32,5,"fresh_oversampled_sketch_per_component",1,NA,NA,TRUE,"linear",1,0.054,0.0269999999999999,0.081,413.6484375,421.64453125,438.4609375,509.20703125,95.55859375,"accuracy",0.967776488440596,0.967776488440596,0.844510816808038,NA,98087061,22406,"success","","","0.99.39"
"selected_backend__retina__kernelpls__cuda__r1","selected_component_backend_panel","retina","classification","kernelpls","cuda","cuda","cuda_flash","rsvd","argmax","float64",30,22402,22406,50,12,1001,1,NA,NA,"ordinary_fast",32,5,"fresh_oversampled_sketch_per_component",1,NA,NA,TRUE,"linear",1,0.324,0.0239999999999998,0.348,413.57421875,762.80859375,786.19140625,856.41796875,442.84375,"accuracy",0.967776488440596,0.967776488440596,0.844510816808037,NA,98087061,22406,"success","","","0.99.39"
"selected_backend__retina__kernelpls__cuda__r2","selected_component_backend_panel","retina","classification","kernelpls","cuda","cuda","cuda_flash","rsvd","argmax","float64",30,22402,22406,50,12,1002,2,NA,NA,"ordinary_fast",32,5,"fresh_oversampled_sketch_per_component",1,NA,NA,TRUE,"linear",1,0.316,0.0229999999999999,0.339,413.63671875,763.3984375,786.77734375,857.2109375,443.57421875,"accuracy",0.967776488440596,0.967776488440596,0.844510816808037,NA,98087061,22406,"success","","","0.99.39"
"selected_backend__retina__kernelpls__cuda__r3","selected_component_backend_panel","retina","classification","kernelpls","cuda","cuda","cuda_flash","rsvd","argmax","float64",30,22402,22406,50,12,1003,3,NA,NA,"ordinary_fast",32,5,"fresh_oversampled_sketch_per_component",1,NA,NA,TRUE,"linear",1,0.315,0.024,0.339,413.53125,763.33984375,786.72265625,857.078125,443.546875,"accuracy",0.967776488440596,0.967776488440596,0.844510816808038,NA,98087061,22406,"success","","","0.99.39"
"selected_backend__tabula__plssvd__cpu__r1","selected_component_backend_panel","tabula","classification","plssvd","cpu","cpu","cpu_flash","rsvd","argmax","float64",31,50043,50059,50,32,1001,1,NA,NA,"not_applicable",32,5,NA,NA,NA,NA,NA,"linear",1,0.139,0.186,0.325,440.2265625,502.27734375,563.453125,631.515625,191.2890625,"accuracy",0.779999600471444,0.779999600471444,0.552303340237561,NA,332417096,50059,"success","","","0.99.39"
"selected_backend__tabula__plssvd__cpu__r2","selected_component_backend_panel","tabula","classification","plssvd","cpu","cpu","cpu_flash","rsvd","argmax","float64",31,50043,50059,50,32,1002,2,NA,NA,"not_applicable",32,5,NA,NA,NA,NA,NA,"linear",1,0.14,0.186,0.326,440.14453125,502.24609375,563.421875,631.34765625,191.203125,"accuracy",0.779999600471444,0.779999600471444,0.552303340237561,NA,332417096,50059,"success","","","0.99.39"
"selected_backend__tabula__plssvd__cpu__r3","selected_component_backend_panel","tabula","classification","plssvd","cpu","cpu","cpu_flash","rsvd","argmax","float64",31,50043,50059,50,32,1003,3,NA,NA,"not_applicable",32,5,NA,NA,NA,NA,NA,"linear",1,0.141,0.188,0.329,440.21875,502.3203125,563.49609375,630.85546875,190.63671875,"accuracy",0.779999600471444,0.779999600471444,0.552303340237561,NA,332417096,50059,"success","","","0.99.39"
"selected_backend__tabula__plssvd__cuda__r1","selected_component_backend_panel","tabula","classification","plssvd","cuda","cuda","cuda_flash","rsvd","argmax","float64",31,50043,50059,50,32,1001,1,NA,NA,"not_applicable",32,5,NA,NA,NA,NA,NA,"linear",1,0.38,0.159,0.539,440.0625,840.5703125,926.30859375,993.8671875,553.8046875,"accuracy",0.779999600471444,0.779999600471444,0.552303340237561,NA,332417096,50059,"success","","","0.99.39"
"selected_backend__tabula__plssvd__cuda__r2","selected_component_backend_panel","tabula","classification","plssvd","cuda","cuda","cuda_flash","rsvd","argmax","float64",31,50043,50059,50,32,1002,2,NA,NA,"not_applicable",32,5,NA,NA,NA,NA,NA,"linear",1,0.308,0.165,0.473,440.02734375,839.21875,912.734375,980.6171875,540.58984375,"accuracy",0.779999600471444,0.779999600471444,0.552303340237561,NA,332417096,50059,"success","","","0.99.39"
"selected_backend__tabula__plssvd__cuda__r3","selected_component_backend_panel","tabula","classification","plssvd","cuda","cuda","cuda_flash","rsvd","argmax","float64",31,50043,50059,50,32,1003,3,NA,NA,"not_applicable",32,5,NA,NA,NA,NA,NA,"linear",1,0.312,0.169,0.481,440.13671875,839.83984375,925.578125,993.26953125,553.1328125,"accuracy",0.779999600471444,0.779999600471444,0.552303340237561,NA,332417096,50059,"success","","","0.99.39"
"selected_backend__tabula__simpls__cpu__r1","selected_component_backend_panel","tabula","classification","simpls","cpu","cpu","cpu_flash","rsvd","argmax","float64",44,50043,50059,50,32,1001,1,NA,NA,"ordinary_fast",32,5,"fresh_oversampled_sketch_per_component",1,NA,NA,TRUE,"linear",1,0.173,0.204,0.377,440.19140625,478.8125,539.98828125,607.46875,167.27734375,"accuracy",0.800435486126371,0.800435486126371,0.591760704771021,NA,332127760,50059,"success","","","0.99.39"
"selected_backend__tabula__simpls__cpu__r2","selected_component_backend_panel","tabula","classification","simpls","cpu","cpu","cpu_flash","rsvd","argmax","float64",44,50043,50059,50,32,1002,2,NA,NA,"ordinary_fast",32,5,"fresh_oversampled_sketch_per_component",1,NA,NA,TRUE,"linear",1,0.177,0.202,0.379,440.1875,478.7421875,539.91796875,607.5703125,167.3828125,"accuracy",0.800435486126371,0.800435486126371,0.591760704771021,NA,332127760,50059,"success","","","0.99.39"
"selected_backend__tabula__simpls__cpu__r3","selected_component_backend_panel","tabula","classification","simpls","cpu","cpu","cpu_flash","rsvd","argmax","float64",44,50043,50059,50,32,1003,3,NA,NA,"ordinary_fast",32,5,"fresh_oversampled_sketch_per_component",1,NA,NA,TRUE,"linear",1,0.178,0.204,0.382,440.1953125,478.75,539.92578125,607.51953125,167.32421875,"accuracy",0.800435486126371,0.800435486126371,0.591760704771021,NA,332127760,50059,"success","","","0.99.39"
"selected_backend__tabula__simpls__cuda__r1","selected_component_backend_panel","tabula","classification","simpls","cuda","cuda","cuda_flash","rsvd","argmax","float64",44,50043,50059,50,32,1001,1,NA,NA,"ordinary_fast",32,5,"fresh_oversampled_sketch_per_component",1,NA,NA,TRUE,"linear",1,0.498,0.166,0.664,440.1953125,821.43359375,870.4453125,942.8203125,502.625,"accuracy",0.800435486126371,0.800435486126371,0.591760704771021,NA,332127760,50059,"success","","","0.99.39"
"selected_backend__tabula__simpls__cuda__r2","selected_component_backend_panel","tabula","classification","simpls","cuda","cuda","cuda_flash","rsvd","argmax","float64",44,50043,50059,50,32,1002,2,NA,NA,"ordinary_fast",32,5,"fresh_oversampled_sketch_per_component",1,NA,NA,TRUE,"linear",1,0.429,0.167,0.596,440.1328125,822.296875,871.3125,943.8359375,503.703125,"accuracy",0.800435486126371,0.800435486126371,0.591760704771021,NA,332127760,50059,"success","","","0.99.39"
"selected_backend__tabula__simpls__cuda__r3","selected_component_backend_panel","tabula","classification","simpls","cuda","cuda","cuda_flash","rsvd","argmax","float64",44,50043,50059,50,32,1003,3,NA,NA,"ordinary_fast",32,5,"fresh_oversampled_sketch_per_component",1,NA,NA,TRUE,"linear",1,0.431,0.171,0.602,440.0546875,823.28125,872.296875,944.99609375,504.94140625,"accuracy",0.800435486126371,0.800435486126371,0.591760704771021,NA,332127760,50059,"success","","","0.99.39"
"selected_backend__tabula__opls__cpu__r1","selected_component_backend_panel","tabula","classification","opls","cpu","cpu",NA,"rsvd","argmax","float64",47,50043,50059,50,32,1001,1,NA,NA,"ordinary_fast",32,5,"fresh_oversampled_sketch_per_component",1,NA,NA,TRUE,"linear",1,0.255,0.183,0.438,440.10546875,560.99609375,554.1953125,621.92578125,181.8203125,"accuracy",0.798138196927625,0.798138196927625,0.562897495858698,NA,331988495,50059,"success","","","0.99.39"
"selected_backend__tabula__opls__cpu__r2","selected_component_backend_panel","tabula","classification","opls","cpu","cpu",NA,"rsvd","argmax","float64",47,50043,50059,50,32,1002,2,NA,NA,"ordinary_fast",32,5,"fresh_oversampled_sketch_per_component",1,NA,NA,TRUE,"linear",1,0.257,0.182,0.439,440.13671875,560.96484375,554.1640625,621.9140625,181.77734375,"accuracy",0.798138196927625,0.798138196927625,0.562897495858698,NA,331988495,50059,"success","","","0.99.39"
"selected_backend__tabula__opls__cpu__r3","selected_component_backend_panel","tabula","classification","opls","cpu","cpu",NA,"rsvd","argmax","float64",47,50043,50059,50,32,1003,3,NA,NA,"ordinary_fast",32,5,"fresh_oversampled_sketch_per_component",1,NA,NA,TRUE,"linear",1,0.254,0.179,0.433,440.1328125,561.02734375,554.2265625,621.76953125,181.63671875,"accuracy",0.798138196927625,0.798138196927625,0.562897495858698,NA,331988495,50059,"success","","","0.99.39"
"selected_backend__tabula__opls__cuda__r1","selected_component_backend_panel","tabula","classification","opls","cuda","cuda",NA,"rsvd","argmax","float64",47,50043,50059,50,32,1001,1,NA,NA,"ordinary_fast",32,5,"fresh_oversampled_sketch_per_component",1,NA,NA,TRUE,"linear",1,0.587,0.172,0.759,440.1015625,842.8515625,886.515625,953.7578125,513.65625,"accuracy",0.798138196927625,0.798138196927625,0.562897495858698,NA,331988495,50059,"success","","","0.99.39"
"selected_backend__tabula__opls__cuda__r2","selected_component_backend_panel","tabula","classification","opls","cuda","cuda",NA,"rsvd","argmax","float64",47,50043,50059,50,32,1002,2,NA,NA,"ordinary_fast",32,5,"fresh_oversampled_sketch_per_component",1,NA,NA,TRUE,"linear",1,0.518,0.172,0.69,440.16796875,843.95703125,887.62109375,954.64453125,514.4765625,"accuracy",0.798138196927625,0.798138196927625,0.562897495858698,NA,331988495,50059,"success","","","0.99.39"
"selected_backend__tabula__opls__cuda__r3","selected_component_backend_panel","tabula","classification","opls","cuda","cuda",NA,"rsvd","argmax","float64",47,50043,50059,50,32,1003,3,NA,NA,"ordinary_fast",32,5,"fresh_oversampled_sketch_per_component",1,NA,NA,TRUE,"linear",1,0.519,0.162,0.681,440.12890625,843.65625,911.765625,978.90234375,538.7734375,"accuracy",0.798138196927625,0.798138196927625,0.562897495858698,NA,331988495,50059,"success","","","0.99.39"
"selected_backend__tabula__kernelpls__cpu__r1","selected_component_backend_panel","tabula","classification","kernelpls","cpu","cpu","cpu_flash","rsvd","argmax","float64",44,50043,50059,50,32,1001,1,NA,NA,"ordinary_fast",32,5,"fresh_oversampled_sketch_per_component",1,NA,NA,TRUE,"linear",1,0.175,0.205,0.38,440.13671875,478.7578125,539.93359375,607.4375,167.30078125,"accuracy",0.800435486126371,0.800435486126371,0.591760704771021,NA,332127760,50059,"success","","","0.99.39"
"selected_backend__tabula__kernelpls__cpu__r2","selected_component_backend_panel","tabula","classification","kernelpls","cpu","cpu","cpu_flash","rsvd","argmax","float64",44,50043,50059,50,32,1002,2,NA,NA,"ordinary_fast",32,5,"fresh_oversampled_sketch_per_component",1,NA,NA,TRUE,"linear",1,0.176,0.203,0.379,440.21484375,478.8359375,540.01171875,607.8046875,167.58984375,"accuracy",0.800435486126371,0.800435486126371,0.591760704771021,NA,332127760,50059,"success","","","0.99.39"
"selected_backend__tabula__kernelpls__cpu__r3","selected_component_backend_panel","tabula","classification","kernelpls","cpu","cpu","cpu_flash","rsvd","argmax","float64",44,50043,50059,50,32,1003,3,NA,NA,"ordinary_fast",32,5,"fresh_oversampled_sketch_per_component",1,NA,NA,TRUE,"linear",1,0.175,0.207,0.382,440.22265625,478.890625,540.06640625,607.734375,167.51171875,"accuracy",0.800435486126371,0.800435486126371,0.591760704771021,NA,332127760,50059,"success","","","0.99.39"
"selected_backend__tabula__kernelpls__cuda__r1","selected_component_backend_panel","tabula","classification","kernelpls","cuda","cuda","cuda_flash","rsvd","argmax","float64",44,50043,50059,50,32,1001,1,NA,NA,"ordinary_fast",32,5,"fresh_oversampled_sketch_per_component",1,NA,NA,TRUE,"linear",1,0.435,0.169,0.604,440.078125,822.65234375,883.88671875,950.71484375,510.63671875,"accuracy",0.800435486126371,0.800435486126371,0.591760704771021,NA,332127760,50059,"success","","","0.99.39"
"selected_backend__tabula__kernelpls__cuda__r2","selected_component_backend_panel","tabula","classification","kernelpls","cuda","cuda","cuda_flash","rsvd","argmax","float64",44,50043,50059,50,32,1002,2,NA,NA,"ordinary_fast",32,5,"fresh_oversampled_sketch_per_component",1,NA,NA,TRUE,"linear",1,0.425,0.168,0.593,440.23828125,821.5546875,882.7890625,950.31640625,510.078125,"accuracy",0.800435486126371,0.800435486126371,0.591760704771021,NA,332127760,50059,"success","","","0.99.39"
"selected_backend__tabula__kernelpls__cuda__r3","selected_component_backend_panel","tabula","classification","kernelpls","cuda","cuda","cuda_flash","rsvd","argmax","float64",44,50043,50059,50,32,1003,3,NA,NA,"ordinary_fast",32,5,"fresh_oversampled_sketch_per_component",1,NA,NA,TRUE,"linear",1,0.425,0.172,0.597,440.12109375,821.75,882.984375,950.6640625,510.54296875,"accuracy",0.800435486126371,0.800435486126371,0.591760704771021,NA,332127760,50059,"success","","","0.99.39"
"selected_backend__tcga_brca__plssvd__cpu__r1","selected_component_backend_panel","tcga_brca","classification","plssvd","cpu","cpu","cpu_flash","rsvd","argmax","float64",3,756,88,1000,5,1001,1,NA,NA,"not_applicable",32,5,NA,NA,NA,NA,NA,"linear",1,0.014,0.003,0.017,394.91015625,397.078125,397.140625,464.328125,69.41796875,"accuracy",0.840909090909091,0.840909090909091,0.519556187648059,NA,10882,88,"success","","","0.99.39"
"selected_backend__tcga_brca__plssvd__cpu__r2","selected_component_backend_panel","tcga_brca","classification","plssvd","cpu","cpu","cpu_flash","rsvd","argmax","float64",3,756,88,1000,5,1002,2,NA,NA,"not_applicable",32,5,NA,NA,NA,NA,NA,"linear",1,0.0129999999999999,0.003,0.0159999999999999,394.8828125,397.0546875,397.1171875,464.84375,69.9609375,"accuracy",0.840909090909091,0.840909090909091,0.519556187648059,NA,10882,88,"success","","","0.99.39"
"selected_backend__tcga_brca__plssvd__cpu__r3","selected_component_backend_panel","tcga_brca","classification","plssvd","cpu","cpu","cpu_flash","rsvd","argmax","float64",3,756,88,1000,5,1003,3,NA,NA,"not_applicable",32,5,NA,NA,NA,NA,NA,"linear",1,0.013,0.003,0.016,394.87890625,397.0703125,397.1328125,464.56640625,69.6875,"accuracy",0.840909090909091,0.840909090909091,0.519556187648059,NA,10882,88,"success","","","0.99.39"
"selected_backend__tcga_brca__plssvd__cuda__r1","selected_component_backend_panel","tcga_brca","classification","plssvd","cuda","cuda","cuda_flash","rsvd","argmax","float64",3,756,88,1000,5,1001,1,NA,NA,"not_applicable",32,5,NA,NA,NA,NA,NA,"linear",1,0.32,0.004,0.324,394.87890625,739.68359375,740.5703125,808.453125,413.57421875,"accuracy",0.840909090909091,0.840909090909091,0.51955618764806,NA,10882,88,"success","","","0.99.39"
"selected_backend__tcga_brca__plssvd__cuda__r2","selected_component_backend_panel","tcga_brca","classification","plssvd","cuda","cuda","cuda_flash","rsvd","argmax","float64",3,756,88,1000,5,1002,2,NA,NA,"not_applicable",32,5,NA,NA,NA,NA,NA,"linear",1,0.274,0.004,0.278,394.86328125,739.6484375,740.53515625,807.5703125,412.70703125,"accuracy",0.840909090909091,0.840909090909091,0.519556187648059,NA,10882,88,"success","","","0.99.39"
"selected_backend__tcga_brca__plssvd__cuda__r3","selected_component_backend_panel","tcga_brca","classification","plssvd","cuda","cuda","cuda_flash","rsvd","argmax","float64",3,756,88,1000,5,1003,3,NA,NA,"not_applicable",32,5,NA,NA,NA,NA,NA,"linear",1,0.278,0.004,0.282,394.94140625,739.72265625,740.609375,807.98828125,413.046875,"accuracy",0.840909090909091,0.840909090909091,0.519556187648059,NA,10882,88,"success","","","0.99.39"
"selected_backend__tcga_brca__simpls__cpu__r1","selected_component_backend_panel","tcga_brca","classification","simpls","cpu","cpu","cpu_flash","rsvd","argmax","float64",7,756,88,1000,5,1001,1,NA,NA,"ordinary_fast",32,5,"fresh_oversampled_sketch_per_component",1,NA,NA,TRUE,"linear",1,0.02,0.003,0.023,394.9453125,396.7890625,396.8515625,464.60546875,69.66015625,"accuracy",0.852272727272727,0.852272727272727,0.573632132978149,NA,11655,88,"success","","","0.99.39"
"selected_backend__tcga_brca__simpls__cpu__r2","selected_component_backend_panel","tcga_brca","classification","simpls","cpu","cpu","cpu_flash","rsvd","argmax","float64",7,756,88,1000,5,1002,2,NA,NA,"ordinary_fast",32,5,"fresh_oversampled_sketch_per_component",1,NA,NA,TRUE,"linear",1,0.0209999999999999,0.003,0.0239999999999999,394.90234375,396.828125,396.890625,464.58203125,69.6796875,"accuracy",0.852272727272727,0.852272727272727,0.573632132978148,NA,11655,88,"success","","","0.99.39"
"selected_backend__tcga_brca__simpls__cpu__r3","selected_component_backend_panel","tcga_brca","classification","simpls","cpu","cpu","cpu_flash","rsvd","argmax","float64",7,756,88,1000,5,1003,3,NA,NA,"ordinary_fast",32,5,"fresh_oversampled_sketch_per_component",1,NA,NA,TRUE,"linear",1,0.02,0.004,0.024,394.8203125,396.72265625,396.78515625,464.45703125,69.63671875,"accuracy",0.852272727272727,0.852272727272727,0.573632132978151,NA,11655,88,"success","","","0.99.39"
"selected_backend__tcga_brca__simpls__cuda__r1","selected_component_backend_panel","tcga_brca","classification","simpls","cuda","cuda","cuda_flash","rsvd","argmax","float64",7,756,88,1000,5,1001,1,NA,NA,"ordinary_fast",32,5,"fresh_oversampled_sketch_per_component",1,NA,NA,TRUE,"linear",1,0.349,0.004,0.353,394.9453125,744.51953125,745.2578125,812.83984375,417.89453125,"accuracy",0.852272727272727,0.852272727272727,0.573632132978147,NA,11655,88,"success","","","0.99.39"
"selected_backend__tcga_brca__simpls__cuda__r2","selected_component_backend_panel","tcga_brca","classification","simpls","cuda","cuda","cuda_flash","rsvd","argmax","float64",7,756,88,1000,5,1002,2,NA,NA,"ordinary_fast",32,5,"fresh_oversampled_sketch_per_component",1,NA,NA,TRUE,"linear",1,0.298,0.004,0.302,394.9609375,744.49609375,745.23046875,811.98046875,417.01953125,"accuracy",0.852272727272727,0.852272727272727,0.573632132978148,NA,11655,88,"success","","","0.99.39"
"selected_backend__tcga_brca__simpls__cuda__r3","selected_component_backend_panel","tcga_brca","classification","simpls","cuda","cuda","cuda_flash","rsvd","argmax","float64",7,756,88,1000,5,1003,3,NA,NA,"ordinary_fast",32,5,"fresh_oversampled_sketch_per_component",1,NA,NA,TRUE,"linear",1,0.298,0.004,0.302,394.828125,744.421875,745.16015625,812.37890625,417.55078125,"accuracy",0.852272727272727,0.852272727272727,0.573632132978147,NA,11655,88,"success","","","0.99.39"
"selected_backend__tcga_brca__opls__cpu__r1","selected_component_backend_panel","tcga_brca","classification","opls","cpu","cpu",NA,"rsvd","argmax","float64",5,756,88,1000,5,1001,1,NA,NA,"ordinary_fast",32,5,"fresh_oversampled_sketch_per_component",1,NA,NA,TRUE,"linear",1,0.027,0.004,0.031,394.82421875,402.8046875,397.64453125,465.9609375,71.13671875,"accuracy",0.818181818181818,0.818181818181818,0.50504874324504,NA,11364,88,"success","","","0.99.39"
"selected_backend__tcga_brca__opls__cpu__r2","selected_component_backend_panel","tcga_brca","classification","opls","cpu","cpu",NA,"rsvd","argmax","float64",5,756,88,1000,5,1002,2,NA,NA,"ordinary_fast",32,5,"fresh_oversampled_sketch_per_component",1,NA,NA,TRUE,"linear",1,0.029,0.004,0.033,394.8125,402.796875,397.63671875,464.984375,70.171875,"accuracy",0.818181818181818,0.818181818181818,0.50504874324504,NA,11364,88,"success","","","0.99.39"
"selected_backend__tcga_brca__opls__cpu__r3","selected_component_backend_panel","tcga_brca","classification","opls","cpu","cpu",NA,"rsvd","argmax","float64",5,756,88,1000,5,1003,3,NA,NA,"ordinary_fast",32,5,"fresh_oversampled_sketch_per_component",1,NA,NA,TRUE,"linear",1,0.0279999999999999,0.004,0.0319999999999999,394.87109375,402.85546875,397.6953125,465.40234375,70.53125,"accuracy",0.818181818181818,0.818181818181818,0.50504874324504,NA,11364,88,"success","","","0.99.39"
"selected_backend__tcga_brca__opls__cuda__r1","selected_component_backend_panel","tcga_brca","classification","opls","cuda","cuda",NA,"rsvd","argmax","float64",5,756,88,1000,5,1001,1,NA,NA,"ordinary_fast",32,5,"fresh_oversampled_sketch_per_component",1,NA,NA,TRUE,"linear",1,0.35,0.00500000000000012,0.355,394.86328125,756.828125,751.12109375,818.46875,423.60546875,"accuracy",0.818181818181818,0.818181818181818,0.505048743245039,NA,11364,88,"success","","","0.99.39"
"selected_backend__tcga_brca__opls__cuda__r2","selected_component_backend_panel","tcga_brca","classification","opls","cuda","cuda",NA,"rsvd","argmax","float64",5,756,88,1000,5,1002,2,NA,NA,"ordinary_fast",32,5,"fresh_oversampled_sketch_per_component",1,NA,NA,TRUE,"linear",1,0.296,0.00500000000000012,0.301,394.85546875,756.36328125,750.65625,817.50390625,422.6484375,"accuracy",0.818181818181818,0.818181818181818,0.505048743245039,NA,11364,88,"success","","","0.99.39"
"selected_backend__tcga_brca__opls__cuda__r3","selected_component_backend_panel","tcga_brca","classification","opls","cuda","cuda",NA,"rsvd","argmax","float64",5,756,88,1000,5,1003,3,NA,NA,"ordinary_fast",32,5,"fresh_oversampled_sketch_per_component",1,NA,NA,TRUE,"linear",1,0.293,0.004,0.297,394.9296875,756.79296875,751.0859375,818.8671875,423.9375,"accuracy",0.818181818181818,0.818181818181818,0.505048743245039,NA,11364,88,"success","","","0.99.39"
"selected_backend__tcga_brca__kernelpls__cpu__r1","selected_component_backend_panel","tcga_brca","classification","kernelpls","cpu","cpu","cpu_flash","rsvd","argmax","float64",7,756,88,1000,5,1001,1,NA,NA,"ordinary_fast",32,5,"fresh_oversampled_sketch_per_component",1,NA,NA,TRUE,"linear",1,0.022,0.003,0.025,394.8515625,396.7578125,396.8203125,464.05859375,69.20703125,"accuracy",0.852272727272727,0.852272727272727,0.573632132978149,NA,11655,88,"success","","","0.99.39"
"selected_backend__tcga_brca__kernelpls__cpu__r2","selected_component_backend_panel","tcga_brca","classification","kernelpls","cpu","cpu","cpu_flash","rsvd","argmax","float64",7,756,88,1000,5,1002,2,NA,NA,"ordinary_fast",32,5,"fresh_oversampled_sketch_per_component",1,NA,NA,TRUE,"linear",1,0.022,0.003,0.025,394.9453125,396.78515625,396.84765625,464.19140625,69.24609375,"accuracy",0.852272727272727,0.852272727272727,0.573632132978148,NA,11655,88,"success","","","0.99.39"
"selected_backend__tcga_brca__kernelpls__cpu__r3","selected_component_backend_panel","tcga_brca","classification","kernelpls","cpu","cpu","cpu_flash","rsvd","argmax","float64",7,756,88,1000,5,1003,3,NA,NA,"ordinary_fast",32,5,"fresh_oversampled_sketch_per_component",1,NA,NA,TRUE,"linear",1,0.0219999999999999,0.003,0.0249999999999999,394.9453125,396.7890625,396.8515625,464.53125,69.5859375,"accuracy",0.852272727272727,0.852272727272727,0.573632132978151,NA,11655,88,"success","","","0.99.39"
"selected_backend__tcga_brca__kernelpls__cuda__r1","selected_component_backend_panel","tcga_brca","classification","kernelpls","cuda","cuda","cuda_flash","rsvd","argmax","float64",7,756,88,1000,5,1001,1,NA,NA,"ordinary_fast",32,5,"fresh_oversampled_sketch_per_component",1,NA,NA,TRUE,"linear",1,0.338,0.004,0.342,394.859375,744.5390625,745.2734375,812.9140625,418.0546875,"accuracy",0.852272727272727,0.852272727272727,0.573632132978147,NA,11655,88,"success","","","0.99.39"
"selected_backend__tcga_brca__kernelpls__cuda__r2","selected_component_backend_panel","tcga_brca","classification","kernelpls","cuda","cuda","cuda_flash","rsvd","argmax","float64",7,756,88,1000,5,1002,2,NA,NA,"ordinary_fast",32,5,"fresh_oversampled_sketch_per_component",1,NA,NA,TRUE,"linear",1,0.303,0.004,0.307,394.86328125,744.55859375,745.296875,812.59375,417.73046875,"accuracy",0.852272727272727,0.852272727272727,0.573632132978148,NA,11655,88,"success","","","0.99.39"
"selected_backend__tcga_brca__kernelpls__cuda__r3","selected_component_backend_panel","tcga_brca","classification","kernelpls","cuda","cuda","cuda_flash","rsvd","argmax","float64",7,756,88,1000,5,1003,3,NA,NA,"ordinary_fast",32,5,"fresh_oversampled_sketch_per_component",1,NA,NA,TRUE,"linear",1,0.299,0.004,0.303,394.8828125,744.59375,745.328125,812.5625,417.6796875,"accuracy",0.852272727272727,0.852272727272727,0.573632132978147,NA,11655,88,"success","","","0.99.39"
"selected_backend__tcga_hnsc_methylation__plssvd__cpu__r1","selected_component_backend_panel","tcga_hnsc_methylation","classification","plssvd","cpu","cpu","cpu_flash","rsvd","argmax","float64",1,520,58,782,2,1001,1,NA,NA,"not_applicable",32,5,NA,NA,NA,NA,NA,"linear",1,0.0089999999999999,0.003,0.0119999999999999,391.875,393.984375,394.046875,461.98046875,70.10546875,"accuracy",1,1,0.582664261796769,NA,2054,58,"success","","","0.99.39"
"selected_backend__tcga_hnsc_methylation__plssvd__cpu__r2","selected_component_backend_panel","tcga_hnsc_methylation","classification","plssvd","cpu","cpu","cpu_flash","rsvd","argmax","float64",1,520,58,782,2,1002,2,NA,NA,"not_applicable",32,5,NA,NA,NA,NA,NA,"linear",1,0.00900000000000001,0.003,0.012,391.796875,393.97265625,394.03515625,461.70703125,69.91015625,"accuracy",1,1,0.582664261796769,NA,2054,58,"success","","","0.99.39"
"selected_backend__tcga_hnsc_methylation__plssvd__cpu__r3","selected_component_backend_panel","tcga_hnsc_methylation","classification","plssvd","cpu","cpu","cpu_flash","rsvd","argmax","float64",1,520,58,782,2,1003,3,NA,NA,"not_applicable",32,5,NA,NA,NA,NA,NA,"linear",1,0.0099999999999999,0.002,0.0119999999999999,391.90234375,394.07421875,394.13671875,461.59375,69.69140625,"accuracy",1,1,0.582664261796769,NA,2054,58,"success","","","0.99.39"
"selected_backend__tcga_hnsc_methylation__plssvd__cuda__r1","selected_component_backend_panel","tcga_hnsc_methylation","classification","plssvd","cuda","cuda","cuda_flash","rsvd","argmax","float64",1,520,58,782,2,1001,1,NA,NA,"not_applicable",32,5,NA,NA,NA,NA,NA,"linear",1,0.322,0.00300000000000011,0.325,391.90625,739.73046875,740.2890625,807.32421875,415.41796875,"accuracy",1,1,0.582664261796769,NA,2054,58,"success","","","0.99.39"
"selected_backend__tcga_hnsc_methylation__plssvd__cuda__r2","selected_component_backend_panel","tcga_hnsc_methylation","classification","plssvd","cuda","cuda","cuda_flash","rsvd","argmax","float64",1,520,58,782,2,1002,2,NA,NA,"not_applicable",32,5,NA,NA,NA,NA,NA,"linear",1,0.274,0.004,0.278,391.86328125,739.140625,739.69921875,806.55078125,414.6875,"accuracy",1,1,0.582664261796769,NA,2054,58,"success","","","0.99.39"
"selected_backend__tcga_hnsc_methylation__plssvd__cuda__r3","selected_component_backend_panel","tcga_hnsc_methylation","classification","plssvd","cuda","cuda","cuda_flash","rsvd","argmax","float64",1,520,58,782,2,1003,3,NA,NA,"not_applicable",32,5,NA,NA,NA,NA,NA,"linear",1,0.272,0.00300000000000011,0.275,391.83984375,739.14453125,739.703125,806.93359375,415.09375,"accuracy",1,1,0.582664261796769,NA,2054,58,"success","","","0.99.39"
"selected_backend__tcga_hnsc_methylation__simpls__cpu__r1","selected_component_backend_panel","tcga_hnsc_methylation","classification","simpls","cpu","cpu","cpu_flash","rsvd","argmax","float64",2,520,58,782,2,1001,1,NA,NA,"ordinary_fast",32,5,"fresh_oversampled_sketch_per_component",1,NA,NA,TRUE,"linear",1,0.0109999999999999,0.003,0.0139999999999999,391.921875,393.7890625,393.8515625,461.55078125,69.62890625,"accuracy",1,1,0.596094839188676,NA,2054,58,"success","","","0.99.39"
"selected_backend__tcga_hnsc_methylation__simpls__cpu__r2","selected_component_backend_panel","tcga_hnsc_methylation","classification","simpls","cpu","cpu","cpu_flash","rsvd","argmax","float64",2,520,58,782,2,1002,2,NA,NA,"ordinary_fast",32,5,"fresh_oversampled_sketch_per_component",1,NA,NA,TRUE,"linear",1,0.011,0.002,0.013,391.9140625,393.77734375,393.83984375,461.4375,69.5234375,"accuracy",1,1,0.596094839188676,NA,2054,58,"success","","","0.99.39"
"selected_backend__tcga_hnsc_methylation__simpls__cpu__r3","selected_component_backend_panel","tcga_hnsc_methylation","classification","simpls","cpu","cpu","cpu_flash","rsvd","argmax","float64",2,520,58,782,2,1003,3,NA,NA,"ordinary_fast",32,5,"fresh_oversampled_sketch_per_component",1,NA,NA,TRUE,"linear",1,0.0109999999999999,0.003,0.0139999999999999,391.796875,393.72265625,393.78515625,461.703125,69.90625,"accuracy",1,1,0.596094839188676,NA,2054,58,"success","","","0.99.39"
"selected_backend__tcga_hnsc_methylation__simpls__cuda__r1","selected_component_backend_panel","tcga_hnsc_methylation","classification","simpls","cuda","cuda","cuda_flash","rsvd","argmax","float64",2,520,58,782,2,1001,1,NA,NA,"ordinary_fast",32,5,"fresh_oversampled_sketch_per_component",1,NA,NA,TRUE,"linear",1,0.323,0.004,0.327,391.83984375,719.90625,720.3203125,787.84375,396.00390625,"accuracy",1,1,0.596094839188675,NA,2054,58,"success","","","0.99.39"
"selected_backend__tcga_hnsc_methylation__simpls__cuda__r2","selected_component_backend_panel","tcga_hnsc_methylation","classification","simpls","cuda","cuda","cuda_flash","rsvd","argmax","float64",2,520,58,782,2,1002,2,NA,NA,"ordinary_fast",32,5,"fresh_oversampled_sketch_per_component",1,NA,NA,TRUE,"linear",1,0.269,0.004,0.273,391.89453125,719.91015625,720.32421875,787.61328125,395.71875,"accuracy",1,1,0.596094839188675,NA,2054,58,"success","","","0.99.39"
"selected_backend__tcga_hnsc_methylation__simpls__cuda__r3","selected_component_backend_panel","tcga_hnsc_methylation","classification","simpls","cuda","cuda","cuda_flash","rsvd","argmax","float64",2,520,58,782,2,1003,3,NA,NA,"ordinary_fast",32,5,"fresh_oversampled_sketch_per_component",1,NA,NA,TRUE,"linear",1,0.269,0.00300000000000011,0.272,391.8125,719.94921875,720.359375,787.80859375,395.99609375,"accuracy",1,1,0.596094839188675,NA,2054,58,"success","","","0.99.39"
"selected_backend__tcga_hnsc_methylation__opls__cpu__r1","selected_component_backend_panel","tcga_hnsc_methylation","classification","opls","cpu","cpu",NA,"rsvd","argmax","float64",1,520,58,782,2,1001,1,NA,NA,"ordinary_fast",32,5,"fresh_oversampled_sketch_per_component",1,NA,NA,TRUE,"linear",1,0.0149999999999999,0.003,0.0179999999999999,391.8125,403.17578125,400.1328125,467.88671875,76.07421875,"accuracy",1,1,0.596094839188675,NA,2054,58,"success","","","0.99.39"
"selected_backend__tcga_hnsc_methylation__opls__cpu__r2","selected_component_backend_panel","tcga_hnsc_methylation","classification","opls","cpu","cpu",NA,"rsvd","argmax","float64",1,520,58,782,2,1002,2,NA,NA,"ordinary_fast",32,5,"fresh_oversampled_sketch_per_component",1,NA,NA,TRUE,"linear",1,0.0159999999999999,0.004,0.0199999999999999,391.93359375,403.17578125,400.1328125,467.421875,75.48828125,"accuracy",1,1,0.596094839188675,NA,2054,58,"success","","","0.99.39"
"selected_backend__tcga_hnsc_methylation__opls__cpu__r3","selected_component_backend_panel","tcga_hnsc_methylation","classification","opls","cpu","cpu",NA,"rsvd","argmax","float64",1,520,58,782,2,1003,3,NA,NA,"ordinary_fast",32,5,"fresh_oversampled_sketch_per_component",1,NA,NA,TRUE,"linear",1,0.0159999999999999,0.004,0.0199999999999999,391.90234375,403.14453125,400.1015625,467.58984375,75.6875,"accuracy",1,1,0.596094839188675,NA,2054,58,"success","","","0.99.39"
"selected_backend__tcga_hnsc_methylation__opls__cuda__r1","selected_component_backend_panel","tcga_hnsc_methylation","classification","opls","cuda","cuda",NA,"rsvd","argmax","float64",1,520,58,782,2,1001,1,NA,NA,"ordinary_fast",32,5,"fresh_oversampled_sketch_per_component",1,NA,NA,TRUE,"linear",1,0.324,0.00800000000000001,0.332,391.875,717.46484375,723.1875,790.6015625,398.7265625,"accuracy",1,1,0.596094839188675,NA,2054,58,"success","","","0.99.39"
"selected_backend__tcga_hnsc_methylation__opls__cuda__r2","selected_component_backend_panel","tcga_hnsc_methylation","classification","opls","cuda","cuda",NA,"rsvd","argmax","float64",1,520,58,782,2,1002,2,NA,NA,"ordinary_fast",32,5,"fresh_oversampled_sketch_per_component",1,NA,NA,TRUE,"linear",1,0.264,0.00800000000000001,0.272,391.88671875,715.86328125,721.58203125,788.9609375,397.07421875,"accuracy",1,1,0.596094839188675,NA,2054,58,"success","","","0.99.39"
"selected_backend__tcga_hnsc_methylation__opls__cuda__r3","selected_component_backend_panel","tcga_hnsc_methylation","classification","opls","cuda","cuda",NA,"rsvd","argmax","float64",1,520,58,782,2,1003,3,NA,NA,"ordinary_fast",32,5,"fresh_oversampled_sketch_per_component",1,NA,NA,TRUE,"linear",1,0.265,0.00800000000000001,0.273,391.84375,716.30078125,722.0234375,789.56640625,397.72265625,"accuracy",1,1,0.596094839188675,NA,2054,58,"success","","","0.99.39"
"selected_backend__tcga_hnsc_methylation__kernelpls__cpu__r1","selected_component_backend_panel","tcga_hnsc_methylation","classification","kernelpls","cpu","cpu","cpu_flash","rsvd","argmax","float64",2,520,58,782,2,1001,1,NA,NA,"ordinary_fast",32,5,"fresh_oversampled_sketch_per_component",1,NA,NA,TRUE,"linear",1,0.012,0.003,0.015,391.875,393.796875,393.859375,461.7265625,69.8515625,"accuracy",1,1,0.596094839188676,NA,2054,58,"success","","","0.99.39"
"selected_backend__tcga_hnsc_methylation__kernelpls__cpu__r2","selected_component_backend_panel","tcga_hnsc_methylation","classification","kernelpls","cpu","cpu","cpu_flash","rsvd","argmax","float64",2,520,58,782,2,1002,2,NA,NA,"ordinary_fast",32,5,"fresh_oversampled_sketch_per_component",1,NA,NA,TRUE,"linear",1,0.0129999999999999,0.003,0.0159999999999999,391.921875,393.78125,393.84375,461.3359375,69.4140625,"accuracy",1,1,0.596094839188676,NA,2054,58,"success","","","0.99.39"
"selected_backend__tcga_hnsc_methylation__kernelpls__cpu__r3","selected_component_backend_panel","tcga_hnsc_methylation","classification","kernelpls","cpu","cpu","cpu_flash","rsvd","argmax","float64",2,520,58,782,2,1003,3,NA,NA,"ordinary_fast",32,5,"fresh_oversampled_sketch_per_component",1,NA,NA,TRUE,"linear",1,0.0129999999999999,0.003,0.0159999999999999,391.9140625,393.78125,393.84375,461.61328125,69.69921875,"accuracy",1,1,0.596094839188676,NA,2054,58,"success","","","0.99.39"
"selected_backend__tcga_hnsc_methylation__kernelpls__cuda__r1","selected_component_backend_panel","tcga_hnsc_methylation","classification","kernelpls","cuda","cuda","cuda_flash","rsvd","argmax","float64",2,520,58,782,2,1001,1,NA,NA,"ordinary_fast",32,5,"fresh_oversampled_sketch_per_component",1,NA,NA,TRUE,"linear",1,0.315,0.004,0.319,391.875,720.75,721.1640625,788.2421875,396.3671875,"accuracy",1,1,0.596094839188675,NA,2054,58,"success","","","0.99.39"
"selected_backend__tcga_hnsc_methylation__kernelpls__cuda__r2","selected_component_backend_panel","tcga_hnsc_methylation","classification","kernelpls","cuda","cuda","cuda_flash","rsvd","argmax","float64",2,520,58,782,2,1002,2,NA,NA,"ordinary_fast",32,5,"fresh_oversampled_sketch_per_component",1,NA,NA,TRUE,"linear",1,0.267,0.004,0.271,391.92578125,719.83984375,720.25390625,787.84375,395.91796875,"accuracy",1,1,0.596094839188675,NA,2054,58,"success","","","0.99.39"
"selected_backend__tcga_hnsc_methylation__kernelpls__cuda__r3","selected_component_backend_panel","tcga_hnsc_methylation","classification","kernelpls","cuda","cuda","cuda_flash","rsvd","argmax","float64",2,520,58,782,2,1003,3,NA,NA,"ordinary_fast",32,5,"fresh_oversampled_sketch_per_component",1,NA,NA,TRUE,"linear",1,0.27,0.00299999999999989,0.273,391.83984375,720.19140625,720.6015625,787.24609375,395.40625,"accuracy",1,1,0.596094839188675,NA,2054,58,"success","","","0.99.39"
"selected_backend__tcga_pan_cancer__plssvd__cpu__r1","selected_component_backend_panel","tcga_pan_cancer","classification","plssvd","cpu","cpu","cpu_flash","rsvd","argmax","float64",30,3000,982,850,32,1001,1,NA,NA,"not_applicable",32,5,NA,NA,NA,NA,NA,"linear",1,0.0940000000000001,0.018,0.112,414.41796875,418.90234375,425.33203125,493.03125,78.61328125,"accuracy",0.882892057026477,0.882892057026477,0.667330227833454,NA,5538227,982,"success","","","0.99.39"
"selected_backend__tcga_pan_cancer__plssvd__cpu__r2","selected_component_backend_panel","tcga_pan_cancer","classification","plssvd","cpu","cpu","cpu_flash","rsvd","argmax","float64",30,3000,982,850,32,1002,2,NA,NA,"not_applicable",32,5,NA,NA,NA,NA,NA,"linear",1,0.0950000000000001,0.018,0.113,414.48828125,418.97265625,425.40234375,493.26953125,78.78125,"accuracy",0.882892057026477,0.882892057026477,0.667330227833454,NA,5538227,982,"success","","","0.99.39"
"selected_backend__tcga_pan_cancer__plssvd__cpu__r3","selected_component_backend_panel","tcga_pan_cancer","classification","plssvd","cpu","cpu","cpu_flash","rsvd","argmax","float64",30,3000,982,850,32,1003,3,NA,NA,"not_applicable",32,5,NA,NA,NA,NA,NA,"linear",1,0.0950000000000001,0.0189999999999999,0.114,414.53515625,418.89453125,425.32421875,492.8203125,78.28515625,"accuracy",0.882892057026477,0.882892057026477,0.667330227833454,NA,5538227,982,"success","","","0.99.39"
"selected_backend__tcga_pan_cancer__plssvd__cuda__r1","selected_component_backend_panel","tcga_pan_cancer","classification","plssvd","cuda","cuda","cuda_flash","rsvd","argmax","float64",30,3000,982,850,32,1001,1,NA,NA,"not_applicable",32,5,NA,NA,NA,NA,NA,"linear",1,0.338,0.0089999999999999,0.347,414.48828125,765.65234375,772.20703125,839.85546875,425.3671875,"accuracy",0.882892057026477,0.882892057026477,0.667330227833454,NA,5538227,982,"success","","","0.99.39"
"selected_backend__tcga_pan_cancer__plssvd__cuda__r2","selected_component_backend_panel","tcga_pan_cancer","classification","plssvd","cuda","cuda","cuda_flash","rsvd","argmax","float64",30,3000,982,850,32,1002,2,NA,NA,"not_applicable",32,5,NA,NA,NA,NA,NA,"linear",1,0.29,0.0089999999999999,0.299,414.53125,765.984375,772.5390625,840.23046875,425.69921875,"accuracy",0.882892057026477,0.882892057026477,0.667330227833454,NA,5538227,982,"success","","","0.99.39"
"selected_backend__tcga_pan_cancer__plssvd__cuda__r3","selected_component_backend_panel","tcga_pan_cancer","classification","plssvd","cuda","cuda","cuda_flash","rsvd","argmax","float64",30,3000,982,850,32,1003,3,NA,NA,"not_applicable",32,5,NA,NA,NA,NA,NA,"linear",1,0.288,0.00900000000000012,0.297,414.40625,765.54296875,772.09765625,839.74609375,425.33984375,"accuracy",0.882892057026477,0.882892057026477,0.667330227833454,NA,5538227,982,"success","","","0.99.39"
"selected_backend__tcga_pan_cancer__simpls__cpu__r1","selected_component_backend_panel","tcga_pan_cancer","classification","simpls","cpu","cpu","cpu_flash","rsvd","argmax","float64",185,3000,982,850,32,1001,1,NA,NA,"ordinary_fast",32,5,"fresh_oversampled_sketch_per_component",1,NA,NA,TRUE,"linear",1,2.364,0.0179999999999998,2.382,414.484375,421.44921875,427.87890625,495.6015625,81.1171875,"accuracy",0.940936863543788,0.940936863543788,0.73887642031347,NA,5336842,982,"success","","","0.99.39"
"selected_backend__tcga_pan_cancer__simpls__cpu__r2","selected_component_backend_panel","tcga_pan_cancer","classification","simpls","cpu","cpu","cpu_flash","rsvd","argmax","float64",185,3000,982,850,32,1002,2,NA,NA,"ordinary_fast",32,5,"fresh_oversampled_sketch_per_component",1,NA,NA,TRUE,"linear",1,2.355,0.0189999999999997,2.374,414.5546875,421.5234375,427.953125,495.4609375,80.90625,"accuracy",0.940936863543788,0.940936863543788,0.738876420313429,NA,5336842,982,"success","","","0.99.39"
"selected_backend__tcga_pan_cancer__simpls__cpu__r3","selected_component_backend_panel","tcga_pan_cancer","classification","simpls","cpu","cpu","cpu_flash","rsvd","argmax","float64",185,3000,982,850,32,1003,3,NA,NA,"ordinary_fast",32,5,"fresh_oversampled_sketch_per_component",1,NA,NA,TRUE,"linear",1,2.363,0.0190000000000001,2.382,414.4375,421.46484375,427.89453125,495.03515625,80.59765625,"accuracy",0.940936863543788,0.940936863543788,0.738876420313512,NA,5336842,982,"success","","","0.99.39"
"selected_backend__tcga_pan_cancer__simpls__cuda__r1","selected_component_backend_panel","tcga_pan_cancer","classification","simpls","cuda","cuda","cuda_flash","rsvd","argmax","float64",185,3000,982,850,32,1001,1,NA,NA,"ordinary_fast",32,5,"fresh_oversampled_sketch_per_component",1,NA,NA,TRUE,"linear",1,1.003,0.00999999999999979,1.013,414.48828125,772.4453125,778.875,846.12109375,431.6328125,"accuracy",0.940936863543788,0.940936863543788,0.738876420313456,NA,5336842,982,"success","","","0.99.39"
"selected_backend__tcga_pan_cancer__simpls__cuda__r2","selected_component_backend_panel","tcga_pan_cancer","classification","simpls","cuda","cuda","cuda_flash","rsvd","argmax","float64",185,3000,982,850,32,1002,2,NA,NA,"ordinary_fast",32,5,"fresh_oversampled_sketch_per_component",1,NA,NA,TRUE,"linear",1,0.88,0.01,0.89,414.484375,772.85546875,779.28515625,847.0390625,432.5546875,"accuracy",0.940936863543788,0.940936863543788,0.738876420313477,NA,5336842,982,"success","","","0.99.39"
"selected_backend__tcga_pan_cancer__simpls__cuda__r3","selected_component_backend_panel","tcga_pan_cancer","classification","simpls","cuda","cuda","cuda_flash","rsvd","argmax","float64",185,3000,982,850,32,1003,3,NA,NA,"ordinary_fast",32,5,"fresh_oversampled_sketch_per_component",1,NA,NA,TRUE,"linear",1,0.88,0.0109999999999999,0.891,414.515625,772.125,778.55859375,846.03515625,431.51953125,"accuracy",0.940936863543788,0.940936863543788,0.738876420313477,NA,5336842,982,"success","","","0.99.39"
"selected_backend__tcga_pan_cancer__opls__cpu__r1","selected_component_backend_panel","tcga_pan_cancer","classification","opls","cpu","cpu",NA,"rsvd","argmax","float64",182,3000,982,850,32,1001,1,NA,NA,"ordinary_fast",32,5,"fresh_oversampled_sketch_per_component",1,NA,NA,TRUE,"linear",1,2.388,0.0209999999999999,2.409,414.421875,480.73828125,461.34375,529.0546875,114.6328125,"accuracy",0.938900203665988,0.938900203665988,0.710100549677276,NA,5347851,982,"success","","","0.99.39"
"selected_backend__tcga_pan_cancer__opls__cpu__r2","selected_component_backend_panel","tcga_pan_cancer","classification","opls","cpu","cpu",NA,"rsvd","argmax","float64",182,3000,982,850,32,1002,2,NA,NA,"ordinary_fast",32,5,"fresh_oversampled_sketch_per_component",1,NA,NA,TRUE,"linear",1,2.378,0.0209999999999999,2.399,414.5546875,480.8046875,461.41015625,528.625,114.0703125,"accuracy",0.938900203665988,0.938900203665988,0.710100549677203,NA,5347851,982,"success","","","0.99.39"
"selected_backend__tcga_pan_cancer__opls__cpu__r3","selected_component_backend_panel","tcga_pan_cancer","classification","opls","cpu","cpu",NA,"rsvd","argmax","float64",182,3000,982,850,32,1003,3,NA,NA,"ordinary_fast",32,5,"fresh_oversampled_sketch_per_component",1,NA,NA,TRUE,"linear",1,2.378,0.02,2.398,414.46875,480.77734375,461.3828125,529.0234375,114.5546875,"accuracy",0.938900203665988,0.938900203665988,0.710100549677273,NA,5347851,982,"success","","","0.99.39"
"selected_backend__tcga_pan_cancer__opls__cuda__r1","selected_component_backend_panel","tcga_pan_cancer","classification","opls","cuda","cuda",NA,"rsvd","argmax","float64",182,3000,982,850,32,1001,1,NA,NA,"ordinary_fast",32,5,"fresh_oversampled_sketch_per_component",1,NA,NA,TRUE,"linear",1,1.026,0.012,1.038,414.55078125,813.1328125,793.73828125,861.8203125,447.26953125,"accuracy",0.938900203665988,0.938900203665988,0.710100549677432,NA,5347851,982,"success","","","0.99.39"
"selected_backend__tcga_pan_cancer__opls__cuda__r2","selected_component_backend_panel","tcga_pan_cancer","classification","opls","cuda","cuda",NA,"rsvd","argmax","float64",182,3000,982,850,32,1002,2,NA,NA,"ordinary_fast",32,5,"fresh_oversampled_sketch_per_component",1,NA,NA,TRUE,"linear",1,0.93,0.0129999999999999,0.943,414.5703125,813.84375,794.44921875,862.2421875,447.671875,"accuracy",0.938900203665988,0.938900203665988,0.710100549677437,NA,5347851,982,"success","","","0.99.39"
"selected_backend__tcga_pan_cancer__opls__cuda__r3","selected_component_backend_panel","tcga_pan_cancer","classification","opls","cuda","cuda",NA,"rsvd","argmax","float64",182,3000,982,850,32,1003,3,NA,NA,"ordinary_fast",32,5,"fresh_oversampled_sketch_per_component",1,NA,NA,TRUE,"linear",1,0.935,0.0129999999999999,0.948,414.43359375,812.7109375,793.31640625,860.31640625,445.8828125,"accuracy",0.938900203665988,0.938900203665988,0.710100549677429,NA,5347851,982,"success","","","0.99.39"
"selected_backend__tcga_pan_cancer__kernelpls__cpu__r1","selected_component_backend_panel","tcga_pan_cancer","classification","kernelpls","cpu","cpu","cpu_flash","rsvd","argmax","float64",185,3000,982,850,32,1001,1,NA,NA,"ordinary_fast",32,5,"fresh_oversampled_sketch_per_component",1,NA,NA,TRUE,"linear",1,2.355,0.0179999999999998,2.373,414.46875,421.49609375,427.92578125,495.83203125,81.36328125,"accuracy",0.940936863543788,0.940936863543788,0.73887642031347,NA,5336842,982,"success","","","0.99.39"
"selected_backend__tcga_pan_cancer__kernelpls__cpu__r2","selected_component_backend_panel","tcga_pan_cancer","classification","kernelpls","cpu","cpu","cpu_flash","rsvd","argmax","float64",185,3000,982,850,32,1002,2,NA,NA,"ordinary_fast",32,5,"fresh_oversampled_sketch_per_component",1,NA,NA,TRUE,"linear",1,2.351,0.0189999999999997,2.37,414.46484375,421.4921875,427.921875,495.91796875,81.453125,"accuracy",0.940936863543788,0.940936863543788,0.738876420313429,NA,5336842,982,"success","","","0.99.39"
"selected_backend__tcga_pan_cancer__kernelpls__cpu__r3","selected_component_backend_panel","tcga_pan_cancer","classification","kernelpls","cpu","cpu","cpu_flash","rsvd","argmax","float64",185,3000,982,850,32,1003,3,NA,NA,"ordinary_fast",32,5,"fresh_oversampled_sketch_per_component",1,NA,NA,TRUE,"linear",1,2.368,0.0170000000000003,2.385,414.6015625,421.625,428.0546875,495.35546875,80.75390625,"accuracy",0.940936863543788,0.940936863543788,0.738876420313512,NA,5336842,982,"success","","","0.99.39"
"selected_backend__tcga_pan_cancer__kernelpls__cuda__r1","selected_component_backend_panel","tcga_pan_cancer","classification","kernelpls","cuda","cuda","cuda_flash","rsvd","argmax","float64",185,3000,982,850,32,1001,1,NA,NA,"ordinary_fast",32,5,"fresh_oversampled_sketch_per_component",1,NA,NA,TRUE,"linear",1,0.975,0.0109999999999999,0.986,414.5234375,772.09375,778.5234375,845.99609375,431.47265625,"accuracy",0.940936863543788,0.940936863543788,0.738876420313456,NA,5336842,982,"success","","","0.99.39"
"selected_backend__tcga_pan_cancer__kernelpls__cuda__r2","selected_component_backend_panel","tcga_pan_cancer","classification","kernelpls","cuda","cuda","cuda_flash","rsvd","argmax","float64",185,3000,982,850,32,1002,2,NA,NA,"ordinary_fast",32,5,"fresh_oversampled_sketch_per_component",1,NA,NA,TRUE,"linear",1,0.879,0.01,0.889,414.4921875,772.234375,778.66796875,845.84375,431.3515625,"accuracy",0.940936863543788,0.940936863543788,0.738876420313477,NA,5336842,982,"success","","","0.99.39"
"selected_backend__tcga_pan_cancer__kernelpls__cuda__r3","selected_component_backend_panel","tcga_pan_cancer","classification","kernelpls","cuda","cuda","cuda_flash","rsvd","argmax","float64",185,3000,982,850,32,1003,3,NA,NA,"ordinary_fast",32,5,"fresh_oversampled_sketch_per_component",1,NA,NA,TRUE,"linear",1,0.878,0.00999999999999979,0.888,414.40625,772.14453125,778.57421875,846.09375,431.6875,"accuracy",0.940936863543788,0.940936863543788,0.738876420313477,NA,5336842,982,"success","","","0.99.39"
