"dataset","source","task_type","condition","seed","solver","randomized_seed","rsvd_oversample","rsvd_power","n_train","n_test","p","q","response_rank","ncomp","coefficient_identifiable","fastpls_elapsed_sec","reference_elapsed_sec","prediction_correlation","prediction_relative_error","prediction_max_absolute_error","coefficient_relative_error","score_subspace_max_angle_degrees","projection_subspace_max_angle_degrees","loading_subspace_max_angle_degrees","fastpls_metric","reference_metric","metric_absolute_difference","classification_label_agreement","deterministic_tolerance_pass","approximation_tolerance_pass","status","error_message"
"syn_reg_p_lt_n_low_q","synthetic","regression","well_conditioned",101,"rsvd",1,20,2,240,80,40,5,5,2,TRUE,0.00599999999999978,0.00099999999999989,1,4.31578557322663e-16,3.10862446895044e-15,4.43047168274028e-16,0,0,1.4787793334711e-06,0.766577597209548,0.766577597209548,2.22044604925031e-16,NA,NA,TRUE,"ok",""
"syn_reg_p_lt_n_low_q","synthetic","regression","well_conditioned",101,"rsvd",1,20,2,240,80,40,5,5,5,TRUE,0.00599999999999978,0.00099999999999989,1,2.71456722216617e-10,2.11904360725157e-09,2.56712057019649e-08,0,8.53773646251594e-07,1.4787793334711e-06,0.0583897789395138,0.0583897789710647,3.15508938419917e-11,NA,NA,TRUE,"ok",""
"syn_reg_p_lt_n_low_q","synthetic","regression","well_conditioned",101,"rsvd",1,20,2,240,80,40,5,5,7,TRUE,0.00599999999999978,0.00099999999999989,1,3.09326916199856e-10,2.45277820276613e-09,2.44918175499423e-08,0,1.20741826972573e-06,1.70754729250319e-06,0.0600770340522322,0.0600770341052494,5.30171739843155e-11,NA,NA,TRUE,"ok",""
"syn_reg_p_lt_n_low_q","synthetic","regression","well_conditioned",101,"rsvd",1,20,2,240,80,40,5,5,10,TRUE,0.00599999999999978,0.00099999999999989,0.999999999999999,7.61476535931061e-10,6.51724074707261e-09,5.83833739627981e-08,1.70754729250319e-06,1.4787793334711e-06,1.70754729250319e-06,0.0622969320845714,0.0622969321243132,3.97417793118748e-11,NA,NA,TRUE,"ok",""
"syn_reg_p_lt_n_low_q","synthetic","regression","well_conditioned",101,"rsvd",7,20,2,240,80,40,5,5,2,TRUE,0.00499999999999989,0.00100000000000033,1,4.31578557322663e-16,3.10862446895044e-15,4.43047168274028e-16,0,0,1.4787793334711e-06,0.766577597209548,0.766577597209548,2.22044604925031e-16,NA,NA,TRUE,"ok",""
"syn_reg_p_lt_n_low_q","synthetic","regression","well_conditioned",101,"rsvd",7,20,2,240,80,40,5,5,5,TRUE,0.00499999999999989,0.00100000000000033,1,2.71456722216617e-10,2.11904360725157e-09,2.56712057019649e-08,0,8.53773646251594e-07,1.4787793334711e-06,0.0583897789395138,0.0583897789710647,3.15508938419917e-11,NA,NA,TRUE,"ok",""
"syn_reg_p_lt_n_low_q","synthetic","regression","well_conditioned",101,"rsvd",7,20,2,240,80,40,5,5,7,TRUE,0.00499999999999989,0.00100000000000033,1,3.09326916199856e-10,2.45277820276613e-09,2.44918175499423e-08,0,1.20741826972573e-06,1.70754729250319e-06,0.0600770340522322,0.0600770341052494,5.30171739843155e-11,NA,NA,TRUE,"ok",""
"syn_reg_p_lt_n_low_q","synthetic","regression","well_conditioned",101,"rsvd",7,20,2,240,80,40,5,5,10,TRUE,0.00499999999999989,0.00100000000000033,0.999999999999999,7.61476535931061e-10,6.51724074707261e-09,5.83833739627981e-08,1.70754729250319e-06,1.4787793334711e-06,1.70754729250319e-06,0.0622969320845714,0.0622969321243132,3.97417793118748e-11,NA,NA,TRUE,"ok",""
"syn_reg_p_lt_n_low_q","synthetic","regression","well_conditioned",101,"rsvd",19,20,2,240,80,40,5,5,2,TRUE,0.00600000000000023,0.00100000000000033,1,4.31578557322663e-16,3.10862446895044e-15,4.43047168274028e-16,0,0,1.4787793334711e-06,0.766577597209548,0.766577597209548,2.22044604925031e-16,NA,NA,TRUE,"ok",""
"syn_reg_p_lt_n_low_q","synthetic","regression","well_conditioned",101,"rsvd",19,20,2,240,80,40,5,5,5,TRUE,0.00600000000000023,0.00100000000000033,1,2.71456722216617e-10,2.11904360725157e-09,2.56712057019649e-08,0,8.53773646251594e-07,1.4787793334711e-06,0.0583897789395138,0.0583897789710647,3.15508938419917e-11,NA,NA,TRUE,"ok",""
"syn_reg_p_lt_n_low_q","synthetic","regression","well_conditioned",101,"rsvd",19,20,2,240,80,40,5,5,7,TRUE,0.00600000000000023,0.00100000000000033,1,3.09326916199856e-10,2.45277820276613e-09,2.44918175499423e-08,0,1.20741826972573e-06,1.70754729250319e-06,0.0600770340522322,0.0600770341052494,5.30171739843155e-11,NA,NA,TRUE,"ok",""
"syn_reg_p_lt_n_low_q","synthetic","regression","well_conditioned",101,"rsvd",19,20,2,240,80,40,5,5,10,TRUE,0.00600000000000023,0.00100000000000033,0.999999999999999,7.61476535931061e-10,6.51724074707261e-09,5.83833739627981e-08,1.70754729250319e-06,1.4787793334711e-06,1.70754729250319e-06,0.0622969320845714,0.0622969321243132,3.97417793118748e-11,NA,NA,TRUE,"ok",""
"syn_reg_p_lt_n_low_q","synthetic","regression","well_conditioned",101,"rsvd",43,20,2,240,80,40,5,5,2,TRUE,0.00599999999999934,0.00100000000000033,1,4.31578557322663e-16,3.10862446895044e-15,4.43047168274028e-16,0,0,1.4787793334711e-06,0.766577597209548,0.766577597209548,2.22044604925031e-16,NA,NA,TRUE,"ok",""
"syn_reg_p_lt_n_low_q","synthetic","regression","well_conditioned",101,"rsvd",43,20,2,240,80,40,5,5,5,TRUE,0.00599999999999934,0.00100000000000033,1,2.71456722216617e-10,2.11904360725157e-09,2.56712057019649e-08,0,8.53773646251594e-07,1.4787793334711e-06,0.0583897789395138,0.0583897789710647,3.15508938419917e-11,NA,NA,TRUE,"ok",""
"syn_reg_p_lt_n_low_q","synthetic","regression","well_conditioned",101,"rsvd",43,20,2,240,80,40,5,5,7,TRUE,0.00599999999999934,0.00100000000000033,1,3.09326916199856e-10,2.45277820276613e-09,2.44918175499423e-08,0,1.20741826972573e-06,1.70754729250319e-06,0.0600770340522322,0.0600770341052494,5.30171739843155e-11,NA,NA,TRUE,"ok",""
"syn_reg_p_lt_n_low_q","synthetic","regression","well_conditioned",101,"rsvd",43,20,2,240,80,40,5,5,10,TRUE,0.00599999999999934,0.00100000000000033,0.999999999999999,7.61476535931061e-10,6.51724074707261e-09,5.83833739627981e-08,1.70754729250319e-06,1.4787793334711e-06,1.70754729250319e-06,0.0622969320845714,0.0622969321243132,3.97417793118748e-11,NA,NA,TRUE,"ok",""
"syn_reg_p_lt_n_low_q","synthetic","regression","well_conditioned",101,"rsvd",123,20,2,240,80,40,5,5,2,TRUE,0.00600000000000023,0.00100000000000033,1,4.31578557322663e-16,3.10862446895044e-15,4.43047168274028e-16,0,0,1.4787793334711e-06,0.766577597209548,0.766577597209548,2.22044604925031e-16,NA,NA,TRUE,"ok",""
"syn_reg_p_lt_n_low_q","synthetic","regression","well_conditioned",101,"rsvd",123,20,2,240,80,40,5,5,5,TRUE,0.00600000000000023,0.00100000000000033,1,2.71456722216617e-10,2.11904360725157e-09,2.56712057019649e-08,0,8.53773646251594e-07,1.4787793334711e-06,0.0583897789395138,0.0583897789710647,3.15508938419917e-11,NA,NA,TRUE,"ok",""
"syn_reg_p_lt_n_low_q","synthetic","regression","well_conditioned",101,"rsvd",123,20,2,240,80,40,5,5,7,TRUE,0.00600000000000023,0.00100000000000033,1,3.09326916199856e-10,2.45277820276613e-09,2.44918175499423e-08,0,1.20741826972573e-06,1.70754729250319e-06,0.0600770340522322,0.0600770341052494,5.30171739843155e-11,NA,NA,TRUE,"ok",""
"syn_reg_p_lt_n_low_q","synthetic","regression","well_conditioned",101,"rsvd",123,20,2,240,80,40,5,5,10,TRUE,0.00600000000000023,0.00100000000000033,0.999999999999999,7.61476535931061e-10,6.51724074707261e-09,5.83833739627981e-08,1.70754729250319e-06,1.4787793334711e-06,1.70754729250319e-06,0.0622969320845714,0.0622969321243132,3.97417793118748e-11,NA,NA,TRUE,"ok",""
"syn_reg_p_gt_n","synthetic","regression","well_conditioned",101,"rsvd",1,20,2,80,40,300,6,6,2,FALSE,0.00600000000000023,0.00199999999999978,1,5.32092173946642e-16,2.66453525910038e-15,6.55813777348123e-16,0,2.9575586669422e-06,1.4787793334711e-06,0.960274288380754,0.960274288380754,2.22044604925031e-16,NA,NA,TRUE,"ok",""
"syn_reg_p_gt_n","synthetic","regression","well_conditioned",101,"rsvd",1,20,2,80,40,300,6,6,5,FALSE,0.00600000000000023,0.00199999999999978,1,6.28955914045002e-11,4.5007908511252e-10,9.25687914275661e-09,8.53773646251594e-07,1.70754729250319e-06,1.4787793334711e-06,0.0547282607291638,0.054728260728975,1.88765669761892e-13,NA,NA,TRUE,"ok",""
"syn_reg_p_gt_n","synthetic","regression","well_conditioned",101,"rsvd",1,20,2,80,40,300,6,6,7,FALSE,0.00600000000000023,0.00199999999999978,0.999999999999999,2.87539008835536e-10,2.78968670386348e-09,2.65807979415712e-08,8.53773646251594e-07,2.25887274392255e-06,1.4787793334711e-06,0.0547387976707496,0.0547387976379691,3.27804935973397e-11,NA,NA,TRUE,"ok",""
"syn_reg_p_gt_n","synthetic","regression","well_conditioned",101,"rsvd",1,20,2,80,40,300,6,6,10,FALSE,0.00600000000000023,0.00199999999999978,1,6.85950859357162e-10,6.27077323400727e-09,6.15899186445237e-08,1.20741826972573e-06,2.09130978915187e-06,1.4787793334711e-06,0.0575423312122901,0.0575423310661674,1.46122718092112e-10,NA,NA,TRUE,"ok",""
"syn_reg_p_gt_n","synthetic","regression","well_conditioned",101,"rsvd",7,20,2,80,40,300,6,6,2,FALSE,0.00600000000000023,0.00200000000000067,1,5.32092173946642e-16,2.66453525910038e-15,6.55813777348123e-16,0,2.9575586669422e-06,1.4787793334711e-06,0.960274288380754,0.960274288380754,2.22044604925031e-16,NA,NA,TRUE,"ok",""
"syn_reg_p_gt_n","synthetic","regression","well_conditioned",101,"rsvd",7,20,2,80,40,300,6,6,5,FALSE,0.00600000000000023,0.00200000000000067,1,6.28955914045002e-11,4.5007908511252e-10,9.25687914275661e-09,8.53773646251594e-07,1.70754729250319e-06,1.4787793334711e-06,0.0547282607291638,0.054728260728975,1.88765669761892e-13,NA,NA,TRUE,"ok",""
"syn_reg_p_gt_n","synthetic","regression","well_conditioned",101,"rsvd",7,20,2,80,40,300,6,6,7,FALSE,0.00600000000000023,0.00200000000000067,0.999999999999999,2.87539008835536e-10,2.78968670386348e-09,2.65807979415712e-08,8.53773646251594e-07,2.25887274392255e-06,1.4787793334711e-06,0.0547387976707496,0.0547387976379691,3.27804935973397e-11,NA,NA,TRUE,"ok",""
"syn_reg_p_gt_n","synthetic","regression","well_conditioned",101,"rsvd",7,20,2,80,40,300,6,6,10,FALSE,0.00600000000000023,0.00200000000000067,1,6.85950859357162e-10,6.27077323400727e-09,6.15899186445237e-08,1.20741826972573e-06,2.09130978915187e-06,1.4787793334711e-06,0.0575423312122901,0.0575423310661674,1.46122718092112e-10,NA,NA,TRUE,"ok",""
"syn_reg_p_gt_n","synthetic","regression","well_conditioned",101,"rsvd",19,20,2,80,40,300,6,6,2,FALSE,0.00600000000000023,0.00100000000000122,1,5.32092173946642e-16,2.66453525910038e-15,6.55813777348123e-16,0,2.9575586669422e-06,1.4787793334711e-06,0.960274288380754,0.960274288380754,2.22044604925031e-16,NA,NA,TRUE,"ok",""
"syn_reg_p_gt_n","synthetic","regression","well_conditioned",101,"rsvd",19,20,2,80,40,300,6,6,5,FALSE,0.00600000000000023,0.00100000000000122,1,6.28955914045002e-11,4.5007908511252e-10,9.25687914275661e-09,8.53773646251594e-07,1.70754729250319e-06,1.4787793334711e-06,0.0547282607291638,0.054728260728975,1.88765669761892e-13,NA,NA,TRUE,"ok",""
"syn_reg_p_gt_n","synthetic","regression","well_conditioned",101,"rsvd",19,20,2,80,40,300,6,6,7,FALSE,0.00600000000000023,0.00100000000000122,0.999999999999999,2.87539008835536e-10,2.78968670386348e-09,2.65807979415712e-08,8.53773646251594e-07,2.25887274392255e-06,1.4787793334711e-06,0.0547387976707496,0.0547387976379691,3.27804935973397e-11,NA,NA,TRUE,"ok",""
"syn_reg_p_gt_n","synthetic","regression","well_conditioned",101,"rsvd",19,20,2,80,40,300,6,6,10,FALSE,0.00600000000000023,0.00100000000000122,1,6.85950859357162e-10,6.27077323400727e-09,6.15899186445237e-08,1.20741826972573e-06,2.09130978915187e-06,1.4787793334711e-06,0.0575423312122901,0.0575423310661674,1.46122718092112e-10,NA,NA,TRUE,"ok",""
"syn_reg_p_gt_n","synthetic","regression","well_conditioned",101,"rsvd",43,20,2,80,40,300,6,6,2,FALSE,0.00600000000000023,0.00200000000000067,1,5.32092173946642e-16,2.66453525910038e-15,6.55813777348123e-16,0,2.9575586669422e-06,1.4787793334711e-06,0.960274288380754,0.960274288380754,2.22044604925031e-16,NA,NA,TRUE,"ok",""
"syn_reg_p_gt_n","synthetic","regression","well_conditioned",101,"rsvd",43,20,2,80,40,300,6,6,5,FALSE,0.00600000000000023,0.00200000000000067,1,6.28955914045002e-11,4.5007908511252e-10,9.25687914275661e-09,8.53773646251594e-07,1.70754729250319e-06,1.4787793334711e-06,0.0547282607291638,0.054728260728975,1.88765669761892e-13,NA,NA,TRUE,"ok",""
"syn_reg_p_gt_n","synthetic","regression","well_conditioned",101,"rsvd",43,20,2,80,40,300,6,6,7,FALSE,0.00600000000000023,0.00200000000000067,0.999999999999999,2.87539008835536e-10,2.78968670386348e-09,2.65807979415712e-08,8.53773646251594e-07,2.25887274392255e-06,1.4787793334711e-06,0.0547387976707496,0.0547387976379691,3.27804935973397e-11,NA,NA,TRUE,"ok",""
"syn_reg_p_gt_n","synthetic","regression","well_conditioned",101,"rsvd",43,20,2,80,40,300,6,6,10,FALSE,0.00600000000000023,0.00200000000000067,1,6.85950859357162e-10,6.27077323400727e-09,6.15899186445237e-08,1.20741826972573e-06,2.09130978915187e-06,1.4787793334711e-06,0.0575423312122901,0.0575423310661674,1.46122718092112e-10,NA,NA,TRUE,"ok",""
"syn_reg_p_gt_n","synthetic","regression","well_conditioned",101,"rsvd",123,20,2,80,40,300,6,6,2,FALSE,0.00600000000000023,0.00200000000000067,1,5.32092173946642e-16,2.66453525910038e-15,6.55813777348123e-16,0,2.9575586669422e-06,1.4787793334711e-06,0.960274288380754,0.960274288380754,2.22044604925031e-16,NA,NA,TRUE,"ok",""
"syn_reg_p_gt_n","synthetic","regression","well_conditioned",101,"rsvd",123,20,2,80,40,300,6,6,5,FALSE,0.00600000000000023,0.00200000000000067,1,6.28955914045002e-11,4.5007908511252e-10,9.25687914275661e-09,8.53773646251594e-07,1.70754729250319e-06,1.4787793334711e-06,0.0547282607291638,0.054728260728975,1.88765669761892e-13,NA,NA,TRUE,"ok",""
"syn_reg_p_gt_n","synthetic","regression","well_conditioned",101,"rsvd",123,20,2,80,40,300,6,6,7,FALSE,0.00600000000000023,0.00200000000000067,0.999999999999999,2.87539008835536e-10,2.78968670386348e-09,2.65807979415712e-08,8.53773646251594e-07,2.25887274392255e-06,1.4787793334711e-06,0.0547387976707496,0.0547387976379691,3.27804935973397e-11,NA,NA,TRUE,"ok",""
"syn_reg_p_gt_n","synthetic","regression","well_conditioned",101,"rsvd",123,20,2,80,40,300,6,6,10,FALSE,0.00600000000000023,0.00200000000000067,1,6.85950859357162e-10,6.27077323400727e-09,6.15899186445237e-08,1.20741826972573e-06,2.09130978915187e-06,1.4787793334711e-06,0.0575423312122901,0.0575423310661674,1.46122718092112e-10,NA,NA,TRUE,"ok",""
"syn_reg_high_rank_y","synthetic","regression","well_conditioned",101,"rsvd",1,20,2,180,60,90,40,40,2,TRUE,0.0169999999999995,0.00399999999999956,1,1.14956009870075e-15,1.15463194561016e-14,1.14292506880467e-15,0,1.70754729250319e-06,1.20741826972573e-06,3.7486131425833,3.7486131425833,0,NA,NA,TRUE,"ok",""
"syn_reg_high_rank_y","synthetic","regression","well_conditioned",101,"rsvd",1,20,2,180,60,90,40,40,5,TRUE,0.0169999999999995,0.00399999999999956,1,1.49667547589203e-15,2.48689957516035e-14,1.66850966400957e-15,0,1.70754729250319e-06,1.4787793334711e-06,3.22541278634905,3.22541278634905,0,NA,NA,TRUE,"ok",""
"syn_reg_high_rank_y","synthetic","regression","well_conditioned",101,"rsvd",1,20,2,180,60,90,40,40,7,TRUE,0.0169999999999995,0.00399999999999956,1,1.24643106107666e-15,1.68753899743024e-14,1.34141985516269e-15,0,8.53773646251594e-07,1.90909591041642e-06,2.89131586560798,2.89131586560798,4.44089209850063e-16,NA,NA,TRUE,"ok",""
"syn_reg_high_rank_y","synthetic","regression","well_conditioned",101,"rsvd",1,20,2,180,60,90,40,40,10,TRUE,0.0169999999999995,0.00399999999999956,1,2.09298912649332e-15,3.37507799486048e-14,2.47225406093992e-15,1.4787793334711e-06,1.20741826972573e-06,1.4787793334711e-06,2.5149056575916,2.5149056575916,4.44089209850063e-16,NA,NA,TRUE,"ok",""
"syn_reg_high_rank_y","synthetic","regression","well_conditioned",101,"rsvd",7,20,2,180,60,90,40,40,2,TRUE,0.0180000000000007,0.00300000000000011,1,1.20830447322441e-15,1.95399252334028e-14,1.27912746552389e-15,8.53773646251594e-07,1.4787793334711e-06,8.53773646251594e-07,3.7486131425833,3.7486131425833,0,NA,NA,TRUE,"ok",""
"syn_reg_high_rank_y","synthetic","regression","well_conditioned",101,"rsvd",7,20,2,180,60,90,40,40,5,TRUE,0.0180000000000007,0.00300000000000011,1,1.19615647683293e-15,1.95399252334028e-14,1.28079671201647e-15,0,1.4787793334711e-06,1.20741826972573e-06,3.22541278634905,3.22541278634905,0,NA,NA,TRUE,"ok",""
"syn_reg_high_rank_y","synthetic","regression","well_conditioned",101,"rsvd",7,20,2,180,60,90,40,40,7,TRUE,0.0180000000000007,0.00300000000000011,1,1.46037215344486e-15,1.95399252334028e-14,1.57820776851921e-15,0,2.09130978915187e-06,8.53773646251594e-07,2.89131586560798,2.89131586560798,0,NA,NA,TRUE,"ok",""
"syn_reg_high_rank_y","synthetic","regression","well_conditioned",101,"rsvd",7,20,2,180,60,90,40,40,10,TRUE,0.0180000000000007,0.00300000000000011,1,1.39129810716218e-15,2.22044604925031e-14,1.54066431059879e-15,1.4787793334711e-06,1.70754729250319e-06,8.53773646251594e-07,2.5149056575916,2.5149056575916,0,NA,NA,TRUE,"ok",""
"syn_reg_high_rank_y","synthetic","regression","well_conditioned",101,"rsvd",19,20,2,180,60,90,40,40,2,TRUE,0.0169999999999995,0.00399999999999956,1,1.85591806360993e-15,1.45994327738208e-14,1.7752540589774e-15,0,8.53773646251594e-07,8.53773646251594e-07,3.7486131425833,3.7486131425833,4.44089209850063e-16,NA,NA,TRUE,"ok",""
"syn_reg_high_rank_y","synthetic","regression","well_conditioned",101,"rsvd",19,20,2,180,60,90,40,40,5,TRUE,0.0169999999999995,0.00399999999999956,1,3.39841234279144e-15,5.15143483426073e-14,3.83708112314015e-15,0,1.70754729250319e-06,1.20741826972573e-06,3.22541278634905,3.22541278634905,0,NA,NA,TRUE,"ok",""
"syn_reg_high_rank_y","synthetic","regression","well_conditioned",101,"rsvd",19,20,2,180,60,90,40,40,7,TRUE,0.0169999999999995,0.00399999999999956,1,1.02626711736941e-15,1.59872115546023e-14,1.18305788070653e-15,0,1.90909591041642e-06,1.4787793334711e-06,2.89131586560798,2.89131586560798,0,NA,NA,TRUE,"ok",""
"syn_reg_high_rank_y","synthetic","regression","well_conditioned",101,"rsvd",19,20,2,180,60,90,40,40,10,TRUE,0.0169999999999995,0.00399999999999956,1,1.36819519943748e-15,1.86517468137026e-14,1.57537974344922e-15,8.53773646251594e-07,1.90909591041642e-06,1.4787793334711e-06,2.5149056575916,2.5149056575916,4.44089209850063e-16,NA,NA,TRUE,"ok",""
"syn_reg_high_rank_y","synthetic","regression","well_conditioned",101,"rsvd",43,20,2,180,60,90,40,40,2,TRUE,0.0170000000000012,0.00300000000000011,1,1.74854074229248e-15,1.95399252334028e-14,1.74062447132606e-15,0,8.53773646251594e-07,0,3.7486131425833,3.7486131425833,4.44089209850063e-16,NA,NA,TRUE,"ok",""
"syn_reg_high_rank_y","synthetic","regression","well_conditioned",101,"rsvd",43,20,2,180,60,90,40,40,5,TRUE,0.0170000000000012,0.00300000000000011,1,1.86624901412194e-15,3.01980662698043e-14,2.05399317646896e-15,0,2.09130978915187e-06,0,3.22541278634905,3.22541278634905,0,NA,NA,TRUE,"ok",""
"syn_reg_high_rank_y","synthetic","regression","well_conditioned",101,"rsvd",43,20,2,180,60,90,40,40,7,TRUE,0.0170000000000012,0.00300000000000011,1,1.17648928587138e-15,1.66533453693773e-14,1.32081575878186e-15,8.53773646251594e-07,1.20741826972573e-06,2.09130978915187e-06,2.89131586560798,2.89131586560798,0,NA,NA,TRUE,"ok",""
"syn_reg_high_rank_y","synthetic","regression","well_conditioned",101,"rsvd",43,20,2,180,60,90,40,40,10,TRUE,0.0170000000000012,0.00300000000000011,1,1.62507538223911e-15,2.93098878501041e-14,1.9368695875141e-15,1.4787793334711e-06,1.70754729250319e-06,1.20741826972573e-06,2.5149056575916,2.5149056575916,4.44089209850063e-16,NA,NA,TRUE,"ok",""
"syn_reg_high_rank_y","synthetic","regression","well_conditioned",101,"rsvd",123,20,2,180,60,90,40,40,2,TRUE,0.0169999999999995,0.00399999999999956,1,1.45271243403775e-15,1.33226762955019e-14,1.50238814242594e-15,0,1.90909591041642e-06,1.4787793334711e-06,3.7486131425833,3.7486131425833,0,NA,NA,TRUE,"ok",""
"syn_reg_high_rank_y","synthetic","regression","well_conditioned",101,"rsvd",123,20,2,180,60,90,40,40,5,TRUE,0.0169999999999995,0.00399999999999956,1,8.78836192712489e-16,1.24344978758018e-14,1.01575575275459e-15,0,1.20741826972573e-06,1.4787793334711e-06,3.22541278634905,3.22541278634905,0,NA,NA,TRUE,"ok",""
"syn_reg_high_rank_y","synthetic","regression","well_conditioned",101,"rsvd",123,20,2,180,60,90,40,40,7,TRUE,0.0169999999999995,0.00399999999999956,1,8.30631448684193e-16,1.06581410364015e-14,9.81599123285801e-16,8.53773646251594e-07,2.09130978915187e-06,1.70754729250319e-06,2.89131586560798,2.89131586560798,0,NA,NA,TRUE,"ok",""
"syn_reg_high_rank_y","synthetic","regression","well_conditioned",101,"rsvd",123,20,2,180,60,90,40,40,10,TRUE,0.0169999999999995,0.00399999999999956,1,1.22628444814429e-15,1.95399252334028e-14,1.33440283094038e-15,0,1.70754729250319e-06,1.4787793334711e-06,2.5149056575916,2.5149056575916,0,NA,NA,TRUE,"ok",""
"syn_reg_ill_conditioned","synthetic","regression","ill_conditioned",101,"rsvd",1,20,2,180,60,80,8,8,2,TRUE,0.00600000000000023,0.00100000000000122,1,4.04376027145388e-16,4.44089209850063e-15,4.42209444929573e-16,0,0,1.70754729250319e-06,1.52663235261002,1.52663235261002,2.22044604925031e-16,NA,NA,TRUE,"ok",""
"syn_reg_ill_conditioned","synthetic","regression","ill_conditioned",101,"rsvd",1,20,2,180,60,80,8,8,5,TRUE,0.00600000000000023,0.00100000000000122,1,3.53037819278998e-12,3.34443583938082e-11,8.929396482349e-12,8.53773646251594e-07,8.53773646251594e-07,1.70754729250319e-06,1.4742797713784,1.47427977137873,3.25073301610246e-13,NA,NA,TRUE,"ok",""
"syn_reg_ill_conditioned","synthetic","regression","ill_conditioned",101,"rsvd",1,20,2,180,60,80,8,8,7,TRUE,0.00600000000000023,0.00100000000000122,1,1.27657087989816e-11,9.82485204303885e-11,2.88762673351224e-11,1.4787793334711e-06,1.4787793334711e-06,1.70754729250319e-06,1.51404988088219,1.5140498808833,1.11399778290888e-12,NA,NA,TRUE,"ok",""
"syn_reg_ill_conditioned","synthetic","regression","ill_conditioned",101,"rsvd",1,20,2,180,60,80,8,8,10,TRUE,0.00600000000000023,0.00100000000000122,1,4.45927236854568e-11,4.29944746471733e-10,9.1115875716283e-11,1.70754729250319e-06,1.4787793334711e-06,1.70754729250319e-06,1.60226421190397,1.60226421190446,4.90274487674469e-13,NA,NA,TRUE,"ok",""
"syn_reg_ill_conditioned","synthetic","regression","ill_conditioned",101,"rsvd",7,20,2,180,60,80,8,8,2,TRUE,0.00600000000000023,0.000999999999999446,1,4.04376027145388e-16,4.44089209850063e-15,4.42209444929573e-16,0,0,1.70754729250319e-06,1.52663235261002,1.52663235261002,2.22044604925031e-16,NA,NA,TRUE,"ok",""
"syn_reg_ill_conditioned","synthetic","regression","ill_conditioned",101,"rsvd",7,20,2,180,60,80,8,8,5,TRUE,0.00600000000000023,0.000999999999999446,1,3.53037819278998e-12,3.34443583938082e-11,8.929396482349e-12,8.53773646251594e-07,8.53773646251594e-07,1.70754729250319e-06,1.4742797713784,1.47427977137873,3.25073301610246e-13,NA,NA,TRUE,"ok",""
"syn_reg_ill_conditioned","synthetic","regression","ill_conditioned",101,"rsvd",7,20,2,180,60,80,8,8,7,TRUE,0.00600000000000023,0.000999999999999446,1,1.27657087989816e-11,9.82485204303885e-11,2.88762673351224e-11,1.4787793334711e-06,1.4787793334711e-06,1.70754729250319e-06,1.51404988088219,1.5140498808833,1.11399778290888e-12,NA,NA,TRUE,"ok",""
"syn_reg_ill_conditioned","synthetic","regression","ill_conditioned",101,"rsvd",7,20,2,180,60,80,8,8,10,TRUE,0.00600000000000023,0.000999999999999446,1,4.45927236854568e-11,4.29944746471733e-10,9.1115875716283e-11,1.70754729250319e-06,1.4787793334711e-06,1.70754729250319e-06,1.60226421190397,1.60226421190446,4.90274487674469e-13,NA,NA,TRUE,"ok",""
"syn_reg_ill_conditioned","synthetic","regression","ill_conditioned",101,"rsvd",19,20,2,180,60,80,8,8,2,TRUE,0.00600000000000023,0.000999999999999446,1,4.04376027145388e-16,4.44089209850063e-15,4.42209444929573e-16,0,0,1.70754729250319e-06,1.52663235261002,1.52663235261002,2.22044604925031e-16,NA,NA,TRUE,"ok",""
"syn_reg_ill_conditioned","synthetic","regression","ill_conditioned",101,"rsvd",19,20,2,180,60,80,8,8,5,TRUE,0.00600000000000023,0.000999999999999446,1,3.53037819278998e-12,3.34443583938082e-11,8.929396482349e-12,8.53773646251594e-07,8.53773646251594e-07,1.70754729250319e-06,1.4742797713784,1.47427977137873,3.25073301610246e-13,NA,NA,TRUE,"ok",""
"syn_reg_ill_conditioned","synthetic","regression","ill_conditioned",101,"rsvd",19,20,2,180,60,80,8,8,7,TRUE,0.00600000000000023,0.000999999999999446,1,1.27657087989816e-11,9.82485204303885e-11,2.88762673351224e-11,1.4787793334711e-06,1.4787793334711e-06,1.70754729250319e-06,1.51404988088219,1.5140498808833,1.11399778290888e-12,NA,NA,TRUE,"ok",""
"syn_reg_ill_conditioned","synthetic","regression","ill_conditioned",101,"rsvd",19,20,2,180,60,80,8,8,10,TRUE,0.00600000000000023,0.000999999999999446,1,4.45927236854568e-11,4.29944746471733e-10,9.1115875716283e-11,1.70754729250319e-06,1.4787793334711e-06,1.70754729250319e-06,1.60226421190397,1.60226421190446,4.90274487674469e-13,NA,NA,TRUE,"ok",""
"syn_reg_ill_conditioned","synthetic","regression","ill_conditioned",101,"rsvd",43,20,2,180,60,80,8,8,2,TRUE,0.00600000000000023,0.00100000000000122,1,4.04376027145388e-16,4.44089209850063e-15,4.42209444929573e-16,0,0,1.70754729250319e-06,1.52663235261002,1.52663235261002,2.22044604925031e-16,NA,NA,TRUE,"ok",""
"syn_reg_ill_conditioned","synthetic","regression","ill_conditioned",101,"rsvd",43,20,2,180,60,80,8,8,5,TRUE,0.00600000000000023,0.00100000000000122,1,3.53037819278998e-12,3.34443583938082e-11,8.929396482349e-12,8.53773646251594e-07,8.53773646251594e-07,1.70754729250319e-06,1.4742797713784,1.47427977137873,3.25073301610246e-13,NA,NA,TRUE,"ok",""
"syn_reg_ill_conditioned","synthetic","regression","ill_conditioned",101,"rsvd",43,20,2,180,60,80,8,8,7,TRUE,0.00600000000000023,0.00100000000000122,1,1.27657087989816e-11,9.82485204303885e-11,2.88762673351224e-11,1.4787793334711e-06,1.4787793334711e-06,1.70754729250319e-06,1.51404988088219,1.5140498808833,1.11399778290888e-12,NA,NA,TRUE,"ok",""
"syn_reg_ill_conditioned","synthetic","regression","ill_conditioned",101,"rsvd",43,20,2,180,60,80,8,8,10,TRUE,0.00600000000000023,0.00100000000000122,1,4.45927236854568e-11,4.29944746471733e-10,9.1115875716283e-11,1.70754729250319e-06,1.4787793334711e-06,1.70754729250319e-06,1.60226421190397,1.60226421190446,4.90274487674469e-13,NA,NA,TRUE,"ok",""
"syn_reg_ill_conditioned","synthetic","regression","ill_conditioned",101,"rsvd",123,20,2,180,60,80,8,8,2,TRUE,0.00600000000000023,0.000999999999997669,1,4.04376027145388e-16,4.44089209850063e-15,4.42209444929573e-16,0,0,1.70754729250319e-06,1.52663235261002,1.52663235261002,2.22044604925031e-16,NA,NA,TRUE,"ok",""
"syn_reg_ill_conditioned","synthetic","regression","ill_conditioned",101,"rsvd",123,20,2,180,60,80,8,8,5,TRUE,0.00600000000000023,0.000999999999997669,1,3.53037819278998e-12,3.34443583938082e-11,8.929396482349e-12,8.53773646251594e-07,8.53773646251594e-07,1.70754729250319e-06,1.4742797713784,1.47427977137873,3.25073301610246e-13,NA,NA,TRUE,"ok",""
"syn_reg_ill_conditioned","synthetic","regression","ill_conditioned",101,"rsvd",123,20,2,180,60,80,8,8,7,TRUE,0.00600000000000023,0.000999999999997669,1,1.27657087989816e-11,9.82485204303885e-11,2.88762673351224e-11,1.4787793334711e-06,1.4787793334711e-06,1.70754729250319e-06,1.51404988088219,1.5140498808833,1.11399778290888e-12,NA,NA,TRUE,"ok",""
"syn_reg_ill_conditioned","synthetic","regression","ill_conditioned",101,"rsvd",123,20,2,180,60,80,8,8,10,TRUE,0.00600000000000023,0.000999999999997669,1,4.45927236854568e-11,4.29944746471733e-10,9.1115875716283e-11,1.70754729250319e-06,1.4787793334711e-06,1.70754729250319e-06,1.60226421190397,1.60226421190446,4.90274487674469e-13,NA,NA,TRUE,"ok",""
"syn_reg_rank_deficient","synthetic","regression","rank_deficient",101,"rsvd",1,20,2,150,50,100,8,8,2,FALSE,0.00600000000000023,0.000999999999997669,1,2.46602089200954e-15,1.68753899743024e-14,1.93497332207421e-15,1.4787793334711e-06,0,1.20741826972573e-06,1.83080027154579,1.83080027154579,4.44089209850063e-16,NA,NA,TRUE,"ok",""
"syn_reg_rank_deficient","synthetic","regression","rank_deficient",101,"rsvd",1,20,2,150,50,100,8,8,5,FALSE,0.00600000000000023,0.000999999999997669,1,7.26488774136177e-16,1.06581410364015e-14,7.22493339534822e-16,1.4787793334711e-06,1.4787793334711e-06,0,0.0530334319608361,0.0530334319608361,6.2450045135165e-17,NA,NA,TRUE,"ok",""
"syn_reg_rank_deficient","synthetic","regression","rank_deficient",101,"rsvd",1,20,2,150,50,100,8,8,7,FALSE,0.00600000000000023,0.000999999999997669,1,1.51188669266117e-10,1.78922227034306e-09,1.91215146458424e-08,1.90909591041642e-06,1.4787793334711e-06,2.09130978915187e-06,0.0548470658307115,0.0548470658797375,4.90259777219393e-11,NA,NA,TRUE,"ok",""
"syn_reg_rank_deficient","synthetic","regression","rank_deficient",101,"rsvd",1,20,2,150,50,100,8,8,10,FALSE,0.00600000000000023,0.000999999999997669,1,4.78943202725722e-10,4.46496073447378e-09,3.82393327457372e-08,1.4787793334711e-06,1.70754729250319e-06,1.4787793334711e-06,0.058252259892692,0.0582522597010047,1.91687353490178e-10,NA,NA,TRUE,"ok",""
"syn_reg_rank_deficient","synthetic","regression","rank_deficient",101,"rsvd",7,20,2,150,50,100,8,8,2,FALSE,0.00600000000000023,0.00199999999999889,1,2.46602089200954e-15,1.68753899743024e-14,1.93497332207421e-15,1.4787793334711e-06,0,1.20741826972573e-06,1.83080027154579,1.83080027154579,4.44089209850063e-16,NA,NA,TRUE,"ok",""
"syn_reg_rank_deficient","synthetic","regression","rank_deficient",101,"rsvd",7,20,2,150,50,100,8,8,5,FALSE,0.00600000000000023,0.00199999999999889,1,7.26488774136177e-16,1.06581410364015e-14,7.22493339534822e-16,1.4787793334711e-06,1.4787793334711e-06,0,0.0530334319608361,0.0530334319608361,6.2450045135165e-17,NA,NA,TRUE,"ok",""
"syn_reg_rank_deficient","synthetic","regression","rank_deficient",101,"rsvd",7,20,2,150,50,100,8,8,7,FALSE,0.00600000000000023,0.00199999999999889,1,1.51188669266117e-10,1.78922227034306e-09,1.91215146458424e-08,1.90909591041642e-06,1.4787793334711e-06,2.09130978915187e-06,0.0548470658307115,0.0548470658797375,4.90259777219393e-11,NA,NA,TRUE,"ok",""
"syn_reg_rank_deficient","synthetic","regression","rank_deficient",101,"rsvd",7,20,2,150,50,100,8,8,10,FALSE,0.00600000000000023,0.00199999999999889,1,4.78943202725722e-10,4.46496073447378e-09,3.82393327457372e-08,1.4787793334711e-06,1.70754729250319e-06,1.4787793334711e-06,0.058252259892692,0.0582522597010047,1.91687353490178e-10,NA,NA,TRUE,"ok",""
"syn_reg_rank_deficient","synthetic","regression","rank_deficient",101,"rsvd",19,20,2,150,50,100,8,8,2,FALSE,0.00600000000000023,0.00100000000000122,1,2.46602089200954e-15,1.68753899743024e-14,1.93497332207421e-15,1.4787793334711e-06,0,1.20741826972573e-06,1.83080027154579,1.83080027154579,4.44089209850063e-16,NA,NA,TRUE,"ok",""
"syn_reg_rank_deficient","synthetic","regression","rank_deficient",101,"rsvd",19,20,2,150,50,100,8,8,5,FALSE,0.00600000000000023,0.00100000000000122,1,7.26488774136177e-16,1.06581410364015e-14,7.22493339534822e-16,1.4787793334711e-06,1.4787793334711e-06,0,0.0530334319608361,0.0530334319608361,6.2450045135165e-17,NA,NA,TRUE,"ok",""
"syn_reg_rank_deficient","synthetic","regression","rank_deficient",101,"rsvd",19,20,2,150,50,100,8,8,7,FALSE,0.00600000000000023,0.00100000000000122,1,1.51188669266117e-10,1.78922227034306e-09,1.91215146458424e-08,1.90909591041642e-06,1.4787793334711e-06,2.09130978915187e-06,0.0548470658307115,0.0548470658797375,4.90259777219393e-11,NA,NA,TRUE,"ok",""
"syn_reg_rank_deficient","synthetic","regression","rank_deficient",101,"rsvd",19,20,2,150,50,100,8,8,10,FALSE,0.00600000000000023,0.00100000000000122,1,4.78943202725722e-10,4.46496073447378e-09,3.82393327457372e-08,1.4787793334711e-06,1.70754729250319e-06,1.4787793334711e-06,0.058252259892692,0.0582522597010047,1.91687353490178e-10,NA,NA,TRUE,"ok",""
"syn_reg_rank_deficient","synthetic","regression","rank_deficient",101,"rsvd",43,20,2,150,50,100,8,8,2,FALSE,0.00600000000000023,0.000999999999997669,1,2.46602089200954e-15,1.68753899743024e-14,1.93497332207421e-15,1.4787793334711e-06,0,1.20741826972573e-06,1.83080027154579,1.83080027154579,4.44089209850063e-16,NA,NA,TRUE,"ok",""
"syn_reg_rank_deficient","synthetic","regression","rank_deficient",101,"rsvd",43,20,2,150,50,100,8,8,5,FALSE,0.00600000000000023,0.000999999999997669,1,7.26488774136177e-16,1.06581410364015e-14,7.22493339534822e-16,1.4787793334711e-06,1.4787793334711e-06,0,0.0530334319608361,0.0530334319608361,6.2450045135165e-17,NA,NA,TRUE,"ok",""
"syn_reg_rank_deficient","synthetic","regression","rank_deficient",101,"rsvd",43,20,2,150,50,100,8,8,7,FALSE,0.00600000000000023,0.000999999999997669,1,1.51188669266117e-10,1.78922227034306e-09,1.91215146458424e-08,1.90909591041642e-06,1.4787793334711e-06,2.09130978915187e-06,0.0548470658307115,0.0548470658797375,4.90259777219393e-11,NA,NA,TRUE,"ok",""
"syn_reg_rank_deficient","synthetic","regression","rank_deficient",101,"rsvd",43,20,2,150,50,100,8,8,10,FALSE,0.00600000000000023,0.000999999999997669,1,4.78943202725722e-10,4.46496073447378e-09,3.82393327457372e-08,1.4787793334711e-06,1.70754729250319e-06,1.4787793334711e-06,0.058252259892692,0.0582522597010047,1.91687353490178e-10,NA,NA,TRUE,"ok",""
"syn_reg_rank_deficient","synthetic","regression","rank_deficient",101,"rsvd",123,20,2,150,50,100,8,8,2,FALSE,0.00700000000000145,0.00100000000000122,1,2.46602089200954e-15,1.68753899743024e-14,1.93497332207421e-15,1.4787793334711e-06,0,1.20741826972573e-06,1.83080027154579,1.83080027154579,4.44089209850063e-16,NA,NA,TRUE,"ok",""
"syn_reg_rank_deficient","synthetic","regression","rank_deficient",101,"rsvd",123,20,2,150,50,100,8,8,5,FALSE,0.00700000000000145,0.00100000000000122,1,7.26488774136177e-16,1.06581410364015e-14,7.22493339534822e-16,1.4787793334711e-06,1.4787793334711e-06,0,0.0530334319608361,0.0530334319608361,6.2450045135165e-17,NA,NA,TRUE,"ok",""
"syn_reg_rank_deficient","synthetic","regression","rank_deficient",101,"rsvd",123,20,2,150,50,100,8,8,7,FALSE,0.00700000000000145,0.00100000000000122,1,1.51188669266117e-10,1.78922227034306e-09,1.91215146458424e-08,1.90909591041642e-06,1.4787793334711e-06,2.09130978915187e-06,0.0548470658307115,0.0548470658797375,4.90259777219393e-11,NA,NA,TRUE,"ok",""
"syn_reg_rank_deficient","synthetic","regression","rank_deficient",101,"rsvd",123,20,2,150,50,100,8,8,10,FALSE,0.00700000000000145,0.00100000000000122,1,4.78943202725722e-10,4.46496073447378e-09,3.82393327457372e-08,1.4787793334711e-06,1.70754729250319e-06,1.4787793334711e-06,0.058252259892692,0.0582522597010047,1.91687353490178e-10,NA,NA,TRUE,"ok",""
"syn_cls_p_lt_n_low_rank","synthetic","classification","well_conditioned",101,"rsvd",1,20,2,300,100,40,4,3,1,TRUE,0.00500000000000256,0,1,5.71187020164838e-16,6.66133814775094e-16,1.08383733190622e-15,8.53773646251594e-07,0,1.70754729250319e-06,0.5,0.5,0,1,NA,TRUE,"ok",""
"syn_cls_p_lt_n_low_rank","synthetic","classification","well_conditioned",101,"rsvd",1,20,2,300,100,40,4,3,2,TRUE,0.00500000000000256,0,1,3.77579037163353e-16,6.66133814775094e-16,4.7159101419394e-16,1.4787793334711e-06,1.4787793334711e-06,1.70754729250319e-06,0.77,0.77,0,1,NA,TRUE,"ok",""
"syn_cls_p_lt_n_low_rank","synthetic","classification","well_conditioned",101,"rsvd",1,20,2,300,100,40,4,3,3,TRUE,0.00500000000000256,0,0.999999999999999,2.69080454274875e-15,4.38538094726937e-15,7.32231797172571e-15,1.70754729250319e-06,1.70754729250319e-06,1.70754729250319e-06,0.85,0.85,0,1,NA,TRUE,"ok",""
"syn_cls_p_lt_n_low_rank","synthetic","classification","well_conditioned",101,"rsvd",7,20,2,300,100,40,4,3,1,TRUE,0.00400000000000134,0,1,5.71187020164838e-16,6.66133814775094e-16,1.08383733190622e-15,8.53773646251594e-07,0,1.70754729250319e-06,0.5,0.5,0,1,NA,TRUE,"ok",""
"syn_cls_p_lt_n_low_rank","synthetic","classification","well_conditioned",101,"rsvd",7,20,2,300,100,40,4,3,2,TRUE,0.00400000000000134,0,1,3.77579037163353e-16,6.66133814775094e-16,4.7159101419394e-16,1.4787793334711e-06,1.4787793334711e-06,1.70754729250319e-06,0.77,0.77,0,1,NA,TRUE,"ok",""
"syn_cls_p_lt_n_low_rank","synthetic","classification","well_conditioned",101,"rsvd",7,20,2,300,100,40,4,3,3,TRUE,0.00400000000000134,0,0.999999999999999,2.69080454274875e-15,4.38538094726937e-15,7.32231797172571e-15,1.70754729250319e-06,1.70754729250319e-06,1.70754729250319e-06,0.85,0.85,0,1,NA,TRUE,"ok",""
"syn_cls_p_lt_n_low_rank","synthetic","classification","well_conditioned",101,"rsvd",19,20,2,300,100,40,4,3,1,TRUE,0.00400000000000134,0.00100000000000122,1,5.71187020164838e-16,6.66133814775094e-16,1.08383733190622e-15,8.53773646251594e-07,0,1.70754729250319e-06,0.5,0.5,0,1,NA,TRUE,"ok",""
"syn_cls_p_lt_n_low_rank","synthetic","classification","well_conditioned",101,"rsvd",19,20,2,300,100,40,4,3,2,TRUE,0.00400000000000134,0.00100000000000122,1,3.77579037163353e-16,6.66133814775094e-16,4.7159101419394e-16,1.4787793334711e-06,1.4787793334711e-06,1.70754729250319e-06,0.77,0.77,0,1,NA,TRUE,"ok",""
"syn_cls_p_lt_n_low_rank","synthetic","classification","well_conditioned",101,"rsvd",19,20,2,300,100,40,4,3,3,TRUE,0.00400000000000134,0.00100000000000122,0.999999999999999,2.69080454274875e-15,4.38538094726937e-15,7.32231797172571e-15,1.70754729250319e-06,1.70754729250319e-06,1.70754729250319e-06,0.85,0.85,0,1,NA,TRUE,"ok",""
"syn_cls_p_lt_n_low_rank","synthetic","classification","well_conditioned",101,"rsvd",43,20,2,300,100,40,4,3,1,TRUE,0.004999999999999,0.00100000000000122,1,5.71187020164838e-16,6.66133814775094e-16,1.08383733190622e-15,8.53773646251594e-07,0,1.70754729250319e-06,0.5,0.5,0,1,NA,TRUE,"ok",""
"syn_cls_p_lt_n_low_rank","synthetic","classification","well_conditioned",101,"rsvd",43,20,2,300,100,40,4,3,2,TRUE,0.004999999999999,0.00100000000000122,1,3.77579037163353e-16,6.66133814775094e-16,4.7159101419394e-16,1.4787793334711e-06,1.4787793334711e-06,1.70754729250319e-06,0.77,0.77,0,1,NA,TRUE,"ok",""
"syn_cls_p_lt_n_low_rank","synthetic","classification","well_conditioned",101,"rsvd",43,20,2,300,100,40,4,3,3,TRUE,0.004999999999999,0.00100000000000122,0.999999999999999,2.69080454274875e-15,4.38538094726937e-15,7.32231797172571e-15,1.70754729250319e-06,1.70754729250319e-06,1.70754729250319e-06,0.85,0.85,0,1,NA,TRUE,"ok",""
"syn_cls_p_lt_n_low_rank","synthetic","classification","well_conditioned",101,"rsvd",123,20,2,300,100,40,4,3,1,TRUE,0.00400000000000134,0,1,5.71187020164838e-16,6.66133814775094e-16,1.08383733190622e-15,8.53773646251594e-07,0,1.70754729250319e-06,0.5,0.5,0,1,NA,TRUE,"ok",""
"syn_cls_p_lt_n_low_rank","synthetic","classification","well_conditioned",101,"rsvd",123,20,2,300,100,40,4,3,2,TRUE,0.00400000000000134,0,1,3.77579037163353e-16,6.66133814775094e-16,4.7159101419394e-16,1.4787793334711e-06,1.4787793334711e-06,1.70754729250319e-06,0.77,0.77,0,1,NA,TRUE,"ok",""
"syn_cls_p_lt_n_low_rank","synthetic","classification","well_conditioned",101,"rsvd",123,20,2,300,100,40,4,3,3,TRUE,0.00400000000000134,0,0.999999999999999,2.69080454274875e-15,4.38538094726937e-15,7.32231797172571e-15,1.70754729250319e-06,1.70754729250319e-06,1.70754729250319e-06,0.85,0.85,0,1,NA,TRUE,"ok",""
"syn_cls_p_gt_n_high_rank","synthetic","classification","well_conditioned",101,"rsvd",1,20,2,120,60,300,12,11,1,FALSE,0.00900000000000034,0.00199999999999889,1,7.31269405752528e-16,3.33066907387547e-16,1.18543519841623e-15,0,8.53773646251594e-07,0,0.133333333333333,0.133333333333333,0,1,NA,TRUE,"ok",""
"syn_cls_p_gt_n_high_rank","synthetic","classification","well_conditioned",101,"rsvd",1,20,2,120,60,300,12,11,3,FALSE,0.00900000000000034,0.00199999999999889,1,4.19857224195509e-15,2.60902410786912e-15,5.51507282250311e-15,0,8.53773646251594e-07,2.09130978915187e-06,0.383333333333333,0.383333333333333,0,1,NA,TRUE,"ok",""
"syn_cls_p_gt_n_high_rank","synthetic","classification","well_conditioned",101,"rsvd",1,20,2,120,60,300,12,11,6,FALSE,0.00900000000000034,0.00199999999999889,1,1.2108828445225e-15,1.22124532708767e-15,1.55422589434201e-15,1.20741826972573e-06,8.53773646251594e-07,1.90909591041642e-06,0.783333333333333,0.783333333333333,0,1,NA,TRUE,"ok",""
"syn_cls_p_gt_n_high_rank","synthetic","classification","well_conditioned",101,"rsvd",1,20,2,120,60,300,12,11,8,FALSE,0.00900000000000034,0.00199999999999889,1,1.04735737307688e-15,9.99200722162641e-16,1.31278635889433e-15,0,8.53773646251594e-07,1.70754729250319e-06,0.866666666666667,0.866666666666667,0,1,NA,TRUE,"ok",""
"syn_cls_p_gt_n_high_rank","synthetic","classification","well_conditioned",101,"rsvd",1,20,2,120,60,300,12,11,10,FALSE,0.00900000000000034,0.00199999999999889,1,2.16868053515927e-15,2.44249065417534e-15,2.97184896351665e-15,1.90909591041642e-06,8.53773646251594e-07,1.90909591041642e-06,0.95,0.95,0,1,NA,TRUE,"ok",""
"syn_cls_p_gt_n_high_rank","synthetic","classification","well_conditioned",101,"rsvd",7,20,2,120,60,300,12,11,1,FALSE,0.00900000000000034,0.00199999999999889,1,7.31269405752528e-16,3.33066907387547e-16,1.18543519841623e-15,0,8.53773646251594e-07,0,0.133333333333333,0.133333333333333,0,1,NA,TRUE,"ok",""
"syn_cls_p_gt_n_high_rank","synthetic","classification","well_conditioned",101,"rsvd",7,20,2,120,60,300,12,11,3,FALSE,0.00900000000000034,0.00199999999999889,1,4.19857224195509e-15,2.60902410786912e-15,5.51507282250311e-15,0,8.53773646251594e-07,2.09130978915187e-06,0.383333333333333,0.383333333333333,0,1,NA,TRUE,"ok",""
"syn_cls_p_gt_n_high_rank","synthetic","classification","well_conditioned",101,"rsvd",7,20,2,120,60,300,12,11,6,FALSE,0.00900000000000034,0.00199999999999889,1,1.2108828445225e-15,1.22124532708767e-15,1.55422589434201e-15,1.20741826972573e-06,8.53773646251594e-07,1.90909591041642e-06,0.783333333333333,0.783333333333333,0,1,NA,TRUE,"ok",""
"syn_cls_p_gt_n_high_rank","synthetic","classification","well_conditioned",101,"rsvd",7,20,2,120,60,300,12,11,8,FALSE,0.00900000000000034,0.00199999999999889,1,1.04735737307688e-15,9.99200722162641e-16,1.31278635889433e-15,0,8.53773646251594e-07,1.70754729250319e-06,0.866666666666667,0.866666666666667,0,1,NA,TRUE,"ok",""
"syn_cls_p_gt_n_high_rank","synthetic","classification","well_conditioned",101,"rsvd",7,20,2,120,60,300,12,11,10,FALSE,0.00900000000000034,0.00199999999999889,1,2.16868053515927e-15,2.44249065417534e-15,2.97184896351665e-15,1.90909591041642e-06,8.53773646251594e-07,1.90909591041642e-06,0.95,0.95,0,1,NA,TRUE,"ok",""
"syn_cls_p_gt_n_high_rank","synthetic","classification","well_conditioned",101,"rsvd",19,20,2,120,60,300,12,11,1,FALSE,0.0100000000000016,0.00300000000000011,1,7.31269405752528e-16,3.33066907387547e-16,1.18543519841623e-15,0,8.53773646251594e-07,0,0.133333333333333,0.133333333333333,0,1,NA,TRUE,"ok",""
"syn_cls_p_gt_n_high_rank","synthetic","classification","well_conditioned",101,"rsvd",19,20,2,120,60,300,12,11,3,FALSE,0.0100000000000016,0.00300000000000011,1,4.19857224195509e-15,2.60902410786912e-15,5.51507282250311e-15,0,8.53773646251594e-07,2.09130978915187e-06,0.383333333333333,0.383333333333333,0,1,NA,TRUE,"ok",""
"syn_cls_p_gt_n_high_rank","synthetic","classification","well_conditioned",101,"rsvd",19,20,2,120,60,300,12,11,6,FALSE,0.0100000000000016,0.00300000000000011,1,1.2108828445225e-15,1.22124532708767e-15,1.55422589434201e-15,1.20741826972573e-06,8.53773646251594e-07,1.90909591041642e-06,0.783333333333333,0.783333333333333,0,1,NA,TRUE,"ok",""
"syn_cls_p_gt_n_high_rank","synthetic","classification","well_conditioned",101,"rsvd",19,20,2,120,60,300,12,11,8,FALSE,0.0100000000000016,0.00300000000000011,1,1.04735737307688e-15,9.99200722162641e-16,1.31278635889433e-15,0,8.53773646251594e-07,1.70754729250319e-06,0.866666666666667,0.866666666666667,0,1,NA,TRUE,"ok",""
"syn_cls_p_gt_n_high_rank","synthetic","classification","well_conditioned",101,"rsvd",19,20,2,120,60,300,12,11,10,FALSE,0.0100000000000016,0.00300000000000011,1,2.16868053515927e-15,2.44249065417534e-15,2.97184896351665e-15,1.90909591041642e-06,8.53773646251594e-07,1.90909591041642e-06,0.95,0.95,0,1,NA,TRUE,"ok",""
"syn_cls_p_gt_n_high_rank","synthetic","classification","well_conditioned",101,"rsvd",43,20,2,120,60,300,12,11,1,FALSE,0.00999999999999801,0.00199999999999889,1,7.31269405752528e-16,3.33066907387547e-16,1.18543519841623e-15,0,8.53773646251594e-07,0,0.133333333333333,0.133333333333333,0,1,NA,TRUE,"ok",""
"syn_cls_p_gt_n_high_rank","synthetic","classification","well_conditioned",101,"rsvd",43,20,2,120,60,300,12,11,3,FALSE,0.00999999999999801,0.00199999999999889,1,4.19857224195509e-15,2.60902410786912e-15,5.51507282250311e-15,0,8.53773646251594e-07,2.09130978915187e-06,0.383333333333333,0.383333333333333,0,1,NA,TRUE,"ok",""
"syn_cls_p_gt_n_high_rank","synthetic","classification","well_conditioned",101,"rsvd",43,20,2,120,60,300,12,11,6,FALSE,0.00999999999999801,0.00199999999999889,1,1.2108828445225e-15,1.22124532708767e-15,1.55422589434201e-15,1.20741826972573e-06,8.53773646251594e-07,1.90909591041642e-06,0.783333333333333,0.783333333333333,0,1,NA,TRUE,"ok",""
"syn_cls_p_gt_n_high_rank","synthetic","classification","well_conditioned",101,"rsvd",43,20,2,120,60,300,12,11,8,FALSE,0.00999999999999801,0.00199999999999889,1,1.04735737307688e-15,9.99200722162641e-16,1.31278635889433e-15,0,8.53773646251594e-07,1.70754729250319e-06,0.866666666666667,0.866666666666667,0,1,NA,TRUE,"ok",""
"syn_cls_p_gt_n_high_rank","synthetic","classification","well_conditioned",101,"rsvd",43,20,2,120,60,300,12,11,10,FALSE,0.00999999999999801,0.00199999999999889,1,2.16868053515927e-15,2.44249065417534e-15,2.97184896351665e-15,1.90909591041642e-06,8.53773646251594e-07,1.90909591041642e-06,0.95,0.95,0,1,NA,TRUE,"ok",""
"syn_cls_p_gt_n_high_rank","synthetic","classification","well_conditioned",101,"rsvd",123,20,2,120,60,300,12,11,1,FALSE,0.00999999999999801,0.00199999999999889,1,7.31269405752528e-16,3.33066907387547e-16,1.18543519841623e-15,0,8.53773646251594e-07,0,0.133333333333333,0.133333333333333,0,1,NA,TRUE,"ok",""
"syn_cls_p_gt_n_high_rank","synthetic","classification","well_conditioned",101,"rsvd",123,20,2,120,60,300,12,11,3,FALSE,0.00999999999999801,0.00199999999999889,1,4.19857224195509e-15,2.60902410786912e-15,5.51507282250311e-15,0,8.53773646251594e-07,2.09130978915187e-06,0.383333333333333,0.383333333333333,0,1,NA,TRUE,"ok",""
"syn_cls_p_gt_n_high_rank","synthetic","classification","well_conditioned",101,"rsvd",123,20,2,120,60,300,12,11,6,FALSE,0.00999999999999801,0.00199999999999889,1,1.2108828445225e-15,1.22124532708767e-15,1.55422589434201e-15,1.20741826972573e-06,8.53773646251594e-07,1.90909591041642e-06,0.783333333333333,0.783333333333333,0,1,NA,TRUE,"ok",""
"syn_cls_p_gt_n_high_rank","synthetic","classification","well_conditioned",101,"rsvd",123,20,2,120,60,300,12,11,8,FALSE,0.00999999999999801,0.00199999999999889,1,1.04735737307688e-15,9.99200722162641e-16,1.31278635889433e-15,0,8.53773646251594e-07,1.70754729250319e-06,0.866666666666667,0.866666666666667,0,1,NA,TRUE,"ok",""
"syn_cls_p_gt_n_high_rank","synthetic","classification","well_conditioned",101,"rsvd",123,20,2,120,60,300,12,11,10,FALSE,0.00999999999999801,0.00199999999999889,1,2.16868053515927e-15,2.44249065417534e-15,2.97184896351665e-15,1.90909591041642e-06,8.53773646251594e-07,1.90909591041642e-06,0.95,0.95,0,1,NA,TRUE,"ok",""
"syn_cls_ill_conditioned","synthetic","classification","ill_conditioned",101,"rsvd",1,20,2,180,60,120,6,5,1,TRUE,0.0069999999999979,0.00100000000000122,1,4.84230283855608e-16,3.33066907387547e-16,9.2421606691929e-16,0,0,0,0.2,0.2,0,1,NA,TRUE,"ok",""
"syn_cls_ill_conditioned","synthetic","classification","ill_conditioned",101,"rsvd",1,20,2,180,60,120,6,5,2,TRUE,0.0069999999999979,0.00100000000000122,1,4.48749664979264e-16,4.44089209850063e-16,6.74454869567226e-16,0,1.20741826972573e-06,0,0.6,0.6,0,1,NA,TRUE,"ok",""
"syn_cls_ill_conditioned","synthetic","classification","ill_conditioned",101,"rsvd",1,20,2,180,60,120,6,5,3,TRUE,0.0069999999999979,0.00100000000000122,1,6.79640756346515e-16,5.55111512312578e-16,1.04832795813969e-15,0,1.20741826972573e-06,0,0.566666666666667,0.566666666666667,0,1,NA,TRUE,"ok",""
"syn_cls_ill_conditioned","synthetic","classification","ill_conditioned",101,"rsvd",1,20,2,180,60,120,6,5,4,TRUE,0.0069999999999979,0.00100000000000122,1,4.35608212312514e-13,4.49973391880576e-13,8.50434703573733e-13,1.4787793334711e-06,1.70754729250319e-06,0,0.566666666666667,0.566666666666667,0,1,NA,TRUE,"ok",""
"syn_cls_ill_conditioned","synthetic","classification","ill_conditioned",101,"rsvd",1,20,2,180,60,120,6,5,5,TRUE,0.0069999999999979,0.00100000000000122,1,5.99444322427189e-13,6.68687327731732e-13,9.5292115707437e-13,1.20741826972573e-06,1.70754729250319e-06,0,0.5,0.5,0,1,NA,TRUE,"ok",""
"syn_cls_ill_conditioned","synthetic","classification","ill_conditioned",101,"rsvd",7,20,2,180,60,120,6,5,1,TRUE,0.00700000000000145,0.000999999999997669,1,4.84230283855608e-16,3.33066907387547e-16,9.2421606691929e-16,0,0,0,0.2,0.2,0,1,NA,TRUE,"ok",""
"syn_cls_ill_conditioned","synthetic","classification","ill_conditioned",101,"rsvd",7,20,2,180,60,120,6,5,2,TRUE,0.00700000000000145,0.000999999999997669,1,4.48749664979264e-16,4.44089209850063e-16,6.74454869567226e-16,0,1.20741826972573e-06,0,0.6,0.6,0,1,NA,TRUE,"ok",""
"syn_cls_ill_conditioned","synthetic","classification","ill_conditioned",101,"rsvd",7,20,2,180,60,120,6,5,3,TRUE,0.00700000000000145,0.000999999999997669,1,6.79640756346515e-16,5.55111512312578e-16,1.04832795813969e-15,0,1.20741826972573e-06,0,0.566666666666667,0.566666666666667,0,1,NA,TRUE,"ok",""
"syn_cls_ill_conditioned","synthetic","classification","ill_conditioned",101,"rsvd",7,20,2,180,60,120,6,5,4,TRUE,0.00700000000000145,0.000999999999997669,1,4.35608212312514e-13,4.49973391880576e-13,8.50434703573733e-13,1.4787793334711e-06,1.70754729250319e-06,0,0.566666666666667,0.566666666666667,0,1,NA,TRUE,"ok",""
"syn_cls_ill_conditioned","synthetic","classification","ill_conditioned",101,"rsvd",7,20,2,180,60,120,6,5,5,TRUE,0.00700000000000145,0.000999999999997669,1,5.99444322427189e-13,6.68687327731732e-13,9.5292115707437e-13,1.20741826972573e-06,1.70754729250319e-06,0,0.5,0.5,0,1,NA,TRUE,"ok",""
"syn_cls_ill_conditioned","synthetic","classification","ill_conditioned",101,"rsvd",19,20,2,180,60,120,6,5,1,TRUE,0.00700000000000145,0.000999999999997669,1,4.84230283855608e-16,3.33066907387547e-16,9.2421606691929e-16,0,0,0,0.2,0.2,0,1,NA,TRUE,"ok",""
"syn_cls_ill_conditioned","synthetic","classification","ill_conditioned",101,"rsvd",19,20,2,180,60,120,6,5,2,TRUE,0.00700000000000145,0.000999999999997669,1,4.48749664979264e-16,4.44089209850063e-16,6.74454869567226e-16,0,1.20741826972573e-06,0,0.6,0.6,0,1,NA,TRUE,"ok",""
"syn_cls_ill_conditioned","synthetic","classification","ill_conditioned",101,"rsvd",19,20,2,180,60,120,6,5,3,TRUE,0.00700000000000145,0.000999999999997669,1,6.79640756346515e-16,5.55111512312578e-16,1.04832795813969e-15,0,1.20741826972573e-06,0,0.566666666666667,0.566666666666667,0,1,NA,TRUE,"ok",""
"syn_cls_ill_conditioned","synthetic","classification","ill_conditioned",101,"rsvd",19,20,2,180,60,120,6,5,4,TRUE,0.00700000000000145,0.000999999999997669,1,4.35608212312514e-13,4.49973391880576e-13,8.50434703573733e-13,1.4787793334711e-06,1.70754729250319e-06,0,0.566666666666667,0.566666666666667,0,1,NA,TRUE,"ok",""
"syn_cls_ill_conditioned","synthetic","classification","ill_conditioned",101,"rsvd",19,20,2,180,60,120,6,5,5,TRUE,0.00700000000000145,0.000999999999997669,1,5.99444322427189e-13,6.68687327731732e-13,9.5292115707437e-13,1.20741826972573e-06,1.70754729250319e-06,0,0.5,0.5,0,1,NA,TRUE,"ok",""
"syn_cls_ill_conditioned","synthetic","classification","ill_conditioned",101,"rsvd",43,20,2,180,60,120,6,5,1,TRUE,0.00700000000000145,0,1,4.84230283855608e-16,3.33066907387547e-16,9.2421606691929e-16,0,0,0,0.2,0.2,0,1,NA,TRUE,"ok",""
"syn_cls_ill_conditioned","synthetic","classification","ill_conditioned",101,"rsvd",43,20,2,180,60,120,6,5,2,TRUE,0.00700000000000145,0,1,4.48749664979264e-16,4.44089209850063e-16,6.74454869567226e-16,0,1.20741826972573e-06,0,0.6,0.6,0,1,NA,TRUE,"ok",""
"syn_cls_ill_conditioned","synthetic","classification","ill_conditioned",101,"rsvd",43,20,2,180,60,120,6,5,3,TRUE,0.00700000000000145,0,1,6.79640756346515e-16,5.55111512312578e-16,1.04832795813969e-15,0,1.20741826972573e-06,0,0.566666666666667,0.566666666666667,0,1,NA,TRUE,"ok",""
"syn_cls_ill_conditioned","synthetic","classification","ill_conditioned",101,"rsvd",43,20,2,180,60,120,6,5,4,TRUE,0.00700000000000145,0,1,4.35608212312514e-13,4.49973391880576e-13,8.50434703573733e-13,1.4787793334711e-06,1.70754729250319e-06,0,0.566666666666667,0.566666666666667,0,1,NA,TRUE,"ok",""
"syn_cls_ill_conditioned","synthetic","classification","ill_conditioned",101,"rsvd",43,20,2,180,60,120,6,5,5,TRUE,0.00700000000000145,0,1,5.99444322427189e-13,6.68687327731732e-13,9.5292115707437e-13,1.20741826972573e-06,1.70754729250319e-06,0,0.5,0.5,0,1,NA,TRUE,"ok",""
"syn_cls_ill_conditioned","synthetic","classification","ill_conditioned",101,"rsvd",123,20,2,180,60,120,6,5,1,TRUE,0.0069999999999979,0,1,4.84230283855608e-16,3.33066907387547e-16,9.2421606691929e-16,0,0,0,0.2,0.2,0,1,NA,TRUE,"ok",""
"syn_cls_ill_conditioned","synthetic","classification","ill_conditioned",101,"rsvd",123,20,2,180,60,120,6,5,2,TRUE,0.0069999999999979,0,1,4.48749664979264e-16,4.44089209850063e-16,6.74454869567226e-16,0,1.20741826972573e-06,0,0.6,0.6,0,1,NA,TRUE,"ok",""
"syn_cls_ill_conditioned","synthetic","classification","ill_conditioned",101,"rsvd",123,20,2,180,60,120,6,5,3,TRUE,0.0069999999999979,0,1,6.79640756346515e-16,5.55111512312578e-16,1.04832795813969e-15,0,1.20741826972573e-06,0,0.566666666666667,0.566666666666667,0,1,NA,TRUE,"ok",""
"syn_cls_ill_conditioned","synthetic","classification","ill_conditioned",101,"rsvd",123,20,2,180,60,120,6,5,4,TRUE,0.0069999999999979,0,1,4.35608212312514e-13,4.49973391880576e-13,8.50434703573733e-13,1.4787793334711e-06,1.70754729250319e-06,0,0.566666666666667,0.566666666666667,0,1,NA,TRUE,"ok",""
"syn_cls_ill_conditioned","synthetic","classification","ill_conditioned",101,"rsvd",123,20,2,180,60,120,6,5,5,TRUE,0.0069999999999979,0,1,5.99444322427189e-13,6.68687327731732e-13,9.5292115707437e-13,1.20741826972573e-06,1.70754729250319e-06,0,0.5,0.5,0,1,NA,TRUE,"ok",""
"syn_reg_p_lt_n_low_q","synthetic","regression","well_conditioned",202,"rsvd",1,20,2,240,80,40,5,5,2,TRUE,0.00500000000000256,0.00100000000000122,1,3.45252466985599e-16,2.66453525910038e-15,4.1845410724388e-16,1.70754729250319e-06,8.53773646251594e-07,0,0.533641813681024,0.533641813681024,1.11022302462516e-16,NA,NA,TRUE,"ok",""
"syn_reg_p_lt_n_low_q","synthetic","regression","well_conditioned",202,"rsvd",1,20,2,240,80,40,5,5,5,TRUE,0.00500000000000256,0.00100000000000122,1,1.28482654947756e-10,8.36822167116225e-10,1.17318348245393e-08,0,1.4787793334711e-06,8.53773646251594e-07,0.0580564579934246,0.0580564579939085,4.83925399752394e-13,NA,NA,TRUE,"ok",""
"syn_reg_p_lt_n_low_q","synthetic","regression","well_conditioned",202,"rsvd",1,20,2,240,80,40,5,5,7,TRUE,0.00500000000000256,0.00100000000000122,0.999999999999999,2.92772172286138e-10,2.43983944159254e-09,2.25202137972728e-08,1.4787793334711e-06,8.53773646251594e-07,8.53773646251594e-07,0.0592671976038626,0.05926719756341,4.04525232755581e-11,NA,NA,TRUE,"ok",""
"syn_reg_p_lt_n_low_q","synthetic","regression","well_conditioned",202,"rsvd",1,20,2,240,80,40,5,5,10,TRUE,0.00500000000000256,0.00100000000000122,1,6.79874258295286e-10,4.05814759574241e-09,4.55756482164398e-08,0,1.4787793334711e-06,8.53773646251594e-07,0.0603874630087897,0.060387462986219,2.25707161294331e-11,NA,NA,TRUE,"ok",""
"syn_reg_p_lt_n_low_q","synthetic","regression","well_conditioned",202,"rsvd",7,20,2,240,80,40,5,5,2,TRUE,0.00600000000000023,0.00100000000000122,1,3.45252466985599e-16,2.66453525910038e-15,4.1845410724388e-16,1.70754729250319e-06,8.53773646251594e-07,0,0.533641813681024,0.533641813681024,1.11022302462516e-16,NA,NA,TRUE,"ok",""
"syn_reg_p_lt_n_low_q","synthetic","regression","well_conditioned",202,"rsvd",7,20,2,240,80,40,5,5,5,TRUE,0.00600000000000023,0.00100000000000122,1,1.28482654947756e-10,8.36822167116225e-10,1.17318348245393e-08,0,1.4787793334711e-06,8.53773646251594e-07,0.0580564579934246,0.0580564579939085,4.83925399752394e-13,NA,NA,TRUE,"ok",""
"syn_reg_p_lt_n_low_q","synthetic","regression","well_conditioned",202,"rsvd",7,20,2,240,80,40,5,5,7,TRUE,0.00600000000000023,0.00100000000000122,0.999999999999999,2.92772172286138e-10,2.43983944159254e-09,2.25202137972728e-08,1.4787793334711e-06,8.53773646251594e-07,8.53773646251594e-07,0.0592671976038626,0.05926719756341,4.04525232755581e-11,NA,NA,TRUE,"ok",""
"syn_reg_p_lt_n_low_q","synthetic","regression","well_conditioned",202,"rsvd",7,20,2,240,80,40,5,5,10,TRUE,0.00600000000000023,0.00100000000000122,1,6.79874258295286e-10,4.05814759574241e-09,4.55756482164398e-08,0,1.4787793334711e-06,8.53773646251594e-07,0.0603874630087897,0.060387462986219,2.25707161294331e-11,NA,NA,TRUE,"ok",""
"syn_reg_p_lt_n_low_q","synthetic","regression","well_conditioned",202,"rsvd",19,20,2,240,80,40,5,5,2,TRUE,0.00599999999999667,0.00100000000000122,1,3.45252466985599e-16,2.66453525910038e-15,4.1845410724388e-16,1.70754729250319e-06,8.53773646251594e-07,0,0.533641813681024,0.533641813681024,1.11022302462516e-16,NA,NA,TRUE,"ok",""
"syn_reg_p_lt_n_low_q","synthetic","regression","well_conditioned",202,"rsvd",19,20,2,240,80,40,5,5,5,TRUE,0.00599999999999667,0.00100000000000122,1,1.28482654947756e-10,8.36822167116225e-10,1.17318348245393e-08,0,1.4787793334711e-06,8.53773646251594e-07,0.0580564579934246,0.0580564579939085,4.83925399752394e-13,NA,NA,TRUE,"ok",""
"syn_reg_p_lt_n_low_q","synthetic","regression","well_conditioned",202,"rsvd",19,20,2,240,80,40,5,5,7,TRUE,0.00599999999999667,0.00100000000000122,0.999999999999999,2.92772172286138e-10,2.43983944159254e-09,2.25202137972728e-08,1.4787793334711e-06,8.53773646251594e-07,8.53773646251594e-07,0.0592671976038626,0.05926719756341,4.04525232755581e-11,NA,NA,TRUE,"ok",""
"syn_reg_p_lt_n_low_q","synthetic","regression","well_conditioned",202,"rsvd",19,20,2,240,80,40,5,5,10,TRUE,0.00599999999999667,0.00100000000000122,1,6.79874258295286e-10,4.05814759574241e-09,4.55756482164398e-08,0,1.4787793334711e-06,8.53773646251594e-07,0.0603874630087897,0.060387462986219,2.25707161294331e-11,NA,NA,TRUE,"ok",""
"syn_reg_p_lt_n_low_q","synthetic","regression","well_conditioned",202,"rsvd",43,20,2,240,80,40,5,5,2,TRUE,0.00600000000000023,0.00100000000000122,1,3.45252466985599e-16,2.66453525910038e-15,4.1845410724388e-16,1.70754729250319e-06,8.53773646251594e-07,0,0.533641813681024,0.533641813681024,1.11022302462516e-16,NA,NA,TRUE,"ok",""
"syn_reg_p_lt_n_low_q","synthetic","regression","well_conditioned",202,"rsvd",43,20,2,240,80,40,5,5,5,TRUE,0.00600000000000023,0.00100000000000122,1,1.28482654947756e-10,8.36822167116225e-10,1.17318348245393e-08,0,1.4787793334711e-06,8.53773646251594e-07,0.0580564579934246,0.0580564579939085,4.83925399752394e-13,NA,NA,TRUE,"ok",""
"syn_reg_p_lt_n_low_q","synthetic","regression","well_conditioned",202,"rsvd",43,20,2,240,80,40,5,5,7,TRUE,0.00600000000000023,0.00100000000000122,0.999999999999999,2.92772172286138e-10,2.43983944159254e-09,2.25202137972728e-08,1.4787793334711e-06,8.53773646251594e-07,8.53773646251594e-07,0.0592671976038626,0.05926719756341,4.04525232755581e-11,NA,NA,TRUE,"ok",""
"syn_reg_p_lt_n_low_q","synthetic","regression","well_conditioned",202,"rsvd",43,20,2,240,80,40,5,5,10,TRUE,0.00600000000000023,0.00100000000000122,1,6.79874258295286e-10,4.05814759574241e-09,4.55756482164398e-08,0,1.4787793334711e-06,8.53773646251594e-07,0.0603874630087897,0.060387462986219,2.25707161294331e-11,NA,NA,TRUE,"ok",""
"syn_reg_p_lt_n_low_q","synthetic","regression","well_conditioned",202,"rsvd",123,20,2,240,80,40,5,5,2,TRUE,0.00600000000000023,0,1,3.45252466985599e-16,2.66453525910038e-15,4.1845410724388e-16,1.70754729250319e-06,8.53773646251594e-07,0,0.533641813681024,0.533641813681024,1.11022302462516e-16,NA,NA,TRUE,"ok",""
"syn_reg_p_lt_n_low_q","synthetic","regression","well_conditioned",202,"rsvd",123,20,2,240,80,40,5,5,5,TRUE,0.00600000000000023,0,1,1.28482654947756e-10,8.36822167116225e-10,1.17318348245393e-08,0,1.4787793334711e-06,8.53773646251594e-07,0.0580564579934246,0.0580564579939085,4.83925399752394e-13,NA,NA,TRUE,"ok",""
"syn_reg_p_lt_n_low_q","synthetic","regression","well_conditioned",202,"rsvd",123,20,2,240,80,40,5,5,7,TRUE,0.00600000000000023,0,0.999999999999999,2.92772172286138e-10,2.43983944159254e-09,2.25202137972728e-08,1.4787793334711e-06,8.53773646251594e-07,8.53773646251594e-07,0.0592671976038626,0.05926719756341,4.04525232755581e-11,NA,NA,TRUE,"ok",""
"syn_reg_p_lt_n_low_q","synthetic","regression","well_conditioned",202,"rsvd",123,20,2,240,80,40,5,5,10,TRUE,0.00600000000000023,0,1,6.79874258295286e-10,4.05814759574241e-09,4.55756482164398e-08,0,1.4787793334711e-06,8.53773646251594e-07,0.0603874630087897,0.060387462986219,2.25707161294331e-11,NA,NA,TRUE,"ok",""
"syn_reg_p_gt_n","synthetic","regression","well_conditioned",202,"rsvd",1,20,2,80,40,300,6,6,2,FALSE,0.00600000000000023,0.00100000000000122,1,4.87315907775351e-16,3.99680288865056e-15,5.17240153303796e-16,0,0,1.4787793334711e-06,1.0785885363983,1.0785885363983,0,NA,NA,TRUE,"ok",""
"syn_reg_p_gt_n","synthetic","regression","well_conditioned",202,"rsvd",1,20,2,80,40,300,6,6,5,FALSE,0.00600000000000023,0.00100000000000122,0.999999999999998,2.05643947718319e-11,1.96909155647518e-10,3.89648555602303e-09,0,0,0,0.0536554382539946,0.0536554382598687,5.87409287877705e-12,NA,NA,TRUE,"ok",""
"syn_reg_p_gt_n","synthetic","regression","well_conditioned",202,"rsvd",1,20,2,80,40,300,6,6,7,FALSE,0.00600000000000023,0.00100000000000122,1,3.45348709475453e-10,3.90530985328041e-09,4.16864805406711e-08,1.20741826972573e-06,1.20741826972573e-06,1.70754729250319e-06,0.055553982916648,0.0555539828139363,1.0271172107279e-10,NA,NA,TRUE,"ok",""
"syn_reg_p_gt_n","synthetic","regression","well_conditioned",202,"rsvd",1,20,2,80,40,300,6,6,10,FALSE,0.00600000000000023,0.00100000000000122,0.999999999999999,6.08405989074051e-10,8.0135320601471e-09,4.68329338575098e-08,1.20741826972573e-06,1.90909591041642e-06,1.4787793334711e-06,0.0579492108059789,0.0579492106326759,1.7330297613638e-10,NA,NA,TRUE,"ok",""
"syn_reg_p_gt_n","synthetic","regression","well_conditioned",202,"rsvd",7,20,2,80,40,300,6,6,2,FALSE,0.00600000000000023,0.00199999999999889,1,4.87315907775351e-16,3.99680288865056e-15,5.17240153303796e-16,0,0,1.4787793334711e-06,1.0785885363983,1.0785885363983,0,NA,NA,TRUE,"ok",""
"syn_reg_p_gt_n","synthetic","regression","well_conditioned",202,"rsvd",7,20,2,80,40,300,6,6,5,FALSE,0.00600000000000023,0.00199999999999889,0.999999999999998,2.05643947718319e-11,1.96909155647518e-10,3.89648555602303e-09,0,0,0,0.0536554382539946,0.0536554382598687,5.87409287877705e-12,NA,NA,TRUE,"ok",""
"syn_reg_p_gt_n","synthetic","regression","well_conditioned",202,"rsvd",7,20,2,80,40,300,6,6,7,FALSE,0.00600000000000023,0.00199999999999889,1,3.45348709475453e-10,3.90530985328041e-09,4.16864805406711e-08,1.20741826972573e-06,1.20741826972573e-06,1.70754729250319e-06,0.055553982916648,0.0555539828139363,1.0271172107279e-10,NA,NA,TRUE,"ok",""
"syn_reg_p_gt_n","synthetic","regression","well_conditioned",202,"rsvd",7,20,2,80,40,300,6,6,10,FALSE,0.00600000000000023,0.00199999999999889,0.999999999999999,6.08405989074051e-10,8.0135320601471e-09,4.68329338575098e-08,1.20741826972573e-06,1.90909591041642e-06,1.4787793334711e-06,0.0579492108059789,0.0579492106326759,1.7330297613638e-10,NA,NA,TRUE,"ok",""
"syn_reg_p_gt_n","synthetic","regression","well_conditioned",202,"rsvd",19,20,2,80,40,300,6,6,2,FALSE,0.00600000000000023,0.00100000000000477,1,4.87315907775351e-16,3.99680288865056e-15,5.17240153303796e-16,0,0,1.4787793334711e-06,1.0785885363983,1.0785885363983,0,NA,NA,TRUE,"ok",""
"syn_reg_p_gt_n","synthetic","regression","well_conditioned",202,"rsvd",19,20,2,80,40,300,6,6,5,FALSE,0.00600000000000023,0.00100000000000477,0.999999999999998,2.05643947718319e-11,1.96909155647518e-10,3.89648555602303e-09,0,0,0,0.0536554382539946,0.0536554382598687,5.87409287877705e-12,NA,NA,TRUE,"ok",""
"syn_reg_p_gt_n","synthetic","regression","well_conditioned",202,"rsvd",19,20,2,80,40,300,6,6,7,FALSE,0.00600000000000023,0.00100000000000477,1,3.45348709475453e-10,3.90530985328041e-09,4.16864805406711e-08,1.20741826972573e-06,1.20741826972573e-06,1.70754729250319e-06,0.055553982916648,0.0555539828139363,1.0271172107279e-10,NA,NA,TRUE,"ok",""
"syn_reg_p_gt_n","synthetic","regression","well_conditioned",202,"rsvd",19,20,2,80,40,300,6,6,10,FALSE,0.00600000000000023,0.00100000000000477,0.999999999999999,6.08405989074051e-10,8.0135320601471e-09,4.68329338575098e-08,1.20741826972573e-06,1.90909591041642e-06,1.4787793334711e-06,0.0579492108059789,0.0579492106326759,1.7330297613638e-10,NA,NA,TRUE,"ok",""
"syn_reg_p_gt_n","synthetic","regression","well_conditioned",202,"rsvd",43,20,2,80,40,300,6,6,2,FALSE,0.00500000000000256,0.000999999999997669,1,4.87315907775351e-16,3.99680288865056e-15,5.17240153303796e-16,0,0,1.4787793334711e-06,1.0785885363983,1.0785885363983,0,NA,NA,TRUE,"ok",""
"syn_reg_p_gt_n","synthetic","regression","well_conditioned",202,"rsvd",43,20,2,80,40,300,6,6,5,FALSE,0.00500000000000256,0.000999999999997669,0.999999999999998,2.05643947718319e-11,1.96909155647518e-10,3.89648555602303e-09,0,0,0,0.0536554382539946,0.0536554382598687,5.87409287877705e-12,NA,NA,TRUE,"ok",""
"syn_reg_p_gt_n","synthetic","regression","well_conditioned",202,"rsvd",43,20,2,80,40,300,6,6,7,FALSE,0.00500000000000256,0.000999999999997669,1,3.45348709475453e-10,3.90530985328041e-09,4.16864805406711e-08,1.20741826972573e-06,1.20741826972573e-06,1.70754729250319e-06,0.055553982916648,0.0555539828139363,1.0271172107279e-10,NA,NA,TRUE,"ok",""
"syn_reg_p_gt_n","synthetic","regression","well_conditioned",202,"rsvd",43,20,2,80,40,300,6,6,10,FALSE,0.00500000000000256,0.000999999999997669,0.999999999999999,6.08405989074051e-10,8.0135320601471e-09,4.68329338575098e-08,1.20741826972573e-06,1.90909591041642e-06,1.4787793334711e-06,0.0579492108059789,0.0579492106326759,1.7330297613638e-10,NA,NA,TRUE,"ok",""
"syn_reg_p_gt_n","synthetic","regression","well_conditioned",202,"rsvd",123,20,2,80,40,300,6,6,2,FALSE,0.00600000000000023,0.000999999999997669,1,4.87315907775351e-16,3.99680288865056e-15,5.17240153303796e-16,0,0,1.4787793334711e-06,1.0785885363983,1.0785885363983,0,NA,NA,TRUE,"ok",""
"syn_reg_p_gt_n","synthetic","regression","well_conditioned",202,"rsvd",123,20,2,80,40,300,6,6,5,FALSE,0.00600000000000023,0.000999999999997669,0.999999999999998,2.05643947718319e-11,1.96909155647518e-10,3.89648555602303e-09,0,0,0,0.0536554382539946,0.0536554382598687,5.87409287877705e-12,NA,NA,TRUE,"ok",""
"syn_reg_p_gt_n","synthetic","regression","well_conditioned",202,"rsvd",123,20,2,80,40,300,6,6,7,FALSE,0.00600000000000023,0.000999999999997669,1,3.45348709475453e-10,3.90530985328041e-09,4.16864805406711e-08,1.20741826972573e-06,1.20741826972573e-06,1.70754729250319e-06,0.055553982916648,0.0555539828139363,1.0271172107279e-10,NA,NA,TRUE,"ok",""
"syn_reg_p_gt_n","synthetic","regression","well_conditioned",202,"rsvd",123,20,2,80,40,300,6,6,10,FALSE,0.00600000000000023,0.000999999999997669,0.999999999999999,6.08405989074051e-10,8.0135320601471e-09,4.68329338575098e-08,1.20741826972573e-06,1.90909591041642e-06,1.4787793334711e-06,0.0579492108059789,0.0579492106326759,1.7330297613638e-10,NA,NA,TRUE,"ok",""
"syn_reg_high_rank_y","synthetic","regression","well_conditioned",202,"rsvd",1,20,2,180,60,90,40,40,2,TRUE,0.0180000000000007,0.00400000000000489,1,1.11344466218559e-15,1.15463194561016e-14,1.1969266097148e-15,1.4787793334711e-06,1.90909591041642e-06,0,4.16379215474628,4.16379215474628,0,NA,NA,TRUE,"ok",""
"syn_reg_high_rank_y","synthetic","regression","well_conditioned",202,"rsvd",1,20,2,180,60,90,40,40,5,TRUE,0.0180000000000007,0.00400000000000489,1,1.11498872071444e-15,1.33226762955019e-14,1.30326246644715e-15,1.20741826972573e-06,1.90909591041642e-06,1.20741826972573e-06,3.71119610528655,3.71119610528655,0,NA,NA,TRUE,"ok",""
"syn_reg_high_rank_y","synthetic","regression","well_conditioned",202,"rsvd",1,20,2,180,60,90,40,40,7,TRUE,0.0180000000000007,0.00400000000000489,1,7.84617585544747e-15,1.19459997449667e-13,8.81762866079144e-15,1.70754729250319e-06,1.90909591041642e-06,1.70754729250319e-06,3.43051859861883,3.43051859861883,1.33226762955019e-15,NA,NA,TRUE,"ok",""
"syn_reg_high_rank_y","synthetic","regression","well_conditioned",202,"rsvd",1,20,2,180,60,90,40,40,10,TRUE,0.0180000000000007,0.00400000000000489,1,4.81407075488044e-15,7.28306304154103e-14,5.14663650144284e-15,8.53773646251594e-07,1.90909591041642e-06,8.53773646251594e-07,2.81524934081668,2.81524934081668,4.44089209850063e-16,NA,NA,TRUE,"ok",""
"syn_reg_high_rank_y","synthetic","regression","well_conditioned",202,"rsvd",7,20,2,180,60,90,40,40,2,TRUE,0.0169999999999959,0.00399999999999778,1,2.29943405230182e-15,2.22044604925031e-14,2.40865756465113e-15,2.25887274392255e-06,1.20741826972573e-06,0,4.16379215474628,4.16379215474628,0,NA,NA,TRUE,"ok",""
"syn_reg_high_rank_y","synthetic","regression","well_conditioned",202,"rsvd",7,20,2,180,60,90,40,40,5,TRUE,0.0169999999999959,0.00399999999999778,1,1.49614900107424e-15,1.59872115546023e-14,1.60584616895906e-15,1.70754729250319e-06,1.20741826972573e-06,1.70754729250319e-06,3.71119610528655,3.71119610528655,0,NA,NA,TRUE,"ok",""
"syn_reg_high_rank_y","synthetic","regression","well_conditioned",202,"rsvd",7,20,2,180,60,90,40,40,7,TRUE,0.0169999999999959,0.00399999999999778,1,8.56802912289243e-15,1.3855583347322e-13,9.42765787770785e-15,0,1.70754729250319e-06,1.90909591041642e-06,3.43051859861883,3.43051859861883,1.33226762955019e-15,NA,NA,TRUE,"ok",""
"syn_reg_high_rank_y","synthetic","regression","well_conditioned",202,"rsvd",7,20,2,180,60,90,40,40,10,TRUE,0.0169999999999959,0.00399999999999778,1,1.11913754578299e-14,1.86517468137026e-13,1.20050341131218e-14,1.70754729250319e-06,1.20741826972573e-06,1.90909591041642e-06,2.81524934081668,2.81524934081668,4.44089209850063e-16,NA,NA,TRUE,"ok",""
"syn_reg_high_rank_y","synthetic","regression","well_conditioned",202,"rsvd",19,20,2,180,60,90,40,40,2,TRUE,0.017000000000003,0.00399999999999778,1,1.35579862616055e-15,1.4210854715202e-14,1.42645198859762e-15,1.90909591041642e-06,2.25887274392255e-06,0,4.16379215474628,4.16379215474628,0,NA,NA,TRUE,"ok",""
"syn_reg_high_rank_y","synthetic","regression","well_conditioned",202,"rsvd",19,20,2,180,60,90,40,40,5,TRUE,0.017000000000003,0.00399999999999778,1,1.55207609753411e-15,1.86517468137026e-14,1.72170649004642e-15,1.90909591041642e-06,2.25887274392255e-06,1.70754729250319e-06,3.71119610528655,3.71119610528655,4.44089209850063e-16,NA,NA,TRUE,"ok",""
"syn_reg_high_rank_y","synthetic","regression","well_conditioned",202,"rsvd",19,20,2,180,60,90,40,40,7,TRUE,0.017000000000003,0.00399999999999778,1,6.132123336211e-15,1.02140518265514e-13,6.94215907222496e-15,1.70754729250319e-06,2.25887274392255e-06,0,3.43051859861883,3.43051859861883,1.33226762955019e-15,NA,NA,TRUE,"ok",""
"syn_reg_high_rank_y","synthetic","regression","well_conditioned",202,"rsvd",19,20,2,180,60,90,40,40,10,TRUE,0.017000000000003,0.00399999999999778,1,9.69163840210247e-15,1.58095758706622e-13,1.04511167953132e-14,0,2.25887274392255e-06,1.20741826972573e-06,2.81524934081668,2.81524934081668,4.44089209850063e-16,NA,NA,TRUE,"ok",""
"syn_reg_high_rank_y","synthetic","regression","well_conditioned",202,"rsvd",43,20,2,180,60,90,40,40,2,TRUE,0.017000000000003,0.00399999999999778,1,2.27946579223252e-15,1.95399252334028e-14,2.40443025420348e-15,1.20741826972573e-06,2.09130978915187e-06,1.20741826972573e-06,4.16379215474628,4.16379215474628,0,NA,NA,TRUE,"ok",""
"syn_reg_high_rank_y","synthetic","regression","well_conditioned",202,"rsvd",43,20,2,180,60,90,40,40,5,TRUE,0.017000000000003,0.00399999999999778,1,1.34097744405975e-15,1.73194791841524e-14,1.45451567289958e-15,0,2.09130978915187e-06,1.70754729250319e-06,3.71119610528655,3.71119610528655,0,NA,NA,TRUE,"ok",""
"syn_reg_high_rank_y","synthetic","regression","well_conditioned",202,"rsvd",43,20,2,180,60,90,40,40,7,TRUE,0.017000000000003,0.00399999999999778,1,8.43017763417797e-15,1.31894495325469e-13,9.46365988356299e-15,0,2.09130978915187e-06,1.4787793334711e-06,3.43051859861883,3.43051859861883,1.33226762955019e-15,NA,NA,TRUE,"ok",""
"syn_reg_high_rank_y","synthetic","regression","well_conditioned",202,"rsvd",43,20,2,180,60,90,40,40,10,TRUE,0.017000000000003,0.00399999999999778,1,8.23424180869276e-15,1.31450406115619e-13,8.85703772344212e-15,1.70754729250319e-06,2.09130978915187e-06,1.4787793334711e-06,2.81524934081669,2.81524934081668,8.88178419700125e-16,NA,NA,TRUE,"ok",""
"syn_reg_high_rank_y","synthetic","regression","well_conditioned",202,"rsvd",123,20,2,180,60,90,40,40,2,TRUE,0.0169999999999959,0.00400000000000489,1,2.01224527419301e-15,1.86517468137026e-14,2.17939845344225e-15,0,2.09130978915187e-06,0,4.16379215474628,4.16379215474628,8.88178419700125e-16,NA,NA,TRUE,"ok",""
"syn_reg_high_rank_y","synthetic","regression","well_conditioned",202,"rsvd",123,20,2,180,60,90,40,40,5,TRUE,0.0169999999999959,0.00400000000000489,1,1.36724389838142e-15,1.77635683940025e-14,1.48408046252393e-15,1.4787793334711e-06,2.09130978915187e-06,1.4787793334711e-06,3.71119610528655,3.71119610528655,0,NA,NA,TRUE,"ok",""
"syn_reg_high_rank_y","synthetic","regression","well_conditioned",202,"rsvd",123,20,2,180,60,90,40,40,7,TRUE,0.0169999999999959,0.00400000000000489,1,5.90423512630922e-15,9.45910016980633e-14,6.54274958934619e-15,2.09130978915187e-06,2.09130978915187e-06,1.20741826972573e-06,3.43051859861883,3.43051859861883,8.88178419700125e-16,NA,NA,TRUE,"ok",""
"syn_reg_high_rank_y","synthetic","regression","well_conditioned",202,"rsvd",123,20,2,180,60,90,40,40,10,TRUE,0.0169999999999959,0.00400000000000489,1,5.0477055693777e-15,9.05941988094128e-14,5.47520029729045e-15,1.70754729250319e-06,2.09130978915187e-06,1.70754729250319e-06,2.81524934081668,2.81524934081668,0,NA,NA,TRUE,"ok",""
"syn_reg_ill_conditioned","synthetic","regression","ill_conditioned",202,"rsvd",1,20,2,180,60,80,8,8,2,TRUE,0.00600000000000023,0.000999999999997669,1,4.64088700785263e-16,4.44089209850063e-15,5.26597928695111e-16,1.90909591041642e-06,0,2.25887274392255e-06,1.96281748019101,1.96281748019101,0,NA,NA,TRUE,"ok",""
"syn_reg_ill_conditioned","synthetic","regression","ill_conditioned",202,"rsvd",1,20,2,180,60,80,8,8,5,TRUE,0.00600000000000023,0.000999999999997669,1,4.88456430929122e-12,3.04407610229873e-11,6.85087267275052e-12,2.25887274392255e-06,2.25887274392255e-06,1.20741826972573e-06,2.12592683169655,2.12592683169663,8.5265128291212e-14,NA,NA,TRUE,"ok",""
"syn_reg_ill_conditioned","synthetic","regression","ill_conditioned",202,"rsvd",1,20,2,180,60,80,8,8,7,TRUE,0.00600000000000023,0.000999999999997669,1,1.2516810413444e-11,1.10454756452327e-10,1.5737087859625e-11,1.20741826972573e-06,1.70754729250319e-06,1.70754729250319e-06,2.36069903654309,2.36069903653787,5.22204501862689e-12,NA,NA,TRUE,"ok",""
"syn_reg_ill_conditioned","synthetic","regression","ill_conditioned",202,"rsvd",1,20,2,180,60,80,8,8,10,TRUE,0.00600000000000023,0.000999999999997669,0.999999999999999,5.57484364048766e-11,6.6422023436985e-10,8.33956020328122e-11,1.90909591041642e-06,1.70754729250319e-06,1.4787793334711e-06,2.5094845973983,2.5094845973862,1.20983223439453e-11,NA,NA,TRUE,"ok",""
"syn_reg_ill_conditioned","synthetic","regression","ill_conditioned",202,"rsvd",7,20,2,180,60,80,8,8,2,TRUE,0.007000000000005,0.000999999999997669,1,4.64088700785263e-16,4.44089209850063e-15,5.26597928695111e-16,1.90909591041642e-06,0,2.25887274392255e-06,1.96281748019101,1.96281748019101,0,NA,NA,TRUE,"ok",""
"syn_reg_ill_conditioned","synthetic","regression","ill_conditioned",202,"rsvd",7,20,2,180,60,80,8,8,5,TRUE,0.007000000000005,0.000999999999997669,1,4.88456430929122e-12,3.04407610229873e-11,6.85087267275052e-12,2.25887274392255e-06,2.25887274392255e-06,1.20741826972573e-06,2.12592683169655,2.12592683169663,8.5265128291212e-14,NA,NA,TRUE,"ok",""
"syn_reg_ill_conditioned","synthetic","regression","ill_conditioned",202,"rsvd",7,20,2,180,60,80,8,8,7,TRUE,0.007000000000005,0.000999999999997669,1,1.2516810413444e-11,1.10454756452327e-10,1.5737087859625e-11,1.20741826972573e-06,1.70754729250319e-06,1.70754729250319e-06,2.36069903654309,2.36069903653787,5.22204501862689e-12,NA,NA,TRUE,"ok",""
"syn_reg_ill_conditioned","synthetic","regression","ill_conditioned",202,"rsvd",7,20,2,180,60,80,8,8,10,TRUE,0.007000000000005,0.000999999999997669,0.999999999999999,5.57484364048766e-11,6.6422023436985e-10,8.33956020328122e-11,1.90909591041642e-06,1.70754729250319e-06,1.4787793334711e-06,2.5094845973983,2.5094845973862,1.20983223439453e-11,NA,NA,TRUE,"ok",""
"syn_reg_ill_conditioned","synthetic","regression","ill_conditioned",202,"rsvd",19,20,2,180,60,80,8,8,2,TRUE,0.00600000000000023,0.000999999999997669,1,4.64088700785263e-16,4.44089209850063e-15,5.26597928695111e-16,1.90909591041642e-06,0,2.25887274392255e-06,1.96281748019101,1.96281748019101,0,NA,NA,TRUE,"ok",""
"syn_reg_ill_conditioned","synthetic","regression","ill_conditioned",202,"rsvd",19,20,2,180,60,80,8,8,5,TRUE,0.00600000000000023,0.000999999999997669,1,4.88456430929122e-12,3.04407610229873e-11,6.85087267275052e-12,2.25887274392255e-06,2.25887274392255e-06,1.20741826972573e-06,2.12592683169655,2.12592683169663,8.5265128291212e-14,NA,NA,TRUE,"ok",""
"syn_reg_ill_conditioned","synthetic","regression","ill_conditioned",202,"rsvd",19,20,2,180,60,80,8,8,7,TRUE,0.00600000000000023,0.000999999999997669,1,1.2516810413444e-11,1.10454756452327e-10,1.5737087859625e-11,1.20741826972573e-06,1.70754729250319e-06,1.70754729250319e-06,2.36069903654309,2.36069903653787,5.22204501862689e-12,NA,NA,TRUE,"ok",""
"syn_reg_ill_conditioned","synthetic","regression","ill_conditioned",202,"rsvd",19,20,2,180,60,80,8,8,10,TRUE,0.00600000000000023,0.000999999999997669,0.999999999999999,5.57484364048766e-11,6.6422023436985e-10,8.33956020328122e-11,1.90909591041642e-06,1.70754729250319e-06,1.4787793334711e-06,2.5094845973983,2.5094845973862,1.20983223439453e-11,NA,NA,TRUE,"ok",""
"syn_reg_ill_conditioned","synthetic","regression","ill_conditioned",202,"rsvd",43,20,2,180,60,80,8,8,2,TRUE,0.00600000000000023,0.000999999999997669,1,4.64088700785263e-16,4.44089209850063e-15,5.26597928695111e-16,1.90909591041642e-06,0,2.25887274392255e-06,1.96281748019101,1.96281748019101,0,NA,NA,TRUE,"ok",""
"syn_reg_ill_conditioned","synthetic","regression","ill_conditioned",202,"rsvd",43,20,2,180,60,80,8,8,5,TRUE,0.00600000000000023,0.000999999999997669,1,4.88456430929122e-12,3.04407610229873e-11,6.85087267275052e-12,2.25887274392255e-06,2.25887274392255e-06,1.20741826972573e-06,2.12592683169655,2.12592683169663,8.5265128291212e-14,NA,NA,TRUE,"ok",""
"syn_reg_ill_conditioned","synthetic","regression","ill_conditioned",202,"rsvd",43,20,2,180,60,80,8,8,7,TRUE,0.00600000000000023,0.000999999999997669,1,1.2516810413444e-11,1.10454756452327e-10,1.5737087859625e-11,1.20741826972573e-06,1.70754729250319e-06,1.70754729250319e-06,2.36069903654309,2.36069903653787,5.22204501862689e-12,NA,NA,TRUE,"ok",""
"syn_reg_ill_conditioned","synthetic","regression","ill_conditioned",202,"rsvd",43,20,2,180,60,80,8,8,10,TRUE,0.00600000000000023,0.000999999999997669,0.999999999999999,5.57484364048766e-11,6.6422023436985e-10,8.33956020328122e-11,1.90909591041642e-06,1.70754729250319e-06,1.4787793334711e-06,2.5094845973983,2.5094845973862,1.20983223439453e-11,NA,NA,TRUE,"ok",""
"syn_reg_ill_conditioned","synthetic","regression","ill_conditioned",202,"rsvd",123,20,2,180,60,80,8,8,2,TRUE,0.0069999999999979,0.000999999999997669,1,4.64088700785263e-16,4.44089209850063e-15,5.26597928695111e-16,1.90909591041642e-06,0,2.25887274392255e-06,1.96281748019101,1.96281748019101,0,NA,NA,TRUE,"ok",""
"syn_reg_ill_conditioned","synthetic","regression","ill_conditioned",202,"rsvd",123,20,2,180,60,80,8,8,5,TRUE,0.0069999999999979,0.000999999999997669,1,4.88456430929122e-12,3.04407610229873e-11,6.85087267275052e-12,2.25887274392255e-06,2.25887274392255e-06,1.20741826972573e-06,2.12592683169655,2.12592683169663,8.5265128291212e-14,NA,NA,TRUE,"ok",""
"syn_reg_ill_conditioned","synthetic","regression","ill_conditioned",202,"rsvd",123,20,2,180,60,80,8,8,7,TRUE,0.0069999999999979,0.000999999999997669,1,1.2516810413444e-11,1.10454756452327e-10,1.5737087859625e-11,1.20741826972573e-06,1.70754729250319e-06,1.70754729250319e-06,2.36069903654309,2.36069903653787,5.22204501862689e-12,NA,NA,TRUE,"ok",""
"syn_reg_ill_conditioned","synthetic","regression","ill_conditioned",202,"rsvd",123,20,2,180,60,80,8,8,10,TRUE,0.0069999999999979,0.000999999999997669,0.999999999999999,5.57484364048766e-11,6.6422023436985e-10,8.33956020328122e-11,1.90909591041642e-06,1.70754729250319e-06,1.4787793334711e-06,2.5094845973983,2.5094845973862,1.20983223439453e-11,NA,NA,TRUE,"ok",""
"syn_reg_rank_deficient","synthetic","regression","rank_deficient",202,"rsvd",1,20,2,150,50,100,8,8,2,FALSE,0.00600000000000023,0.000999999999997669,1,9.11768067764112e-16,6.21724893790088e-15,9.28456460080654e-16,0,1.20741826972573e-06,0,1.61106405569331,1.61106405569331,2.22044604925031e-16,NA,NA,TRUE,"ok",""
"syn_reg_rank_deficient","synthetic","regression","rank_deficient",202,"rsvd",1,20,2,150,50,100,8,8,5,FALSE,0.00600000000000023,0.000999999999997669,1,7.54140566784371e-16,7.105427357601e-15,7.58628207021575e-16,2.41483653945147e-06,2.09130978915187e-06,1.70754729250319e-06,0.0508468499085054,0.0508468499085055,1.66533453693773e-16,NA,NA,TRUE,"ok",""
"syn_reg_rank_deficient","synthetic","regression","rank_deficient",202,"rsvd",1,20,2,150,50,100,8,8,7,FALSE,0.00600000000000023,0.000999999999997669,1,3.0264550061702e-10,3.24632165593641e-09,3.7062453461915e-08,2.41483653945147e-06,1.4787793334711e-06,1.20741826972573e-06,0.053818287786972,0.0538182877504512,3.65207586394689e-11,NA,NA,TRUE,"ok",""
"syn_reg_rank_deficient","synthetic","regression","rank_deficient",202,"rsvd",1,20,2,150,50,100,8,8,10,FALSE,0.00600000000000023,0.000999999999997669,0.999999999999998,5.01705642091341e-10,4.51369430720661e-09,5.03857938675673e-08,2.69986932838192e-06,1.70754729250319e-06,0,0.0546839692902316,0.0546839691364643,1.53767353017198e-10,NA,NA,TRUE,"ok",""
"syn_reg_rank_deficient","synthetic","regression","rank_deficient",202,"rsvd",7,20,2,150,50,100,8,8,2,FALSE,0.00600000000000023,0.00100000000000477,1,9.11768067764112e-16,6.21724893790088e-15,9.28456460080654e-16,0,1.20741826972573e-06,0,1.61106405569331,1.61106405569331,2.22044604925031e-16,NA,NA,TRUE,"ok",""
"syn_reg_rank_deficient","synthetic","regression","rank_deficient",202,"rsvd",7,20,2,150,50,100,8,8,5,FALSE,0.00600000000000023,0.00100000000000477,1,7.54140566784371e-16,7.105427357601e-15,7.58628207021575e-16,2.41483653945147e-06,2.09130978915187e-06,1.70754729250319e-06,0.0508468499085054,0.0508468499085055,1.66533453693773e-16,NA,NA,TRUE,"ok",""
"syn_reg_rank_deficient","synthetic","regression","rank_deficient",202,"rsvd",7,20,2,150,50,100,8,8,7,FALSE,0.00600000000000023,0.00100000000000477,1,3.0264550061702e-10,3.24632165593641e-09,3.7062453461915e-08,2.41483653945147e-06,1.4787793334711e-06,1.20741826972573e-06,0.053818287786972,0.0538182877504512,3.65207586394689e-11,NA,NA,TRUE,"ok",""
"syn_reg_rank_deficient","synthetic","regression","rank_deficient",202,"rsvd",7,20,2,150,50,100,8,8,10,FALSE,0.00600000000000023,0.00100000000000477,0.999999999999998,5.01705642091341e-10,4.51369430720661e-09,5.03857938675673e-08,2.69986932838192e-06,1.70754729250319e-06,0,0.0546839692902316,0.0546839691364643,1.53767353017198e-10,NA,NA,TRUE,"ok",""
"syn_reg_rank_deficient","synthetic","regression","rank_deficient",202,"rsvd",19,20,2,150,50,100,8,8,2,FALSE,0.00600000000000023,0.000999999999997669,1,9.11768067764112e-16,6.21724893790088e-15,9.28456460080654e-16,0,1.20741826972573e-06,0,1.61106405569331,1.61106405569331,2.22044604925031e-16,NA,NA,TRUE,"ok",""
"syn_reg_rank_deficient","synthetic","regression","rank_deficient",202,"rsvd",19,20,2,150,50,100,8,8,5,FALSE,0.00600000000000023,0.000999999999997669,1,7.54140566784371e-16,7.105427357601e-15,7.58628207021575e-16,2.41483653945147e-06,2.09130978915187e-06,1.70754729250319e-06,0.0508468499085054,0.0508468499085055,1.66533453693773e-16,NA,NA,TRUE,"ok",""
"syn_reg_rank_deficient","synthetic","regression","rank_deficient",202,"rsvd",19,20,2,150,50,100,8,8,7,FALSE,0.00600000000000023,0.000999999999997669,1,3.0264550061702e-10,3.24632165593641e-09,3.7062453461915e-08,2.41483653945147e-06,1.4787793334711e-06,1.20741826972573e-06,0.053818287786972,0.0538182877504512,3.65207586394689e-11,NA,NA,TRUE,"ok",""
"syn_reg_rank_deficient","synthetic","regression","rank_deficient",202,"rsvd",19,20,2,150,50,100,8,8,10,FALSE,0.00600000000000023,0.000999999999997669,0.999999999999998,5.01705642091341e-10,4.51369430720661e-09,5.03857938675673e-08,2.69986932838192e-06,1.70754729250319e-06,0,0.0546839692902316,0.0546839691364643,1.53767353017198e-10,NA,NA,TRUE,"ok",""
"syn_reg_rank_deficient","synthetic","regression","rank_deficient",202,"rsvd",43,20,2,150,50,100,8,8,2,FALSE,0.00600000000000023,0.000999999999997669,1,9.11768067764112e-16,6.21724893790088e-15,9.28456460080654e-16,0,1.20741826972573e-06,0,1.61106405569331,1.61106405569331,2.22044604925031e-16,NA,NA,TRUE,"ok",""
"syn_reg_rank_deficient","synthetic","regression","rank_deficient",202,"rsvd",43,20,2,150,50,100,8,8,5,FALSE,0.00600000000000023,0.000999999999997669,1,7.54140566784371e-16,7.105427357601e-15,7.58628207021575e-16,2.41483653945147e-06,2.09130978915187e-06,1.70754729250319e-06,0.0508468499085054,0.0508468499085055,1.66533453693773e-16,NA,NA,TRUE,"ok",""
"syn_reg_rank_deficient","synthetic","regression","rank_deficient",202,"rsvd",43,20,2,150,50,100,8,8,7,FALSE,0.00600000000000023,0.000999999999997669,1,3.0264550061702e-10,3.24632165593641e-09,3.7062453461915e-08,2.41483653945147e-06,1.4787793334711e-06,1.20741826972573e-06,0.053818287786972,0.0538182877504512,3.65207586394689e-11,NA,NA,TRUE,"ok",""
"syn_reg_rank_deficient","synthetic","regression","rank_deficient",202,"rsvd",43,20,2,150,50,100,8,8,10,FALSE,0.00600000000000023,0.000999999999997669,0.999999999999998,5.01705642091341e-10,4.51369430720661e-09,5.03857938675673e-08,2.69986932838192e-06,1.70754729250319e-06,0,0.0546839692902316,0.0546839691364643,1.53767353017198e-10,NA,NA,TRUE,"ok",""
"syn_reg_rank_deficient","synthetic","regression","rank_deficient",202,"rsvd",123,20,2,150,50,100,8,8,2,FALSE,0.00600000000000023,0.00200000000000244,1,9.11768067764112e-16,6.21724893790088e-15,9.28456460080654e-16,0,1.20741826972573e-06,0,1.61106405569331,1.61106405569331,2.22044604925031e-16,NA,NA,TRUE,"ok",""
"syn_reg_rank_deficient","synthetic","regression","rank_deficient",202,"rsvd",123,20,2,150,50,100,8,8,5,FALSE,0.00600000000000023,0.00200000000000244,1,7.54140566784371e-16,7.105427357601e-15,7.58628207021575e-16,2.41483653945147e-06,2.09130978915187e-06,1.70754729250319e-06,0.0508468499085054,0.0508468499085055,1.66533453693773e-16,NA,NA,TRUE,"ok",""
"syn_reg_rank_deficient","synthetic","regression","rank_deficient",202,"rsvd",123,20,2,150,50,100,8,8,7,FALSE,0.00600000000000023,0.00200000000000244,1,3.0264550061702e-10,3.24632165593641e-09,3.7062453461915e-08,2.41483653945147e-06,1.4787793334711e-06,1.20741826972573e-06,0.053818287786972,0.0538182877504512,3.65207586394689e-11,NA,NA,TRUE,"ok",""
"syn_reg_rank_deficient","synthetic","regression","rank_deficient",202,"rsvd",123,20,2,150,50,100,8,8,10,FALSE,0.00600000000000023,0.00200000000000244,0.999999999999998,5.01705642091341e-10,4.51369430720661e-09,5.03857938675673e-08,2.69986932838192e-06,1.70754729250319e-06,0,0.0546839692902316,0.0546839691364643,1.53767353017198e-10,NA,NA,TRUE,"ok",""
"syn_cls_p_lt_n_low_rank","synthetic","classification","well_conditioned",202,"rsvd",1,20,2,300,100,40,4,3,1,TRUE,0.00500000000000256,0,1,4.34970044018721e-16,6.66133814775094e-16,7.22387172248238e-16,0,1.20741826972573e-06,0,0.44,0.44,0,1,NA,TRUE,"ok",""
"syn_cls_p_lt_n_low_rank","synthetic","classification","well_conditioned",202,"rsvd",1,20,2,300,100,40,4,3,2,TRUE,0.00500000000000256,0,1,1.07805069138428e-15,1.38777878078145e-15,1.61932216688445e-15,1.70754729250319e-06,1.70754729250319e-06,1.20741826972573e-06,0.68,0.68,0,1,NA,TRUE,"ok",""
"syn_cls_p_lt_n_low_rank","synthetic","classification","well_conditioned",202,"rsvd",1,20,2,300,100,40,4,3,3,TRUE,0.00500000000000256,0,1,1.15110305589951e-15,1.49880108324396e-15,1.77884688372984e-15,1.4787793334711e-06,1.20741826972573e-06,1.4787793334711e-06,0.83,0.83,0,1,NA,TRUE,"ok",""
"syn_cls_p_lt_n_low_rank","synthetic","classification","well_conditioned",202,"rsvd",7,20,2,300,100,40,4,3,1,TRUE,0.00499999999999545,0,1,4.34970044018721e-16,6.66133814775094e-16,7.22387172248238e-16,0,1.20741826972573e-06,0,0.44,0.44,0,1,NA,TRUE,"ok",""
"syn_cls_p_lt_n_low_rank","synthetic","classification","well_conditioned",202,"rsvd",7,20,2,300,100,40,4,3,2,TRUE,0.00499999999999545,0,1,1.07805069138428e-15,1.38777878078145e-15,1.61932216688445e-15,1.70754729250319e-06,1.70754729250319e-06,1.20741826972573e-06,0.68,0.68,0,1,NA,TRUE,"ok",""
"syn_cls_p_lt_n_low_rank","synthetic","classification","well_conditioned",202,"rsvd",7,20,2,300,100,40,4,3,3,TRUE,0.00499999999999545,0,1,1.15110305589951e-15,1.49880108324396e-15,1.77884688372984e-15,1.4787793334711e-06,1.20741826972573e-06,1.4787793334711e-06,0.83,0.83,0,1,NA,TRUE,"ok",""
"syn_cls_p_lt_n_low_rank","synthetic","classification","well_conditioned",202,"rsvd",19,20,2,300,100,40,4,3,1,TRUE,0.00500000000000256,0,1,4.34970044018721e-16,6.66133814775094e-16,7.22387172248238e-16,0,1.20741826972573e-06,0,0.44,0.44,0,1,NA,TRUE,"ok",""
"syn_cls_p_lt_n_low_rank","synthetic","classification","well_conditioned",202,"rsvd",19,20,2,300,100,40,4,3,2,TRUE,0.00500000000000256,0,1,1.07805069138428e-15,1.38777878078145e-15,1.61932216688445e-15,1.70754729250319e-06,1.70754729250319e-06,1.20741826972573e-06,0.68,0.68,0,1,NA,TRUE,"ok",""
"syn_cls_p_lt_n_low_rank","synthetic","classification","well_conditioned",202,"rsvd",19,20,2,300,100,40,4,3,3,TRUE,0.00500000000000256,0,1,1.15110305589951e-15,1.49880108324396e-15,1.77884688372984e-15,1.4787793334711e-06,1.20741826972573e-06,1.4787793334711e-06,0.83,0.83,0,1,NA,TRUE,"ok",""
"syn_cls_p_lt_n_low_rank","synthetic","classification","well_conditioned",202,"rsvd",43,20,2,300,100,40,4,3,1,TRUE,0.00500000000000256,0.000999999999997669,1,4.34970044018721e-16,6.66133814775094e-16,7.22387172248238e-16,0,1.20741826972573e-06,0,0.44,0.44,0,1,NA,TRUE,"ok",""
"syn_cls_p_lt_n_low_rank","synthetic","classification","well_conditioned",202,"rsvd",43,20,2,300,100,40,4,3,2,TRUE,0.00500000000000256,0.000999999999997669,1,1.07805069138428e-15,1.38777878078145e-15,1.61932216688445e-15,1.70754729250319e-06,1.70754729250319e-06,1.20741826972573e-06,0.68,0.68,0,1,NA,TRUE,"ok",""
"syn_cls_p_lt_n_low_rank","synthetic","classification","well_conditioned",202,"rsvd",43,20,2,300,100,40,4,3,3,TRUE,0.00500000000000256,0.000999999999997669,1,1.15110305589951e-15,1.49880108324396e-15,1.77884688372984e-15,1.4787793334711e-06,1.20741826972573e-06,1.4787793334711e-06,0.83,0.83,0,1,NA,TRUE,"ok",""
"syn_cls_p_lt_n_low_rank","synthetic","classification","well_conditioned",202,"rsvd",123,20,2,300,100,40,4,3,1,TRUE,0.00399999999999778,0,1,4.34970044018721e-16,6.66133814775094e-16,7.22387172248238e-16,0,1.20741826972573e-06,0,0.44,0.44,0,1,NA,TRUE,"ok",""
"syn_cls_p_lt_n_low_rank","synthetic","classification","well_conditioned",202,"rsvd",123,20,2,300,100,40,4,3,2,TRUE,0.00399999999999778,0,1,1.07805069138428e-15,1.38777878078145e-15,1.61932216688445e-15,1.70754729250319e-06,1.70754729250319e-06,1.20741826972573e-06,0.68,0.68,0,1,NA,TRUE,"ok",""
"syn_cls_p_lt_n_low_rank","synthetic","classification","well_conditioned",202,"rsvd",123,20,2,300,100,40,4,3,3,TRUE,0.00399999999999778,0,1,1.15110305589951e-15,1.49880108324396e-15,1.77884688372984e-15,1.4787793334711e-06,1.20741826972573e-06,1.4787793334711e-06,0.83,0.83,0,1,NA,TRUE,"ok",""
"syn_cls_p_gt_n_high_rank","synthetic","classification","well_conditioned",202,"rsvd",1,20,2,120,60,300,12,11,1,FALSE,0.00999999999999801,0.00199999999999534,1,4.16061524289508e-15,1.94289029309402e-15,5.46423976354261e-15,0,0,1.90909591041642e-06,0.0833333333333333,0.0833333333333333,0,1,NA,TRUE,"ok",""
"syn_cls_p_gt_n_high_rank","synthetic","classification","well_conditioned",202,"rsvd",1,20,2,120,60,300,12,11,3,FALSE,0.00999999999999801,0.00199999999999534,1,2.58705076959046e-15,1.9151347174784e-15,3.372583604002e-15,0,2.09130978915187e-06,1.90909591041642e-06,0.466666666666667,0.466666666666667,0,1,NA,TRUE,"ok",""
"syn_cls_p_gt_n_high_rank","synthetic","classification","well_conditioned",202,"rsvd",1,20,2,120,60,300,12,11,6,FALSE,0.00999999999999801,0.00199999999999534,1,1.21987448691043e-15,1.22124532708767e-15,1.49142762676702e-15,1.4787793334711e-06,2.41483653945147e-06,1.90909591041642e-06,0.783333333333333,0.783333333333333,0,1,NA,TRUE,"ok",""
"syn_cls_p_gt_n_high_rank","synthetic","classification","well_conditioned",202,"rsvd",1,20,2,120,60,300,12,11,8,FALSE,0.00999999999999801,0.00199999999999534,1,1.27547153640632e-15,1.33226762955019e-15,1.55334262209784e-15,0,1.90909591041642e-06,1.90909591041642e-06,0.883333333333333,0.883333333333333,0,1,NA,TRUE,"ok",""
"syn_cls_p_gt_n_high_rank","synthetic","classification","well_conditioned",202,"rsvd",1,20,2,120,60,300,12,11,10,FALSE,0.00999999999999801,0.00199999999999534,1,1.76141005314708e-15,1.41553435639707e-15,2.34943289142697e-15,1.70754729250319e-06,2.83164684051016e-06,1.90909591041642e-06,0.883333333333333,0.883333333333333,0,1,NA,TRUE,"ok",""
"syn_cls_p_gt_n_high_rank","synthetic","classification","well_conditioned",202,"rsvd",7,20,2,120,60,300,12,11,1,FALSE,0.00900000000000034,0.00200000000000244,1,4.16061524289508e-15,1.94289029309402e-15,5.46423976354261e-15,0,0,1.90909591041642e-06,0.0833333333333333,0.0833333333333333,0,1,NA,TRUE,"ok",""
"syn_cls_p_gt_n_high_rank","synthetic","classification","well_conditioned",202,"rsvd",7,20,2,120,60,300,12,11,3,FALSE,0.00900000000000034,0.00200000000000244,1,2.58705076959046e-15,1.9151347174784e-15,3.372583604002e-15,0,2.09130978915187e-06,1.90909591041642e-06,0.466666666666667,0.466666666666667,0,1,NA,TRUE,"ok",""
"syn_cls_p_gt_n_high_rank","synthetic","classification","well_conditioned",202,"rsvd",7,20,2,120,60,300,12,11,6,FALSE,0.00900000000000034,0.00200000000000244,1,1.21987448691043e-15,1.22124532708767e-15,1.49142762676702e-15,1.4787793334711e-06,2.41483653945147e-06,1.90909591041642e-06,0.783333333333333,0.783333333333333,0,1,NA,TRUE,"ok",""
"syn_cls_p_gt_n_high_rank","synthetic","classification","well_conditioned",202,"rsvd",7,20,2,120,60,300,12,11,8,FALSE,0.00900000000000034,0.00200000000000244,1,1.27547153640632e-15,1.33226762955019e-15,1.55334262209784e-15,0,1.90909591041642e-06,1.90909591041642e-06,0.883333333333333,0.883333333333333,0,1,NA,TRUE,"ok",""
"syn_cls_p_gt_n_high_rank","synthetic","classification","well_conditioned",202,"rsvd",7,20,2,120,60,300,12,11,10,FALSE,0.00900000000000034,0.00200000000000244,1,1.76141005314708e-15,1.41553435639707e-15,2.34943289142697e-15,1.70754729250319e-06,2.83164684051016e-06,1.90909591041642e-06,0.883333333333333,0.883333333333333,0,1,NA,TRUE,"ok",""
"syn_cls_p_gt_n_high_rank","synthetic","classification","well_conditioned",202,"rsvd",19,20,2,120,60,300,12,11,1,FALSE,0.00900000000000034,0.00200000000000244,1,4.16061524289508e-15,1.94289029309402e-15,5.46423976354261e-15,0,0,1.90909591041642e-06,0.0833333333333333,0.0833333333333333,0,1,NA,TRUE,"ok",""
"syn_cls_p_gt_n_high_rank","synthetic","classification","well_conditioned",202,"rsvd",19,20,2,120,60,300,12,11,3,FALSE,0.00900000000000034,0.00200000000000244,1,2.58705076959046e-15,1.9151347174784e-15,3.372583604002e-15,0,2.09130978915187e-06,1.90909591041642e-06,0.466666666666667,0.466666666666667,0,1,NA,TRUE,"ok",""
"syn_cls_p_gt_n_high_rank","synthetic","classification","well_conditioned",202,"rsvd",19,20,2,120,60,300,12,11,6,FALSE,0.00900000000000034,0.00200000000000244,1,1.21987448691043e-15,1.22124532708767e-15,1.49142762676702e-15,1.4787793334711e-06,2.41483653945147e-06,1.90909591041642e-06,0.783333333333333,0.783333333333333,0,1,NA,TRUE,"ok",""
"syn_cls_p_gt_n_high_rank","synthetic","classification","well_conditioned",202,"rsvd",19,20,2,120,60,300,12,11,8,FALSE,0.00900000000000034,0.00200000000000244,1,1.27547153640632e-15,1.33226762955019e-15,1.55334262209784e-15,0,1.90909591041642e-06,1.90909591041642e-06,0.883333333333333,0.883333333333333,0,1,NA,TRUE,"ok",""
"syn_cls_p_gt_n_high_rank","synthetic","classification","well_conditioned",202,"rsvd",19,20,2,120,60,300,12,11,10,FALSE,0.00900000000000034,0.00200000000000244,1,1.76141005314708e-15,1.41553435639707e-15,2.34943289142697e-15,1.70754729250319e-06,2.83164684051016e-06,1.90909591041642e-06,0.883333333333333,0.883333333333333,0,1,NA,TRUE,"ok",""
"syn_cls_p_gt_n_high_rank","synthetic","classification","well_conditioned",202,"rsvd",43,20,2,120,60,300,12,11,1,FALSE,0.00999999999999801,0.00200000000000244,1,4.16061524289508e-15,1.94289029309402e-15,5.46423976354261e-15,0,0,1.90909591041642e-06,0.0833333333333333,0.0833333333333333,0,1,NA,TRUE,"ok",""
"syn_cls_p_gt_n_high_rank","synthetic","classification","well_conditioned",202,"rsvd",43,20,2,120,60,300,12,11,3,FALSE,0.00999999999999801,0.00200000000000244,1,2.58705076959046e-15,1.9151347174784e-15,3.372583604002e-15,0,2.09130978915187e-06,1.90909591041642e-06,0.466666666666667,0.466666666666667,0,1,NA,TRUE,"ok",""
"syn_cls_p_gt_n_high_rank","synthetic","classification","well_conditioned",202,"rsvd",43,20,2,120,60,300,12,11,6,FALSE,0.00999999999999801,0.00200000000000244,1,1.21987448691043e-15,1.22124532708767e-15,1.49142762676702e-15,1.4787793334711e-06,2.41483653945147e-06,1.90909591041642e-06,0.783333333333333,0.783333333333333,0,1,NA,TRUE,"ok",""
"syn_cls_p_gt_n_high_rank","synthetic","classification","well_conditioned",202,"rsvd",43,20,2,120,60,300,12,11,8,FALSE,0.00999999999999801,0.00200000000000244,1,1.27547153640632e-15,1.33226762955019e-15,1.55334262209784e-15,0,1.90909591041642e-06,1.90909591041642e-06,0.883333333333333,0.883333333333333,0,1,NA,TRUE,"ok",""
"syn_cls_p_gt_n_high_rank","synthetic","classification","well_conditioned",202,"rsvd",43,20,2,120,60,300,12,11,10,FALSE,0.00999999999999801,0.00200000000000244,1,1.76141005314708e-15,1.41553435639707e-15,2.34943289142697e-15,1.70754729250319e-06,2.83164684051016e-06,1.90909591041642e-06,0.883333333333333,0.883333333333333,0,1,NA,TRUE,"ok",""
"syn_cls_p_gt_n_high_rank","synthetic","classification","well_conditioned",202,"rsvd",123,20,2,120,60,300,12,11,1,FALSE,0.00900000000000034,0.00300000000000011,1,4.16061524289508e-15,1.94289029309402e-15,5.46423976354261e-15,0,0,1.90909591041642e-06,0.0833333333333333,0.0833333333333333,0,1,NA,TRUE,"ok",""
"syn_cls_p_gt_n_high_rank","synthetic","classification","well_conditioned",202,"rsvd",123,20,2,120,60,300,12,11,3,FALSE,0.00900000000000034,0.00300000000000011,1,2.58705076959046e-15,1.9151347174784e-15,3.372583604002e-15,0,2.09130978915187e-06,1.90909591041642e-06,0.466666666666667,0.466666666666667,0,1,NA,TRUE,"ok",""
"syn_cls_p_gt_n_high_rank","synthetic","classification","well_conditioned",202,"rsvd",123,20,2,120,60,300,12,11,6,FALSE,0.00900000000000034,0.00300000000000011,1,1.21987448691043e-15,1.22124532708767e-15,1.49142762676702e-15,1.4787793334711e-06,2.41483653945147e-06,1.90909591041642e-06,0.783333333333333,0.783333333333333,0,1,NA,TRUE,"ok",""
"syn_cls_p_gt_n_high_rank","synthetic","classification","well_conditioned",202,"rsvd",123,20,2,120,60,300,12,11,8,FALSE,0.00900000000000034,0.00300000000000011,1,1.27547153640632e-15,1.33226762955019e-15,1.55334262209784e-15,0,1.90909591041642e-06,1.90909591041642e-06,0.883333333333333,0.883333333333333,0,1,NA,TRUE,"ok",""
"syn_cls_p_gt_n_high_rank","synthetic","classification","well_conditioned",202,"rsvd",123,20,2,120,60,300,12,11,10,FALSE,0.00900000000000034,0.00300000000000011,1,1.76141005314708e-15,1.41553435639707e-15,2.34943289142697e-15,1.70754729250319e-06,2.83164684051016e-06,1.90909591041642e-06,0.883333333333333,0.883333333333333,0,1,NA,TRUE,"ok",""
"syn_cls_ill_conditioned","synthetic","classification","ill_conditioned",202,"rsvd",1,20,2,180,60,120,6,5,1,TRUE,0.0069999999999979,0.000999999999997669,1,3.39261111635911e-15,2.55351295663786e-15,5.08426705823181e-15,0,2.09130978915187e-06,1.70754729250319e-06,0.333333333333333,0.333333333333333,0,1,NA,TRUE,"ok",""
"syn_cls_ill_conditioned","synthetic","classification","ill_conditioned",202,"rsvd",1,20,2,180,60,120,6,5,2,TRUE,0.0069999999999979,0.000999999999997669,1,5.36813882153283e-16,5.55111512312578e-16,7.97376627309352e-16,0,2.09130978915187e-06,1.70754729250319e-06,0.5,0.5,0,1,NA,TRUE,"ok",""
"syn_cls_ill_conditioned","synthetic","classification","ill_conditioned",202,"rsvd",1,20,2,180,60,120,6,5,3,TRUE,0.0069999999999979,0.000999999999997669,1,5.86118157410279e-16,7.7715611723761e-16,9.2650380069509e-16,0,2.41483653945147e-06,2.25887274392255e-06,0.633333333333333,0.633333333333333,0,1,NA,TRUE,"ok",""
"syn_cls_ill_conditioned","synthetic","classification","ill_conditioned",202,"rsvd",1,20,2,180,60,120,6,5,4,TRUE,0.0069999999999979,0.000999999999997669,1,1.49499524064595e-12,1.43685063846988e-12,3.83560087375073e-12,0,2.25887274392255e-06,1.70754729250319e-06,0.6,0.6,0,1,NA,TRUE,"ok",""
"syn_cls_ill_conditioned","synthetic","classification","ill_conditioned",202,"rsvd",1,20,2,180,60,120,6,5,5,TRUE,0.0069999999999979,0.000999999999997669,0.999999999999999,2.53641795821386e-12,3.33000294006069e-12,4.50613634173953e-12,1.4787793334711e-06,2.25887274392255e-06,1.70754729250319e-06,0.6,0.6,0,1,NA,TRUE,"ok",""
"syn_cls_ill_conditioned","synthetic","classification","ill_conditioned",202,"rsvd",7,20,2,180,60,120,6,5,1,TRUE,0.0069999999999979,0,1,3.39261111635911e-15,2.55351295663786e-15,5.08426705823181e-15,0,2.09130978915187e-06,1.70754729250319e-06,0.333333333333333,0.333333333333333,0,1,NA,TRUE,"ok",""
"syn_cls_ill_conditioned","synthetic","classification","ill_conditioned",202,"rsvd",7,20,2,180,60,120,6,5,2,TRUE,0.0069999999999979,0,1,5.36813882153283e-16,5.55111512312578e-16,7.97376627309352e-16,0,2.09130978915187e-06,1.70754729250319e-06,0.5,0.5,0,1,NA,TRUE,"ok",""
"syn_cls_ill_conditioned","synthetic","classification","ill_conditioned",202,"rsvd",7,20,2,180,60,120,6,5,3,TRUE,0.0069999999999979,0,1,5.86118157410279e-16,7.7715611723761e-16,9.2650380069509e-16,0,2.41483653945147e-06,2.25887274392255e-06,0.633333333333333,0.633333333333333,0,1,NA,TRUE,"ok",""
"syn_cls_ill_conditioned","synthetic","classification","ill_conditioned",202,"rsvd",7,20,2,180,60,120,6,5,4,TRUE,0.0069999999999979,0,1,1.49499524064595e-12,1.43685063846988e-12,3.83560087375073e-12,0,2.25887274392255e-06,1.70754729250319e-06,0.6,0.6,0,1,NA,TRUE,"ok",""
"syn_cls_ill_conditioned","synthetic","classification","ill_conditioned",202,"rsvd",7,20,2,180,60,120,6,5,5,TRUE,0.0069999999999979,0,0.999999999999999,2.53641795821386e-12,3.33000294006069e-12,4.50613634173953e-12,1.4787793334711e-06,2.25887274392255e-06,1.70754729250319e-06,0.6,0.6,0,1,NA,TRUE,"ok",""
"syn_cls_ill_conditioned","synthetic","classification","ill_conditioned",202,"rsvd",19,20,2,180,60,120,6,5,1,TRUE,0.0069999999999979,0.00100000000000477,1,3.39261111635911e-15,2.55351295663786e-15,5.08426705823181e-15,0,2.09130978915187e-06,1.70754729250319e-06,0.333333333333333,0.333333333333333,0,1,NA,TRUE,"ok",""
"syn_cls_ill_conditioned","synthetic","classification","ill_conditioned",202,"rsvd",19,20,2,180,60,120,6,5,2,TRUE,0.0069999999999979,0.00100000000000477,1,5.36813882153283e-16,5.55111512312578e-16,7.97376627309352e-16,0,2.09130978915187e-06,1.70754729250319e-06,0.5,0.5,0,1,NA,TRUE,"ok",""
"syn_cls_ill_conditioned","synthetic","classification","ill_conditioned",202,"rsvd",19,20,2,180,60,120,6,5,3,TRUE,0.0069999999999979,0.00100000000000477,1,5.86118157410279e-16,7.7715611723761e-16,9.2650380069509e-16,0,2.41483653945147e-06,2.25887274392255e-06,0.633333333333333,0.633333333333333,0,1,NA,TRUE,"ok",""
"syn_cls_ill_conditioned","synthetic","classification","ill_conditioned",202,"rsvd",19,20,2,180,60,120,6,5,4,TRUE,0.0069999999999979,0.00100000000000477,1,1.49499524064595e-12,1.43685063846988e-12,3.83560087375073e-12,0,2.25887274392255e-06,1.70754729250319e-06,0.6,0.6,0,1,NA,TRUE,"ok",""
"syn_cls_ill_conditioned","synthetic","classification","ill_conditioned",202,"rsvd",19,20,2,180,60,120,6,5,5,TRUE,0.0069999999999979,0.00100000000000477,0.999999999999999,2.53641795821386e-12,3.33000294006069e-12,4.50613634173953e-12,1.4787793334711e-06,2.25887274392255e-06,1.70754729250319e-06,0.6,0.6,0,1,NA,TRUE,"ok",""
"syn_cls_ill_conditioned","synthetic","classification","ill_conditioned",202,"rsvd",43,20,2,180,60,120,6,5,1,TRUE,0.0069999999999979,0,1,3.39261111635911e-15,2.55351295663786e-15,5.08426705823181e-15,0,2.09130978915187e-06,1.70754729250319e-06,0.333333333333333,0.333333333333333,0,1,NA,TRUE,"ok",""
"syn_cls_ill_conditioned","synthetic","classification","ill_conditioned",202,"rsvd",43,20,2,180,60,120,6,5,2,TRUE,0.0069999999999979,0,1,5.36813882153283e-16,5.55111512312578e-16,7.97376627309352e-16,0,2.09130978915187e-06,1.70754729250319e-06,0.5,0.5,0,1,NA,TRUE,"ok",""
"syn_cls_ill_conditioned","synthetic","classification","ill_conditioned",202,"rsvd",43,20,2,180,60,120,6,5,3,TRUE,0.0069999999999979,0,1,5.86118157410279e-16,7.7715611723761e-16,9.2650380069509e-16,0,2.41483653945147e-06,2.25887274392255e-06,0.633333333333333,0.633333333333333,0,1,NA,TRUE,"ok",""
"syn_cls_ill_conditioned","synthetic","classification","ill_conditioned",202,"rsvd",43,20,2,180,60,120,6,5,4,TRUE,0.0069999999999979,0,1,1.49499524064595e-12,1.43685063846988e-12,3.83560087375073e-12,0,2.25887274392255e-06,1.70754729250319e-06,0.6,0.6,0,1,NA,TRUE,"ok",""
"syn_cls_ill_conditioned","synthetic","classification","ill_conditioned",202,"rsvd",43,20,2,180,60,120,6,5,5,TRUE,0.0069999999999979,0,0.999999999999999,2.53641795821386e-12,3.33000294006069e-12,4.50613634173953e-12,1.4787793334711e-06,2.25887274392255e-06,1.70754729250319e-06,0.6,0.6,0,1,NA,TRUE,"ok",""
"syn_cls_ill_conditioned","synthetic","classification","ill_conditioned",202,"rsvd",123,20,2,180,60,120,6,5,1,TRUE,0.0069999999999979,0.00100000000000477,1,3.39261111635911e-15,2.55351295663786e-15,5.08426705823181e-15,0,2.09130978915187e-06,1.70754729250319e-06,0.333333333333333,0.333333333333333,0,1,NA,TRUE,"ok",""
"syn_cls_ill_conditioned","synthetic","classification","ill_conditioned",202,"rsvd",123,20,2,180,60,120,6,5,2,TRUE,0.0069999999999979,0.00100000000000477,1,5.36813882153283e-16,5.55111512312578e-16,7.97376627309352e-16,0,2.09130978915187e-06,1.70754729250319e-06,0.5,0.5,0,1,NA,TRUE,"ok",""
"syn_cls_ill_conditioned","synthetic","classification","ill_conditioned",202,"rsvd",123,20,2,180,60,120,6,5,3,TRUE,0.0069999999999979,0.00100000000000477,1,5.86118157410279e-16,7.7715611723761e-16,9.2650380069509e-16,0,2.41483653945147e-06,2.25887274392255e-06,0.633333333333333,0.633333333333333,0,1,NA,TRUE,"ok",""
"syn_cls_ill_conditioned","synthetic","classification","ill_conditioned",202,"rsvd",123,20,2,180,60,120,6,5,4,TRUE,0.0069999999999979,0.00100000000000477,1,1.49499524064595e-12,1.43685063846988e-12,3.83560087375073e-12,0,2.25887274392255e-06,1.70754729250319e-06,0.6,0.6,0,1,NA,TRUE,"ok",""
"syn_cls_ill_conditioned","synthetic","classification","ill_conditioned",202,"rsvd",123,20,2,180,60,120,6,5,5,TRUE,0.0069999999999979,0.00100000000000477,0.999999999999999,2.53641795821386e-12,3.33000294006069e-12,4.50613634173953e-12,1.4787793334711e-06,2.25887274392255e-06,1.70754729250319e-06,0.6,0.6,0,1,NA,TRUE,"ok",""
"syn_reg_p_lt_n_low_q","synthetic","regression","well_conditioned",303,"rsvd",1,20,2,240,80,40,5,5,2,TRUE,0.00600000000000023,0.000999999999997669,1,5.50680360089311e-16,2.66453525910038e-15,6.03323726685287e-16,0,1.20741826972573e-06,1.70754729250319e-06,0.702012756308657,0.702012756308656,2.22044604925031e-16,NA,NA,TRUE,"ok",""
"syn_reg_p_lt_n_low_q","synthetic","regression","well_conditioned",303,"rsvd",1,20,2,240,80,40,5,5,5,TRUE,0.00600000000000023,0.000999999999997669,1,9.60434801272071e-11,8.58183746288432e-10,9.2221146884113e-09,1.70754729250319e-06,1.20741826972573e-06,1.70754729250319e-06,0.0512447066877885,0.0512447066743637,1.34247890581918e-11,NA,NA,TRUE,"ok",""
"syn_reg_p_lt_n_low_q","synthetic","regression","well_conditioned",303,"rsvd",1,20,2,240,80,40,5,5,7,TRUE,0.00600000000000023,0.000999999999997669,1,1.34659751685503e-10,1.04865549577227e-09,1.20041908044555e-08,8.53773646251594e-07,1.20741826972573e-06,1.70754729250319e-06,0.0519558130655216,0.0519558130390674,2.64542068806328e-11,NA,NA,TRUE,"ok",""
"syn_reg_p_lt_n_low_q","synthetic","regression","well_conditioned",303,"rsvd",1,20,2,240,80,40,5,5,10,TRUE,0.00600000000000023,0.000999999999997669,1,4.02379130186006e-10,2.72288896985273e-09,3.08653250785216e-08,1.4787793334711e-06,1.20741826972573e-06,1.70754729250319e-06,0.0525172781162304,0.0525172780619697,5.42606654052591e-11,NA,NA,TRUE,"ok",""
"syn_reg_p_lt_n_low_q","synthetic","regression","well_conditioned",303,"rsvd",7,20,2,240,80,40,5,5,2,TRUE,0.00600000000000023,0,1,5.50680360089311e-16,2.66453525910038e-15,6.03323726685287e-16,0,1.20741826972573e-06,1.70754729250319e-06,0.702012756308657,0.702012756308656,2.22044604925031e-16,NA,NA,TRUE,"ok",""
"syn_reg_p_lt_n_low_q","synthetic","regression","well_conditioned",303,"rsvd",7,20,2,240,80,40,5,5,5,TRUE,0.00600000000000023,0,1,9.60434801272071e-11,8.58183746288432e-10,9.2221146884113e-09,1.70754729250319e-06,1.20741826972573e-06,1.70754729250319e-06,0.0512447066877885,0.0512447066743637,1.34247890581918e-11,NA,NA,TRUE,"ok",""
"syn_reg_p_lt_n_low_q","synthetic","regression","well_conditioned",303,"rsvd",7,20,2,240,80,40,5,5,7,TRUE,0.00600000000000023,0,1,1.34659751685503e-10,1.04865549577227e-09,1.20041908044555e-08,8.53773646251594e-07,1.20741826972573e-06,1.70754729250319e-06,0.0519558130655216,0.0519558130390674,2.64542068806328e-11,NA,NA,TRUE,"ok",""
"syn_reg_p_lt_n_low_q","synthetic","regression","well_conditioned",303,"rsvd",7,20,2,240,80,40,5,5,10,TRUE,0.00600000000000023,0,1,4.02379130186006e-10,2.72288896985273e-09,3.08653250785216e-08,1.4787793334711e-06,1.20741826972573e-06,1.70754729250319e-06,0.0525172781162304,0.0525172780619697,5.42606654052591e-11,NA,NA,TRUE,"ok",""
"syn_reg_p_lt_n_low_q","synthetic","regression","well_conditioned",303,"rsvd",19,20,2,240,80,40,5,5,2,TRUE,0.00500000000000256,0.000999999999997669,1,5.50680360089311e-16,2.66453525910038e-15,6.03323726685287e-16,0,1.20741826972573e-06,1.70754729250319e-06,0.702012756308657,0.702012756308656,2.22044604925031e-16,NA,NA,TRUE,"ok",""
"syn_reg_p_lt_n_low_q","synthetic","regression","well_conditioned",303,"rsvd",19,20,2,240,80,40,5,5,5,TRUE,0.00500000000000256,0.000999999999997669,1,9.60434801272071e-11,8.58183746288432e-10,9.2221146884113e-09,1.70754729250319e-06,1.20741826972573e-06,1.70754729250319e-06,0.0512447066877885,0.0512447066743637,1.34247890581918e-11,NA,NA,TRUE,"ok",""
"syn_reg_p_lt_n_low_q","synthetic","regression","well_conditioned",303,"rsvd",19,20,2,240,80,40,5,5,7,TRUE,0.00500000000000256,0.000999999999997669,1,1.34659751685503e-10,1.04865549577227e-09,1.20041908044555e-08,8.53773646251594e-07,1.20741826972573e-06,1.70754729250319e-06,0.0519558130655216,0.0519558130390674,2.64542068806328e-11,NA,NA,TRUE,"ok",""
"syn_reg_p_lt_n_low_q","synthetic","regression","well_conditioned",303,"rsvd",19,20,2,240,80,40,5,5,10,TRUE,0.00500000000000256,0.000999999999997669,1,4.02379130186006e-10,2.72288896985273e-09,3.08653250785216e-08,1.4787793334711e-06,1.20741826972573e-06,1.70754729250319e-06,0.0525172781162304,0.0525172780619697,5.42606654052591e-11,NA,NA,TRUE,"ok",""
"syn_reg_p_lt_n_low_q","synthetic","regression","well_conditioned",303,"rsvd",43,20,2,240,80,40,5,5,2,TRUE,0.00600000000000023,0.000999999999997669,1,5.50680360089311e-16,2.66453525910038e-15,6.03323726685287e-16,0,1.20741826972573e-06,1.70754729250319e-06,0.702012756308657,0.702012756308656,2.22044604925031e-16,NA,NA,TRUE,"ok",""
"syn_reg_p_lt_n_low_q","synthetic","regression","well_conditioned",303,"rsvd",43,20,2,240,80,40,5,5,5,TRUE,0.00600000000000023,0.000999999999997669,1,9.60434801272071e-11,8.58183746288432e-10,9.2221146884113e-09,1.70754729250319e-06,1.20741826972573e-06,1.70754729250319e-06,0.0512447066877885,0.0512447066743637,1.34247890581918e-11,NA,NA,TRUE,"ok",""
"syn_reg_p_lt_n_low_q","synthetic","regression","well_conditioned",303,"rsvd",43,20,2,240,80,40,5,5,7,TRUE,0.00600000000000023,0.000999999999997669,1,1.34659751685503e-10,1.04865549577227e-09,1.20041908044555e-08,8.53773646251594e-07,1.20741826972573e-06,1.70754729250319e-06,0.0519558130655216,0.0519558130390674,2.64542068806328e-11,NA,NA,TRUE,"ok",""
"syn_reg_p_lt_n_low_q","synthetic","regression","well_conditioned",303,"rsvd",43,20,2,240,80,40,5,5,10,TRUE,0.00600000000000023,0.000999999999997669,1,4.02379130186006e-10,2.72288896985273e-09,3.08653250785216e-08,1.4787793334711e-06,1.20741826972573e-06,1.70754729250319e-06,0.0525172781162304,0.0525172780619697,5.42606654052591e-11,NA,NA,TRUE,"ok",""
"syn_reg_p_lt_n_low_q","synthetic","regression","well_conditioned",303,"rsvd",123,20,2,240,80,40,5,5,2,TRUE,0.00600000000000023,0.000999999999997669,1,5.50680360089311e-16,2.66453525910038e-15,6.03323726685287e-16,0,1.20741826972573e-06,1.70754729250319e-06,0.702012756308657,0.702012756308656,2.22044604925031e-16,NA,NA,TRUE,"ok",""
"syn_reg_p_lt_n_low_q","synthetic","regression","well_conditioned",303,"rsvd",123,20,2,240,80,40,5,5,5,TRUE,0.00600000000000023,0.000999999999997669,1,9.60434801272071e-11,8.58183746288432e-10,9.2221146884113e-09,1.70754729250319e-06,1.20741826972573e-06,1.70754729250319e-06,0.0512447066877885,0.0512447066743637,1.34247890581918e-11,NA,NA,TRUE,"ok",""
"syn_reg_p_lt_n_low_q","synthetic","regression","well_conditioned",303,"rsvd",123,20,2,240,80,40,5,5,7,TRUE,0.00600000000000023,0.000999999999997669,1,1.34659751685503e-10,1.04865549577227e-09,1.20041908044555e-08,8.53773646251594e-07,1.20741826972573e-06,1.70754729250319e-06,0.0519558130655216,0.0519558130390674,2.64542068806328e-11,NA,NA,TRUE,"ok",""
"syn_reg_p_lt_n_low_q","synthetic","regression","well_conditioned",303,"rsvd",123,20,2,240,80,40,5,5,10,TRUE,0.00600000000000023,0.000999999999997669,1,4.02379130186006e-10,2.72288896985273e-09,3.08653250785216e-08,1.4787793334711e-06,1.20741826972573e-06,1.70754729250319e-06,0.0525172781162304,0.0525172780619697,5.42606654052591e-11,NA,NA,TRUE,"ok",""
"syn_reg_p_gt_n","synthetic","regression","well_conditioned",303,"rsvd",1,20,2,80,40,300,6,6,2,FALSE,0.00600000000000023,0.00200000000000244,1,8.89901487063537e-16,3.5527136788005e-15,1.12536640340597e-15,1.20741826972573e-06,2.25887274392255e-06,1.20741826972573e-06,0.6453326972966,0.6453326972966,1.11022302462516e-16,NA,NA,TRUE,"ok",""
"syn_reg_p_gt_n","synthetic","regression","well_conditioned",303,"rsvd",1,20,2,80,40,300,6,6,5,FALSE,0.00600000000000023,0.00200000000000244,1,9.35387060961226e-11,6.64388100091173e-10,1.04511843462389e-08,1.4787793334711e-06,2.25887274392255e-06,3.6222548091772e-06,0.0545351448528547,0.0545351448235815,2.92731949791403e-11,NA,NA,TRUE,"ok",""
"syn_reg_p_gt_n","synthetic","regression","well_conditioned",303,"rsvd",1,20,2,80,40,300,6,6,7,FALSE,0.00600000000000023,0.00200000000000244,1,1.83985608020221e-10,8.24761703377419e-10,1.52447417569216e-08,1.4787793334711e-06,2.25887274392255e-06,3.1945284701302e-06,0.0564722685174203,0.0564722685247753,7.35498467685503e-12,NA,NA,TRUE,"ok",""
"syn_reg_p_gt_n","synthetic","regression","well_conditioned",303,"rsvd",1,20,2,80,40,300,6,6,10,FALSE,0.00600000000000023,0.00200000000000244,1,2.79203560194368e-10,1.43227213422747e-09,1.74675757354896e-08,8.53773646251594e-07,2.25887274392255e-06,2.56132093875478e-06,0.058403559083115,0.0584035590979746,1.48596829285808e-11,NA,NA,TRUE,"ok",""
"syn_reg_p_gt_n","synthetic","regression","well_conditioned",303,"rsvd",7,20,2,80,40,300,6,6,2,FALSE,0.00499999999999545,0.00100000000000477,1,8.89901487063537e-16,3.5527136788005e-15,1.12536640340597e-15,1.20741826972573e-06,2.25887274392255e-06,1.20741826972573e-06,0.6453326972966,0.6453326972966,1.11022302462516e-16,NA,NA,TRUE,"ok",""
"syn_reg_p_gt_n","synthetic","regression","well_conditioned",303,"rsvd",7,20,2,80,40,300,6,6,5,FALSE,0.00499999999999545,0.00100000000000477,1,9.35387060961226e-11,6.64388100091173e-10,1.04511843462389e-08,1.4787793334711e-06,2.25887274392255e-06,3.6222548091772e-06,0.0545351448528547,0.0545351448235815,2.92731949791403e-11,NA,NA,TRUE,"ok",""
"syn_reg_p_gt_n","synthetic","regression","well_conditioned",303,"rsvd",7,20,2,80,40,300,6,6,7,FALSE,0.00499999999999545,0.00100000000000477,1,1.83985608020221e-10,8.24761703377419e-10,1.52447417569216e-08,1.4787793334711e-06,2.25887274392255e-06,3.1945284701302e-06,0.0564722685174203,0.0564722685247753,7.35498467685503e-12,NA,NA,TRUE,"ok",""
"syn_reg_p_gt_n","synthetic","regression","well_conditioned",303,"rsvd",7,20,2,80,40,300,6,6,10,FALSE,0.00499999999999545,0.00100000000000477,1,2.79203560194368e-10,1.43227213422747e-09,1.74675757354896e-08,8.53773646251594e-07,2.25887274392255e-06,2.56132093875478e-06,0.058403559083115,0.0584035590979746,1.48596829285808e-11,NA,NA,TRUE,"ok",""
"syn_reg_p_gt_n","synthetic","regression","well_conditioned",303,"rsvd",19,20,2,80,40,300,6,6,2,FALSE,0.007000000000005,0.000999999999997669,1,8.89901487063537e-16,3.5527136788005e-15,1.12536640340597e-15,1.20741826972573e-06,2.25887274392255e-06,1.20741826972573e-06,0.6453326972966,0.6453326972966,1.11022302462516e-16,NA,NA,TRUE,"ok",""
"syn_reg_p_gt_n","synthetic","regression","well_conditioned",303,"rsvd",19,20,2,80,40,300,6,6,5,FALSE,0.007000000000005,0.000999999999997669,1,9.35387060961226e-11,6.64388100091173e-10,1.04511843462389e-08,1.4787793334711e-06,2.25887274392255e-06,3.6222548091772e-06,0.0545351448528547,0.0545351448235815,2.92731949791403e-11,NA,NA,TRUE,"ok",""
"syn_reg_p_gt_n","synthetic","regression","well_conditioned",303,"rsvd",19,20,2,80,40,300,6,6,7,FALSE,0.007000000000005,0.000999999999997669,1,1.83985608020221e-10,8.24761703377419e-10,1.52447417569216e-08,1.4787793334711e-06,2.25887274392255e-06,3.1945284701302e-06,0.0564722685174203,0.0564722685247753,7.35498467685503e-12,NA,NA,TRUE,"ok",""
"syn_reg_p_gt_n","synthetic","regression","well_conditioned",303,"rsvd",19,20,2,80,40,300,6,6,10,FALSE,0.007000000000005,0.000999999999997669,1,2.79203560194368e-10,1.43227213422747e-09,1.74675757354896e-08,8.53773646251594e-07,2.25887274392255e-06,2.56132093875478e-06,0.058403559083115,0.0584035590979746,1.48596829285808e-11,NA,NA,TRUE,"ok",""
"syn_reg_p_gt_n","synthetic","regression","well_conditioned",303,"rsvd",43,20,2,80,40,300,6,6,2,FALSE,0.00600000000000023,0.00100000000000477,1,8.89901487063537e-16,3.5527136788005e-15,1.12536640340597e-15,1.20741826972573e-06,2.25887274392255e-06,1.20741826972573e-06,0.6453326972966,0.6453326972966,1.11022302462516e-16,NA,NA,TRUE,"ok",""
"syn_reg_p_gt_n","synthetic","regression","well_conditioned",303,"rsvd",43,20,2,80,40,300,6,6,5,FALSE,0.00600000000000023,0.00100000000000477,1,9.35387060961226e-11,6.64388100091173e-10,1.04511843462389e-08,1.4787793334711e-06,2.25887274392255e-06,3.6222548091772e-06,0.0545351448528547,0.0545351448235815,2.92731949791403e-11,NA,NA,TRUE,"ok",""
"syn_reg_p_gt_n","synthetic","regression","well_conditioned",303,"rsvd",43,20,2,80,40,300,6,6,7,FALSE,0.00600000000000023,0.00100000000000477,1,1.83985608020221e-10,8.24761703377419e-10,1.52447417569216e-08,1.4787793334711e-06,2.25887274392255e-06,3.1945284701302e-06,0.0564722685174203,0.0564722685247753,7.35498467685503e-12,NA,NA,TRUE,"ok",""
"syn_reg_p_gt_n","synthetic","regression","well_conditioned",303,"rsvd",43,20,2,80,40,300,6,6,10,FALSE,0.00600000000000023,0.00100000000000477,1,2.79203560194368e-10,1.43227213422747e-09,1.74675757354896e-08,8.53773646251594e-07,2.25887274392255e-06,2.56132093875478e-06,0.058403559083115,0.0584035590979746,1.48596829285808e-11,NA,NA,TRUE,"ok",""
"syn_reg_p_gt_n","synthetic","regression","well_conditioned",303,"rsvd",123,20,2,80,40,300,6,6,2,FALSE,0.00600000000000023,0.00100000000000477,1,8.89901487063537e-16,3.5527136788005e-15,1.12536640340597e-15,1.20741826972573e-06,2.25887274392255e-06,1.20741826972573e-06,0.6453326972966,0.6453326972966,1.11022302462516e-16,NA,NA,TRUE,"ok",""
"syn_reg_p_gt_n","synthetic","regression","well_conditioned",303,"rsvd",123,20,2,80,40,300,6,6,5,FALSE,0.00600000000000023,0.00100000000000477,1,9.35387060961226e-11,6.64388100091173e-10,1.04511843462389e-08,1.4787793334711e-06,2.25887274392255e-06,3.6222548091772e-06,0.0545351448528547,0.0545351448235815,2.92731949791403e-11,NA,NA,TRUE,"ok",""
"syn_reg_p_gt_n","synthetic","regression","well_conditioned",303,"rsvd",123,20,2,80,40,300,6,6,7,FALSE,0.00600000000000023,0.00100000000000477,1,1.83985608020221e-10,8.24761703377419e-10,1.52447417569216e-08,1.4787793334711e-06,2.25887274392255e-06,3.1945284701302e-06,0.0564722685174203,0.0564722685247753,7.35498467685503e-12,NA,NA,TRUE,"ok",""
"syn_reg_p_gt_n","synthetic","regression","well_conditioned",303,"rsvd",123,20,2,80,40,300,6,6,10,FALSE,0.00600000000000023,0.00100000000000477,1,2.79203560194368e-10,1.43227213422747e-09,1.74675757354896e-08,8.53773646251594e-07,2.25887274392255e-06,2.56132093875478e-06,0.058403559083115,0.0584035590979746,1.48596829285808e-11,NA,NA,TRUE,"ok",""
"syn_reg_high_rank_y","synthetic","regression","well_conditioned",303,"rsvd",1,20,2,180,60,90,40,40,2,TRUE,0.0180000000000007,0.00399999999999778,1,2.36763242476897e-15,2.04281036531029e-14,2.33214012128799e-15,1.70754729250319e-06,8.53773646251594e-07,0,3.89909997139207,3.89909997139207,0,NA,NA,TRUE,"ok",""
"syn_reg_high_rank_y","synthetic","regression","well_conditioned",303,"rsvd",1,20,2,180,60,90,40,40,5,TRUE,0.0180000000000007,0.00399999999999778,1,1.32092495039522e-15,1.95399252334028e-14,1.37692633961553e-15,1.70754729250319e-06,1.90909591041642e-06,1.4787793334711e-06,3.39418253299422,3.39418253299422,4.44089209850063e-16,NA,NA,TRUE,"ok",""
"syn_reg_high_rank_y","synthetic","regression","well_conditioned",303,"rsvd",1,20,2,180,60,90,40,40,7,TRUE,0.0180000000000007,0.00399999999999778,1,4.81005089676176e-15,6.21724893790088e-14,4.69865701389741e-15,1.4787793334711e-06,1.20741826972573e-06,0,3.11049355306966,3.11049355306966,0,NA,NA,TRUE,"ok",""
"syn_reg_high_rank_y","synthetic","regression","well_conditioned",303,"rsvd",1,20,2,180,60,90,40,40,10,TRUE,0.0180000000000007,0.00399999999999778,1,1.28881767056166e-15,1.86517468137026e-14,1.3102630467427e-15,0,1.4787793334711e-06,1.90909591041642e-06,2.64861380033055,2.64861380033055,0,NA,NA,TRUE,"ok",""
"syn_reg_high_rank_y","synthetic","regression","well_conditioned",303,"rsvd",7,20,2,180,60,90,40,40,2,TRUE,0.0180000000000007,0.00399999999999778,1,2.99400480717813e-15,2.19269047363468e-14,3.02777364236705e-15,1.4787793334711e-06,1.4787793334711e-06,0,3.89909997139207,3.89909997139207,0,NA,NA,TRUE,"ok",""
"syn_reg_high_rank_y","synthetic","regression","well_conditioned",303,"rsvd",7,20,2,180,60,90,40,40,5,TRUE,0.0180000000000007,0.00399999999999778,1,1.3007760834827e-15,1.86517468137026e-14,1.23268548024131e-15,1.70754729250319e-06,1.4787793334711e-06,0,3.39418253299422,3.39418253299422,0,NA,NA,TRUE,"ok",""
"syn_reg_high_rank_y","synthetic","regression","well_conditioned",303,"rsvd",7,20,2,180,60,90,40,40,7,TRUE,0.0180000000000007,0.00399999999999778,1,3.96203831532009e-15,4.78506123613442e-14,3.71428239518446e-15,1.70754729250319e-06,1.4787793334711e-06,0,3.11049355306966,3.11049355306966,4.44089209850063e-16,NA,NA,TRUE,"ok",""
"syn_reg_high_rank_y","synthetic","regression","well_conditioned",303,"rsvd",7,20,2,180,60,90,40,40,10,TRUE,0.0180000000000007,0.00399999999999778,1,1.46706571535002e-15,2.44249065417534e-14,1.4751364850933e-15,1.4787793334711e-06,1.4787793334711e-06,0,2.64861380033055,2.64861380033055,0,NA,NA,TRUE,"ok",""
"syn_reg_high_rank_y","synthetic","regression","well_conditioned",303,"rsvd",19,20,2,180,60,90,40,40,2,TRUE,0.017000000000003,0.00400000000000489,1,2.11873749043018e-15,1.77635683940025e-14,2.30638466069448e-15,1.90909591041642e-06,1.4787793334711e-06,8.53773646251594e-07,3.89909997139207,3.89909997139207,0,NA,NA,TRUE,"ok",""
"syn_reg_high_rank_y","synthetic","regression","well_conditioned",303,"rsvd",19,20,2,180,60,90,40,40,5,TRUE,0.017000000000003,0.00400000000000489,1,1.21035511630727e-15,1.4210854715202e-14,1.25056872464735e-15,1.4787793334711e-06,1.4787793334711e-06,1.20741826972573e-06,3.39418253299422,3.39418253299422,0,NA,NA,TRUE,"ok",""
"syn_reg_high_rank_y","synthetic","regression","well_conditioned",303,"rsvd",19,20,2,180,60,90,40,40,7,TRUE,0.017000000000003,0.00400000000000489,1,3.11723509733889e-15,5.19584375524573e-14,3.24833687980786e-15,1.90909591041642e-06,1.4787793334711e-06,8.53773646251594e-07,3.11049355306966,3.11049355306966,0,NA,NA,TRUE,"ok",""
"syn_reg_high_rank_y","synthetic","regression","well_conditioned",303,"rsvd",19,20,2,180,60,90,40,40,10,TRUE,0.017000000000003,0.00400000000000489,1,1.19502089908731e-15,1.79856129989275e-14,1.30690333404368e-15,1.70754729250319e-06,1.4787793334711e-06,8.53773646251594e-07,2.64861380033055,2.64861380033055,0,NA,NA,TRUE,"ok",""
"syn_reg_high_rank_y","synthetic","regression","well_conditioned",303,"rsvd",43,20,2,180,60,90,40,40,2,TRUE,0.0180000000000007,0.00399999999999778,1,2.19474520900036e-15,1.55431223447522e-14,2.18144093193489e-15,2.09130978915187e-06,1.4787793334711e-06,0,3.89909997139207,3.89909997139207,0,NA,NA,TRUE,"ok",""
"syn_reg_high_rank_y","synthetic","regression","well_conditioned",303,"rsvd",43,20,2,180,60,90,40,40,5,TRUE,0.0180000000000007,0.00399999999999778,1,1.21431871546112e-15,1.59872115546023e-14,1.24089164198102e-15,1.90909591041642e-06,8.53773646251594e-07,0,3.39418253299422,3.39418253299422,4.44089209850063e-16,NA,NA,TRUE,"ok",""
"syn_reg_high_rank_y","synthetic","regression","well_conditioned",303,"rsvd",43,20,2,180,60,90,40,40,7,TRUE,0.0180000000000007,0.00399999999999778,1,1.98396930678538e-15,3.28626015289046e-14,2.10092759849892e-15,2.09130978915187e-06,1.70754729250319e-06,1.20741826972573e-06,3.11049355306966,3.11049355306966,0,NA,NA,TRUE,"ok",""
"syn_reg_high_rank_y","synthetic","regression","well_conditioned",303,"rsvd",43,20,2,180,60,90,40,40,10,TRUE,0.0180000000000007,0.00399999999999778,0.999999999999999,1.56299586701142e-15,2.48689957516035e-14,1.55411685137418e-15,1.70754729250319e-06,1.4787793334711e-06,1.20741826972573e-06,2.64861380033055,2.64861380033055,4.44089209850063e-16,NA,NA,TRUE,"ok",""
"syn_reg_high_rank_y","synthetic","regression","well_conditioned",303,"rsvd",123,20,2,180,60,90,40,40,2,TRUE,0.0159999999999982,0.00399999999999778,1,2.13548361495563e-15,2.39808173319034e-14,2.21663552906112e-15,2.09130978915187e-06,0,1.20741826972573e-06,3.89909997139207,3.89909997139207,0,NA,NA,TRUE,"ok",""
"syn_reg_high_rank_y","synthetic","regression","well_conditioned",303,"rsvd",123,20,2,180,60,90,40,40,5,TRUE,0.0159999999999982,0.00399999999999778,1,1.4975902570623e-15,1.86517468137026e-14,1.51041029982831e-15,1.70754729250319e-06,1.20741826972573e-06,1.4787793334711e-06,3.39418253299422,3.39418253299422,0,NA,NA,TRUE,"ok",""
"syn_reg_high_rank_y","synthetic","regression","well_conditioned",303,"rsvd",123,20,2,180,60,90,40,40,7,TRUE,0.0159999999999982,0.00399999999999778,1,1.00841124177795e-14,1.43218770176645e-13,1.03739486916289e-14,1.4787793334711e-06,1.70754729250319e-06,1.20741826972573e-06,3.11049355306966,3.11049355306966,4.44089209850063e-16,NA,NA,TRUE,"ok",""
"syn_reg_high_rank_y","synthetic","regression","well_conditioned",303,"rsvd",123,20,2,180,60,90,40,40,10,TRUE,0.0159999999999982,0.00399999999999778,1,1.327146424914e-15,1.77635683940025e-14,1.34416077579549e-15,0,2.25887274392255e-06,1.20741826972573e-06,2.64861380033055,2.64861380033055,0,NA,NA,TRUE,"ok",""
"syn_reg_ill_conditioned","synthetic","regression","ill_conditioned",303,"rsvd",1,20,2,180,60,80,8,8,2,TRUE,0.00600000000000023,0.000999999999997669,1,1.6111434009868e-15,6.21724893790088e-15,1.63745494673531e-15,0,0,0,1.61342423306212,1.61342423306212,2.22044604925031e-16,NA,NA,TRUE,"ok",""
"syn_reg_ill_conditioned","synthetic","regression","ill_conditioned",303,"rsvd",1,20,2,180,60,80,8,8,5,TRUE,0.00600000000000023,0.000999999999997669,0.999999999999999,1.22006370231641e-11,6.00643978998505e-11,2.71005154899722e-11,8.53773646251594e-07,1.70754729250319e-06,0,1.55748754332401,1.55748754332443,4.19442258703384e-13,NA,NA,TRUE,"ok",""
"syn_reg_ill_conditioned","synthetic","regression","ill_conditioned",303,"rsvd",1,20,2,180,60,80,8,8,7,TRUE,0.00600000000000023,0.000999999999997669,1,5.7874470379961e-11,3.73908903839038e-10,6.78663528188945e-11,1.4787793334711e-06,1.20741826972573e-06,0,1.7452185832665,1.74521858325194,1.45641276816377e-11,NA,NA,TRUE,"ok",""
"syn_reg_ill_conditioned","synthetic","regression","ill_conditioned",303,"rsvd",1,20,2,180,60,80,8,8,10,TRUE,0.00600000000000023,0.000999999999997669,1,1.43123772790909e-10,8.62073967766719e-10,1.88804570390678e-10,1.20741826972573e-06,2.25887274392255e-06,1.20741826972573e-06,1.88685717043288,1.88685717039982,3.30526717107205e-11,NA,NA,TRUE,"ok",""
"syn_reg_ill_conditioned","synthetic","regression","ill_conditioned",303,"rsvd",7,20,2,180,60,80,8,8,2,TRUE,0.00600000000000023,0.000999999999997669,1,1.6111434009868e-15,6.21724893790088e-15,1.63745494673531e-15,0,0,0,1.61342423306212,1.61342423306212,2.22044604925031e-16,NA,NA,TRUE,"ok",""
"syn_reg_ill_conditioned","synthetic","regression","ill_conditioned",303,"rsvd",7,20,2,180,60,80,8,8,5,TRUE,0.00600000000000023,0.000999999999997669,0.999999999999999,1.22006370231641e-11,6.00643978998505e-11,2.71005154899722e-11,8.53773646251594e-07,1.70754729250319e-06,0,1.55748754332401,1.55748754332443,4.19442258703384e-13,NA,NA,TRUE,"ok",""
"syn_reg_ill_conditioned","synthetic","regression","ill_conditioned",303,"rsvd",7,20,2,180,60,80,8,8,7,TRUE,0.00600000000000023,0.000999999999997669,1,5.7874470379961e-11,3.73908903839038e-10,6.78663528188945e-11,1.4787793334711e-06,1.20741826972573e-06,0,1.7452185832665,1.74521858325194,1.45641276816377e-11,NA,NA,TRUE,"ok",""
"syn_reg_ill_conditioned","synthetic","regression","ill_conditioned",303,"rsvd",7,20,2,180,60,80,8,8,10,TRUE,0.00600000000000023,0.000999999999997669,1,1.43123772790909e-10,8.62073967766719e-10,1.88804570390678e-10,1.20741826972573e-06,2.25887274392255e-06,1.20741826972573e-06,1.88685717043288,1.88685717039982,3.30526717107205e-11,NA,NA,TRUE,"ok",""
"syn_reg_ill_conditioned","synthetic","regression","ill_conditioned",303,"rsvd",19,20,2,180,60,80,8,8,2,TRUE,0.00600000000000023,0.000999999999997669,1,1.6111434009868e-15,6.21724893790088e-15,1.63745494673531e-15,0,0,0,1.61342423306212,1.61342423306212,2.22044604925031e-16,NA,NA,TRUE,"ok",""
"syn_reg_ill_conditioned","synthetic","regression","ill_conditioned",303,"rsvd",19,20,2,180,60,80,8,8,5,TRUE,0.00600000000000023,0.000999999999997669,0.999999999999999,1.22006370231641e-11,6.00643978998505e-11,2.71005154899722e-11,8.53773646251594e-07,1.70754729250319e-06,0,1.55748754332401,1.55748754332443,4.19442258703384e-13,NA,NA,TRUE,"ok",""
"syn_reg_ill_conditioned","synthetic","regression","ill_conditioned",303,"rsvd",19,20,2,180,60,80,8,8,7,TRUE,0.00600000000000023,0.000999999999997669,1,5.7874470379961e-11,3.73908903839038e-10,6.78663528188945e-11,1.4787793334711e-06,1.20741826972573e-06,0,1.7452185832665,1.74521858325194,1.45641276816377e-11,NA,NA,TRUE,"ok",""
"syn_reg_ill_conditioned","synthetic","regression","ill_conditioned",303,"rsvd",19,20,2,180,60,80,8,8,10,TRUE,0.00600000000000023,0.000999999999997669,1,1.43123772790909e-10,8.62073967766719e-10,1.88804570390678e-10,1.20741826972573e-06,2.25887274392255e-06,1.20741826972573e-06,1.88685717043288,1.88685717039982,3.30526717107205e-11,NA,NA,TRUE,"ok",""
"syn_reg_ill_conditioned","synthetic","regression","ill_conditioned",303,"rsvd",43,20,2,180,60,80,8,8,2,TRUE,0.00600000000000023,0.000999999999997669,1,1.6111434009868e-15,6.21724893790088e-15,1.63745494673531e-15,0,0,0,1.61342423306212,1.61342423306212,2.22044604925031e-16,NA,NA,TRUE,"ok",""
"syn_reg_ill_conditioned","synthetic","regression","ill_conditioned",303,"rsvd",43,20,2,180,60,80,8,8,5,TRUE,0.00600000000000023,0.000999999999997669,0.999999999999999,1.22006370231641e-11,6.00643978998505e-11,2.71005154899722e-11,8.53773646251594e-07,1.70754729250319e-06,0,1.55748754332401,1.55748754332443,4.19442258703384e-13,NA,NA,TRUE,"ok",""
"syn_reg_ill_conditioned","synthetic","regression","ill_conditioned",303,"rsvd",43,20,2,180,60,80,8,8,7,TRUE,0.00600000000000023,0.000999999999997669,1,5.7874470379961e-11,3.73908903839038e-10,6.78663528188945e-11,1.4787793334711e-06,1.20741826972573e-06,0,1.7452185832665,1.74521858325194,1.45641276816377e-11,NA,NA,TRUE,"ok",""
"syn_reg_ill_conditioned","synthetic","regression","ill_conditioned",303,"rsvd",43,20,2,180,60,80,8,8,10,TRUE,0.00600000000000023,0.000999999999997669,1,1.43123772790909e-10,8.62073967766719e-10,1.88804570390678e-10,1.20741826972573e-06,2.25887274392255e-06,1.20741826972573e-06,1.88685717043288,1.88685717039982,3.30526717107205e-11,NA,NA,TRUE,"ok",""
"syn_reg_ill_conditioned","synthetic","regression","ill_conditioned",303,"rsvd",123,20,2,180,60,80,8,8,2,TRUE,0.00600000000000023,0.000999999999997669,1,1.6111434009868e-15,6.21724893790088e-15,1.63745494673531e-15,0,0,0,1.61342423306212,1.61342423306212,2.22044604925031e-16,NA,NA,TRUE,"ok",""
"syn_reg_ill_conditioned","synthetic","regression","ill_conditioned",303,"rsvd",123,20,2,180,60,80,8,8,5,TRUE,0.00600000000000023,0.000999999999997669,0.999999999999999,1.22006370231641e-11,6.00643978998505e-11,2.71005154899722e-11,8.53773646251594e-07,1.70754729250319e-06,0,1.55748754332401,1.55748754332443,4.19442258703384e-13,NA,NA,TRUE,"ok",""
"syn_reg_ill_conditioned","synthetic","regression","ill_conditioned",303,"rsvd",123,20,2,180,60,80,8,8,7,TRUE,0.00600000000000023,0.000999999999997669,1,5.7874470379961e-11,3.73908903839038e-10,6.78663528188945e-11,1.4787793334711e-06,1.20741826972573e-06,0,1.7452185832665,1.74521858325194,1.45641276816377e-11,NA,NA,TRUE,"ok",""
"syn_reg_ill_conditioned","synthetic","regression","ill_conditioned",303,"rsvd",123,20,2,180,60,80,8,8,10,TRUE,0.00600000000000023,0.000999999999997669,1,1.43123772790909e-10,8.62073967766719e-10,1.88804570390678e-10,1.20741826972573e-06,2.25887274392255e-06,1.20741826972573e-06,1.88685717043288,1.88685717039982,3.30526717107205e-11,NA,NA,TRUE,"ok",""
"syn_reg_rank_deficient","synthetic","regression","rank_deficient",303,"rsvd",1,20,2,150,50,100,8,8,2,FALSE,0.00600000000000023,0.00100000000000477,1,1.18419784497764e-15,8.88178419700125e-15,1.07058926037576e-15,0,0,0,1.29846166889172,1.29846166889172,2.22044604925031e-16,NA,NA,TRUE,"ok",""
"syn_reg_rank_deficient","synthetic","regression","rank_deficient",303,"rsvd",1,20,2,150,50,100,8,8,5,FALSE,0.00600000000000023,0.00100000000000477,1,1.5656557369769e-15,1.59872115546023e-14,1.54175883785243e-15,8.53773646251594e-07,1.20741826972573e-06,1.70754729250319e-06,0.054038506951737,0.054038506951737,2.08166817117217e-17,NA,NA,TRUE,"ok",""
"syn_reg_rank_deficient","synthetic","regression","rank_deficient",303,"rsvd",1,20,2,150,50,100,8,8,7,FALSE,0.00600000000000023,0.00100000000000477,1,6.88271841857905e-10,7.35654026584598e-09,7.14040584678762e-08,0,1.4787793334711e-06,8.53773646251594e-07,0.0569767284674775,0.0569767287088853,2.41407810408489e-10,NA,NA,TRUE,"ok",""
"syn_reg_rank_deficient","synthetic","regression","rank_deficient",303,"rsvd",1,20,2,150,50,100,8,8,10,FALSE,0.00600000000000023,0.00100000000000477,0.999999999999999,1.2395238800117e-09,1.39388580677746e-08,1.24328079794772e-07,0,1.90909591041642e-06,1.70754729250319e-06,0.0597176924477037,0.0597176929792848,5.31581077767296e-10,NA,NA,TRUE,"ok",""
"syn_reg_rank_deficient","synthetic","regression","rank_deficient",303,"rsvd",7,20,2,150,50,100,8,8,2,FALSE,0.00600000000000023,0.00200000000000244,1,1.18419784497764e-15,8.88178419700125e-15,1.07058926037576e-15,0,0,0,1.29846166889172,1.29846166889172,2.22044604925031e-16,NA,NA,TRUE,"ok",""
"syn_reg_rank_deficient","synthetic","regression","rank_deficient",303,"rsvd",7,20,2,150,50,100,8,8,5,FALSE,0.00600000000000023,0.00200000000000244,1,1.5656557369769e-15,1.59872115546023e-14,1.54175883785243e-15,8.53773646251594e-07,1.20741826972573e-06,1.70754729250319e-06,0.054038506951737,0.054038506951737,2.08166817117217e-17,NA,NA,TRUE,"ok",""
"syn_reg_rank_deficient","synthetic","regression","rank_deficient",303,"rsvd",7,20,2,150,50,100,8,8,7,FALSE,0.00600000000000023,0.00200000000000244,1,6.88271841857905e-10,7.35654026584598e-09,7.14040584678762e-08,0,1.4787793334711e-06,8.53773646251594e-07,0.0569767284674775,0.0569767287088853,2.41407810408489e-10,NA,NA,TRUE,"ok",""
"syn_reg_rank_deficient","synthetic","regression","rank_deficient",303,"rsvd",7,20,2,150,50,100,8,8,10,FALSE,0.00600000000000023,0.00200000000000244,0.999999999999999,1.2395238800117e-09,1.39388580677746e-08,1.24328079794772e-07,0,1.90909591041642e-06,1.70754729250319e-06,0.0597176924477037,0.0597176929792848,5.31581077767296e-10,NA,NA,TRUE,"ok",""
"syn_reg_rank_deficient","synthetic","regression","rank_deficient",303,"rsvd",19,20,2,150,50,100,8,8,2,FALSE,0.00600000000000023,0.00100000000000477,1,1.18419784497764e-15,8.88178419700125e-15,1.07058926037576e-15,0,0,0,1.29846166889172,1.29846166889172,2.22044604925031e-16,NA,NA,TRUE,"ok",""
"syn_reg_rank_deficient","synthetic","regression","rank_deficient",303,"rsvd",19,20,2,150,50,100,8,8,5,FALSE,0.00600000000000023,0.00100000000000477,1,1.5656557369769e-15,1.59872115546023e-14,1.54175883785243e-15,8.53773646251594e-07,1.20741826972573e-06,1.70754729250319e-06,0.054038506951737,0.054038506951737,2.08166817117217e-17,NA,NA,TRUE,"ok",""
"syn_reg_rank_deficient","synthetic","regression","rank_deficient",303,"rsvd",19,20,2,150,50,100,8,8,7,FALSE,0.00600000000000023,0.00100000000000477,1,6.88271841857905e-10,7.35654026584598e-09,7.14040584678762e-08,0,1.4787793334711e-06,8.53773646251594e-07,0.0569767284674775,0.0569767287088853,2.41407810408489e-10,NA,NA,TRUE,"ok",""
"syn_reg_rank_deficient","synthetic","regression","rank_deficient",303,"rsvd",19,20,2,150,50,100,8,8,10,FALSE,0.00600000000000023,0.00100000000000477,0.999999999999999,1.2395238800117e-09,1.39388580677746e-08,1.24328079794772e-07,0,1.90909591041642e-06,1.70754729250319e-06,0.0597176924477037,0.0597176929792848,5.31581077767296e-10,NA,NA,TRUE,"ok",""
"syn_reg_rank_deficient","synthetic","regression","rank_deficient",303,"rsvd",43,20,2,150,50,100,8,8,2,FALSE,0.00600000000000023,0.000999999999997669,1,1.18419784497764e-15,8.88178419700125e-15,1.07058926037576e-15,0,0,0,1.29846166889172,1.29846166889172,2.22044604925031e-16,NA,NA,TRUE,"ok",""
"syn_reg_rank_deficient","synthetic","regression","rank_deficient",303,"rsvd",43,20,2,150,50,100,8,8,5,FALSE,0.00600000000000023,0.000999999999997669,1,1.5656557369769e-15,1.59872115546023e-14,1.54175883785243e-15,8.53773646251594e-07,1.20741826972573e-06,1.70754729250319e-06,0.054038506951737,0.054038506951737,2.08166817117217e-17,NA,NA,TRUE,"ok",""
"syn_reg_rank_deficient","synthetic","regression","rank_deficient",303,"rsvd",43,20,2,150,50,100,8,8,7,FALSE,0.00600000000000023,0.000999999999997669,1,6.88271841857905e-10,7.35654026584598e-09,7.14040584678762e-08,0,1.4787793334711e-06,8.53773646251594e-07,0.0569767284674775,0.0569767287088853,2.41407810408489e-10,NA,NA,TRUE,"ok",""
"syn_reg_rank_deficient","synthetic","regression","rank_deficient",303,"rsvd",43,20,2,150,50,100,8,8,10,FALSE,0.00600000000000023,0.000999999999997669,0.999999999999999,1.2395238800117e-09,1.39388580677746e-08,1.24328079794772e-07,0,1.90909591041642e-06,1.70754729250319e-06,0.0597176924477037,0.0597176929792848,5.31581077767296e-10,NA,NA,TRUE,"ok",""
"syn_reg_rank_deficient","synthetic","regression","rank_deficient",303,"rsvd",123,20,2,150,50,100,8,8,2,FALSE,0.00600000000000023,0.000999999999997669,1,1.18419784497764e-15,8.88178419700125e-15,1.07058926037576e-15,0,0,0,1.29846166889172,1.29846166889172,2.22044604925031e-16,NA,NA,TRUE,"ok",""
"syn_reg_rank_deficient","synthetic","regression","rank_deficient",303,"rsvd",123,20,2,150,50,100,8,8,5,FALSE,0.00600000000000023,0.000999999999997669,1,1.5656557369769e-15,1.59872115546023e-14,1.54175883785243e-15,8.53773646251594e-07,1.20741826972573e-06,1.70754729250319e-06,0.054038506951737,0.054038506951737,2.08166817117217e-17,NA,NA,TRUE,"ok",""
"syn_reg_rank_deficient","synthetic","regression","rank_deficient",303,"rsvd",123,20,2,150,50,100,8,8,7,FALSE,0.00600000000000023,0.000999999999997669,1,6.88271841857905e-10,7.35654026584598e-09,7.14040584678762e-08,0,1.4787793334711e-06,8.53773646251594e-07,0.0569767284674775,0.0569767287088853,2.41407810408489e-10,NA,NA,TRUE,"ok",""
"syn_reg_rank_deficient","synthetic","regression","rank_deficient",303,"rsvd",123,20,2,150,50,100,8,8,10,FALSE,0.00600000000000023,0.000999999999997669,0.999999999999999,1.2395238800117e-09,1.39388580677746e-08,1.24328079794772e-07,0,1.90909591041642e-06,1.70754729250319e-06,0.0597176924477037,0.0597176929792848,5.31581077767296e-10,NA,NA,TRUE,"ok",""
"syn_cls_p_lt_n_low_rank","synthetic","classification","well_conditioned",303,"rsvd",1,20,2,300,100,40,4,3,1,TRUE,0.00499999999999545,0,0.999999999999999,1.35992602374959e-15,1.4432899320127e-15,2.09916061355101e-15,0,1.20741826972573e-06,1.4787793334711e-06,0.53,0.53,0,1,NA,TRUE,"ok",""
"syn_cls_p_lt_n_low_rank","synthetic","classification","well_conditioned",303,"rsvd",1,20,2,300,100,40,4,3,2,TRUE,0.00499999999999545,0,1,6.25095302886142e-16,7.7715611723761e-16,8.22255541514371e-16,0,1.20741826972573e-06,1.4787793334711e-06,0.96,0.96,0,1,NA,TRUE,"ok",""
"syn_cls_p_lt_n_low_rank","synthetic","classification","well_conditioned",303,"rsvd",1,20,2,300,100,40,4,3,3,TRUE,0.00499999999999545,0,1,6.25951918834279e-16,1.0547118733939e-15,7.44207535094828e-16,1.20741826972573e-06,1.20741826972573e-06,1.4787793334711e-06,0.98,0.98,0,1,NA,TRUE,"ok",""
"syn_cls_p_lt_n_low_rank","synthetic","classification","well_conditioned",303,"rsvd",7,20,2,300,100,40,4,3,1,TRUE,0.00500000000000256,0.000999999999997669,0.999999999999999,1.35992602374959e-15,1.4432899320127e-15,2.09916061355101e-15,0,1.20741826972573e-06,1.4787793334711e-06,0.53,0.53,0,1,NA,TRUE,"ok",""
"syn_cls_p_lt_n_low_rank","synthetic","classification","well_conditioned",303,"rsvd",7,20,2,300,100,40,4,3,2,TRUE,0.00500000000000256,0.000999999999997669,1,6.25095302886142e-16,7.7715611723761e-16,8.22255541514371e-16,0,1.20741826972573e-06,1.4787793334711e-06,0.96,0.96,0,1,NA,TRUE,"ok",""
"syn_cls_p_lt_n_low_rank","synthetic","classification","well_conditioned",303,"rsvd",7,20,2,300,100,40,4,3,3,TRUE,0.00500000000000256,0.000999999999997669,1,6.25951918834279e-16,1.0547118733939e-15,7.44207535094828e-16,1.20741826972573e-06,1.20741826972573e-06,1.4787793334711e-06,0.98,0.98,0,1,NA,TRUE,"ok",""
"syn_cls_p_lt_n_low_rank","synthetic","classification","well_conditioned",303,"rsvd",19,20,2,300,100,40,4,3,1,TRUE,0.00399999999999778,0,0.999999999999999,1.35992602374959e-15,1.4432899320127e-15,2.09916061355101e-15,0,1.20741826972573e-06,1.4787793334711e-06,0.53,0.53,0,1,NA,TRUE,"ok",""
"syn_cls_p_lt_n_low_rank","synthetic","classification","well_conditioned",303,"rsvd",19,20,2,300,100,40,4,3,2,TRUE,0.00399999999999778,0,1,6.25095302886142e-16,7.7715611723761e-16,8.22255541514371e-16,0,1.20741826972573e-06,1.4787793334711e-06,0.96,0.96,0,1,NA,TRUE,"ok",""
"syn_cls_p_lt_n_low_rank","synthetic","classification","well_conditioned",303,"rsvd",19,20,2,300,100,40,4,3,3,TRUE,0.00399999999999778,0,1,6.25951918834279e-16,1.0547118733939e-15,7.44207535094828e-16,1.20741826972573e-06,1.20741826972573e-06,1.4787793334711e-06,0.98,0.98,0,1,NA,TRUE,"ok",""
"syn_cls_p_lt_n_low_rank","synthetic","classification","well_conditioned",303,"rsvd",43,20,2,300,100,40,4,3,1,TRUE,0.00399999999999778,0.00100000000000477,0.999999999999999,1.35992602374959e-15,1.4432899320127e-15,2.09916061355101e-15,0,1.20741826972573e-06,1.4787793334711e-06,0.53,0.53,0,1,NA,TRUE,"ok",""
"syn_cls_p_lt_n_low_rank","synthetic","classification","well_conditioned",303,"rsvd",43,20,2,300,100,40,4,3,2,TRUE,0.00399999999999778,0.00100000000000477,1,6.25095302886142e-16,7.7715611723761e-16,8.22255541514371e-16,0,1.20741826972573e-06,1.4787793334711e-06,0.96,0.96,0,1,NA,TRUE,"ok",""
"syn_cls_p_lt_n_low_rank","synthetic","classification","well_conditioned",303,"rsvd",43,20,2,300,100,40,4,3,3,TRUE,0.00399999999999778,0.00100000000000477,1,6.25951918834279e-16,1.0547118733939e-15,7.44207535094828e-16,1.20741826972573e-06,1.20741826972573e-06,1.4787793334711e-06,0.98,0.98,0,1,NA,TRUE,"ok",""
"syn_cls_p_lt_n_low_rank","synthetic","classification","well_conditioned",303,"rsvd",123,20,2,300,100,40,4,3,1,TRUE,0.00400000000000489,0.000999999999997669,0.999999999999999,1.35992602374959e-15,1.4432899320127e-15,2.09916061355101e-15,0,1.20741826972573e-06,1.4787793334711e-06,0.53,0.53,0,1,NA,TRUE,"ok",""
"syn_cls_p_lt_n_low_rank","synthetic","classification","well_conditioned",303,"rsvd",123,20,2,300,100,40,4,3,2,TRUE,0.00400000000000489,0.000999999999997669,1,6.25095302886142e-16,7.7715611723761e-16,8.22255541514371e-16,0,1.20741826972573e-06,1.4787793334711e-06,0.96,0.96,0,1,NA,TRUE,"ok",""
"syn_cls_p_lt_n_low_rank","synthetic","classification","well_conditioned",303,"rsvd",123,20,2,300,100,40,4,3,3,TRUE,0.00400000000000489,0.000999999999997669,1,6.25951918834279e-16,1.0547118733939e-15,7.44207535094828e-16,1.20741826972573e-06,1.20741826972573e-06,1.4787793334711e-06,0.98,0.98,0,1,NA,TRUE,"ok",""
"syn_cls_p_gt_n_high_rank","synthetic","classification","well_conditioned",303,"rsvd",1,20,2,120,60,300,12,11,1,FALSE,0.00900000000000034,0.00199999999999534,1,2.11483544941669e-15,1.11022302462516e-15,3.52722624701332e-15,8.53773646251594e-07,0,0,0.166666666666667,0.166666666666667,0,1,NA,TRUE,"ok",""
"syn_cls_p_gt_n_high_rank","synthetic","classification","well_conditioned",303,"rsvd",1,20,2,120,60,300,12,11,3,FALSE,0.00900000000000034,0.00199999999999534,1,1.99841158305658e-15,1.33226762955019e-15,2.87532058280582e-15,8.53773646251594e-07,1.20741826972573e-06,0,0.416666666666667,0.416666666666667,0,1,NA,TRUE,"ok",""
"syn_cls_p_gt_n_high_rank","synthetic","classification","well_conditioned",303,"rsvd",1,20,2,120,60,300,12,11,6,FALSE,0.00900000000000034,0.00199999999999534,1,9.51725355602567e-16,7.49400541621981e-16,1.26803472545464e-15,8.53773646251594e-07,2.41483653945147e-06,2.83164684051016e-06,0.983333333333333,0.983333333333333,0,1,NA,TRUE,"ok",""
"syn_cls_p_gt_n_high_rank","synthetic","classification","well_conditioned",303,"rsvd",1,20,2,120,60,300,12,11,8,FALSE,0.00900000000000034,0.00199999999999534,1,1.31285408008658e-15,1.11022302462516e-15,1.7762993138325e-15,8.53773646251594e-07,1.4787793334711e-06,1.70754729250319e-06,1,1,0,1,NA,TRUE,"ok",""
"syn_cls_p_gt_n_high_rank","synthetic","classification","well_conditioned",303,"rsvd",1,20,2,120,60,300,12,11,10,FALSE,0.00900000000000034,0.00199999999999534,1,3.41612417096919e-15,3.60822483003176e-15,6.38977265122219e-15,1.20741826972573e-06,2.25887274392255e-06,2.41483653945147e-06,1,1,0,1,NA,TRUE,"ok",""
"syn_cls_p_gt_n_high_rank","synthetic","classification","well_conditioned",303,"rsvd",7,20,2,120,60,300,12,11,1,FALSE,0.00900000000000034,0.00300000000000011,1,2.11483544941669e-15,1.11022302462516e-15,3.52722624701332e-15,8.53773646251594e-07,0,0,0.166666666666667,0.166666666666667,0,1,NA,TRUE,"ok",""
"syn_cls_p_gt_n_high_rank","synthetic","classification","well_conditioned",303,"rsvd",7,20,2,120,60,300,12,11,3,FALSE,0.00900000000000034,0.00300000000000011,1,1.99841158305658e-15,1.33226762955019e-15,2.87532058280582e-15,8.53773646251594e-07,1.20741826972573e-06,0,0.416666666666667,0.416666666666667,0,1,NA,TRUE,"ok",""
"syn_cls_p_gt_n_high_rank","synthetic","classification","well_conditioned",303,"rsvd",7,20,2,120,60,300,12,11,6,FALSE,0.00900000000000034,0.00300000000000011,1,9.51725355602567e-16,7.49400541621981e-16,1.26803472545464e-15,8.53773646251594e-07,2.41483653945147e-06,2.83164684051016e-06,0.983333333333333,0.983333333333333,0,1,NA,TRUE,"ok",""
"syn_cls_p_gt_n_high_rank","synthetic","classification","well_conditioned",303,"rsvd",7,20,2,120,60,300,12,11,8,FALSE,0.00900000000000034,0.00300000000000011,1,1.31285408008658e-15,1.11022302462516e-15,1.7762993138325e-15,8.53773646251594e-07,1.4787793334711e-06,1.70754729250319e-06,1,1,0,1,NA,TRUE,"ok",""
"syn_cls_p_gt_n_high_rank","synthetic","classification","well_conditioned",303,"rsvd",7,20,2,120,60,300,12,11,10,FALSE,0.00900000000000034,0.00300000000000011,1,3.41612417096919e-15,3.60822483003176e-15,6.38977265122219e-15,1.20741826972573e-06,2.25887274392255e-06,2.41483653945147e-06,1,1,0,1,NA,TRUE,"ok",""
"syn_cls_p_gt_n_high_rank","synthetic","classification","well_conditioned",303,"rsvd",19,20,2,120,60,300,12,11,1,FALSE,0.00999999999999801,0.00300000000000011,1,2.11483544941669e-15,1.11022302462516e-15,3.52722624701332e-15,8.53773646251594e-07,0,0,0.166666666666667,0.166666666666667,0,1,NA,TRUE,"ok",""
"syn_cls_p_gt_n_high_rank","synthetic","classification","well_conditioned",303,"rsvd",19,20,2,120,60,300,12,11,3,FALSE,0.00999999999999801,0.00300000000000011,1,1.99841158305658e-15,1.33226762955019e-15,2.87532058280582e-15,8.53773646251594e-07,1.20741826972573e-06,0,0.416666666666667,0.416666666666667,0,1,NA,TRUE,"ok",""
"syn_cls_p_gt_n_high_rank","synthetic","classification","well_conditioned",303,"rsvd",19,20,2,120,60,300,12,11,6,FALSE,0.00999999999999801,0.00300000000000011,1,9.51725355602567e-16,7.49400541621981e-16,1.26803472545464e-15,8.53773646251594e-07,2.41483653945147e-06,2.83164684051016e-06,0.983333333333333,0.983333333333333,0,1,NA,TRUE,"ok",""
"syn_cls_p_gt_n_high_rank","synthetic","classification","well_conditioned",303,"rsvd",19,20,2,120,60,300,12,11,8,FALSE,0.00999999999999801,0.00300000000000011,1,1.31285408008658e-15,1.11022302462516e-15,1.7762993138325e-15,8.53773646251594e-07,1.4787793334711e-06,1.70754729250319e-06,1,1,0,1,NA,TRUE,"ok",""
"syn_cls_p_gt_n_high_rank","synthetic","classification","well_conditioned",303,"rsvd",19,20,2,120,60,300,12,11,10,FALSE,0.00999999999999801,0.00300000000000011,1,3.41612417096919e-15,3.60822483003176e-15,6.38977265122219e-15,1.20741826972573e-06,2.25887274392255e-06,2.41483653945147e-06,1,1,0,1,NA,TRUE,"ok",""
"syn_cls_p_gt_n_high_rank","synthetic","classification","well_conditioned",303,"rsvd",43,20,2,120,60,300,12,11,1,FALSE,0.00900000000000034,0.00300000000000011,1,2.11483544941669e-15,1.11022302462516e-15,3.52722624701332e-15,8.53773646251594e-07,0,0,0.166666666666667,0.166666666666667,0,1,NA,TRUE,"ok",""
"syn_cls_p_gt_n_high_rank","synthetic","classification","well_conditioned",303,"rsvd",43,20,2,120,60,300,12,11,3,FALSE,0.00900000000000034,0.00300000000000011,1,1.99841158305658e-15,1.33226762955019e-15,2.87532058280582e-15,8.53773646251594e-07,1.20741826972573e-06,0,0.416666666666667,0.416666666666667,0,1,NA,TRUE,"ok",""
"syn_cls_p_gt_n_high_rank","synthetic","classification","well_conditioned",303,"rsvd",43,20,2,120,60,300,12,11,6,FALSE,0.00900000000000034,0.00300000000000011,1,9.51725355602567e-16,7.49400541621981e-16,1.26803472545464e-15,8.53773646251594e-07,2.41483653945147e-06,2.83164684051016e-06,0.983333333333333,0.983333333333333,0,1,NA,TRUE,"ok",""
"syn_cls_p_gt_n_high_rank","synthetic","classification","well_conditioned",303,"rsvd",43,20,2,120,60,300,12,11,8,FALSE,0.00900000000000034,0.00300000000000011,1,1.31285408008658e-15,1.11022302462516e-15,1.7762993138325e-15,8.53773646251594e-07,1.4787793334711e-06,1.70754729250319e-06,1,1,0,1,NA,TRUE,"ok",""
"syn_cls_p_gt_n_high_rank","synthetic","classification","well_conditioned",303,"rsvd",43,20,2,120,60,300,12,11,10,FALSE,0.00900000000000034,0.00300000000000011,1,3.41612417096919e-15,3.60822483003176e-15,6.38977265122219e-15,1.20741826972573e-06,2.25887274392255e-06,2.41483653945147e-06,1,1,0,1,NA,TRUE,"ok",""
"syn_cls_p_gt_n_high_rank","synthetic","classification","well_conditioned",303,"rsvd",123,20,2,120,60,300,12,11,1,FALSE,0.00900000000000034,0.00300000000000011,1,2.11483544941669e-15,1.11022302462516e-15,3.52722624701332e-15,8.53773646251594e-07,0,0,0.166666666666667,0.166666666666667,0,1,NA,TRUE,"ok",""
"syn_cls_p_gt_n_high_rank","synthetic","classification","well_conditioned",303,"rsvd",123,20,2,120,60,300,12,11,3,FALSE,0.00900000000000034,0.00300000000000011,1,1.99841158305658e-15,1.33226762955019e-15,2.87532058280582e-15,8.53773646251594e-07,1.20741826972573e-06,0,0.416666666666667,0.416666666666667,0,1,NA,TRUE,"ok",""
"syn_cls_p_gt_n_high_rank","synthetic","classification","well_conditioned",303,"rsvd",123,20,2,120,60,300,12,11,6,FALSE,0.00900000000000034,0.00300000000000011,1,9.51725355602567e-16,7.49400541621981e-16,1.26803472545464e-15,8.53773646251594e-07,2.41483653945147e-06,2.83164684051016e-06,0.983333333333333,0.983333333333333,0,1,NA,TRUE,"ok",""
"syn_cls_p_gt_n_high_rank","synthetic","classification","well_conditioned",303,"rsvd",123,20,2,120,60,300,12,11,8,FALSE,0.00900000000000034,0.00300000000000011,1,1.31285408008658e-15,1.11022302462516e-15,1.7762993138325e-15,8.53773646251594e-07,1.4787793334711e-06,1.70754729250319e-06,1,1,0,1,NA,TRUE,"ok",""
"syn_cls_p_gt_n_high_rank","synthetic","classification","well_conditioned",303,"rsvd",123,20,2,120,60,300,12,11,10,FALSE,0.00900000000000034,0.00300000000000011,1,3.41612417096919e-15,3.60822483003176e-15,6.38977265122219e-15,1.20741826972573e-06,2.25887274392255e-06,2.41483653945147e-06,1,1,0,1,NA,TRUE,"ok",""
"syn_cls_ill_conditioned","synthetic","classification","ill_conditioned",303,"rsvd",1,20,2,180,60,120,6,5,1,TRUE,0.0069999999999979,0.00100000000000477,1,1.95210300082711e-16,1.66533453693773e-16,4.16849165080332e-16,0,0,0,0.333333333333333,0.333333333333333,0,1,NA,TRUE,"ok",""
"syn_cls_ill_conditioned","synthetic","classification","ill_conditioned",303,"rsvd",1,20,2,180,60,120,6,5,2,TRUE,0.0069999999999979,0.00100000000000477,1,5.62542620987076e-16,5.55111512312578e-16,7.99522687614305e-16,0,0,2.25887274392255e-06,0.5,0.5,0,1,NA,TRUE,"ok",""
"syn_cls_ill_conditioned","synthetic","classification","ill_conditioned",303,"rsvd",1,20,2,180,60,120,6,5,3,TRUE,0.0069999999999979,0.00100000000000477,1,4.93767111616213e-16,4.44089209850063e-16,7.28540841666619e-16,0,0,1.90909591041642e-06,0.7,0.7,0,1,NA,TRUE,"ok",""
"syn_cls_ill_conditioned","synthetic","classification","ill_conditioned",303,"rsvd",1,20,2,180,60,120,6,5,4,TRUE,0.0069999999999979,0.00100000000000477,0.999999999999999,1.32472554681474e-13,1.43163259025414e-13,2.66768267141747e-13,8.53773646251594e-07,0,1.90909591041642e-06,0.583333333333333,0.583333333333333,0,1,NA,TRUE,"ok",""
"syn_cls_ill_conditioned","synthetic","classification","ill_conditioned",303,"rsvd",1,20,2,180,60,120,6,5,5,TRUE,0.0069999999999979,0.00100000000000477,1,7.12488055363065e-13,1.01918473660589e-12,1.20462883190167e-12,0,1.20741826972573e-06,1.70754729250319e-06,0.5,0.5,0,1,NA,TRUE,"ok",""
"syn_cls_ill_conditioned","synthetic","classification","ill_conditioned",303,"rsvd",7,20,2,180,60,120,6,5,1,TRUE,0.007000000000005,0.000999999999997669,1,1.95210300082711e-16,1.66533453693773e-16,4.16849165080332e-16,0,0,0,0.333333333333333,0.333333333333333,0,1,NA,TRUE,"ok",""
"syn_cls_ill_conditioned","synthetic","classification","ill_conditioned",303,"rsvd",7,20,2,180,60,120,6,5,2,TRUE,0.007000000000005,0.000999999999997669,1,5.62542620987076e-16,5.55111512312578e-16,7.99522687614305e-16,0,0,2.25887274392255e-06,0.5,0.5,0,1,NA,TRUE,"ok",""
"syn_cls_ill_conditioned","synthetic","classification","ill_conditioned",303,"rsvd",7,20,2,180,60,120,6,5,3,TRUE,0.007000000000005,0.000999999999997669,1,4.93767111616213e-16,4.44089209850063e-16,7.28540841666619e-16,0,0,1.90909591041642e-06,0.7,0.7,0,1,NA,TRUE,"ok",""
"syn_cls_ill_conditioned","synthetic","classification","ill_conditioned",303,"rsvd",7,20,2,180,60,120,6,5,4,TRUE,0.007000000000005,0.000999999999997669,0.999999999999999,1.32472554681474e-13,1.43163259025414e-13,2.66768267141747e-13,8.53773646251594e-07,0,1.90909591041642e-06,0.583333333333333,0.583333333333333,0,1,NA,TRUE,"ok",""
"syn_cls_ill_conditioned","synthetic","classification","ill_conditioned",303,"rsvd",7,20,2,180,60,120,6,5,5,TRUE,0.007000000000005,0.000999999999997669,1,7.12488055363065e-13,1.01918473660589e-12,1.20462883190167e-12,0,1.20741826972573e-06,1.70754729250319e-06,0.5,0.5,0,1,NA,TRUE,"ok",""
"syn_cls_ill_conditioned","synthetic","classification","ill_conditioned",303,"rsvd",19,20,2,180,60,120,6,5,1,TRUE,0.00600000000000023,0.000999999999997669,1,1.95210300082711e-16,1.66533453693773e-16,4.16849165080332e-16,0,0,0,0.333333333333333,0.333333333333333,0,1,NA,TRUE,"ok",""
"syn_cls_ill_conditioned","synthetic","classification","ill_conditioned",303,"rsvd",19,20,2,180,60,120,6,5,2,TRUE,0.00600000000000023,0.000999999999997669,1,5.62542620987076e-16,5.55111512312578e-16,7.99522687614305e-16,0,0,2.25887274392255e-06,0.5,0.5,0,1,NA,TRUE,"ok",""
"syn_cls_ill_conditioned","synthetic","classification","ill_conditioned",303,"rsvd",19,20,2,180,60,120,6,5,3,TRUE,0.00600000000000023,0.000999999999997669,1,4.93767111616213e-16,4.44089209850063e-16,7.28540841666619e-16,0,0,1.90909591041642e-06,0.7,0.7,0,1,NA,TRUE,"ok",""
"syn_cls_ill_conditioned","synthetic","classification","ill_conditioned",303,"rsvd",19,20,2,180,60,120,6,5,4,TRUE,0.00600000000000023,0.000999999999997669,0.999999999999999,1.32472554681474e-13,1.43163259025414e-13,2.66768267141747e-13,8.53773646251594e-07,0,1.90909591041642e-06,0.583333333333333,0.583333333333333,0,1,NA,TRUE,"ok",""
"syn_cls_ill_conditioned","synthetic","classification","ill_conditioned",303,"rsvd",19,20,2,180,60,120,6,5,5,TRUE,0.00600000000000023,0.000999999999997669,1,7.12488055363065e-13,1.01918473660589e-12,1.20462883190167e-12,0,1.20741826972573e-06,1.70754729250319e-06,0.5,0.5,0,1,NA,TRUE,"ok",""
"syn_cls_ill_conditioned","synthetic","classification","ill_conditioned",303,"rsvd",43,20,2,180,60,120,6,5,1,TRUE,0.00600000000000023,0,1,1.95210300082711e-16,1.66533453693773e-16,4.16849165080332e-16,0,0,0,0.333333333333333,0.333333333333333,0,1,NA,TRUE,"ok",""
"syn_cls_ill_conditioned","synthetic","classification","ill_conditioned",303,"rsvd",43,20,2,180,60,120,6,5,2,TRUE,0.00600000000000023,0,1,5.62542620987076e-16,5.55111512312578e-16,7.99522687614305e-16,0,0,2.25887274392255e-06,0.5,0.5,0,1,NA,TRUE,"ok",""
"syn_cls_ill_conditioned","synthetic","classification","ill_conditioned",303,"rsvd",43,20,2,180,60,120,6,5,3,TRUE,0.00600000000000023,0,1,4.93767111616213e-16,4.44089209850063e-16,7.28540841666619e-16,0,0,1.90909591041642e-06,0.7,0.7,0,1,NA,TRUE,"ok",""
"syn_cls_ill_conditioned","synthetic","classification","ill_conditioned",303,"rsvd",43,20,2,180,60,120,6,5,4,TRUE,0.00600000000000023,0,0.999999999999999,1.32472554681474e-13,1.43163259025414e-13,2.66768267141747e-13,8.53773646251594e-07,0,1.90909591041642e-06,0.583333333333333,0.583333333333333,0,1,NA,TRUE,"ok",""
"syn_cls_ill_conditioned","synthetic","classification","ill_conditioned",303,"rsvd",43,20,2,180,60,120,6,5,5,TRUE,0.00600000000000023,0,1,7.12488055363065e-13,1.01918473660589e-12,1.20462883190167e-12,0,1.20741826972573e-06,1.70754729250319e-06,0.5,0.5,0,1,NA,TRUE,"ok",""
"syn_cls_ill_conditioned","synthetic","classification","ill_conditioned",303,"rsvd",123,20,2,180,60,120,6,5,1,TRUE,0.0069999999999979,0.00100000000000477,1,1.95210300082711e-16,1.66533453693773e-16,4.16849165080332e-16,0,0,0,0.333333333333333,0.333333333333333,0,1,NA,TRUE,"ok",""
"syn_cls_ill_conditioned","synthetic","classification","ill_conditioned",303,"rsvd",123,20,2,180,60,120,6,5,2,TRUE,0.0069999999999979,0.00100000000000477,1,5.62542620987076e-16,5.55111512312578e-16,7.99522687614305e-16,0,0,2.25887274392255e-06,0.5,0.5,0,1,NA,TRUE,"ok",""
"syn_cls_ill_conditioned","synthetic","classification","ill_conditioned",303,"rsvd",123,20,2,180,60,120,6,5,3,TRUE,0.0069999999999979,0.00100000000000477,1,4.93767111616213e-16,4.44089209850063e-16,7.28540841666619e-16,0,0,1.90909591041642e-06,0.7,0.7,0,1,NA,TRUE,"ok",""
"syn_cls_ill_conditioned","synthetic","classification","ill_conditioned",303,"rsvd",123,20,2,180,60,120,6,5,4,TRUE,0.0069999999999979,0.00100000000000477,0.999999999999999,1.32472554681474e-13,1.43163259025414e-13,2.66768267141747e-13,8.53773646251594e-07,0,1.90909591041642e-06,0.583333333333333,0.583333333333333,0,1,NA,TRUE,"ok",""
"syn_cls_ill_conditioned","synthetic","classification","ill_conditioned",303,"rsvd",123,20,2,180,60,120,6,5,5,TRUE,0.0069999999999979,0.00100000000000477,1,7.12488055363065e-13,1.01918473660589e-12,1.20462883190167e-12,0,1.20741826972573e-06,1.70754729250319e-06,0.5,0.5,0,1,NA,TRUE,"ok",""
"Breast","real","classification","p_greater_than_n",123,"rsvd",1,20,2,150,70,200,3,2,1,FALSE,0.007000000000005,0.000999999999997669,1,4.71537668783143e-16,7.7715611723761e-16,4.1282330314931e-16,0,2.25887274392255e-06,0,0.8,0.8,0,1,NA,TRUE,"ok",""
"Breast","real","classification","p_greater_than_n",123,"rsvd",1,20,2,150,70,200,3,2,2,FALSE,0.007000000000005,0.000999999999997669,1,9.89068877763515e-16,2.1094237467878e-15,1.51172428523825e-15,0,2.25887274392255e-06,2.9575586669422e-06,0.971428571428571,0.971428571428571,0,1,NA,TRUE,"ok",""
"Breast","real","classification","p_greater_than_n",123,"rsvd",1,20,2,150,70,200,3,2,3,FALSE,0.007000000000005,0.000999999999997669,1,9.97116812120614e-16,1.77635683940025e-15,1.61356022481822e-15,0,2.25887274392255e-06,3.07832465919998e-06,0.985714285714286,0.985714285714286,0,1,NA,TRUE,"ok",""
"Breast","real","classification","p_greater_than_n",123,"rsvd",1,20,2,150,70,200,3,2,5,FALSE,0.007000000000005,0.000999999999997669,1,1.4574659519515e-14,3.21964677141295e-14,4.89425860129307e-14,0,2.25887274392255e-06,2.83164684051016e-06,0.971428571428571,0.971428571428571,0,1,NA,TRUE,"ok",""
"Breast","real","classification","p_greater_than_n",123,"rsvd",1,20,2,150,70,200,3,2,8,FALSE,0.007000000000005,0.000999999999997669,1,4.21868969856409e-14,8.75965966429249e-14,1.13238028083686e-13,0,2.25887274392255e-06,1.90909591041642e-06,0.957142857142857,0.957142857142857,0,1,NA,TRUE,"ok",""
"Breast","real","classification","p_greater_than_n",123,"rsvd",7,20,2,150,70,200,3,2,1,FALSE,0.0069999999999979,0.00100000000000477,1,4.71537668783143e-16,7.7715611723761e-16,4.1282330314931e-16,0,2.25887274392255e-06,0,0.8,0.8,0,1,NA,TRUE,"ok",""
"Breast","real","classification","p_greater_than_n",123,"rsvd",7,20,2,150,70,200,3,2,2,FALSE,0.0069999999999979,0.00100000000000477,1,9.89068877763515e-16,2.1094237467878e-15,1.51172428523825e-15,0,2.25887274392255e-06,2.9575586669422e-06,0.971428571428571,0.971428571428571,0,1,NA,TRUE,"ok",""
"Breast","real","classification","p_greater_than_n",123,"rsvd",7,20,2,150,70,200,3,2,3,FALSE,0.0069999999999979,0.00100000000000477,1,9.97116812120614e-16,1.77635683940025e-15,1.61356022481822e-15,0,2.25887274392255e-06,3.07832465919998e-06,0.985714285714286,0.985714285714286,0,1,NA,TRUE,"ok",""
"Breast","real","classification","p_greater_than_n",123,"rsvd",7,20,2,150,70,200,3,2,5,FALSE,0.0069999999999979,0.00100000000000477,1,1.4574659519515e-14,3.21964677141295e-14,4.89425860129307e-14,0,2.25887274392255e-06,2.83164684051016e-06,0.971428571428571,0.971428571428571,0,1,NA,TRUE,"ok",""
"Breast","real","classification","p_greater_than_n",123,"rsvd",7,20,2,150,70,200,3,2,8,FALSE,0.0069999999999979,0.00100000000000477,1,4.21868969856409e-14,8.75965966429249e-14,1.13238028083686e-13,0,2.25887274392255e-06,1.90909591041642e-06,0.957142857142857,0.957142857142857,0,1,NA,TRUE,"ok",""
"Breast","real","classification","p_greater_than_n",123,"rsvd",19,20,2,150,70,200,3,2,1,FALSE,0.0069999999999979,0.00100000000000477,1,4.71537668783143e-16,7.7715611723761e-16,4.1282330314931e-16,0,2.25887274392255e-06,0,0.8,0.8,0,1,NA,TRUE,"ok",""
"Breast","real","classification","p_greater_than_n",123,"rsvd",19,20,2,150,70,200,3,2,2,FALSE,0.0069999999999979,0.00100000000000477,1,9.89068877763515e-16,2.1094237467878e-15,1.51172428523825e-15,0,2.25887274392255e-06,2.9575586669422e-06,0.971428571428571,0.971428571428571,0,1,NA,TRUE,"ok",""
"Breast","real","classification","p_greater_than_n",123,"rsvd",19,20,2,150,70,200,3,2,3,FALSE,0.0069999999999979,0.00100000000000477,1,9.97116812120614e-16,1.77635683940025e-15,1.61356022481822e-15,0,2.25887274392255e-06,3.07832465919998e-06,0.985714285714286,0.985714285714286,0,1,NA,TRUE,"ok",""
"Breast","real","classification","p_greater_than_n",123,"rsvd",19,20,2,150,70,200,3,2,5,FALSE,0.0069999999999979,0.00100000000000477,1,1.4574659519515e-14,3.21964677141295e-14,4.89425860129307e-14,0,2.25887274392255e-06,2.83164684051016e-06,0.971428571428571,0.971428571428571,0,1,NA,TRUE,"ok",""
"Breast","real","classification","p_greater_than_n",123,"rsvd",19,20,2,150,70,200,3,2,8,FALSE,0.0069999999999979,0.00100000000000477,1,4.21868969856409e-14,8.75965966429249e-14,1.13238028083686e-13,0,2.25887274392255e-06,1.90909591041642e-06,0.957142857142857,0.957142857142857,0,1,NA,TRUE,"ok",""
"Breast","real","classification","p_greater_than_n",123,"rsvd",43,20,2,150,70,200,3,2,1,FALSE,0.00600000000000023,0.000999999999997669,1,4.71537668783143e-16,7.7715611723761e-16,4.1282330314931e-16,0,2.25887274392255e-06,0,0.8,0.8,0,1,NA,TRUE,"ok",""
"Breast","real","classification","p_greater_than_n",123,"rsvd",43,20,2,150,70,200,3,2,2,FALSE,0.00600000000000023,0.000999999999997669,1,9.89068877763515e-16,2.1094237467878e-15,1.51172428523825e-15,0,2.25887274392255e-06,2.9575586669422e-06,0.971428571428571,0.971428571428571,0,1,NA,TRUE,"ok",""
"Breast","real","classification","p_greater_than_n",123,"rsvd",43,20,2,150,70,200,3,2,3,FALSE,0.00600000000000023,0.000999999999997669,1,9.97116812120614e-16,1.77635683940025e-15,1.61356022481822e-15,0,2.25887274392255e-06,3.07832465919998e-06,0.985714285714286,0.985714285714286,0,1,NA,TRUE,"ok",""
"Breast","real","classification","p_greater_than_n",123,"rsvd",43,20,2,150,70,200,3,2,5,FALSE,0.00600000000000023,0.000999999999997669,1,1.4574659519515e-14,3.21964677141295e-14,4.89425860129307e-14,0,2.25887274392255e-06,2.83164684051016e-06,0.971428571428571,0.971428571428571,0,1,NA,TRUE,"ok",""
"Breast","real","classification","p_greater_than_n",123,"rsvd",43,20,2,150,70,200,3,2,8,FALSE,0.00600000000000023,0.000999999999997669,1,4.21868969856409e-14,8.75965966429249e-14,1.13238028083686e-13,0,2.25887274392255e-06,1.90909591041642e-06,0.957142857142857,0.957142857142857,0,1,NA,TRUE,"ok",""
"Breast","real","classification","p_greater_than_n",123,"rsvd",123,20,2,150,70,200,3,2,1,FALSE,0.00600000000000023,0.000999999999997669,1,4.71537668783143e-16,7.7715611723761e-16,4.1282330314931e-16,0,2.25887274392255e-06,0,0.8,0.8,0,1,NA,TRUE,"ok",""
"Breast","real","classification","p_greater_than_n",123,"rsvd",123,20,2,150,70,200,3,2,2,FALSE,0.00600000000000023,0.000999999999997669,1,9.89068877763515e-16,2.1094237467878e-15,1.51172428523825e-15,0,2.25887274392255e-06,2.9575586669422e-06,0.971428571428571,0.971428571428571,0,1,NA,TRUE,"ok",""
"Breast","real","classification","p_greater_than_n",123,"rsvd",123,20,2,150,70,200,3,2,3,FALSE,0.00600000000000023,0.000999999999997669,1,9.97116812120614e-16,1.77635683940025e-15,1.61356022481822e-15,0,2.25887274392255e-06,3.07832465919998e-06,0.985714285714286,0.985714285714286,0,1,NA,TRUE,"ok",""
"Breast","real","classification","p_greater_than_n",123,"rsvd",123,20,2,150,70,200,3,2,5,FALSE,0.00600000000000023,0.000999999999997669,1,1.4574659519515e-14,3.21964677141295e-14,4.89425860129307e-14,0,2.25887274392255e-06,2.83164684051016e-06,0.971428571428571,0.971428571428571,0,1,NA,TRUE,"ok",""
"Breast","real","classification","p_greater_than_n",123,"rsvd",123,20,2,150,70,200,3,2,8,FALSE,0.00600000000000023,0.000999999999997669,1,4.21868969856409e-14,8.75965966429249e-14,1.13238028083686e-13,0,2.25887274392255e-06,1.90909591041642e-06,0.957142857142857,0.957142857142857,0,1,NA,TRUE,"ok",""
"Colon","real","classification","p_much_greater_than_n",123,"rsvd",1,20,2,47,15,2000,2,1,1,FALSE,0.00799999999999557,0.00300000000000011,1,1.13562889308889e-16,1.11022302462516e-16,5.27951776983622e-16,0,1.90909591041642e-06,2.09130978915187e-06,0.533333333333333,0.533333333333333,0,1,NA,TRUE,"ok",""
"Colon","real","classification","p_much_greater_than_n",123,"rsvd",1,20,2,47,15,2000,2,1,2,FALSE,0.00799999999999557,0.00300000000000011,1,5.6194149453906e-16,8.88178419700125e-16,1.17877144732573e-15,0,1.90909591041642e-06,2.09130978915187e-06,0.8,0.8,0,1,NA,TRUE,"ok",""
"Colon","real","classification","p_much_greater_than_n",123,"rsvd",1,20,2,47,15,2000,2,1,3,FALSE,0.00799999999999557,0.00300000000000011,1,2.04512194881858e-15,2.99760216648792e-15,2.61968236945748e-15,0,3.30665111336321e-06,2.69986932838192e-06,0.866666666666667,0.866666666666667,0,1,NA,TRUE,"ok",""
"Colon","real","classification","p_much_greater_than_n",123,"rsvd",1,20,2,47,15,2000,2,1,5,FALSE,0.00799999999999557,0.00300000000000011,1,1.70943330758262e-14,1.71529457304587e-14,2.70231829949432e-14,0,3.72151304466894e-06,2.25887274392255e-06,0.866666666666667,0.866666666666667,0,1,NA,TRUE,"ok",""
"Colon","real","classification","p_much_greater_than_n",123,"rsvd",1,20,2,47,15,2000,2,1,8,FALSE,0.00799999999999557,0.00300000000000011,1,4.18580533848977e-14,4.57411886145564e-14,1.1522221733599e-13,8.53773646251594e-07,4.00455336570039e-06,2.09130978915187e-06,0.866666666666667,0.866666666666667,0,1,NA,TRUE,"ok",""
"Colon","real","classification","p_much_greater_than_n",123,"rsvd",7,20,2,47,15,2000,2,1,1,FALSE,0.0069999999999979,0.00199999999999534,1,1.13562889308889e-16,1.11022302462516e-16,5.27951776983622e-16,0,1.90909591041642e-06,2.09130978915187e-06,0.533333333333333,0.533333333333333,0,1,NA,TRUE,"ok",""
"Colon","real","classification","p_much_greater_than_n",123,"rsvd",7,20,2,47,15,2000,2,1,2,FALSE,0.0069999999999979,0.00199999999999534,1,5.6194149453906e-16,8.88178419700125e-16,1.17877144732573e-15,0,1.90909591041642e-06,2.09130978915187e-06,0.8,0.8,0,1,NA,TRUE,"ok",""
"Colon","real","classification","p_much_greater_than_n",123,"rsvd",7,20,2,47,15,2000,2,1,3,FALSE,0.0069999999999979,0.00199999999999534,1,2.04512194881858e-15,2.99760216648792e-15,2.61968236945748e-15,0,3.30665111336321e-06,2.69986932838192e-06,0.866666666666667,0.866666666666667,0,1,NA,TRUE,"ok",""
"Colon","real","classification","p_much_greater_than_n",123,"rsvd",7,20,2,47,15,2000,2,1,5,FALSE,0.0069999999999979,0.00199999999999534,1,1.70943330758262e-14,1.71529457304587e-14,2.70231829949432e-14,0,3.72151304466894e-06,2.25887274392255e-06,0.866666666666667,0.866666666666667,0,1,NA,TRUE,"ok",""
"Colon","real","classification","p_much_greater_than_n",123,"rsvd",7,20,2,47,15,2000,2,1,8,FALSE,0.0069999999999979,0.00199999999999534,1,4.18580533848977e-14,4.57411886145564e-14,1.1522221733599e-13,8.53773646251594e-07,4.00455336570039e-06,2.09130978915187e-06,0.866666666666667,0.866666666666667,0,1,NA,TRUE,"ok",""
"Colon","real","classification","p_much_greater_than_n",123,"rsvd",19,20,2,47,15,2000,2,1,1,FALSE,0.00800000000000267,0.00300000000000011,1,1.13562889308889e-16,1.11022302462516e-16,5.27951776983622e-16,0,1.90909591041642e-06,2.09130978915187e-06,0.533333333333333,0.533333333333333,0,1,NA,TRUE,"ok",""
"Colon","real","classification","p_much_greater_than_n",123,"rsvd",19,20,2,47,15,2000,2,1,2,FALSE,0.00800000000000267,0.00300000000000011,1,5.6194149453906e-16,8.88178419700125e-16,1.17877144732573e-15,0,1.90909591041642e-06,2.09130978915187e-06,0.8,0.8,0,1,NA,TRUE,"ok",""
"Colon","real","classification","p_much_greater_than_n",123,"rsvd",19,20,2,47,15,2000,2,1,3,FALSE,0.00800000000000267,0.00300000000000011,1,2.04512194881858e-15,2.99760216648792e-15,2.61968236945748e-15,0,3.30665111336321e-06,2.69986932838192e-06,0.866666666666667,0.866666666666667,0,1,NA,TRUE,"ok",""
"Colon","real","classification","p_much_greater_than_n",123,"rsvd",19,20,2,47,15,2000,2,1,5,FALSE,0.00800000000000267,0.00300000000000011,1,1.70943330758262e-14,1.71529457304587e-14,2.70231829949432e-14,0,3.72151304466894e-06,2.25887274392255e-06,0.866666666666667,0.866666666666667,0,1,NA,TRUE,"ok",""
"Colon","real","classification","p_much_greater_than_n",123,"rsvd",19,20,2,47,15,2000,2,1,8,FALSE,0.00800000000000267,0.00300000000000011,1,4.18580533848977e-14,4.57411886145564e-14,1.1522221733599e-13,8.53773646251594e-07,4.00455336570039e-06,2.09130978915187e-06,0.866666666666667,0.866666666666667,0,1,NA,TRUE,"ok",""
"Colon","real","classification","p_much_greater_than_n",123,"rsvd",43,20,2,47,15,2000,2,1,1,FALSE,0.00800000000000267,0.00200000000000244,1,1.13562889308889e-16,1.11022302462516e-16,5.27951776983622e-16,0,1.90909591041642e-06,2.09130978915187e-06,0.533333333333333,0.533333333333333,0,1,NA,TRUE,"ok",""
"Colon","real","classification","p_much_greater_than_n",123,"rsvd",43,20,2,47,15,2000,2,1,2,FALSE,0.00800000000000267,0.00200000000000244,1,5.6194149453906e-16,8.88178419700125e-16,1.17877144732573e-15,0,1.90909591041642e-06,2.09130978915187e-06,0.8,0.8,0,1,NA,TRUE,"ok",""
"Colon","real","classification","p_much_greater_than_n",123,"rsvd",43,20,2,47,15,2000,2,1,3,FALSE,0.00800000000000267,0.00200000000000244,1,2.04512194881858e-15,2.99760216648792e-15,2.61968236945748e-15,0,3.30665111336321e-06,2.69986932838192e-06,0.866666666666667,0.866666666666667,0,1,NA,TRUE,"ok",""
"Colon","real","classification","p_much_greater_than_n",123,"rsvd",43,20,2,47,15,2000,2,1,5,FALSE,0.00800000000000267,0.00200000000000244,1,1.70943330758262e-14,1.71529457304587e-14,2.70231829949432e-14,0,3.72151304466894e-06,2.25887274392255e-06,0.866666666666667,0.866666666666667,0,1,NA,TRUE,"ok",""
"Colon","real","classification","p_much_greater_than_n",123,"rsvd",43,20,2,47,15,2000,2,1,8,FALSE,0.00800000000000267,0.00200000000000244,1,4.18580533848977e-14,4.57411886145564e-14,1.1522221733599e-13,8.53773646251594e-07,4.00455336570039e-06,2.09130978915187e-06,0.866666666666667,0.866666666666667,0,1,NA,TRUE,"ok",""
"Colon","real","classification","p_much_greater_than_n",123,"rsvd",123,20,2,47,15,2000,2,1,1,FALSE,0.00799999999999557,0.00300000000000011,1,1.13562889308889e-16,1.11022302462516e-16,5.27951776983622e-16,0,1.90909591041642e-06,2.09130978915187e-06,0.533333333333333,0.533333333333333,0,1,NA,TRUE,"ok",""
"Colon","real","classification","p_much_greater_than_n",123,"rsvd",123,20,2,47,15,2000,2,1,2,FALSE,0.00799999999999557,0.00300000000000011,1,5.6194149453906e-16,8.88178419700125e-16,1.17877144732573e-15,0,1.90909591041642e-06,2.09130978915187e-06,0.8,0.8,0,1,NA,TRUE,"ok",""
"Colon","real","classification","p_much_greater_than_n",123,"rsvd",123,20,2,47,15,2000,2,1,3,FALSE,0.00799999999999557,0.00300000000000011,1,2.04512194881858e-15,2.99760216648792e-15,2.61968236945748e-15,0,3.30665111336321e-06,2.69986932838192e-06,0.866666666666667,0.866666666666667,0,1,NA,TRUE,"ok",""
"Colon","real","classification","p_much_greater_than_n",123,"rsvd",123,20,2,47,15,2000,2,1,5,FALSE,0.00799999999999557,0.00300000000000011,1,1.70943330758262e-14,1.71529457304587e-14,2.70231829949432e-14,0,3.72151304466894e-06,2.25887274392255e-06,0.866666666666667,0.866666666666667,0,1,NA,TRUE,"ok",""
"Colon","real","classification","p_much_greater_than_n",123,"rsvd",123,20,2,47,15,2000,2,1,8,FALSE,0.00799999999999557,0.00300000000000011,1,4.18580533848977e-14,4.57411886145564e-14,1.1522221733599e-13,8.53773646251594e-07,4.00455336570039e-06,2.09130978915187e-06,0.866666666666667,0.866666666666667,0,1,NA,TRUE,"ok",""
"MetRef","real","classification","p_less_than_n_multiclass",123,"rsvd",1,20,2,773,100,375,22,21,2,TRUE,0.0549999999999997,0.0269999999999939,1,1.32031435670699e-15,6.66133814775094e-16,2.03149106454459e-15,0,1.70754729250319e-06,1.4787793334711e-06,0.31,0.31,0,1,NA,TRUE,"ok",""
"MetRef","real","classification","p_less_than_n_multiclass",123,"rsvd",1,20,2,773,100,375,22,21,5,TRUE,0.0549999999999997,0.0269999999999939,1,1.81476039646318e-15,8.32667268468867e-16,2.57517506394835e-15,0,1.70754729250319e-06,0,0.49,0.49,0,1,NA,TRUE,"ok",""
"MetRef","real","classification","p_less_than_n_multiclass",123,"rsvd",1,20,2,773,100,375,22,21,10,TRUE,0.0549999999999997,0.0269999999999939,1,3.78248024647113e-15,3.94129173741931e-15,5.36527795745702e-15,2.56132093875478e-06,2.09130978915187e-06,1.4787793334711e-06,0.77,0.77,0,1,NA,TRUE,"ok",""
"MetRef","real","classification","p_less_than_n_multiclass",123,"rsvd",1,20,2,773,100,375,22,21,18,TRUE,0.0549999999999997,0.0269999999999939,1,2.85023561040785e-15,2.83106871279415e-15,3.42542594231654e-15,2.25887274392255e-06,1.90909591041642e-06,1.90909591041642e-06,0.89,0.89,0,1,NA,TRUE,"ok",""
"MetRef","real","classification","p_less_than_n_multiclass",123,"rsvd",7,20,2,773,100,375,22,21,2,TRUE,0.0549999999999997,0.027000000000001,1,2.14543694956477e-15,9.43689570931383e-16,3.59458661581639e-15,0,1.20741826972573e-06,1.4787793334711e-06,0.31,0.31,0,1,NA,TRUE,"ok",""
"MetRef","real","classification","p_less_than_n_multiclass",123,"rsvd",7,20,2,773,100,375,22,21,5,TRUE,0.0549999999999997,0.027000000000001,1,1.94366170485158e-15,1.11022302462516e-15,2.78898694318151e-15,0,1.20741826972573e-06,8.53773646251594e-07,0.49,0.49,0,1,NA,TRUE,"ok",""
"MetRef","real","classification","p_less_than_n_multiclass",123,"rsvd",7,20,2,773,100,375,22,21,10,TRUE,0.0549999999999997,0.027000000000001,1,3.65936751051214e-15,3.03923552991137e-15,5.12317634669995e-15,8.53773646251594e-07,1.90909591041642e-06,2.41483653945147e-06,0.77,0.77,0,1,NA,TRUE,"ok",""
"MetRef","real","classification","p_less_than_n_multiclass",123,"rsvd",7,20,2,773,100,375,22,21,18,TRUE,0.0549999999999997,0.027000000000001,1,3.30905175137545e-15,4.44089209850063e-15,4.42869593578246e-15,2.09130978915187e-06,1.4787793334711e-06,1.70754729250319e-06,0.89,0.89,0,1,NA,TRUE,"ok",""
"MetRef","real","classification","p_less_than_n_multiclass",123,"rsvd",19,20,2,773,100,375,22,21,2,TRUE,0.0549999999999997,0.027000000000001,1,2.1682570958612e-15,1.2490009027033e-15,3.40650802868982e-15,0,1.4787793334711e-06,1.70754729250319e-06,0.31,0.31,0,1,NA,TRUE,"ok",""
"MetRef","real","classification","p_less_than_n_multiclass",123,"rsvd",19,20,2,773,100,375,22,21,5,TRUE,0.0549999999999997,0.027000000000001,1,1.75940950066844e-15,9.99200722162641e-16,2.47566493439111e-15,0,1.4787793334711e-06,0,0.49,0.49,0,1,NA,TRUE,"ok",""
"MetRef","real","classification","p_less_than_n_multiclass",123,"rsvd",19,20,2,773,100,375,22,21,10,TRUE,0.0549999999999997,0.027000000000001,1,3.81749648923626e-15,3.62210261783957e-15,5.52577088762791e-15,2.56132093875478e-06,1.4787793334711e-06,8.53773646251594e-07,0.77,0.77,0,1,NA,TRUE,"ok",""
"MetRef","real","classification","p_less_than_n_multiclass",123,"rsvd",19,20,2,773,100,375,22,21,18,TRUE,0.0549999999999997,0.027000000000001,1,2.33250190344656e-15,2.33146835171283e-15,2.74523497625203e-15,2.09130978915187e-06,1.4787793334711e-06,8.53773646251594e-07,0.89,0.89,0,1,NA,TRUE,"ok",""
"MetRef","real","classification","p_less_than_n_multiclass",123,"rsvd",43,20,2,773,100,375,22,21,2,TRUE,0.0539999999999949,0.027000000000001,1,1.37021892343842e-15,5.55111512312578e-16,2.14493267174422e-15,0,1.70754729250319e-06,0,0.31,0.31,0,1,NA,TRUE,"ok",""
"MetRef","real","classification","p_less_than_n_multiclass",123,"rsvd",43,20,2,773,100,375,22,21,5,TRUE,0.0539999999999949,0.027000000000001,1,1.90325858426101e-15,9.43689570931383e-16,2.69600742638148e-15,0,1.70754729250319e-06,0,0.49,0.49,0,1,NA,TRUE,"ok",""
"MetRef","real","classification","p_less_than_n_multiclass",123,"rsvd",43,20,2,773,100,375,22,21,10,TRUE,0.0539999999999949,0.027000000000001,1,3.72602383163628e-15,3.63598040564739e-15,5.30318048713683e-15,8.53773646251594e-07,1.70754729250319e-06,8.53773646251594e-07,0.77,0.77,0,1,NA,TRUE,"ok",""
"MetRef","real","classification","p_less_than_n_multiclass",123,"rsvd",43,20,2,773,100,375,22,21,18,TRUE,0.0539999999999949,0.027000000000001,1,2.40505843508469e-15,1.94289029309402e-15,2.7504755023991e-15,2.25887274392255e-06,1.70754729250319e-06,1.90909591041642e-06,0.89,0.89,0,1,NA,TRUE,"ok",""
"MetRef","real","classification","p_less_than_n_multiclass",123,"rsvd",123,20,2,773,100,375,22,21,2,TRUE,0.054000000000002,0.027000000000001,1,1.4896975412215e-15,5.55111512312578e-16,2.23154064535907e-15,0,1.70754729250319e-06,0,0.31,0.31,0,1,NA,TRUE,"ok",""
"MetRef","real","classification","p_less_than_n_multiclass",123,"rsvd",123,20,2,773,100,375,22,21,5,TRUE,0.054000000000002,0.027000000000001,1,1.6793330348936e-15,1.02695629777827e-15,2.40021679796603e-15,2.09130978915187e-06,1.70754729250319e-06,0,0.49,0.49,0,1,NA,TRUE,"ok",""
"MetRef","real","classification","p_less_than_n_multiclass",123,"rsvd",123,20,2,773,100,375,22,21,10,TRUE,0.054000000000002,0.027000000000001,1,3.6078038653576e-15,2.1094237467878e-15,5.16780833566746e-15,1.90909591041642e-06,1.70754729250319e-06,1.20741826972573e-06,0.77,0.77,0,1,NA,TRUE,"ok",""
"MetRef","real","classification","p_less_than_n_multiclass",123,"rsvd",123,20,2,773,100,375,22,21,18,TRUE,0.054000000000002,0.027000000000001,1,2.91400586705939e-15,2.58126853225349e-15,3.77871612499044e-15,2.56132093875478e-06,1.70754729250319e-06,2.41483653945147e-06,0.89,0.89,0,1,NA,TRUE,"ok",""
"NMR_spectral_subset","real","regression","p_less_than_n_high_rank_response",123,"rsvd",1,20,2,600,150,300,120,120,2,TRUE,0.167000000000002,0.103999999999999,1,7.05920309673439e-16,1.66533453693773e-16,2.69387444627336e-15,1.70754729250319e-06,1.20741826972573e-06,1.90909591041642e-06,0.00160129964239249,0.00160129964239249,6.50521303491303e-19,NA,NA,TRUE,"ok",""
"NMR_spectral_subset","real","regression","p_less_than_n_high_rank_response",123,"rsvd",1,20,2,600,150,300,120,120,5,TRUE,0.167000000000002,0.103999999999999,1,1.2425424907068e-14,1.39714628755172e-14,3.26909380171513e-13,1.70754729250319e-06,1.20741826972573e-06,1.70754729250319e-06,0.00144716660322396,0.00144716660322396,7.80625564189563e-18,NA,NA,TRUE,"ok",""
"NMR_spectral_subset","real","regression","p_less_than_n_high_rank_response",123,"rsvd",1,20,2,600,150,300,120,120,10,TRUE,0.167000000000002,0.103999999999999,1,3.04611744348041e-12,3.56185914096585e-12,5.28636717049362e-11,2.9575586669422e-06,1.20741826972573e-06,1.4787793334711e-06,0.00133332829021366,0.00133332829021961,5.95096888433844e-15,NA,NA,TRUE,"ok",""
"NMR_spectral_subset","real","regression","p_less_than_n_high_rank_response",123,"rsvd",1,20,2,600,150,300,120,120,15,TRUE,0.167000000000002,0.103999999999999,1,1.0126205264834e-10,1.52225398952766e-10,2.14541325665727e-10,2.69986932838192e-06,8.53773646251594e-07,1.90909591041642e-06,0.00151735419734267,0.00151735419674271,5.99960836220048e-13,NA,NA,TRUE,"ok",""
"NMR_spectral_subset","real","regression","p_less_than_n_high_rank_response",123,"rsvd",7,20,2,600,150,300,120,120,2,TRUE,0.166999999999994,0.103999999999999,1,6.71726949784226e-16,8.32667268468867e-17,1.48104498327335e-15,1.70754729250319e-06,1.20741826972573e-06,1.90909591041642e-06,0.00160129964239249,0.00160129964239249,8.67361737988404e-19,NA,NA,TRUE,"ok",""
"NMR_spectral_subset","real","regression","p_less_than_n_high_rank_response",123,"rsvd",7,20,2,600,150,300,120,120,5,TRUE,0.166999999999994,0.103999999999999,1,6.04496386184493e-15,5.07927033766009e-15,3.07549658641502e-13,8.53773646251594e-07,1.70754729250319e-06,1.20741826972573e-06,0.00144716660322396,0.00144716660322396,1.51788304147971e-18,NA,NA,TRUE,"ok",""
"NMR_spectral_subset","real","regression","p_less_than_n_high_rank_response",123,"rsvd",7,20,2,600,150,300,120,120,10,TRUE,0.166999999999994,0.103999999999999,1,3.58376265966231e-12,4.6660314501068e-12,5.86268635675474e-11,2.09130978915187e-06,0,1.90909591041642e-06,0.00133332829022822,0.00133332829021961,8.60357791954147e-15,NA,NA,TRUE,"ok",""
"NMR_spectral_subset","real","regression","p_less_than_n_high_rank_response",123,"rsvd",7,20,2,600,150,300,120,120,15,TRUE,0.166999999999994,0.103999999999999,0.999999999999996,1.90687768385328e-11,2.54658794052176e-11,1.25840663580164e-10,1.4787793334711e-06,1.70754729250319e-06,2.09130978915187e-06,0.00151735419684987,0.00151735419674271,1.07154085951522e-13,NA,NA,TRUE,"ok",""
"NMR_spectral_subset","real","regression","p_less_than_n_high_rank_response",123,"rsvd",19,20,2,600,150,300,120,120,2,TRUE,0.165999999999997,0.103999999999999,1,7.1273256558839e-16,1.66533453693773e-16,2.9104782219816e-15,1.90909591041642e-06,1.20741826972573e-06,1.4787793334711e-06,0.00160129964239249,0.00160129964239249,6.50521303491303e-19,NA,NA,TRUE,"ok",""
"NMR_spectral_subset","real","regression","p_less_than_n_high_rank_response",123,"rsvd",19,20,2,600,150,300,120,120,5,TRUE,0.165999999999997,0.103999999999999,1,3.45626123457303e-15,1.79023462720806e-15,1.64348715548939e-13,1.90909591041642e-06,1.4787793334711e-06,1.90909591041642e-06,0.00144716660322396,0.00144716660322396,6.50521303491303e-18,NA,NA,TRUE,"ok",""
"NMR_spectral_subset","real","regression","p_less_than_n_high_rank_response",123,"rsvd",19,20,2,600,150,300,120,120,10,TRUE,0.165999999999997,0.103999999999999,1,4.83045866230929e-13,4.17492429516386e-13,1.08790698062323e-11,2.09130978915187e-06,8.53773646251594e-07,1.4787793334711e-06,0.0013333282902203,0.00133332829021961,6.87167336921313e-16,NA,NA,TRUE,"ok",""
"NMR_spectral_subset","real","regression","p_less_than_n_high_rank_response",123,"rsvd",19,20,2,600,150,300,120,120,15,TRUE,0.165999999999997,0.103999999999999,1,4.96999328795723e-11,7.84435849610077e-11,1.23866494076266e-10,8.53773646251594e-07,1.4787793334711e-06,2.09130978915187e-06,0.00151735419637788,0.00151735419674271,3.64831862637027e-13,NA,NA,TRUE,"ok",""
"NMR_spectral_subset","real","regression","p_less_than_n_high_rank_response",123,"rsvd",43,20,2,600,150,300,120,120,2,TRUE,0.167999999999999,0.103999999999999,1,7.12809862445724e-16,1.94289029309402e-16,3.23266775599191e-15,2.25887274392255e-06,8.53773646251594e-07,1.90909591041642e-06,0.00160129964239249,0.00160129964239249,8.67361737988404e-19,NA,NA,TRUE,"ok",""
"NMR_spectral_subset","real","regression","p_less_than_n_high_rank_response",123,"rsvd",43,20,2,600,150,300,120,120,5,TRUE,0.167999999999999,0.103999999999999,1,4.44315152215126e-15,4.06619182768964e-15,1.00074723467283e-13,1.4787793334711e-06,1.4787793334711e-06,1.70754729250319e-06,0.00144716660322396,0.00144716660322396,6.93889390390723e-18,NA,NA,TRUE,"ok",""
"NMR_spectral_subset","real","regression","p_less_than_n_high_rank_response",123,"rsvd",43,20,2,600,150,300,120,120,10,TRUE,0.167999999999999,0.103999999999999,1,7.98377638130426e-13,8.43367042868692e-13,6.89717387523199e-12,8.53773646251594e-07,1.4787793334711e-06,1.70754729250319e-06,0.00133332829022118,0.00133332829021961,1.56515425620007e-15,NA,NA,TRUE,"ok",""
"NMR_spectral_subset","real","regression","p_less_than_n_high_rank_response",123,"rsvd",43,20,2,600,150,300,120,120,15,TRUE,0.167999999999999,0.103999999999999,0.999999999999997,6.76867640889817e-11,7.85193160490749e-11,6.78831553938667e-10,2.25887274392255e-06,1.90909591041642e-06,2.09130978915187e-06,0.00151735419643634,0.00151735419674271,3.0636886257096e-13,NA,NA,TRUE,"ok",""
"NMR_spectral_subset","real","regression","p_less_than_n_high_rank_response",123,"rsvd",123,20,2,600,150,300,120,120,2,TRUE,0.165999999999997,0.10499999999999,1,7.08669352996274e-16,1.66533453693773e-16,2.26391851199145e-15,1.4787793334711e-06,1.20741826972573e-06,1.90909591041642e-06,0.00160129964239249,0.00160129964239249,6.50521303491303e-19,NA,NA,TRUE,"ok",""
"NMR_spectral_subset","real","regression","p_less_than_n_high_rank_response",123,"rsvd",123,20,2,600,150,300,120,120,5,TRUE,0.165999999999997,0.10499999999999,1,2.60277873947316e-15,2.45636844198316e-15,8.97296412856626e-14,2.09130978915187e-06,1.4787793334711e-06,1.90909591041642e-06,0.00144716660322396,0.00144716660322396,4.55364912443912e-18,NA,NA,TRUE,"ok",""
"NMR_spectral_subset","real","regression","p_less_than_n_high_rank_response",123,"rsvd",123,20,2,600,150,300,120,120,10,TRUE,0.165999999999997,0.10499999999999,1,5.17848543252477e-13,5.4900528567714e-13,1.08754677980074e-11,2.09130978915187e-06,1.70754729250319e-06,1.70754729250319e-06,0.00133332829022127,0.00133332829021961,1.6603472069443e-15,NA,NA,TRUE,"ok",""
"NMR_spectral_subset","real","regression","p_less_than_n_high_rank_response",123,"rsvd",123,20,2,600,150,300,120,120,15,TRUE,0.165999999999997,0.10499999999999,1,1.31178501445413e-10,2.05842815015345e-10,3.11274513386224e-10,1.70754729250319e-06,1.70754729250319e-06,1.70754729250319e-06,0.00151735419770259,0.00151735419674271,9.59878877770937e-13,NA,NA,TRUE,"ok",""
