"run_id","experiment","dataset","task_type","method","backend_requested","backend_reported","prediction_backend","svd_method","classifier","precision","ncomp","n_train","n_test","p","q","seed","replicate","requested_oversample","requested_power","control_profile","oversample","power","direction_rule","directions_per_solve","refresh_width","refresh_iterations","fresh_start","kernel","north","fit_sec","prediction_sec","total_sec","baseline_rss_mb","rss_after_fit_mb","rss_after_prediction_mb","peak_rss_mb","incremental_peak_rss_mb","metric_name","metric_value","accuracy","q2","rmsd","prediction_checksum","prediction_length","status","warnings","error","package_version"
"component_path__cifar100__kernelpls__k300__metal__r1","current_release_component_path","cifar100","classification","kernelpls","metal","metal","metal","rsvd","argmax","float64",300,50000,10000,768,100,1001,1,NA,NA,"ordinary_fast",32,5,"fresh_oversampled_sketch_per_component",1,NA,NA,TRUE,"linear",1,39.753,0.259,40.012,570.9375,1009.546875,1098.828125,1461.8125,890.875,"accuracy",0.8908,0.8908,0.605148162431021,NA,259303251,10000,"success","","","0.99.39"
"component_path__cifar100__kernelpls__k300__metal__r2","current_release_component_path","cifar100","classification","kernelpls","metal","metal","metal","rsvd","argmax","float64",300,50000,10000,768,100,1002,2,NA,NA,"ordinary_fast",32,5,"fresh_oversampled_sketch_per_component",1,NA,NA,TRUE,"linear",1,40.27,0.234000000000002,40.504,570.375,703.21875,877.75,1370.3125,799.9375,"accuracy",0.8908,0.8908,0.605148162431021,NA,259303251,10000,"success","","","0.99.39"
"component_path__cifar100__kernelpls__k300__metal__r3","current_release_component_path","cifar100","classification","kernelpls","metal","metal","metal","rsvd","argmax","float64",300,50000,10000,768,100,1003,3,NA,NA,"ordinary_fast",32,5,"fresh_oversampled_sketch_per_component",1,NA,NA,TRUE,"linear",1,40.234,0.253,40.487,576.984375,800.375,926.515625,1391.1875,814.203125,"accuracy",0.8908,0.8908,0.605148162431021,NA,259303251,10000,"success","","","0.99.39"
"component_path__cifar100__kernelpls__k300__metal__r4","current_release_component_path","cifar100","classification","kernelpls","metal","metal","metal","rsvd","argmax","float64",300,50000,10000,768,100,1004,4,NA,NA,"ordinary_fast",32,5,"fresh_oversampled_sketch_per_component",1,NA,NA,TRUE,"linear",1,40.307,0.247999999999998,40.555,575.453125,703.6875,888.609375,1482.96875,907.515625,"accuracy",0.8908,0.8908,0.605148162431021,NA,259303251,10000,"success","","","0.99.39"
"component_path__cifar100__kernelpls__k300__metal__r5","current_release_component_path","cifar100","classification","kernelpls","metal","metal","metal","rsvd","argmax","float64",300,50000,10000,768,100,1005,5,NA,NA,"ordinary_fast",32,5,"fresh_oversampled_sketch_per_component",1,NA,NA,TRUE,"linear",1,40.232,0.242999999999995,40.475,576.484375,653.875,874.609375,1354.203125,777.71875,"accuracy",0.8908,0.8908,0.605148162431021,NA,259303251,10000,"success","","","0.99.39"
"component_path__gtex_v8__kernelpls__k100__cpu__r1","current_release_component_path","gtex_v8","classification","kernelpls","cpu",NA,"cpu_flash","rsvd","argmax","float64",100,3000,797,1000,32,1001,1,NA,NA,"ordinary_fast",32,5,"fresh_oversampled_sketch_per_component",1,NA,NA,TRUE,"linear",1,1.86,0.012,1.872,250.9375,297.46875,304.90625,305.0625,54.125,"accuracy",0.962358845671267,0.962358845671267,0.805468231538117,NA,4560307,797,"success","","","0.99.39"
"component_path__gtex_v8__kernelpls__k100__cpu__r2","current_release_component_path","gtex_v8","classification","kernelpls","cpu",NA,"cpu_flash","rsvd","argmax","float64",100,3000,797,1000,32,1002,2,NA,NA,"ordinary_fast",32,5,"fresh_oversampled_sketch_per_component",1,NA,NA,TRUE,"linear",1,1.851,0.0109999999999997,1.862,251.03125,298.671875,304.890625,304.9375,53.90625,"accuracy",0.962358845671267,0.962358845671267,0.805468231538122,NA,4560307,797,"success","","","0.99.39"
"component_path__gtex_v8__kernelpls__k100__cpu__r3","current_release_component_path","gtex_v8","classification","kernelpls","cpu",NA,"cpu_flash","rsvd","argmax","float64",100,3000,797,1000,32,1003,3,NA,NA,"ordinary_fast",32,5,"fresh_oversampled_sketch_per_component",1,NA,NA,TRUE,"linear",1,1.856,0.0110000000000001,1.867,251.234375,301.5,307.71875,307.765625,56.53125,"accuracy",0.962358845671267,0.962358845671267,0.805468231538125,NA,4560307,797,"success","","","0.99.39"
"component_path__gtex_v8__kernelpls__k100__cpu__r4","current_release_component_path","gtex_v8","classification","kernelpls","cpu",NA,"cpu_flash","rsvd","argmax","float64",100,3000,797,1000,32,1004,4,NA,NA,"ordinary_fast",32,5,"fresh_oversampled_sketch_per_component",1,NA,NA,TRUE,"linear",1,1.852,0.0100000000000002,1.862,248.734375,297.28125,303.5,303.546875,54.8125,"accuracy",0.962358845671267,0.962358845671267,0.805468231538134,NA,4560307,797,"success","","","0.99.39"
"component_path__gtex_v8__kernelpls__k100__cpu__r5","current_release_component_path","gtex_v8","classification","kernelpls","cpu",NA,"cpu_flash","rsvd","argmax","float64",100,3000,797,1000,32,1005,5,NA,NA,"ordinary_fast",32,5,"fresh_oversampled_sketch_per_component",1,NA,NA,TRUE,"linear",1,1.85,0.0110000000000001,1.861,258.40625,306.4375,312.6875,312.734375,54.328125,"accuracy",0.962358845671267,0.962358845671267,0.805468231538119,NA,4560307,797,"success","","","0.99.39"
"component_path__gtex_v8__kernelpls__k100__metal__r1","current_release_component_path","gtex_v8","classification","kernelpls","metal","metal","metal","rsvd","argmax","float64",100,3000,797,1000,32,1001,1,NA,NA,"ordinary_fast",32,5,"fresh_oversampled_sketch_per_component",1,NA,NA,TRUE,"linear",1,1.58,0.0169999999999999,1.597,251.125,343.09375,355.34375,360.828125,109.703125,"accuracy",0.962358845671267,0.962358845671267,0.805468445090971,NA,4560307,797,"success","","","0.99.39"
"component_path__gtex_v8__kernelpls__k100__metal__r2","current_release_component_path","gtex_v8","classification","kernelpls","metal","metal","metal","rsvd","argmax","float64",100,3000,797,1000,32,1002,2,NA,NA,"ordinary_fast",32,5,"fresh_oversampled_sketch_per_component",1,NA,NA,TRUE,"linear",1,1.498,0.0139999999999998,1.512,252.046875,345.609375,357.8125,364.875,112.828125,"accuracy",0.962358845671267,0.962358845671267,0.805468445090971,NA,4560307,797,"success","","","0.99.39"
"component_path__gtex_v8__kernelpls__k100__metal__r3","current_release_component_path","gtex_v8","classification","kernelpls","metal","metal","metal","rsvd","argmax","float64",100,3000,797,1000,32,1003,3,NA,NA,"ordinary_fast",32,5,"fresh_oversampled_sketch_per_component",1,NA,NA,TRUE,"linear",1,1.469,0.0169999999999999,1.486,249.828125,340.78125,359.0625,362.828125,113,"accuracy",0.962358845671267,0.962358845671267,0.805468445090971,NA,4560307,797,"success","","","0.99.39"
"component_path__gtex_v8__kernelpls__k100__metal__r4","current_release_component_path","gtex_v8","classification","kernelpls","metal","metal","metal","rsvd","argmax","float64",100,3000,797,1000,32,1004,4,NA,NA,"ordinary_fast",32,5,"fresh_oversampled_sketch_per_component",1,NA,NA,TRUE,"linear",1,1.567,0.016,1.583,252.3125,340.21875,358.53125,362.265625,109.953125,"accuracy",0.962358845671267,0.962358845671267,0.805468445090971,NA,4560307,797,"success","","","0.99.39"
"component_path__gtex_v8__kernelpls__k100__metal__r5","current_release_component_path","gtex_v8","classification","kernelpls","metal","metal","metal","rsvd","argmax","float64",100,3000,797,1000,32,1005,5,NA,NA,"ordinary_fast",32,5,"fresh_oversampled_sketch_per_component",1,NA,NA,TRUE,"linear",1,1.588,0.0140000000000002,1.602,252.15625,346.734375,358.71875,366.8125,114.65625,"accuracy",0.962358845671267,0.962358845671267,0.805468445090971,NA,4560307,797,"success","","","0.99.39"
"component_path__gtex_v8__kernelpls__k10__cpu__r1","current_release_component_path","gtex_v8","classification","kernelpls","cpu",NA,"cpu_flash","rsvd","argmax","float64",10,3000,797,1000,32,1001,1,NA,NA,"ordinary_fast",32,5,"fresh_oversampled_sketch_per_component",1,NA,NA,TRUE,"linear",1,0.224,0.01,0.234,252.671875,300.203125,306.421875,306.484375,53.8125,"accuracy",0.731493099121706,0.731493099121706,0.491383363982152,NA,4061244,797,"success","","","0.99.39"
"component_path__gtex_v8__kernelpls__k10__cpu__r2","current_release_component_path","gtex_v8","classification","kernelpls","cpu",NA,"cpu_flash","rsvd","argmax","float64",10,3000,797,1000,32,1002,2,NA,NA,"ordinary_fast",32,5,"fresh_oversampled_sketch_per_component",1,NA,NA,TRUE,"linear",1,0.224,0.01,0.234,249.96875,296.53125,302.75,302.796875,52.828125,"accuracy",0.731493099121706,0.731493099121706,0.491383363982152,NA,4061244,797,"success","","","0.99.39"
"component_path__gtex_v8__kernelpls__k10__cpu__r3","current_release_component_path","gtex_v8","classification","kernelpls","cpu",NA,"cpu_flash","rsvd","argmax","float64",10,3000,797,1000,32,1003,3,NA,NA,"ordinary_fast",32,5,"fresh_oversampled_sketch_per_component",1,NA,NA,TRUE,"linear",1,0.226,0.011,0.237,250.90625,297.375,303.59375,303.71875,52.8125,"accuracy",0.731493099121706,0.731493099121706,0.491383363982152,NA,4061244,797,"success","","","0.99.39"
"component_path__gtex_v8__kernelpls__k10__cpu__r4","current_release_component_path","gtex_v8","classification","kernelpls","cpu",NA,"cpu_flash","rsvd","argmax","float64",10,3000,797,1000,32,1004,4,NA,NA,"ordinary_fast",32,5,"fresh_oversampled_sketch_per_component",1,NA,NA,TRUE,"linear",1,0.224,0.011,0.235,252.109375,298.609375,304.828125,304.9375,52.828125,"accuracy",0.731493099121706,0.731493099121706,0.491383363982151,NA,4061244,797,"success","","","0.99.39"
"component_path__gtex_v8__kernelpls__k10__cpu__r5","current_release_component_path","gtex_v8","classification","kernelpls","cpu",NA,"cpu_flash","rsvd","argmax","float64",10,3000,797,1000,32,1005,5,NA,NA,"ordinary_fast",32,5,"fresh_oversampled_sketch_per_component",1,NA,NA,TRUE,"linear",1,0.224,0.011,0.235,249.703125,296.453125,303.484375,303.53125,53.828125,"accuracy",0.731493099121706,0.731493099121706,0.491383363982151,NA,4061244,797,"success","","","0.99.39"
"component_path__gtex_v8__kernelpls__k10__metal__r1","current_release_component_path","gtex_v8","classification","kernelpls","metal","metal","metal","rsvd","argmax","float64",10,3000,797,1000,32,1001,1,NA,NA,"ordinary_fast",32,5,"fresh_oversampled_sketch_per_component",1,NA,NA,TRUE,"linear",1,0.276,0.015,0.291,252.09375,315.640625,340.203125,343.296875,91.203125,"accuracy",0.731493099121706,0.731493099121706,0.491383288233094,NA,4061244,797,"success","","","0.99.39"
"component_path__gtex_v8__kernelpls__k10__metal__r2","current_release_component_path","gtex_v8","classification","kernelpls","metal","metal","metal","rsvd","argmax","float64",10,3000,797,1000,32,1002,2,NA,NA,"ordinary_fast",32,5,"fresh_oversampled_sketch_per_component",1,NA,NA,TRUE,"linear",1,0.281,0.016,0.297,249.953125,309.34375,333.90625,337.046875,87.09375,"accuracy",0.731493099121706,0.731493099121706,0.491383288233094,NA,4061244,797,"success","","","0.99.39"
"component_path__gtex_v8__kernelpls__k10__metal__r3","current_release_component_path","gtex_v8","classification","kernelpls","metal","metal","metal","rsvd","argmax","float64",10,3000,797,1000,32,1003,3,NA,NA,"ordinary_fast",32,5,"fresh_oversampled_sketch_per_component",1,NA,NA,TRUE,"linear",1,0.265,0.017,0.282,252.75,314.953125,335.09375,336.609375,83.859375,"accuracy",0.731493099121706,0.731493099121706,0.491383288233094,NA,4061244,797,"success","","","0.99.39"
"component_path__gtex_v8__kernelpls__k10__metal__r4","current_release_component_path","gtex_v8","classification","kernelpls","metal","metal","metal","rsvd","argmax","float64",10,3000,797,1000,32,1004,4,NA,NA,"ordinary_fast",32,5,"fresh_oversampled_sketch_per_component",1,NA,NA,TRUE,"linear",1,0.285,0.014,0.299,250.859375,309.984375,334.625,337.765625,86.90625,"accuracy",0.731493099121706,0.731493099121706,0.491383288233094,NA,4061244,797,"success","","","0.99.39"
"component_path__gtex_v8__kernelpls__k10__metal__r5","current_release_component_path","gtex_v8","classification","kernelpls","metal","metal","metal","rsvd","argmax","float64",10,3000,797,1000,32,1005,5,NA,NA,"ordinary_fast",32,5,"fresh_oversampled_sketch_per_component",1,NA,NA,TRUE,"linear",1,0.265,0.014,0.279,254.671875,315.6875,334.3125,337.40625,82.734375,"accuracy",0.731493099121706,0.731493099121706,0.491383288233094,NA,4061244,797,"success","","","0.99.39"
"component_path__gtex_v8__kernelpls__k190__cpu__r1","current_release_component_path","gtex_v8","classification","kernelpls","cpu",NA,"cpu_flash","rsvd","argmax","float64",190,3000,797,1000,32,1001,1,NA,NA,"ordinary_fast",32,5,"fresh_oversampled_sketch_per_component",1,NA,NA,TRUE,"linear",1,3.511,0.0109999999999992,3.522,250.359375,305.4375,311.65625,311.703125,61.34375,"accuracy",0.963613550815558,0.963613550815558,0.811025787043053,NA,4568563,797,"success","","","0.99.39"
"component_path__gtex_v8__kernelpls__k190__cpu__r2","current_release_component_path","gtex_v8","classification","kernelpls","cpu",NA,"cpu_flash","rsvd","argmax","float64",190,3000,797,1000,32,1002,2,NA,NA,"ordinary_fast",32,5,"fresh_oversampled_sketch_per_component",1,NA,NA,TRUE,"linear",1,3.485,0.0120000000000005,3.497,250.140625,298.015625,304.25,304.296875,54.15625,"accuracy",0.963613550815558,0.963613550815558,0.811025787043063,NA,4568563,797,"success","","","0.99.39"
"component_path__gtex_v8__kernelpls__k190__cpu__r3","current_release_component_path","gtex_v8","classification","kernelpls","cpu",NA,"cpu_flash","rsvd","argmax","float64",190,3000,797,1000,32,1003,3,NA,NA,"ordinary_fast",32,5,"fresh_oversampled_sketch_per_component",1,NA,NA,TRUE,"linear",1,3.487,0.0110000000000001,3.498,250.578125,300.703125,306.9375,307.09375,56.515625,"accuracy",0.963613550815558,0.963613550815558,0.811025787043082,NA,4568563,797,"success","","","0.99.39"
"component_path__gtex_v8__kernelpls__k190__cpu__r4","current_release_component_path","gtex_v8","classification","kernelpls","cpu",NA,"cpu_flash","rsvd","argmax","float64",190,3000,797,1000,32,1004,4,NA,NA,"ordinary_fast",32,5,"fresh_oversampled_sketch_per_component",1,NA,NA,TRUE,"linear",1,3.499,0.00999999999999979,3.509,255.171875,305.609375,311.828125,311.9375,56.765625,"accuracy",0.963613550815558,0.963613550815558,0.811025787043139,NA,4568563,797,"success","","","0.99.39"
"component_path__gtex_v8__kernelpls__k190__cpu__r5","current_release_component_path","gtex_v8","classification","kernelpls","cpu",NA,"cpu_flash","rsvd","argmax","float64",190,3000,797,1000,32,1005,5,NA,NA,"ordinary_fast",32,5,"fresh_oversampled_sketch_per_component",1,NA,NA,TRUE,"linear",1,3.484,0.0110000000000001,3.495,252.734375,302.1875,302.453125,302.5,49.765625,"accuracy",0.963613550815558,0.963613550815558,0.811025787043044,NA,4568563,797,"success","","","0.99.39"
"component_path__gtex_v8__kernelpls__k190__metal__r1","current_release_component_path","gtex_v8","classification","kernelpls","metal","metal","metal","rsvd","argmax","float64",190,3000,797,1000,32,1001,1,NA,NA,"ordinary_fast",32,5,"fresh_oversampled_sketch_per_component",1,NA,NA,TRUE,"linear",1,2.831,0.0169999999999999,2.848,252.0625,351.71875,370.015625,374.46875,122.40625,"accuracy",0.963613550815558,0.963613550815558,0.811026245967288,NA,4568563,797,"success","","","0.99.39"
"component_path__gtex_v8__kernelpls__k190__metal__r2","current_release_component_path","gtex_v8","classification","kernelpls","metal","metal","metal","rsvd","argmax","float64",190,3000,797,1000,32,1002,2,NA,NA,"ordinary_fast",32,5,"fresh_oversampled_sketch_per_component",1,NA,NA,TRUE,"linear",1,2.804,0.0150000000000001,2.819,254.578125,358.28125,376.765625,381.015625,126.4375,"accuracy",0.963613550815558,0.963613550815558,0.811026245967288,NA,4568563,797,"success","","","0.99.39"
"component_path__gtex_v8__kernelpls__k190__metal__r3","current_release_component_path","gtex_v8","classification","kernelpls","metal","metal","metal","rsvd","argmax","float64",190,3000,797,1000,32,1003,3,NA,NA,"ordinary_fast",32,5,"fresh_oversampled_sketch_per_component",1,NA,NA,TRUE,"linear",1,2.808,0.0159999999999996,2.824,253.1875,358.75,377.046875,380.75,127.5625,"accuracy",0.963613550815558,0.963613550815558,0.811026245967288,NA,4568563,797,"success","","","0.99.39"
"component_path__gtex_v8__kernelpls__k190__metal__r4","current_release_component_path","gtex_v8","classification","kernelpls","metal","metal","metal","rsvd","argmax","float64",190,3000,797,1000,32,1004,4,NA,NA,"ordinary_fast",32,5,"fresh_oversampled_sketch_per_component",1,NA,NA,TRUE,"linear",1,2.7,0.0180000000000002,2.718,239.53125,338.625,356.890625,360.609375,121.078125,"accuracy",0.963613550815558,0.963613550815558,0.811026245967288,NA,4568563,797,"success","","","0.99.39"
"component_path__gtex_v8__kernelpls__k190__metal__r5","current_release_component_path","gtex_v8","classification","kernelpls","metal","metal","metal","rsvd","argmax","float64",190,3000,797,1000,32,1005,5,NA,NA,"ordinary_fast",32,5,"fresh_oversampled_sketch_per_component",1,NA,NA,TRUE,"linear",1,2.705,0.0150000000000001,2.72,252.34375,351.40625,369.671875,374.125,121.78125,"accuracy",0.963613550815558,0.963613550815558,0.811026245967288,NA,4568563,797,"success","","","0.99.39"
"component_path__gtex_v8__kernelpls__k1__cpu__r1","current_release_component_path","gtex_v8","classification","kernelpls","cpu",NA,"cpu_flash","rsvd","argmax","float64",1,3000,797,1000,32,1001,1,NA,NA,"ordinary_fast",32,5,"fresh_oversampled_sketch_per_component",1,NA,NA,TRUE,"linear",1,0.062,0.0119999999999999,0.074,249.859375,296.375,302.59375,302.671875,52.8125,"accuracy",0.248431618569636,0.248431618569636,0.122874115533974,NA,6532038,797,"success","","","0.99.39"
"component_path__gtex_v8__kernelpls__k1__cpu__r2","current_release_component_path","gtex_v8","classification","kernelpls","cpu",NA,"cpu_flash","rsvd","argmax","float64",1,3000,797,1000,32,1002,2,NA,NA,"ordinary_fast",32,5,"fresh_oversampled_sketch_per_component",1,NA,NA,TRUE,"linear",1,0.061,0.011,0.0720000000000001,248.25,295.71875,301.953125,302.21875,53.96875,"accuracy",0.248431618569636,0.248431618569636,0.122874115533974,NA,6532038,797,"success","","","0.99.39"
"component_path__gtex_v8__kernelpls__k1__cpu__r3","current_release_component_path","gtex_v8","classification","kernelpls","cpu",NA,"cpu_flash","rsvd","argmax","float64",1,3000,797,1000,32,1003,3,NA,NA,"ordinary_fast",32,5,"fresh_oversampled_sketch_per_component",1,NA,NA,TRUE,"linear",1,0.062,0.0109999999999999,0.073,247.765625,295.359375,301.578125,301.625,53.859375,"accuracy",0.248431618569636,0.248431618569636,0.122874115533974,NA,6532038,797,"success","","","0.99.39"
"component_path__gtex_v8__kernelpls__k1__cpu__r4","current_release_component_path","gtex_v8","classification","kernelpls","cpu",NA,"cpu_flash","rsvd","argmax","float64",1,3000,797,1000,32,1004,4,NA,NA,"ordinary_fast",32,5,"fresh_oversampled_sketch_per_component",1,NA,NA,TRUE,"linear",1,0.061,0.01,0.0710000000000001,250.15625,297.4375,303.65625,303.703125,53.546875,"accuracy",0.248431618569636,0.248431618569636,0.122874115533974,NA,6532038,797,"success","","","0.99.39"
"component_path__gtex_v8__kernelpls__k1__cpu__r5","current_release_component_path","gtex_v8","classification","kernelpls","cpu",NA,"cpu_flash","rsvd","argmax","float64",1,3000,797,1000,32,1005,5,NA,NA,"ordinary_fast",32,5,"fresh_oversampled_sketch_per_component",1,NA,NA,TRUE,"linear",1,0.061,0.0099999999999999,0.071,253.375,299.84375,306.0625,306.109375,52.734375,"accuracy",0.248431618569636,0.248431618569636,0.122874115533974,NA,6532038,797,"success","","","0.99.39"
"component_path__gtex_v8__kernelpls__k1__metal__r1","current_release_component_path","gtex_v8","classification","kernelpls","metal","metal","metal","rsvd","argmax","float64",1,3000,797,1000,32,1001,1,NA,NA,"ordinary_fast",32,5,"fresh_oversampled_sketch_per_component",1,NA,NA,TRUE,"linear",1,0.149,0.015,0.164,249.921875,304.765625,329.203125,332.234375,82.3125,"accuracy",0.248431618569636,0.248431618569636,0.122874162277941,NA,6532038,797,"success","","","0.99.39"
"component_path__gtex_v8__kernelpls__k1__metal__r2","current_release_component_path","gtex_v8","classification","kernelpls","metal","metal","metal","rsvd","argmax","float64",1,3000,797,1000,32,1002,2,NA,NA,"ordinary_fast",32,5,"fresh_oversampled_sketch_per_component",1,NA,NA,TRUE,"linear",1,0.133,0.014,0.147,249.625,306.140625,330.578125,333.609375,83.984375,"accuracy",0.248431618569636,0.248431618569636,0.122874162277941,NA,6532038,797,"success","","","0.99.39"
"component_path__gtex_v8__kernelpls__k1__metal__r3","current_release_component_path","gtex_v8","classification","kernelpls","metal","metal","metal","rsvd","argmax","float64",1,3000,797,1000,32,1003,3,NA,NA,"ordinary_fast",32,5,"fresh_oversampled_sketch_per_component",1,NA,NA,TRUE,"linear",1,0.143,0.015,0.158,253.6875,308.265625,332.703125,335.734375,82.046875,"accuracy",0.248431618569636,0.248431618569636,0.122874162277941,NA,6532038,797,"success","","","0.99.39"
"component_path__gtex_v8__kernelpls__k1__metal__r4","current_release_component_path","gtex_v8","classification","kernelpls","metal","metal","metal","rsvd","argmax","float64",1,3000,797,1000,32,1004,4,NA,NA,"ordinary_fast",32,5,"fresh_oversampled_sketch_per_component",1,NA,NA,TRUE,"linear",1,0.149,0.015,0.164,252.796875,307.703125,332.15625,335.1875,82.390625,"accuracy",0.248431618569636,0.248431618569636,0.122874162277941,NA,6532038,797,"success","","","0.99.39"
"component_path__gtex_v8__kernelpls__k1__metal__r5","current_release_component_path","gtex_v8","classification","kernelpls","metal","metal","metal","rsvd","argmax","float64",1,3000,797,1000,32,1005,5,NA,NA,"ordinary_fast",32,5,"fresh_oversampled_sketch_per_component",1,NA,NA,TRUE,"linear",1,0.14,0.013,0.153,253.25,308,332.859375,335.46875,82.21875,"accuracy",0.248431618569636,0.248431618569636,0.122874162277941,NA,6532038,797,"success","","","0.99.39"
"component_path__gtex_v8__kernelpls__k200__cpu__r1","current_release_component_path","gtex_v8","classification","kernelpls","cpu",NA,"cpu_flash","rsvd","argmax","float64",200,3000,797,1000,32,1001,1,NA,NA,"ordinary_fast",32,5,"fresh_oversampled_sketch_per_component",1,NA,NA,TRUE,"linear",1,3.686,0.0109999999999992,3.697,251.515625,302.1875,308.40625,308.453125,56.9375,"accuracy",0.962358845671267,0.962358845671267,0.811538976356318,NA,4586697,797,"success","","","0.99.39"
"component_path__gtex_v8__kernelpls__k200__cpu__r2","current_release_component_path","gtex_v8","classification","kernelpls","cpu",NA,"cpu_flash","rsvd","argmax","float64",200,3000,797,1000,32,1002,2,NA,NA,"ordinary_fast",32,5,"fresh_oversampled_sketch_per_component",1,NA,NA,TRUE,"linear",1,3.667,0.0110000000000001,3.678,252.265625,304.78125,311,311.046875,58.78125,"accuracy",0.962358845671267,0.962358845671267,0.811538976356324,NA,4586697,797,"success","","","0.99.39"
"component_path__gtex_v8__kernelpls__k200__cpu__r3","current_release_component_path","gtex_v8","classification","kernelpls","cpu",NA,"cpu_flash","rsvd","argmax","float64",200,3000,797,1000,32,1003,3,NA,NA,"ordinary_fast",32,5,"fresh_oversampled_sketch_per_component",1,NA,NA,TRUE,"linear",1,3.669,0.0110000000000001,3.68,251.125,306.296875,306.453125,306.5,55.375,"accuracy",0.962358845671267,0.962358845671267,0.811538976356347,NA,4586697,797,"success","","","0.99.39"
"component_path__gtex_v8__kernelpls__k200__cpu__r4","current_release_component_path","gtex_v8","classification","kernelpls","cpu",NA,"cpu_flash","rsvd","argmax","float64",200,3000,797,1000,32,1004,4,NA,NA,"ordinary_fast",32,5,"fresh_oversampled_sketch_per_component",1,NA,NA,TRUE,"linear",1,3.671,0.0110000000000001,3.682,252.09375,303.265625,309.53125,309.640625,57.546875,"accuracy",0.962358845671267,0.962358845671267,0.811538976356419,NA,4586697,797,"success","","","0.99.39"
"component_path__gtex_v8__kernelpls__k200__cpu__r5","current_release_component_path","gtex_v8","classification","kernelpls","cpu",NA,"cpu_flash","rsvd","argmax","float64",200,3000,797,1000,32,1005,5,NA,NA,"ordinary_fast",32,5,"fresh_oversampled_sketch_per_component",1,NA,NA,TRUE,"linear",1,3.674,0.00999999999999979,3.684,252.03125,301.875,308.09375,308.140625,56.109375,"accuracy",0.962358845671267,0.962358845671267,0.811538976356298,NA,4586697,797,"success","","","0.99.39"
"component_path__gtex_v8__kernelpls__k200__metal__r1","current_release_component_path","gtex_v8","classification","kernelpls","metal","metal","metal","rsvd","argmax","float64",200,3000,797,1000,32,1001,1,NA,NA,"ordinary_fast",32,5,"fresh_oversampled_sketch_per_component",1,NA,NA,TRUE,"linear",1,2.933,0.0190000000000001,2.952,252.484375,351.375,363.546875,373.296875,120.8125,"accuracy",0.962358845671267,0.962358845671267,0.811539024267476,NA,4586697,797,"success","","","0.99.39"
"component_path__gtex_v8__kernelpls__k200__metal__r2","current_release_component_path","gtex_v8","classification","kernelpls","metal","metal","metal","rsvd","argmax","float64",200,3000,797,1000,32,1002,2,NA,NA,"ordinary_fast",32,5,"fresh_oversampled_sketch_per_component",1,NA,NA,TRUE,"linear",1,2.997,0.0169999999999999,3.014,255.1875,357.4375,381.796875,385.53125,130.34375,"accuracy",0.962358845671267,0.962358845671267,0.811539024267476,NA,4586697,797,"success","","","0.99.39"
"component_path__gtex_v8__kernelpls__k200__metal__r3","current_release_component_path","gtex_v8","classification","kernelpls","metal","metal","metal","rsvd","argmax","float64",200,3000,797,1000,32,1003,3,NA,NA,"ordinary_fast",32,5,"fresh_oversampled_sketch_per_component",1,NA,NA,TRUE,"linear",1,2.946,0.016,2.962,252.84375,353.609375,377.9375,382.453125,129.609375,"accuracy",0.962358845671267,0.962358845671267,0.811539024267476,NA,4586697,797,"success","","","0.99.39"
"component_path__gtex_v8__kernelpls__k200__metal__r4","current_release_component_path","gtex_v8","classification","kernelpls","metal","metal","metal","rsvd","argmax","float64",200,3000,797,1000,32,1004,4,NA,NA,"ordinary_fast",32,5,"fresh_oversampled_sketch_per_component",1,NA,NA,TRUE,"linear",1,2.951,0.0140000000000002,2.965,250.953125,366.28125,372.359375,379.125,128.171875,"accuracy",0.962358845671267,0.962358845671267,0.811539024267476,NA,4586697,797,"success","","","0.99.39"
"component_path__gtex_v8__kernelpls__k200__metal__r5","current_release_component_path","gtex_v8","classification","kernelpls","metal","metal","metal","rsvd","argmax","float64",200,3000,797,1000,32,1005,5,NA,NA,"ordinary_fast",32,5,"fresh_oversampled_sketch_per_component",1,NA,NA,TRUE,"linear",1,2.967,0.016,2.983,254.921875,357.71875,371.453125,379.703125,124.78125,"accuracy",0.962358845671267,0.962358845671267,0.811539024267476,NA,4586697,797,"success","","","0.99.39"
"component_path__gtex_v8__kernelpls__k20__cpu__r1","current_release_component_path","gtex_v8","classification","kernelpls","cpu",NA,"cpu_flash","rsvd","argmax","float64",20,3000,797,1000,32,1001,1,NA,NA,"ordinary_fast",32,5,"fresh_oversampled_sketch_per_component",1,NA,NA,TRUE,"linear",1,0.406,0.0110000000000001,0.417,252.46875,299.046875,305.265625,305.3125,52.84375,"accuracy",0.875784190715182,0.875784190715182,0.684828500162251,NA,4267927,797,"success","","","0.99.39"
"component_path__gtex_v8__kernelpls__k20__cpu__r2","current_release_component_path","gtex_v8","classification","kernelpls","cpu",NA,"cpu_flash","rsvd","argmax","float64",20,3000,797,1000,32,1002,2,NA,NA,"ordinary_fast",32,5,"fresh_oversampled_sketch_per_component",1,NA,NA,TRUE,"linear",1,0.404,0.0110000000000001,0.415,253.234375,300.125,306.34375,306.390625,53.15625,"accuracy",0.875784190715182,0.875784190715182,0.684828500162251,NA,4267927,797,"success","","","0.99.39"
"component_path__gtex_v8__kernelpls__k20__cpu__r3","current_release_component_path","gtex_v8","classification","kernelpls","cpu",NA,"cpu_flash","rsvd","argmax","float64",20,3000,797,1000,32,1003,3,NA,NA,"ordinary_fast",32,5,"fresh_oversampled_sketch_per_component",1,NA,NA,TRUE,"linear",1,0.404,0.0109999999999999,0.415,252.59375,299.09375,305.59375,305.71875,53.125,"accuracy",0.875784190715182,0.875784190715182,0.684828500162251,NA,4267927,797,"success","","","0.99.39"
"component_path__gtex_v8__kernelpls__k20__cpu__r4","current_release_component_path","gtex_v8","classification","kernelpls","cpu",NA,"cpu_flash","rsvd","argmax","float64",20,3000,797,1000,32,1004,4,NA,NA,"ordinary_fast",32,5,"fresh_oversampled_sketch_per_component",1,NA,NA,TRUE,"linear",1,0.405,0.01,0.415,249.984375,297.71875,303.9375,303.984375,54,"accuracy",0.875784190715182,0.875784190715182,0.684828500162251,NA,4267927,797,"success","","","0.99.39"
"component_path__gtex_v8__kernelpls__k20__cpu__r5","current_release_component_path","gtex_v8","classification","kernelpls","cpu",NA,"cpu_flash","rsvd","argmax","float64",20,3000,797,1000,32,1005,5,NA,NA,"ordinary_fast",32,5,"fresh_oversampled_sketch_per_component",1,NA,NA,TRUE,"linear",1,0.405,0.0109999999999999,0.416,247.46875,295.0625,295.625,295.671875,48.203125,"accuracy",0.875784190715182,0.875784190715182,0.684828500162251,NA,4267927,797,"success","","","0.99.39"
"component_path__gtex_v8__kernelpls__k20__metal__r1","current_release_component_path","gtex_v8","classification","kernelpls","metal","metal","metal","rsvd","argmax","float64",20,3000,797,1000,32,1001,1,NA,NA,"ordinary_fast",32,5,"fresh_oversampled_sketch_per_component",1,NA,NA,TRUE,"linear",1,0.417,0.0170000000000001,0.434,250.671875,324.828125,337.3125,347.515625,96.84375,"accuracy",0.875784190715182,0.875784190715182,0.684828446551238,NA,4267927,797,"success","","","0.99.39"
"component_path__gtex_v8__kernelpls__k20__metal__r2","current_release_component_path","gtex_v8","classification","kernelpls","metal","metal","metal","rsvd","argmax","float64",20,3000,797,1000,32,1002,2,NA,NA,"ordinary_fast",32,5,"fresh_oversampled_sketch_per_component",1,NA,NA,TRUE,"linear",1,0.424,0.014,0.438,257.859375,325.265625,337.71875,347.96875,90.109375,"accuracy",0.875784190715182,0.875784190715182,0.684828446551238,NA,4267927,797,"success","","","0.99.39"
"component_path__gtex_v8__kernelpls__k20__metal__r3","current_release_component_path","gtex_v8","classification","kernelpls","metal","metal","metal","rsvd","argmax","float64",20,3000,797,1000,32,1003,3,NA,NA,"ordinary_fast",32,5,"fresh_oversampled_sketch_per_component",1,NA,NA,TRUE,"linear",1,0.415,0.0129999999999999,0.428,255.15625,320.828125,339.21875,343.03125,87.875,"accuracy",0.875784190715182,0.875784190715182,0.684828446551238,NA,4267927,797,"success","","","0.99.39"
"component_path__gtex_v8__kernelpls__k20__metal__r4","current_release_component_path","gtex_v8","classification","kernelpls","metal","metal","metal","rsvd","argmax","float64",20,3000,797,1000,32,1004,4,NA,NA,"ordinary_fast",32,5,"fresh_oversampled_sketch_per_component",1,NA,NA,TRUE,"linear",1,0.421,0.016,0.437,246.890625,320.5625,344.984375,348.1875,101.296875,"accuracy",0.875784190715182,0.875784190715182,0.684828446551238,NA,4267927,797,"success","","","0.99.39"
"component_path__gtex_v8__kernelpls__k20__metal__r5","current_release_component_path","gtex_v8","classification","kernelpls","metal","metal","metal","rsvd","argmax","float64",20,3000,797,1000,32,1005,5,NA,NA,"ordinary_fast",32,5,"fresh_oversampled_sketch_per_component",1,NA,NA,TRUE,"linear",1,0.413,0.014,0.427,255.640625,326.921875,351.4375,354.5625,98.921875,"accuracy",0.875784190715182,0.875784190715182,0.684828446551238,NA,4267927,797,"success","","","0.99.39"
"component_path__gtex_v8__kernelpls__k2__cpu__r1","current_release_component_path","gtex_v8","classification","kernelpls","cpu",NA,"cpu_flash","rsvd","argmax","float64",2,3000,797,1000,32,1001,1,NA,NA,"ordinary_fast",32,5,"fresh_oversampled_sketch_per_component",1,NA,NA,TRUE,"linear",1,0.0800000000000001,0.011,0.0910000000000001,248.421875,294.953125,301.1875,301.234375,52.8125,"accuracy",0.302383939774153,0.302383939774153,0.156591919342439,NA,5410033,797,"success","","","0.99.39"
"component_path__gtex_v8__kernelpls__k2__cpu__r2","current_release_component_path","gtex_v8","classification","kernelpls","cpu",NA,"cpu_flash","rsvd","argmax","float64",2,3000,797,1000,32,1002,2,NA,NA,"ordinary_fast",32,5,"fresh_oversampled_sketch_per_component",1,NA,NA,TRUE,"linear",1,0.0790000000000001,0.011,0.0900000000000001,251.96875,298.4375,304.65625,304.703125,52.734375,"accuracy",0.302383939774153,0.302383939774153,0.156591919342439,NA,5410033,797,"success","","","0.99.39"
"component_path__gtex_v8__kernelpls__k2__cpu__r3","current_release_component_path","gtex_v8","classification","kernelpls","cpu",NA,"cpu_flash","rsvd","argmax","float64",2,3000,797,1000,32,1003,3,NA,NA,"ordinary_fast",32,5,"fresh_oversampled_sketch_per_component",1,NA,NA,TRUE,"linear",1,0.0800000000000001,0.011,0.0910000000000001,255.171875,301.71875,309.15625,309.203125,54.03125,"accuracy",0.302383939774153,0.302383939774153,0.156591919342439,NA,5410033,797,"success","","","0.99.39"
"component_path__gtex_v8__kernelpls__k2__cpu__r4","current_release_component_path","gtex_v8","classification","kernelpls","cpu",NA,"cpu_flash","rsvd","argmax","float64",2,3000,797,1000,32,1004,4,NA,NA,"ordinary_fast",32,5,"fresh_oversampled_sketch_per_component",1,NA,NA,TRUE,"linear",1,0.0790000000000001,0.011,0.0900000000000001,250.0625,296.5625,303.203125,303.28125,53.21875,"accuracy",0.302383939774153,0.302383939774153,0.156591919342439,NA,5410033,797,"success","","","0.99.39"
"component_path__gtex_v8__kernelpls__k2__cpu__r5","current_release_component_path","gtex_v8","classification","kernelpls","cpu",NA,"cpu_flash","rsvd","argmax","float64",2,3000,797,1000,32,1005,5,NA,NA,"ordinary_fast",32,5,"fresh_oversampled_sketch_per_component",1,NA,NA,TRUE,"linear",1,0.0790000000000001,0.011,0.0900000000000001,252.71875,299.921875,306.140625,306.203125,53.484375,"accuracy",0.302383939774153,0.302383939774153,0.156591919342439,NA,5410033,797,"success","","","0.99.39"
"component_path__gtex_v8__kernelpls__k2__metal__r1","current_release_component_path","gtex_v8","classification","kernelpls","metal","metal","metal","rsvd","argmax","float64",2,3000,797,1000,32,1001,1,NA,NA,"ordinary_fast",32,5,"fresh_oversampled_sketch_per_component",1,NA,NA,TRUE,"linear",1,0.155,0.015,0.17,251.53125,307.375,331.859375,334.84375,83.3125,"accuracy",0.302383939774153,0.302383939774153,0.156592001516788,NA,5410033,797,"success","","","0.99.39"
"component_path__gtex_v8__kernelpls__k2__metal__r2","current_release_component_path","gtex_v8","classification","kernelpls","metal","metal","metal","rsvd","argmax","float64",2,3000,797,1000,32,1002,2,NA,NA,"ordinary_fast",32,5,"fresh_oversampled_sketch_per_component",1,NA,NA,TRUE,"linear",1,0.156,0.014,0.17,251.78125,306.75,331.1875,334.21875,82.4375,"accuracy",0.302383939774153,0.302383939774153,0.156592001516788,NA,5410033,797,"success","","","0.99.39"
"component_path__gtex_v8__kernelpls__k2__metal__r3","current_release_component_path","gtex_v8","classification","kernelpls","metal","metal","metal","rsvd","argmax","float64",2,3000,797,1000,32,1003,3,NA,NA,"ordinary_fast",32,5,"fresh_oversampled_sketch_per_component",1,NA,NA,TRUE,"linear",1,0.161,0.014,0.175,248.546875,304.296875,328.765625,331.765625,83.21875,"accuracy",0.302383939774153,0.302383939774153,0.156592001516788,NA,5410033,797,"success","","","0.99.39"
"component_path__gtex_v8__kernelpls__k2__metal__r4","current_release_component_path","gtex_v8","classification","kernelpls","metal","metal","metal","rsvd","argmax","float64",2,3000,797,1000,32,1004,4,NA,NA,"ordinary_fast",32,5,"fresh_oversampled_sketch_per_component",1,NA,NA,TRUE,"linear",1,0.153,0.013,0.166,250.84375,306.875,331.328125,334.359375,83.515625,"accuracy",0.302383939774153,0.302383939774153,0.156592001516788,NA,5410033,797,"success","","","0.99.39"
"component_path__gtex_v8__kernelpls__k2__metal__r5","current_release_component_path","gtex_v8","classification","kernelpls","metal","metal","metal","rsvd","argmax","float64",2,3000,797,1000,32,1005,5,NA,NA,"ordinary_fast",32,5,"fresh_oversampled_sketch_per_component",1,NA,NA,TRUE,"linear",1,0.156,0.015,0.171,251.171875,307.375,331.828125,334.859375,83.6875,"accuracy",0.302383939774153,0.302383939774153,0.156592001516788,NA,5410033,797,"success","","","0.99.39"
"component_path__gtex_v8__kernelpls__k32__cpu__r1","current_release_component_path","gtex_v8","classification","kernelpls","cpu",NA,"cpu_flash","rsvd","argmax","float64",32,3000,797,1000,32,1001,1,NA,NA,"ordinary_fast",32,5,"fresh_oversampled_sketch_per_component",1,NA,NA,TRUE,"linear",1,0.622,0.0109999999999999,0.633,254.640625,302.40625,308.625,308.71875,54.078125,"accuracy",0.93099121706399,0.93099121706399,0.761489768551639,NA,4469449,797,"success","","","0.99.39"
"component_path__gtex_v8__kernelpls__k32__cpu__r2","current_release_component_path","gtex_v8","classification","kernelpls","cpu",NA,"cpu_flash","rsvd","argmax","float64",32,3000,797,1000,32,1002,2,NA,NA,"ordinary_fast",32,5,"fresh_oversampled_sketch_per_component",1,NA,NA,TRUE,"linear",1,0.621,0.0110000000000001,0.632,253.9375,300.5625,306.78125,306.828125,52.890625,"accuracy",0.93099121706399,0.93099121706399,0.761489768551639,NA,4469449,797,"success","","","0.99.39"
"component_path__gtex_v8__kernelpls__k32__cpu__r3","current_release_component_path","gtex_v8","classification","kernelpls","cpu",NA,"cpu_flash","rsvd","argmax","float64",32,3000,797,1000,32,1003,3,NA,NA,"ordinary_fast",32,5,"fresh_oversampled_sketch_per_component",1,NA,NA,TRUE,"linear",1,0.622,0.012,0.634,249.171875,296.40625,302.625,302.671875,53.5,"accuracy",0.93099121706399,0.93099121706399,0.761489768551639,NA,4469449,797,"success","","","0.99.39"
"component_path__gtex_v8__kernelpls__k32__cpu__r4","current_release_component_path","gtex_v8","classification","kernelpls","cpu",NA,"cpu_flash","rsvd","argmax","float64",32,3000,797,1000,32,1004,4,NA,NA,"ordinary_fast",32,5,"fresh_oversampled_sketch_per_component",1,NA,NA,TRUE,"linear",1,0.622,0.01,0.632,251.65625,299.671875,305.890625,306.109375,54.453125,"accuracy",0.93099121706399,0.93099121706399,0.761489768551639,NA,4469449,797,"success","","","0.99.39"
"component_path__gtex_v8__kernelpls__k32__cpu__r5","current_release_component_path","gtex_v8","classification","kernelpls","cpu",NA,"cpu_flash","rsvd","argmax","float64",32,3000,797,1000,32,1005,5,NA,NA,"ordinary_fast",32,5,"fresh_oversampled_sketch_per_component",1,NA,NA,TRUE,"linear",1,0.621,0.0109999999999999,0.632,251.84375,298.390625,304.609375,304.78125,52.9375,"accuracy",0.93099121706399,0.93099121706399,0.761489768551639,NA,4469449,797,"success","","","0.99.39"
"component_path__gtex_v8__kernelpls__k32__metal__r1","current_release_component_path","gtex_v8","classification","kernelpls","metal","metal","metal","rsvd","argmax","float64",32,3000,797,1000,32,1001,1,NA,NA,"ordinary_fast",32,5,"fresh_oversampled_sketch_per_component",1,NA,NA,TRUE,"linear",1,0.581,0.0169999999999999,0.598,252.734375,329.78125,354.25,357.5,104.765625,"accuracy",0.93099121706399,0.93099121706399,0.761489824054123,NA,4469449,797,"success","","","0.99.39"
"component_path__gtex_v8__kernelpls__k32__metal__r2","current_release_component_path","gtex_v8","classification","kernelpls","metal","metal","metal","rsvd","argmax","float64",32,3000,797,1000,32,1002,2,NA,NA,"ordinary_fast",32,5,"fresh_oversampled_sketch_per_component",1,NA,NA,TRUE,"linear",1,0.615,0.014,0.629,250.515625,329.4375,353.890625,357.140625,106.625,"accuracy",0.93099121706399,0.93099121706399,0.761489824054123,NA,4469449,797,"success","","","0.99.39"
"component_path__gtex_v8__kernelpls__k32__metal__r3","current_release_component_path","gtex_v8","classification","kernelpls","metal","metal","metal","rsvd","argmax","float64",32,3000,797,1000,32,1003,3,NA,NA,"ordinary_fast",32,5,"fresh_oversampled_sketch_per_component",1,NA,NA,TRUE,"linear",1,0.586,0.014,0.6,250.328125,324.828125,349.28125,352.53125,102.203125,"accuracy",0.93099121706399,0.93099121706399,0.761489824054123,NA,4469449,797,"success","","","0.99.39"
"component_path__gtex_v8__kernelpls__k32__metal__r4","current_release_component_path","gtex_v8","classification","kernelpls","metal","metal","metal","rsvd","argmax","float64",32,3000,797,1000,32,1004,4,NA,NA,"ordinary_fast",32,5,"fresh_oversampled_sketch_per_component",1,NA,NA,TRUE,"linear",1,0.607,0.014,0.621,252.453125,332.390625,356.84375,360.09375,107.640625,"accuracy",0.93099121706399,0.93099121706399,0.761489824054123,NA,4469449,797,"success","","","0.99.39"
"component_path__gtex_v8__kernelpls__k32__metal__r5","current_release_component_path","gtex_v8","classification","kernelpls","metal","metal","metal","rsvd","argmax","float64",32,3000,797,1000,32,1005,5,NA,NA,"ordinary_fast",32,5,"fresh_oversampled_sketch_per_component",1,NA,NA,TRUE,"linear",1,0.574,0.014,0.588,251.546875,322.265625,346.75,349.96875,98.421875,"accuracy",0.93099121706399,0.93099121706399,0.761489824054123,NA,4469449,797,"success","","","0.99.39"
"component_path__gtex_v8__kernelpls__k50__cpu__r1","current_release_component_path","gtex_v8","classification","kernelpls","cpu",NA,"cpu_flash","rsvd","argmax","float64",50,3000,797,1000,32,1001,1,NA,NA,"ordinary_fast",32,5,"fresh_oversampled_sketch_per_component",1,NA,NA,TRUE,"linear",1,0.946,0.0109999999999999,0.957,247,296.703125,302.9375,302.984375,55.984375,"accuracy",0.957340025094103,0.957340025094103,0.788730634770352,NA,4538275,797,"success","","","0.99.39"
"component_path__gtex_v8__kernelpls__k50__cpu__r2","current_release_component_path","gtex_v8","classification","kernelpls","cpu",NA,"cpu_flash","rsvd","argmax","float64",50,3000,797,1000,32,1002,2,NA,NA,"ordinary_fast",32,5,"fresh_oversampled_sketch_per_component",1,NA,NA,TRUE,"linear",1,0.946,0.0110000000000001,0.957,253.71875,300.5625,306.8125,306.859375,53.140625,"accuracy",0.957340025094103,0.957340025094103,0.788730634770352,NA,4538275,797,"success","","","0.99.39"
"component_path__gtex_v8__kernelpls__k50__cpu__r3","current_release_component_path","gtex_v8","classification","kernelpls","cpu",NA,"cpu_flash","rsvd","argmax","float64",50,3000,797,1000,32,1003,3,NA,NA,"ordinary_fast",32,5,"fresh_oversampled_sketch_per_component",1,NA,NA,TRUE,"linear",1,0.948,0.0109999999999999,0.959,250.296875,297.390625,299.15625,299.203125,48.90625,"accuracy",0.957340025094103,0.957340025094103,0.788730634770352,NA,4538275,797,"success","","","0.99.39"
"component_path__gtex_v8__kernelpls__k50__cpu__r4","current_release_component_path","gtex_v8","classification","kernelpls","cpu",NA,"cpu_flash","rsvd","argmax","float64",50,3000,797,1000,32,1004,4,NA,NA,"ordinary_fast",32,5,"fresh_oversampled_sketch_per_component",1,NA,NA,TRUE,"linear",1,0.948,0.0109999999999999,0.959,252.984375,299.515625,300.453125,300.5,47.515625,"accuracy",0.957340025094103,0.957340025094103,0.788730634770353,NA,4538275,797,"success","","","0.99.39"
"component_path__gtex_v8__kernelpls__k50__cpu__r5","current_release_component_path","gtex_v8","classification","kernelpls","cpu",NA,"cpu_flash","rsvd","argmax","float64",50,3000,797,1000,32,1005,5,NA,NA,"ordinary_fast",32,5,"fresh_oversampled_sketch_per_component",1,NA,NA,TRUE,"linear",1,0.947,0.01,0.957,249.75,296.984375,297.28125,297.453125,47.703125,"accuracy",0.957340025094103,0.957340025094103,0.788730634770352,NA,4538275,797,"success","","","0.99.39"
"component_path__gtex_v8__kernelpls__k50__metal__r1","current_release_component_path","gtex_v8","classification","kernelpls","metal","metal","metal","rsvd","argmax","float64",50,3000,797,1000,32,1001,1,NA,NA,"ordinary_fast",32,5,"fresh_oversampled_sketch_per_component",1,NA,NA,TRUE,"linear",1,0.824,0.016,0.84,249.84375,335.921875,354.328125,357.484375,107.640625,"accuracy",0.957340025094103,0.957340025094103,0.788730893910106,NA,4538275,797,"success","","","0.99.39"
"component_path__gtex_v8__kernelpls__k50__metal__r2","current_release_component_path","gtex_v8","classification","kernelpls","metal","metal","metal","rsvd","argmax","float64",50,3000,797,1000,32,1002,2,NA,NA,"ordinary_fast",32,5,"fresh_oversampled_sketch_per_component",1,NA,NA,TRUE,"linear",1,0.822,0.018,0.84,252.765625,327.40625,345.765625,349.875,97.109375,"accuracy",0.957340025094103,0.957340025094103,0.788730893910106,NA,4538275,797,"success","","","0.99.39"
"component_path__gtex_v8__kernelpls__k50__metal__r3","current_release_component_path","gtex_v8","classification","kernelpls","metal","metal","metal","rsvd","argmax","float64",50,3000,797,1000,32,1003,3,NA,NA,"ordinary_fast",32,5,"fresh_oversampled_sketch_per_component",1,NA,NA,TRUE,"linear",1,0.835,0.018,0.853,249.484375,331.046875,355.5,358.6875,109.203125,"accuracy",0.957340025094103,0.957340025094103,0.788730893910106,NA,4538275,797,"success","","","0.99.39"
"component_path__gtex_v8__kernelpls__k50__metal__r4","current_release_component_path","gtex_v8","classification","kernelpls","metal","metal","metal","rsvd","argmax","float64",50,3000,797,1000,32,1004,4,NA,NA,"ordinary_fast",32,5,"fresh_oversampled_sketch_per_component",1,NA,NA,TRUE,"linear",1,0.799,0.0130000000000001,0.812,253.84375,334.71875,353.078125,356.265625,102.421875,"accuracy",0.957340025094103,0.957340025094103,0.788730893910106,NA,4538275,797,"success","","","0.99.39"
"component_path__gtex_v8__kernelpls__k50__metal__r5","current_release_component_path","gtex_v8","classification","kernelpls","metal","metal","metal","rsvd","argmax","float64",50,3000,797,1000,32,1005,5,NA,NA,"ordinary_fast",32,5,"fresh_oversampled_sketch_per_component",1,NA,NA,TRUE,"linear",1,0.856,0.014,0.87,253.15625,339.625,364.28125,367.46875,114.3125,"accuracy",0.957340025094103,0.957340025094103,0.788730893910106,NA,4538275,797,"success","","","0.99.39"
"component_path__gtex_v8__kernelpls__k5__cpu__r1","current_release_component_path","gtex_v8","classification","kernelpls","cpu",NA,"cpu_flash","rsvd","argmax","float64",5,3000,797,1000,32,1001,1,NA,NA,"ordinary_fast",32,5,"fresh_oversampled_sketch_per_component",1,NA,NA,TRUE,"linear",1,0.135,0.011,0.146,255.15625,301.671875,301.96875,302.03125,46.875,"accuracy",0.456712672521957,0.456712672521957,0.305815814827116,NA,3729430,797,"success","","","0.99.39"
"component_path__gtex_v8__kernelpls__k5__cpu__r2","current_release_component_path","gtex_v8","classification","kernelpls","cpu",NA,"cpu_flash","rsvd","argmax","float64",5,3000,797,1000,32,1002,2,NA,NA,"ordinary_fast",32,5,"fresh_oversampled_sketch_per_component",1,NA,NA,TRUE,"linear",1,0.133,0.01,0.143,245.875,293.96875,300.1875,300.234375,54.359375,"accuracy",0.456712672521957,0.456712672521957,0.305815814827116,NA,3729430,797,"success","","","0.99.39"
"component_path__gtex_v8__kernelpls__k5__cpu__r3","current_release_component_path","gtex_v8","classification","kernelpls","cpu",NA,"cpu_flash","rsvd","argmax","float64",5,3000,797,1000,32,1003,3,NA,NA,"ordinary_fast",32,5,"fresh_oversampled_sketch_per_component",1,NA,NA,TRUE,"linear",1,0.133,0.011,0.144,253.15625,299.6875,305.90625,305.953125,52.796875,"accuracy",0.456712672521957,0.456712672521957,0.305815814827116,NA,3729430,797,"success","","","0.99.39"
"component_path__gtex_v8__kernelpls__k5__cpu__r4","current_release_component_path","gtex_v8","classification","kernelpls","cpu",NA,"cpu_flash","rsvd","argmax","float64",5,3000,797,1000,32,1004,4,NA,NA,"ordinary_fast",32,5,"fresh_oversampled_sketch_per_component",1,NA,NA,TRUE,"linear",1,0.135,0.011,0.146,251.421875,298.234375,304.453125,304.5,53.078125,"accuracy",0.456712672521957,0.456712672521957,0.305815814827116,NA,3729430,797,"success","","","0.99.39"
"component_path__gtex_v8__kernelpls__k5__cpu__r5","current_release_component_path","gtex_v8","classification","kernelpls","cpu",NA,"cpu_flash","rsvd","argmax","float64",5,3000,797,1000,32,1005,5,NA,NA,"ordinary_fast",32,5,"fresh_oversampled_sketch_per_component",1,NA,NA,TRUE,"linear",1,0.135,0.011,0.146,244.1875,291.96875,298.1875,298.28125,54.09375,"accuracy",0.456712672521957,0.456712672521957,0.305815814827116,NA,3729430,797,"success","","","0.99.39"
"component_path__gtex_v8__kernelpls__k5__metal__r1","current_release_component_path","gtex_v8","classification","kernelpls","metal","metal","metal","rsvd","argmax","float64",5,3000,797,1000,32,1001,1,NA,NA,"ordinary_fast",32,5,"fresh_oversampled_sketch_per_component",1,NA,NA,TRUE,"linear",1,0.198,0.016,0.214,251.484375,306.875,331.28125,334.453125,82.96875,"accuracy",0.456712672521957,0.456712672521957,0.305815798394419,NA,3729430,797,"success","","","0.99.39"
"component_path__gtex_v8__kernelpls__k5__metal__r2","current_release_component_path","gtex_v8","classification","kernelpls","metal","metal","metal","rsvd","argmax","float64",5,3000,797,1000,32,1002,2,NA,NA,"ordinary_fast",32,5,"fresh_oversampled_sketch_per_component",1,NA,NA,TRUE,"linear",1,0.203,0.014,0.217,251.703125,310.796875,335.28125,338.375,86.671875,"accuracy",0.456712672521957,0.456712672521957,0.305815798394419,NA,3729430,797,"success","","","0.99.39"
"component_path__gtex_v8__kernelpls__k5__metal__r3","current_release_component_path","gtex_v8","classification","kernelpls","metal","metal","metal","rsvd","argmax","float64",5,3000,797,1000,32,1003,3,NA,NA,"ordinary_fast",32,5,"fresh_oversampled_sketch_per_component",1,NA,NA,TRUE,"linear",1,0.211,0.013,0.224,251.5625,306.140625,330.578125,333.71875,82.15625,"accuracy",0.456712672521957,0.456712672521957,0.305815798394419,NA,3729430,797,"success","","","0.99.39"
"component_path__gtex_v8__kernelpls__k5__metal__r4","current_release_component_path","gtex_v8","classification","kernelpls","metal","metal","metal","rsvd","argmax","float64",5,3000,797,1000,32,1004,4,NA,NA,"ordinary_fast",32,5,"fresh_oversampled_sketch_per_component",1,NA,NA,TRUE,"linear",1,0.195,0.016,0.211,251.265625,307.5,332.28125,335.25,83.984375,"accuracy",0.456712672521957,0.456712672521957,0.305815798394419,NA,3729430,797,"success","","","0.99.39"
"component_path__gtex_v8__kernelpls__k5__metal__r5","current_release_component_path","gtex_v8","classification","kernelpls","metal","metal","metal","rsvd","argmax","float64",5,3000,797,1000,32,1005,5,NA,NA,"ordinary_fast",32,5,"fresh_oversampled_sketch_per_component",1,NA,NA,TRUE,"linear",1,0.204,0.014,0.218,253.34375,309.625,334.0625,337.203125,83.859375,"accuracy",0.456712672521957,0.456712672521957,0.305815798394419,NA,3729430,797,"success","","","0.99.39"
"component_path__gtex_v8__opls__k100__cpu__r1","current_release_component_path","gtex_v8","classification","opls","cpu",NA,NA,"rsvd","argmax","float64",100,3000,797,1000,32,1001,1,NA,NA,"ordinary_fast",32,5,"fresh_oversampled_sketch_per_component",1,NA,NA,TRUE,"linear",1,1.968,0.0130000000000003,1.981,253.75,324.8125,331.078125,331.125,77.375,"accuracy",0.959849435382685,0.959849435382685,0.781435107269852,NA,4581739,797,"success","","","0.99.39"
"component_path__gtex_v8__opls__k100__cpu__r2","current_release_component_path","gtex_v8","classification","opls","cpu",NA,NA,"rsvd","argmax","float64",100,3000,797,1000,32,1002,2,NA,NA,"ordinary_fast",32,5,"fresh_oversampled_sketch_per_component",1,NA,NA,TRUE,"linear",1,1.965,0.0129999999999999,1.978,252.4375,322.0625,340.46875,340.515625,88.078125,"accuracy",0.959849435382685,0.959849435382685,0.78143510726984,NA,4581739,797,"success","","","0.99.39"
"component_path__gtex_v8__opls__k100__cpu__r3","current_release_component_path","gtex_v8","classification","opls","cpu",NA,NA,"rsvd","argmax","float64",100,3000,797,1000,32,1003,3,NA,NA,"ordinary_fast",32,5,"fresh_oversampled_sketch_per_component",1,NA,NA,TRUE,"linear",1,1.967,0.0129999999999999,1.98,249.453125,321.625,333.9375,333.984375,84.53125,"accuracy",0.959849435382685,0.959849435382685,0.781435107269843,NA,4581739,797,"success","","","0.99.39"
"component_path__gtex_v8__opls__k100__cpu__r4","current_release_component_path","gtex_v8","classification","opls","cpu",NA,NA,"rsvd","argmax","float64",100,3000,797,1000,32,1004,4,NA,NA,"ordinary_fast",32,5,"fresh_oversampled_sketch_per_component",1,NA,NA,TRUE,"linear",1,1.967,0.0129999999999999,1.98,255.34375,326.828125,339.140625,339.1875,83.84375,"accuracy",0.959849435382685,0.959849435382685,0.781435107269841,NA,4581739,797,"success","","","0.99.39"
"component_path__gtex_v8__opls__k100__cpu__r5","current_release_component_path","gtex_v8","classification","opls","cpu",NA,NA,"rsvd","argmax","float64",100,3000,797,1000,32,1005,5,NA,NA,"ordinary_fast",32,5,"fresh_oversampled_sketch_per_component",1,NA,NA,TRUE,"linear",1,1.967,0.0129999999999999,1.98,246.46875,318.90625,337.3125,337.609375,91.140625,"accuracy",0.959849435382685,0.959849435382685,0.78143510726984,NA,4581739,797,"success","","","0.99.39"
"component_path__gtex_v8__opls__k100__metal__r1","current_release_component_path","gtex_v8","classification","opls","metal","metal","metal","rsvd","argmax","float64",100,3000,797,1000,32,1001,1,NA,NA,"ordinary_fast",32,5,"fresh_oversampled_sketch_per_component",1,NA,NA,TRUE,"linear",1,1.688,0.0289999999999999,1.717,248.71875,294.65625,330.453125,363.953125,115.234375,"accuracy",0.959849435382685,0.959849435382685,0.781435085621332,NA,4581739,797,"success","","","0.99.39"
"component_path__gtex_v8__opls__k100__metal__r2","current_release_component_path","gtex_v8","classification","opls","metal","metal","metal","rsvd","argmax","float64",100,3000,797,1000,32,1002,2,NA,NA,"ordinary_fast",32,5,"fresh_oversampled_sketch_per_component",1,NA,NA,TRUE,"linear",1,1.608,0.028,1.636,253.421875,344.65625,381.25,387.65625,134.234375,"accuracy",0.959849435382685,0.959849435382685,0.781435085621332,NA,4581739,797,"success","","","0.99.39"
"component_path__gtex_v8__opls__k100__metal__r3","current_release_component_path","gtex_v8","classification","opls","metal","metal","metal","rsvd","argmax","float64",100,3000,797,1000,32,1003,3,NA,NA,"ordinary_fast",32,5,"fresh_oversampled_sketch_per_component",1,NA,NA,TRUE,"linear",1,1.582,0.0260000000000002,1.608,250.828125,351.4375,395.546875,400.546875,149.71875,"accuracy",0.959849435382685,0.959849435382685,0.781435085621332,NA,4581739,797,"success","","","0.99.39"
"component_path__gtex_v8__opls__k100__metal__r4","current_release_component_path","gtex_v8","classification","opls","metal","metal","metal","rsvd","argmax","float64",100,3000,797,1000,32,1004,4,NA,NA,"ordinary_fast",32,5,"fresh_oversampled_sketch_per_component",1,NA,NA,TRUE,"linear",1,1.633,0.0260000000000002,1.659,248.9375,343.859375,386.515625,392.9375,144,"accuracy",0.959849435382685,0.959849435382685,0.781435085621332,NA,4581739,797,"success","","","0.99.39"
"component_path__gtex_v8__opls__k100__metal__r5","current_release_component_path","gtex_v8","classification","opls","metal","metal","metal","rsvd","argmax","float64",100,3000,797,1000,32,1005,5,NA,NA,"ordinary_fast",32,5,"fresh_oversampled_sketch_per_component",1,NA,NA,TRUE,"linear",1,1.632,0.0250000000000004,1.657,252.484375,352.546875,389.171875,395.53125,143.046875,"accuracy",0.959849435382685,0.959849435382685,0.781435085621332,NA,4581739,797,"success","","","0.99.39"
"component_path__gtex_v8__opls__k10__cpu__r1","current_release_component_path","gtex_v8","classification","opls","cpu",NA,NA,"rsvd","argmax","float64",10,3000,797,1000,32,1001,1,NA,NA,"ordinary_fast",32,5,"fresh_oversampled_sketch_per_component",1,NA,NA,TRUE,"linear",1,0.339,0.012,0.351,249.671875,319.59375,331.90625,331.953125,82.28125,"accuracy",0.737766624843162,0.737766624843162,0.502168997203181,NA,4152377,797,"success","","","0.99.39"
"component_path__gtex_v8__opls__k10__cpu__r2","current_release_component_path","gtex_v8","classification","opls","cpu",NA,NA,"rsvd","argmax","float64",10,3000,797,1000,32,1002,2,NA,NA,"ordinary_fast",32,5,"fresh_oversampled_sketch_per_component",1,NA,NA,TRUE,"linear",1,0.341,0.0120000000000001,0.353,254.703125,324.375,336.703125,336.75,82.046875,"accuracy",0.737766624843162,0.737766624843162,0.502168997203181,NA,4152377,797,"success","","","0.99.39"
"component_path__gtex_v8__opls__k10__cpu__r3","current_release_component_path","gtex_v8","classification","opls","cpu",NA,NA,"rsvd","argmax","float64",10,3000,797,1000,32,1003,3,NA,NA,"ordinary_fast",32,5,"fresh_oversampled_sketch_per_component",1,NA,NA,TRUE,"linear",1,0.34,0.013,0.353,250.296875,321.546875,333.859375,334.03125,83.734375,"accuracy",0.737766624843162,0.737766624843162,0.502168997203181,NA,4152377,797,"success","","","0.99.39"
"component_path__gtex_v8__opls__k10__cpu__r4","current_release_component_path","gtex_v8","classification","opls","cpu",NA,NA,"rsvd","argmax","float64",10,3000,797,1000,32,1004,4,NA,NA,"ordinary_fast",32,5,"fresh_oversampled_sketch_per_component",1,NA,NA,TRUE,"linear",1,0.34,0.013,0.353,254.234375,323.9375,336.25,336.34375,82.109375,"accuracy",0.737766624843162,0.737766624843162,0.502168997203181,NA,4152377,797,"success","","","0.99.39"
"component_path__gtex_v8__opls__k10__cpu__r5","current_release_component_path","gtex_v8","classification","opls","cpu",NA,NA,"rsvd","argmax","float64",10,3000,797,1000,32,1005,5,NA,NA,"ordinary_fast",32,5,"fresh_oversampled_sketch_per_component",1,NA,NA,TRUE,"linear",1,0.34,0.013,0.353,251.5625,321.78125,334.765625,335.09375,83.53125,"accuracy",0.737766624843162,0.737766624843162,0.502168997203181,NA,4152377,797,"success","","","0.99.39"
"component_path__gtex_v8__opls__k10__metal__r1","current_release_component_path","gtex_v8","classification","opls","metal","metal","metal","rsvd","argmax","float64",10,3000,797,1000,32,1001,1,NA,NA,"ordinary_fast",32,5,"fresh_oversampled_sketch_per_component",1,NA,NA,TRUE,"linear",1,0.347,0.025,0.372,254.890625,316.53125,359.40625,365.453125,110.5625,"accuracy",0.737766624843162,0.737766624843162,0.502169011843887,NA,4152377,797,"success","","","0.99.39"
"component_path__gtex_v8__opls__k10__metal__r2","current_release_component_path","gtex_v8","classification","opls","metal","metal","metal","rsvd","argmax","float64",10,3000,797,1000,32,1002,2,NA,NA,"ordinary_fast",32,5,"fresh_oversampled_sketch_per_component",1,NA,NA,TRUE,"linear",1,0.349,0.026,0.375,253.484375,317.546875,366.546875,372.609375,119.125,"accuracy",0.737766624843162,0.737766624843162,0.502169011843887,NA,4152377,797,"success","","","0.99.39"
"component_path__gtex_v8__opls__k10__metal__r3","current_release_component_path","gtex_v8","classification","opls","metal","metal","metal","rsvd","argmax","float64",10,3000,797,1000,32,1003,3,NA,NA,"ordinary_fast",32,5,"fresh_oversampled_sketch_per_component",1,NA,NA,TRUE,"linear",1,0.357,0.0279999999999999,0.385,253.9375,316.53125,365.46875,371.546875,117.609375,"accuracy",0.737766624843162,0.737766624843162,0.502169011843887,NA,4152377,797,"success","","","0.99.39"
"component_path__gtex_v8__opls__k10__metal__r4","current_release_component_path","gtex_v8","classification","opls","metal","metal","metal","rsvd","argmax","float64",10,3000,797,1000,32,1004,4,NA,NA,"ordinary_fast",32,5,"fresh_oversampled_sketch_per_component",1,NA,NA,TRUE,"linear",1,0.366,0.0289999999999999,0.395,253.8125,313.9375,369,375,121.1875,"accuracy",0.737766624843162,0.737766624843162,0.502169011843887,NA,4152377,797,"success","","","0.99.39"
"component_path__gtex_v8__opls__k10__metal__r5","current_release_component_path","gtex_v8","classification","opls","metal","metal","metal","rsvd","argmax","float64",10,3000,797,1000,32,1005,5,NA,NA,"ordinary_fast",32,5,"fresh_oversampled_sketch_per_component",1,NA,NA,TRUE,"linear",1,0.353,0.026,0.379,254.265625,315.921875,370.9375,376.984375,122.71875,"accuracy",0.737766624843162,0.737766624843162,0.502169011843887,NA,4152377,797,"success","","","0.99.39"
"component_path__gtex_v8__opls__k179__cpu__r1","current_release_component_path","gtex_v8","classification","opls","cpu",NA,NA,"rsvd","argmax","float64",179,3000,797,1000,32,1001,1,NA,NA,"ordinary_fast",32,5,"fresh_oversampled_sketch_per_component",1,NA,NA,TRUE,"linear",1,3.403,0.0130000000000008,3.416,252.828125,326.578125,339.015625,339.109375,86.28125,"accuracy",0.961104140526976,0.961104140526976,0.786365378531113,NA,4589483,797,"success","","","0.99.39"
"component_path__gtex_v8__opls__k179__cpu__r2","current_release_component_path","gtex_v8","classification","opls","cpu",NA,NA,"rsvd","argmax","float64",179,3000,797,1000,32,1002,2,NA,NA,"ordinary_fast",32,5,"fresh_oversampled_sketch_per_component",1,NA,NA,TRUE,"linear",1,3.399,0.0129999999999999,3.412,251.90625,325.3125,338.671875,338.71875,86.8125,"accuracy",0.961104140526976,0.961104140526976,0.78636537853105,NA,4589483,797,"success","","","0.99.39"
"component_path__gtex_v8__opls__k179__cpu__r3","current_release_component_path","gtex_v8","classification","opls","cpu",NA,NA,"rsvd","argmax","float64",179,3000,797,1000,32,1003,3,NA,NA,"ordinary_fast",32,5,"fresh_oversampled_sketch_per_component",1,NA,NA,TRUE,"linear",1,3.402,0.0129999999999999,3.415,251.09375,325.546875,337.875,337.921875,86.828125,"accuracy",0.961104140526976,0.961104140526976,0.786365378531061,NA,4589483,797,"success","","","0.99.39"
"component_path__gtex_v8__opls__k179__cpu__r4","current_release_component_path","gtex_v8","classification","opls","cpu",NA,NA,"rsvd","argmax","float64",179,3000,797,1000,32,1004,4,NA,NA,"ordinary_fast",32,5,"fresh_oversampled_sketch_per_component",1,NA,NA,TRUE,"linear",1,3.401,0.0120000000000005,3.413,250.8125,330.484375,336.734375,336.9375,86.125,"accuracy",0.961104140526976,0.961104140526976,0.786365378531053,NA,4589483,797,"success","","","0.99.39"
"component_path__gtex_v8__opls__k179__cpu__r5","current_release_component_path","gtex_v8","classification","opls","cpu",NA,NA,"rsvd","argmax","float64",179,3000,797,1000,32,1005,5,NA,NA,"ordinary_fast",32,5,"fresh_oversampled_sketch_per_component",1,NA,NA,TRUE,"linear",1,3.4,0.0120000000000005,3.412,257.890625,329.109375,341.421875,341.46875,83.578125,"accuracy",0.961104140526976,0.961104140526976,0.786365378531048,NA,4589483,797,"success","","","0.99.39"
"component_path__gtex_v8__opls__k179__metal__r1","current_release_component_path","gtex_v8","classification","opls","metal","metal","metal","rsvd","argmax","float64",179,3000,797,1000,32,1001,1,NA,NA,"ordinary_fast",32,5,"fresh_oversampled_sketch_per_component",1,NA,NA,TRUE,"linear",1,2.793,0.0279999999999996,2.821,255.890625,359.53125,390.0625,396.78125,140.890625,"accuracy",0.961104140526976,0.961104140526976,0.78636532478022,NA,4589483,797,"success","","","0.99.39"
"component_path__gtex_v8__opls__k179__metal__r2","current_release_component_path","gtex_v8","classification","opls","metal","metal","metal","rsvd","argmax","float64",179,3000,797,1000,32,1002,2,NA,NA,"ordinary_fast",32,5,"fresh_oversampled_sketch_per_component",1,NA,NA,TRUE,"linear",1,2.69,0.0300000000000002,2.72,252.359375,359.3125,395.921875,402.625,150.265625,"accuracy",0.961104140526976,0.961104140526976,0.78636532478022,NA,4589483,797,"success","","","0.99.39"
"component_path__gtex_v8__opls__k179__metal__r3","current_release_component_path","gtex_v8","classification","opls","metal","metal","metal","rsvd","argmax","float64",179,3000,797,1000,32,1003,3,NA,NA,"ordinary_fast",32,5,"fresh_oversampled_sketch_per_component",1,NA,NA,TRUE,"linear",1,2.894,0.0390000000000001,2.933,254.796875,262.9375,354.859375,368.90625,114.109375,"accuracy",0.961104140526976,0.961104140526976,0.78636532478022,NA,4589483,797,"success","","","0.99.39"
"component_path__gtex_v8__opls__k179__metal__r4","current_release_component_path","gtex_v8","classification","opls","metal","metal","metal","rsvd","argmax","float64",179,3000,797,1000,32,1004,4,NA,NA,"ordinary_fast",32,5,"fresh_oversampled_sketch_per_component",1,NA,NA,TRUE,"linear",1,2.788,0.0279999999999996,2.816,255.796875,311.265625,355.265625,358.9375,103.140625,"accuracy",0.961104140526976,0.961104140526976,0.78636532478022,NA,4589483,797,"success","","","0.99.39"
"component_path__gtex_v8__opls__k179__metal__r5","current_release_component_path","gtex_v8","classification","opls","metal","metal","metal","rsvd","argmax","float64",179,3000,797,1000,32,1005,5,NA,NA,"ordinary_fast",32,5,"fresh_oversampled_sketch_per_component",1,NA,NA,TRUE,"linear",1,2.802,0.0289999999999999,2.831,248.984375,268.796875,372.625,379.203125,130.21875,"accuracy",0.961104140526976,0.961104140526976,0.78636532478022,NA,4589483,797,"success","","","0.99.39"
"component_path__gtex_v8__opls__k1__cpu__r1","current_release_component_path","gtex_v8","classification","opls","cpu",NA,NA,"rsvd","argmax","float64",1,3000,797,1000,32,1001,1,NA,NA,"ordinary_fast",32,5,"fresh_oversampled_sketch_per_component",1,NA,NA,TRUE,"linear",1,0.178,0.0129999999999999,0.191,249.953125,319.875,332.1875,332.234375,82.28125,"accuracy",0.248431618569636,0.248431618569636,0.129338377652536,NA,6543411,797,"success","","","0.99.39"
"component_path__gtex_v8__opls__k1__cpu__r2","current_release_component_path","gtex_v8","classification","opls","cpu",NA,NA,"rsvd","argmax","float64",1,3000,797,1000,32,1002,2,NA,NA,"ordinary_fast",32,5,"fresh_oversampled_sketch_per_component",1,NA,NA,TRUE,"linear",1,0.181,0.013,0.194,251.71875,321.40625,333.71875,333.765625,82.046875,"accuracy",0.248431618569636,0.248431618569636,0.129338377652536,NA,6543411,797,"success","","","0.99.39"
"component_path__gtex_v8__opls__k1__cpu__r3","current_release_component_path","gtex_v8","classification","opls","cpu",NA,NA,"rsvd","argmax","float64",1,3000,797,1000,32,1003,3,NA,NA,"ordinary_fast",32,5,"fresh_oversampled_sketch_per_component",1,NA,NA,TRUE,"linear",1,0.18,0.0129999999999999,0.193,250.265625,320.15625,332.46875,332.515625,82.25,"accuracy",0.248431618569636,0.248431618569636,0.129338377652536,NA,6543411,797,"success","","","0.99.39"
"component_path__gtex_v8__opls__k1__cpu__r4","current_release_component_path","gtex_v8","classification","opls","cpu",NA,NA,"rsvd","argmax","float64",1,3000,797,1000,32,1004,4,NA,NA,"ordinary_fast",32,5,"fresh_oversampled_sketch_per_component",1,NA,NA,TRUE,"linear",1,0.18,0.0129999999999999,0.193,251.703125,321.328125,333.640625,333.703125,82,"accuracy",0.248431618569636,0.248431618569636,0.129338377652536,NA,6543411,797,"success","","","0.99.39"
"component_path__gtex_v8__opls__k1__cpu__r5","current_release_component_path","gtex_v8","classification","opls","cpu",NA,NA,"rsvd","argmax","float64",1,3000,797,1000,32,1005,5,NA,NA,"ordinary_fast",32,5,"fresh_oversampled_sketch_per_component",1,NA,NA,TRUE,"linear",1,0.179,0.0129999999999999,0.192,251.125,320.859375,333.25,333.296875,82.171875,"accuracy",0.248431618569636,0.248431618569636,0.129338377652536,NA,6543411,797,"success","","","0.99.39"
"component_path__gtex_v8__opls__k1__metal__r1","current_release_component_path","gtex_v8","classification","opls","metal","metal","metal","rsvd","argmax","float64",1,3000,797,1000,32,1001,1,NA,NA,"ordinary_fast",32,5,"fresh_oversampled_sketch_per_component",1,NA,NA,TRUE,"linear",1,0.235,0.027,0.262,247.203125,302.171875,357.703125,363,115.796875,"accuracy",0.248431618569636,0.248431618569636,0.129338383038826,NA,6543411,797,"success","","","0.99.39"
"component_path__gtex_v8__opls__k1__metal__r2","current_release_component_path","gtex_v8","classification","opls","metal","metal","metal","rsvd","argmax","float64",1,3000,797,1000,32,1002,2,NA,NA,"ordinary_fast",32,5,"fresh_oversampled_sketch_per_component",1,NA,NA,TRUE,"linear",1,0.23,0.028,0.258,247.8125,302.984375,359.515625,363.796875,115.984375,"accuracy",0.248431618569636,0.248431618569636,0.129338383038826,NA,6543411,797,"success","","","0.99.39"
"component_path__gtex_v8__opls__k1__metal__r3","current_release_component_path","gtex_v8","classification","opls","metal","metal","metal","rsvd","argmax","float64",1,3000,797,1000,32,1003,3,NA,NA,"ordinary_fast",32,5,"fresh_oversampled_sketch_per_component",1,NA,NA,TRUE,"linear",1,0.218,0.024,0.242,251.546875,306.578125,361.484375,367.390625,115.84375,"accuracy",0.248431618569636,0.248431618569636,0.129338383038826,NA,6543411,797,"success","","","0.99.39"
"component_path__gtex_v8__opls__k1__metal__r4","current_release_component_path","gtex_v8","classification","opls","metal","metal","metal","rsvd","argmax","float64",1,3000,797,1000,32,1004,4,NA,NA,"ordinary_fast",32,5,"fresh_oversampled_sketch_per_component",1,NA,NA,TRUE,"linear",1,0.223,0.026,0.249,247.59375,305.0625,360.03125,365.875,118.28125,"accuracy",0.248431618569636,0.248431618569636,0.129338383038826,NA,6543411,797,"success","","","0.99.39"
"component_path__gtex_v8__opls__k1__metal__r5","current_release_component_path","gtex_v8","classification","opls","metal","metal","metal","rsvd","argmax","float64",1,3000,797,1000,32,1005,5,NA,NA,"ordinary_fast",32,5,"fresh_oversampled_sketch_per_component",1,NA,NA,TRUE,"linear",1,0.229,0.028,0.257,251.390625,306.03125,360.984375,366.859375,115.46875,"accuracy",0.248431618569636,0.248431618569636,0.129338383038826,NA,6543411,797,"success","","","0.99.39"
"component_path__gtex_v8__opls__k200__cpu__r1","current_release_component_path","gtex_v8","classification","opls","cpu",NA,NA,"rsvd","argmax","float64",200,3000,797,1000,32,1001,1,NA,NA,"ordinary_fast",32,5,"fresh_oversampled_sketch_per_component",1,NA,NA,TRUE,"linear",1,3.786,0.0119999999999996,3.798,251.875,324.4375,336.75,336.8125,84.9375,"accuracy",0.959849435382685,0.959849435382685,0.786927472147821,NA,4607617,797,"success","","","0.99.39"
"component_path__gtex_v8__opls__k200__cpu__r2","current_release_component_path","gtex_v8","classification","opls","cpu",NA,NA,"rsvd","argmax","float64",200,3000,797,1000,32,1002,2,NA,NA,"ordinary_fast",32,5,"fresh_oversampled_sketch_per_component",1,NA,NA,TRUE,"linear",1,3.788,0.0129999999999999,3.801,252.671875,328.671875,341.09375,341.15625,88.484375,"accuracy",0.959849435382685,0.959849435382685,0.786927472147743,NA,4607617,797,"success","","","0.99.39"
"component_path__gtex_v8__opls__k200__cpu__r3","current_release_component_path","gtex_v8","classification","opls","cpu",NA,NA,"rsvd","argmax","float64",200,3000,797,1000,32,1003,3,NA,NA,"ordinary_fast",32,5,"fresh_oversampled_sketch_per_component",1,NA,NA,TRUE,"linear",1,4.05,0.0140000000000002,4.064,256.59375,127.15625,252.859375,327.4375,70.84375,"accuracy",0.959849435382685,0.959849435382685,0.786927472147759,NA,4607617,797,"success","","","0.99.39"
"component_path__gtex_v8__opls__k200__cpu__r4","current_release_component_path","gtex_v8","classification","opls","cpu",NA,NA,"rsvd","argmax","float64",200,3000,797,1000,32,1004,4,NA,NA,"ordinary_fast",32,5,"fresh_oversampled_sketch_per_component",1,NA,NA,TRUE,"linear",1,3.844,0.0129999999999999,3.857,251.609375,127.828125,258.40625,322.265625,70.65625,"accuracy",0.959849435382685,0.959849435382685,0.786927472147749,NA,4607617,797,"success","","","0.99.39"
"component_path__gtex_v8__opls__k200__cpu__r5","current_release_component_path","gtex_v8","classification","opls","cpu",NA,NA,"rsvd","argmax","float64",200,3000,797,1000,32,1005,5,NA,NA,"ordinary_fast",32,5,"fresh_oversampled_sketch_per_component",1,NA,NA,TRUE,"linear",1,3.79,0.0129999999999999,3.803,254.28125,324.171875,342.578125,342.625,88.34375,"accuracy",0.959849435382685,0.959849435382685,0.786927472147745,NA,4607617,797,"success","","","0.99.39"
"component_path__gtex_v8__opls__k200__metal__r1","current_release_component_path","gtex_v8","classification","opls","metal","metal","metal","rsvd","argmax","float64",200,3000,797,1000,32,1001,1,NA,NA,"ordinary_fast",32,5,"fresh_oversampled_sketch_per_component",1,NA,NA,TRUE,"linear",1,3.181,0.0310000000000001,3.212,251.46875,362.65625,405.28125,412.078125,160.609375,"accuracy",0.959849435382685,0.959849435382685,0.786927496173338,NA,4607617,797,"success","","","0.99.39"
"component_path__gtex_v8__opls__k200__metal__r2","current_release_component_path","gtex_v8","classification","opls","metal","metal","metal","rsvd","argmax","float64",200,3000,797,1000,32,1002,2,NA,NA,"ordinary_fast",32,5,"fresh_oversampled_sketch_per_component",1,NA,NA,TRUE,"linear",1,3.065,0.0279999999999996,3.093,249.109375,361.015625,391.46875,398.265625,149.15625,"accuracy",0.959849435382685,0.959849435382685,0.786927496173338,NA,4607617,797,"success","","","0.99.39"
"component_path__gtex_v8__opls__k200__metal__r3","current_release_component_path","gtex_v8","classification","opls","metal","metal","metal","rsvd","argmax","float64",200,3000,797,1000,32,1003,3,NA,NA,"ordinary_fast",32,5,"fresh_oversampled_sketch_per_component",1,NA,NA,TRUE,"linear",1,3.101,0.0259999999999998,3.127,251.109375,369.03125,411.65625,418.4375,167.328125,"accuracy",0.959849435382685,0.959849435382685,0.786927496173338,NA,4607617,797,"success","","","0.99.39"
"component_path__gtex_v8__opls__k200__metal__r4","current_release_component_path","gtex_v8","classification","opls","metal","metal","metal","rsvd","argmax","float64",200,3000,797,1000,32,1004,4,NA,NA,"ordinary_fast",32,5,"fresh_oversampled_sketch_per_component",1,NA,NA,TRUE,"linear",1,3.034,0.0289999999999999,3.063,249.859375,362.046875,386.40625,393.203125,143.34375,"accuracy",0.959849435382685,0.959849435382685,0.786927496173338,NA,4607617,797,"success","","","0.99.39"
"component_path__gtex_v8__opls__k200__metal__r5","current_release_component_path","gtex_v8","classification","opls","metal","metal","metal","rsvd","argmax","float64",200,3000,797,1000,32,1005,5,NA,NA,"ordinary_fast",32,5,"fresh_oversampled_sketch_per_component",1,NA,NA,TRUE,"linear",1,3.102,0.028,3.13,251.65625,359.359375,389.8125,393.53125,141.875,"accuracy",0.959849435382685,0.959849435382685,0.786927496173338,NA,4607617,797,"success","","","0.99.39"
"component_path__gtex_v8__opls__k20__cpu__r1","current_release_component_path","gtex_v8","classification","opls","cpu",NA,NA,"rsvd","argmax","float64",20,3000,797,1000,32,1001,1,NA,NA,"ordinary_fast",32,5,"fresh_oversampled_sketch_per_component",1,NA,NA,TRUE,"linear",1,0.521,0.012,0.533,253.0625,322.71875,335.03125,335.109375,82.046875,"accuracy",0.875784190715182,0.875784190715182,0.669597229026311,NA,4296139,797,"success","","","0.99.39"
"component_path__gtex_v8__opls__k20__cpu__r2","current_release_component_path","gtex_v8","classification","opls","cpu",NA,NA,"rsvd","argmax","float64",20,3000,797,1000,32,1002,2,NA,NA,"ordinary_fast",32,5,"fresh_oversampled_sketch_per_component",1,NA,NA,TRUE,"linear",1,0.521,0.0130000000000001,0.534,253.921875,325.28125,337.59375,337.640625,83.71875,"accuracy",0.875784190715182,0.875784190715182,0.669597229026311,NA,4296139,797,"success","","","0.99.39"
"component_path__gtex_v8__opls__k20__cpu__r3","current_release_component_path","gtex_v8","classification","opls","cpu",NA,NA,"rsvd","argmax","float64",20,3000,797,1000,32,1003,3,NA,NA,"ordinary_fast",32,5,"fresh_oversampled_sketch_per_component",1,NA,NA,TRUE,"linear",1,0.521,0.0129999999999999,0.534,251.875,321.5,339.90625,339.953125,88.078125,"accuracy",0.875784190715182,0.875784190715182,0.669597229026311,NA,4296139,797,"success","","","0.99.39"
"component_path__gtex_v8__opls__k20__cpu__r4","current_release_component_path","gtex_v8","classification","opls","cpu",NA,NA,"rsvd","argmax","float64",20,3000,797,1000,32,1004,4,NA,NA,"ordinary_fast",32,5,"fresh_oversampled_sketch_per_component",1,NA,NA,TRUE,"linear",1,0.52,0.012,0.532,254.8125,326.90625,339.234375,339.28125,84.46875,"accuracy",0.875784190715182,0.875784190715182,0.669597229026312,NA,4296139,797,"success","","","0.99.39"
"component_path__gtex_v8__opls__k20__cpu__r5","current_release_component_path","gtex_v8","classification","opls","cpu",NA,NA,"rsvd","argmax","float64",20,3000,797,1000,32,1005,5,NA,NA,"ordinary_fast",32,5,"fresh_oversampled_sketch_per_component",1,NA,NA,TRUE,"linear",1,0.521,0.0130000000000001,0.534,246.125,317.15625,329.484375,329.609375,83.484375,"accuracy",0.875784190715182,0.875784190715182,0.669597229026311,NA,4296139,797,"success","","","0.99.39"
"component_path__gtex_v8__opls__k20__metal__r1","current_release_component_path","gtex_v8","classification","opls","metal","metal","metal","rsvd","argmax","float64",20,3000,797,1000,32,1001,1,NA,NA,"ordinary_fast",32,5,"fresh_oversampled_sketch_per_component",1,NA,NA,TRUE,"linear",1,0.512,0.0250000000000001,0.537,247.0625,322.140625,371.09375,376.3125,129.25,"accuracy",0.875784190715182,0.875784190715182,0.669597235498843,NA,4296139,797,"success","","","0.99.39"
"component_path__gtex_v8__opls__k20__metal__r2","current_release_component_path","gtex_v8","classification","opls","metal","metal","metal","rsvd","argmax","float64",20,3000,797,1000,32,1002,2,NA,NA,"ordinary_fast",32,5,"fresh_oversampled_sketch_per_component",1,NA,NA,TRUE,"linear",1,0.504,0.0229999999999999,0.527,249.421875,321.359375,364.5625,370.453125,121.03125,"accuracy",0.875784190715182,0.875784190715182,0.669597235498843,NA,4296139,797,"success","","","0.99.39"
"component_path__gtex_v8__opls__k20__metal__r3","current_release_component_path","gtex_v8","classification","opls","metal","metal","metal","rsvd","argmax","float64",20,3000,797,1000,32,1003,3,NA,NA,"ordinary_fast",32,5,"fresh_oversampled_sketch_per_component",1,NA,NA,TRUE,"linear",1,0.507,0.0249999999999999,0.532,253.078125,319.75,368.765625,374.84375,121.765625,"accuracy",0.875784190715182,0.875784190715182,0.669597235498843,NA,4296139,797,"success","","","0.99.39"
"component_path__gtex_v8__opls__k20__metal__r4","current_release_component_path","gtex_v8","classification","opls","metal","metal","metal","rsvd","argmax","float64",20,3000,797,1000,32,1004,4,NA,NA,"ordinary_fast",32,5,"fresh_oversampled_sketch_per_component",1,NA,NA,TRUE,"linear",1,0.505,0.026,0.531,257.578125,332.5625,375.640625,381.6875,124.109375,"accuracy",0.875784190715182,0.875784190715182,0.669597235498843,NA,4296139,797,"success","","","0.99.39"
"component_path__gtex_v8__opls__k20__metal__r5","current_release_component_path","gtex_v8","classification","opls","metal","metal","metal","rsvd","argmax","float64",20,3000,797,1000,32,1005,5,NA,NA,"ordinary_fast",32,5,"fresh_oversampled_sketch_per_component",1,NA,NA,TRUE,"linear",1,0.491,0.028,0.519,248.9375,330.234375,373.234375,379.296875,130.359375,"accuracy",0.875784190715182,0.875784190715182,0.669597235498843,NA,4296139,797,"success","","","0.99.39"
"component_path__gtex_v8__opls__k2__cpu__r1","current_release_component_path","gtex_v8","classification","opls","cpu",NA,NA,"rsvd","argmax","float64",2,3000,797,1000,32,1001,1,NA,NA,"ordinary_fast",32,5,"fresh_oversampled_sketch_per_component",1,NA,NA,TRUE,"linear",1,0.196,0.012,0.208,256.296875,325.9375,338.25,338.296875,82,"accuracy",0.324968632371393,0.324968632371393,0.204044712778866,NA,3620440,797,"success","","","0.99.39"
"component_path__gtex_v8__opls__k2__cpu__r2","current_release_component_path","gtex_v8","classification","opls","cpu",NA,NA,"rsvd","argmax","float64",2,3000,797,1000,32,1002,2,NA,NA,"ordinary_fast",32,5,"fresh_oversampled_sketch_per_component",1,NA,NA,TRUE,"linear",1,0.196,0.012,0.208,255.0625,324.6875,337,337.15625,82.09375,"accuracy",0.324968632371393,0.324968632371393,0.204044712778866,NA,3620440,797,"success","","","0.99.39"
"component_path__gtex_v8__opls__k2__cpu__r3","current_release_component_path","gtex_v8","classification","opls","cpu",NA,NA,"rsvd","argmax","float64",2,3000,797,1000,32,1003,3,NA,NA,"ordinary_fast",32,5,"fresh_oversampled_sketch_per_component",1,NA,NA,TRUE,"linear",1,0.196,0.012,0.208,250.765625,321.890625,334.203125,334.25,83.484375,"accuracy",0.324968632371393,0.324968632371393,0.204044712778866,NA,3620440,797,"success","","","0.99.39"
"component_path__gtex_v8__opls__k2__cpu__r4","current_release_component_path","gtex_v8","classification","opls","cpu",NA,NA,"rsvd","argmax","float64",2,3000,797,1000,32,1004,4,NA,NA,"ordinary_fast",32,5,"fresh_oversampled_sketch_per_component",1,NA,NA,TRUE,"linear",1,0.195,0.013,0.208,256.4375,326.078125,332.640625,332.78125,76.34375,"accuracy",0.324968632371393,0.324968632371393,0.204044712778866,NA,3620440,797,"success","","","0.99.39"
"component_path__gtex_v8__opls__k2__cpu__r5","current_release_component_path","gtex_v8","classification","opls","cpu",NA,NA,"rsvd","argmax","float64",2,3000,797,1000,32,1005,5,NA,NA,"ordinary_fast",32,5,"fresh_oversampled_sketch_per_component",1,NA,NA,TRUE,"linear",1,0.196,0.013,0.209,252.390625,322.078125,334.390625,334.453125,82.0625,"accuracy",0.324968632371393,0.324968632371393,0.204044712778866,NA,3620440,797,"success","","","0.99.39"
"component_path__gtex_v8__opls__k2__metal__r1","current_release_component_path","gtex_v8","classification","opls","metal","metal","metal","rsvd","argmax","float64",2,3000,797,1000,32,1001,1,NA,NA,"ordinary_fast",32,5,"fresh_oversampled_sketch_per_component",1,NA,NA,TRUE,"linear",1,0.231,0.026,0.257,253.515625,310.296875,359.34375,365.109375,111.59375,"accuracy",0.324968632371393,0.324968632371393,0.204044698967827,NA,3620440,797,"success","","","0.99.39"
"component_path__gtex_v8__opls__k2__metal__r2","current_release_component_path","gtex_v8","classification","opls","metal","metal","metal","rsvd","argmax","float64",2,3000,797,1000,32,1002,2,NA,NA,"ordinary_fast",32,5,"fresh_oversampled_sketch_per_component",1,NA,NA,TRUE,"linear",1,0.238,0.025,0.263,253.640625,308.625,363.53125,369.453125,115.8125,"accuracy",0.324968632371393,0.324968632371393,0.204044698967827,NA,3620440,797,"success","","","0.99.39"
"component_path__gtex_v8__opls__k2__metal__r3","current_release_component_path","gtex_v8","classification","opls","metal","metal","metal","rsvd","argmax","float64",2,3000,797,1000,32,1003,3,NA,NA,"ordinary_fast",32,5,"fresh_oversampled_sketch_per_component",1,NA,NA,TRUE,"linear",1,0.235,0.024,0.259,251.21875,305.71875,361.03125,366.546875,115.328125,"accuracy",0.324968632371393,0.324968632371393,0.204044698967827,NA,3620440,797,"success","","","0.99.39"
"component_path__gtex_v8__opls__k2__metal__r4","current_release_component_path","gtex_v8","classification","opls","metal","metal","metal","rsvd","argmax","float64",2,3000,797,1000,32,1004,4,NA,NA,"ordinary_fast",32,5,"fresh_oversampled_sketch_per_component",1,NA,NA,TRUE,"linear",1,0.236,0.024,0.26,249,304.828125,359.734375,365.65625,116.65625,"accuracy",0.324968632371393,0.324968632371393,0.204044698967827,NA,3620440,797,"success","","","0.99.39"
"component_path__gtex_v8__opls__k2__metal__r5","current_release_component_path","gtex_v8","classification","opls","metal","metal","metal","rsvd","argmax","float64",2,3000,797,1000,32,1005,5,NA,NA,"ordinary_fast",32,5,"fresh_oversampled_sketch_per_component",1,NA,NA,TRUE,"linear",1,0.239,0.023,0.262,252.515625,307.28125,362.1875,368.109375,115.59375,"accuracy",0.324968632371393,0.324968632371393,0.204044698967827,NA,3620440,797,"success","","","0.99.39"
"component_path__gtex_v8__opls__k32__cpu__r1","current_release_component_path","gtex_v8","classification","opls","cpu",NA,NA,"rsvd","argmax","float64",32,3000,797,1000,32,1001,1,NA,NA,"ordinary_fast",32,5,"fresh_oversampled_sketch_per_component",1,NA,NA,TRUE,"linear",1,0.737,0.0129999999999999,0.75,251.703125,321.328125,339.734375,339.78125,88.078125,"accuracy",0.928481806775408,0.928481806775408,0.740459370581567,NA,4507099,797,"success","","","0.99.39"
"component_path__gtex_v8__opls__k32__cpu__r2","current_release_component_path","gtex_v8","classification","opls","cpu",NA,NA,"rsvd","argmax","float64",32,3000,797,1000,32,1002,2,NA,NA,"ordinary_fast",32,5,"fresh_oversampled_sketch_per_component",1,NA,NA,TRUE,"linear",1,0.737,0.0129999999999999,0.75,249.859375,322.171875,334.484375,334.53125,84.671875,"accuracy",0.928481806775408,0.928481806775408,0.740459370581568,NA,4507099,797,"success","","","0.99.39"
"component_path__gtex_v8__opls__k32__cpu__r3","current_release_component_path","gtex_v8","classification","opls","cpu",NA,NA,"rsvd","argmax","float64",32,3000,797,1000,32,1003,3,NA,NA,"ordinary_fast",32,5,"fresh_oversampled_sketch_per_component",1,NA,NA,TRUE,"linear",1,0.735,0.012,0.747,250.34375,320.59375,332.90625,332.953125,82.609375,"accuracy",0.928481806775408,0.928481806775408,0.740459370581568,NA,4507099,797,"success","","","0.99.39"
"component_path__gtex_v8__opls__k32__cpu__r4","current_release_component_path","gtex_v8","classification","opls","cpu",NA,NA,"rsvd","argmax","float64",32,3000,797,1000,32,1004,4,NA,NA,"ordinary_fast",32,5,"fresh_oversampled_sketch_per_component",1,NA,NA,TRUE,"linear",1,0.736,0.012,0.748,250.65625,322.78125,335.328125,335.390625,84.734375,"accuracy",0.928481806775408,0.928481806775408,0.740459370581568,NA,4507099,797,"success","","","0.99.39"
"component_path__gtex_v8__opls__k32__cpu__r5","current_release_component_path","gtex_v8","classification","opls","cpu",NA,NA,"rsvd","argmax","float64",32,3000,797,1000,32,1005,5,NA,NA,"ordinary_fast",32,5,"fresh_oversampled_sketch_per_component",1,NA,NA,TRUE,"linear",1,0.736,0.012,0.748,251.203125,320.859375,333.171875,333.21875,82.015625,"accuracy",0.928481806775408,0.928481806775408,0.740459370581568,NA,4507099,797,"success","","","0.99.39"
"component_path__gtex_v8__opls__k32__metal__r1","current_release_component_path","gtex_v8","classification","opls","metal","metal","metal","rsvd","argmax","float64",32,3000,797,1000,32,1001,1,NA,NA,"ordinary_fast",32,5,"fresh_oversampled_sketch_per_component",1,NA,NA,TRUE,"linear",1,0.675,0.028,0.703,251.5625,324.859375,367.671875,373.796875,122.234375,"accuracy",0.928481806775408,0.928481806775408,0.740459395165581,NA,4507099,797,"success","","","0.99.39"
"component_path__gtex_v8__opls__k32__metal__r2","current_release_component_path","gtex_v8","classification","opls","metal","metal","metal","rsvd","argmax","float64",32,3000,797,1000,32,1002,2,NA,NA,"ordinary_fast",32,5,"fresh_oversampled_sketch_per_component",1,NA,NA,TRUE,"linear",1,0.666,0.0250000000000001,0.691,250.546875,328.65625,365.328125,371.5,120.953125,"accuracy",0.928481806775408,0.928481806775408,0.740459395165581,NA,4507099,797,"success","","","0.99.39"
"component_path__gtex_v8__opls__k32__metal__r3","current_release_component_path","gtex_v8","classification","opls","metal","metal","metal","rsvd","argmax","float64",32,3000,797,1000,32,1003,3,NA,NA,"ordinary_fast",32,5,"fresh_oversampled_sketch_per_component",1,NA,NA,TRUE,"linear",1,0.651,0.0269999999999999,0.678,251.90625,328.96875,371.703125,374.84375,122.9375,"accuracy",0.928481806775408,0.928481806775408,0.740459395165581,NA,4507099,797,"success","","","0.99.39"
"component_path__gtex_v8__opls__k32__metal__r4","current_release_component_path","gtex_v8","classification","opls","metal","metal","metal","rsvd","argmax","float64",32,3000,797,1000,32,1004,4,NA,NA,"ordinary_fast",32,5,"fresh_oversampled_sketch_per_component",1,NA,NA,TRUE,"linear",1,0.641,0.024,0.665,252.53125,334.984375,383.84375,390,137.46875,"accuracy",0.928481806775408,0.928481806775408,0.740459395165581,NA,4507099,797,"success","","","0.99.39"
"component_path__gtex_v8__opls__k32__metal__r5","current_release_component_path","gtex_v8","classification","opls","metal","metal","metal","rsvd","argmax","float64",32,3000,797,1000,32,1005,5,NA,NA,"ordinary_fast",32,5,"fresh_oversampled_sketch_per_component",1,NA,NA,TRUE,"linear",1,0.659,0.0250000000000001,0.684,251.046875,328.09375,376.96875,383.109375,132.0625,"accuracy",0.928481806775408,0.928481806775408,0.740459395165581,NA,4507099,797,"success","","","0.99.39"
"component_path__gtex_v8__opls__k50__cpu__r1","current_release_component_path","gtex_v8","classification","opls","cpu",NA,NA,"rsvd","argmax","float64",50,3000,797,1000,32,1001,1,NA,NA,"ordinary_fast",32,5,"fresh_oversampled_sketch_per_component",1,NA,NA,TRUE,"linear",1,1.062,0.0129999999999999,1.075,255.65625,325.609375,337.921875,337.96875,82.3125,"accuracy",0.95357590966123,0.95357590966123,0.7654820910088,NA,4554852,797,"success","","","0.99.39"
"component_path__gtex_v8__opls__k50__cpu__r2","current_release_component_path","gtex_v8","classification","opls","cpu",NA,NA,"rsvd","argmax","float64",50,3000,797,1000,32,1002,2,NA,NA,"ordinary_fast",32,5,"fresh_oversampled_sketch_per_component",1,NA,NA,TRUE,"linear",1,1.061,0.0129999999999999,1.074,253.890625,323.625,342.03125,342.078125,88.1875,"accuracy",0.95357590966123,0.95357590966123,0.7654820910088,NA,4554852,797,"success","","","0.99.39"
"component_path__gtex_v8__opls__k50__cpu__r3","current_release_component_path","gtex_v8","classification","opls","cpu",NA,NA,"rsvd","argmax","float64",50,3000,797,1000,32,1003,3,NA,NA,"ordinary_fast",32,5,"fresh_oversampled_sketch_per_component",1,NA,NA,TRUE,"linear",1,1.061,0.0129999999999999,1.074,249.75,319.359375,331.671875,331.71875,81.96875,"accuracy",0.95357590966123,0.95357590966123,0.765482091008799,NA,4554852,797,"success","","","0.99.39"
"component_path__gtex_v8__opls__k50__cpu__r4","current_release_component_path","gtex_v8","classification","opls","cpu",NA,NA,"rsvd","argmax","float64",50,3000,797,1000,32,1004,4,NA,NA,"ordinary_fast",32,5,"fresh_oversampled_sketch_per_component",1,NA,NA,TRUE,"linear",1,1.061,0.0129999999999999,1.074,249.921875,320.625,332.9375,332.984375,83.0625,"accuracy",0.95357590966123,0.95357590966123,0.7654820910088,NA,4554852,797,"success","","","0.99.39"
"component_path__gtex_v8__opls__k50__cpu__r5","current_release_component_path","gtex_v8","classification","opls","cpu",NA,NA,"rsvd","argmax","float64",50,3000,797,1000,32,1005,5,NA,NA,"ordinary_fast",32,5,"fresh_oversampled_sketch_per_component",1,NA,NA,TRUE,"linear",1,1.06,0.012,1.072,250.546875,320.921875,333.28125,333.328125,82.78125,"accuracy",0.95357590966123,0.95357590966123,0.7654820910088,NA,4554852,797,"success","","","0.99.39"
"component_path__gtex_v8__opls__k50__metal__r1","current_release_component_path","gtex_v8","classification","opls","metal","metal","metal","rsvd","argmax","float64",50,3000,797,1000,32,1001,1,NA,NA,"ordinary_fast",32,5,"fresh_oversampled_sketch_per_component",1,NA,NA,TRUE,"linear",1,0.897,0.0269999999999999,0.924,248.390625,331.984375,374.75,380.96875,132.578125,"accuracy",0.95357590966123,0.95357590966123,0.765482087668864,NA,4554852,797,"success","","","0.99.39"
"component_path__gtex_v8__opls__k50__metal__r2","current_release_component_path","gtex_v8","classification","opls","metal","metal","metal","rsvd","argmax","float64",50,3000,797,1000,32,1002,2,NA,NA,"ordinary_fast",32,5,"fresh_oversampled_sketch_per_component",1,NA,NA,TRUE,"linear",1,0.888,0.026,0.914,252.734375,334.46875,383.3125,389.546875,136.8125,"accuracy",0.95357590966123,0.95357590966123,0.765482087668864,NA,4554852,797,"success","","","0.99.39"
"component_path__gtex_v8__opls__k50__metal__r3","current_release_component_path","gtex_v8","classification","opls","metal","metal","metal","rsvd","argmax","float64",50,3000,797,1000,32,1003,3,NA,NA,"ordinary_fast",32,5,"fresh_oversampled_sketch_per_component",1,NA,NA,TRUE,"linear",1,0.872,0.026,0.898,251.453125,330.34375,373.140625,379.359375,127.90625,"accuracy",0.95357590966123,0.95357590966123,0.765482087668864,NA,4554852,797,"success","","","0.99.39"
"component_path__gtex_v8__opls__k50__metal__r4","current_release_component_path","gtex_v8","classification","opls","metal","metal","metal","rsvd","argmax","float64",50,3000,797,1000,32,1004,4,NA,NA,"ordinary_fast",32,5,"fresh_oversampled_sketch_per_component",1,NA,NA,TRUE,"linear",1,0.891,0.026,0.917,246.78125,333.46875,376.234375,382.46875,135.6875,"accuracy",0.95357590966123,0.95357590966123,0.765482087668864,NA,4554852,797,"success","","","0.99.39"
"component_path__gtex_v8__opls__k50__metal__r5","current_release_component_path","gtex_v8","classification","opls","metal","metal","metal","rsvd","argmax","float64",50,3000,797,1000,32,1005,5,NA,NA,"ordinary_fast",32,5,"fresh_oversampled_sketch_per_component",1,NA,NA,TRUE,"linear",1,0.885,0.024,0.909,253.453125,332.03125,375,381.03125,127.578125,"accuracy",0.95357590966123,0.95357590966123,0.765482087668864,NA,4554852,797,"success","","","0.99.39"
"component_path__gtex_v8__opls__k5__cpu__r1","current_release_component_path","gtex_v8","classification","opls","cpu",NA,NA,"rsvd","argmax","float64",5,3000,797,1000,32,1001,1,NA,NA,"ordinary_fast",32,5,"fresh_oversampled_sketch_per_component",1,NA,NA,TRUE,"linear",1,0.251,0.013,0.264,253.203125,322.8125,335.125,335.171875,81.96875,"accuracy",0.508155583437892,0.508155583437892,0.330204328511889,NA,3759624,797,"success","","","0.99.39"
"component_path__gtex_v8__opls__k5__cpu__r2","current_release_component_path","gtex_v8","classification","opls","cpu",NA,NA,"rsvd","argmax","float64",5,3000,797,1000,32,1002,2,NA,NA,"ordinary_fast",32,5,"fresh_oversampled_sketch_per_component",1,NA,NA,TRUE,"linear",1,0.252,0.013,0.265,254.5625,324.53125,342.9375,342.984375,88.421875,"accuracy",0.508155583437892,0.508155583437892,0.330204328511889,NA,3759624,797,"success","","","0.99.39"
"component_path__gtex_v8__opls__k5__cpu__r3","current_release_component_path","gtex_v8","classification","opls","cpu",NA,NA,"rsvd","argmax","float64",5,3000,797,1000,32,1003,3,NA,NA,"ordinary_fast",32,5,"fresh_oversampled_sketch_per_component",1,NA,NA,TRUE,"linear",1,0.25,0.013,0.263,253.015625,322.75,335.0625,335.109375,82.09375,"accuracy",0.508155583437892,0.508155583437892,0.330204328511889,NA,3759624,797,"success","","","0.99.39"
"component_path__gtex_v8__opls__k5__cpu__r4","current_release_component_path","gtex_v8","classification","opls","cpu",NA,NA,"rsvd","argmax","float64",5,3000,797,1000,32,1004,4,NA,NA,"ordinary_fast",32,5,"fresh_oversampled_sketch_per_component",1,NA,NA,TRUE,"linear",1,0.25,0.012,0.262,252.515625,322.15625,334.46875,334.515625,82,"accuracy",0.508155583437892,0.508155583437892,0.330204328511889,NA,3759624,797,"success","","","0.99.39"
"component_path__gtex_v8__opls__k5__cpu__r5","current_release_component_path","gtex_v8","classification","opls","cpu",NA,NA,"rsvd","argmax","float64",5,3000,797,1000,32,1005,5,NA,NA,"ordinary_fast",32,5,"fresh_oversampled_sketch_per_component",1,NA,NA,TRUE,"linear",1,0.252,0.012,0.264,253.5,323.125,331.421875,331.640625,78.140625,"accuracy",0.508155583437892,0.508155583437892,0.330204328511889,NA,3759624,797,"success","","","0.99.39"
"component_path__gtex_v8__opls__k5__metal__r1","current_release_component_path","gtex_v8","classification","opls","metal","metal","metal","rsvd","argmax","float64",5,3000,797,1000,32,1001,1,NA,NA,"ordinary_fast",32,5,"fresh_oversampled_sketch_per_component",1,NA,NA,TRUE,"linear",1,0.289,0.0309999999999999,0.32,247.453125,309.171875,364.109375,370.140625,122.6875,"accuracy",0.508155583437892,0.508155583437892,0.330204317411798,NA,3759624,797,"success","","","0.99.39"
"component_path__gtex_v8__opls__k5__metal__r2","current_release_component_path","gtex_v8","classification","opls","metal","metal","metal","rsvd","argmax","float64",5,3000,797,1000,32,1002,2,NA,NA,"ordinary_fast",32,5,"fresh_oversampled_sketch_per_component",1,NA,NA,TRUE,"linear",1,0.289,0.0279999999999999,0.317,252.4375,311.6875,366.59375,372.65625,120.21875,"accuracy",0.508155583437892,0.508155583437892,0.330204317411798,NA,3759624,797,"success","","","0.99.39"
"component_path__gtex_v8__opls__k5__metal__r3","current_release_component_path","gtex_v8","classification","opls","metal","metal","metal","rsvd","argmax","float64",5,3000,797,1000,32,1003,3,NA,NA,"ordinary_fast",32,5,"fresh_oversampled_sketch_per_component",1,NA,NA,TRUE,"linear",1,0.288,0.027,0.315,255.21875,310.03125,364.9375,371,115.78125,"accuracy",0.508155583437892,0.508155583437892,0.330204317411798,NA,3759624,797,"success","","","0.99.39"
"component_path__gtex_v8__opls__k5__metal__r4","current_release_component_path","gtex_v8","classification","opls","metal","metal","metal","rsvd","argmax","float64",5,3000,797,1000,32,1004,4,NA,NA,"ordinary_fast",32,5,"fresh_oversampled_sketch_per_component",1,NA,NA,TRUE,"linear",1,0.277,0.024,0.301,255.171875,309.6875,364.59375,370.65625,115.484375,"accuracy",0.508155583437892,0.508155583437892,0.330204317411798,NA,3759624,797,"success","","","0.99.39"
"component_path__gtex_v8__opls__k5__metal__r5","current_release_component_path","gtex_v8","classification","opls","metal","metal","metal","rsvd","argmax","float64",5,3000,797,1000,32,1005,5,NA,NA,"ordinary_fast",32,5,"fresh_oversampled_sketch_per_component",1,NA,NA,TRUE,"linear",1,0.283,0.029,0.312,251.59375,307.203125,362.109375,368.171875,116.578125,"accuracy",0.508155583437892,0.508155583437892,0.330204317411798,NA,3759624,797,"success","","","0.99.39"
"component_path__gtex_v8__plssvd__k10__cpu__r1","current_release_component_path","gtex_v8","classification","plssvd","cpu",NA,"cpu_flash","rsvd","argmax","float64",10,3000,797,1000,32,1001,1,NA,NA,"not_applicable",32,5,NA,NA,NA,NA,NA,"linear",1,0.125,0.01,0.135,252.296875,276.28125,282.53125,282.578125,30.28125,"accuracy",0.72396486825596,0.72396486825596,0.499863084717564,NA,4049722,797,"success","","","0.99.39"
"component_path__gtex_v8__plssvd__k10__cpu__r2","current_release_component_path","gtex_v8","classification","plssvd","cpu",NA,"cpu_flash","rsvd","argmax","float64",10,3000,797,1000,32,1002,2,NA,NA,"not_applicable",32,5,NA,NA,NA,NA,NA,"linear",1,0.121,0.01,0.131,251.921875,275.875,282.890625,283.09375,31.171875,"accuracy",0.72396486825596,0.72396486825596,0.499863084717564,NA,4049722,797,"success","","","0.99.39"
"component_path__gtex_v8__plssvd__k10__cpu__r3","current_release_component_path","gtex_v8","classification","plssvd","cpu",NA,"cpu_flash","rsvd","argmax","float64",10,3000,797,1000,32,1003,3,NA,NA,"not_applicable",32,5,NA,NA,NA,NA,NA,"linear",1,0.122,0.011,0.133,250.3125,274.21875,280.421875,280.625,30.3125,"accuracy",0.72396486825596,0.72396486825596,0.499863084717564,NA,4049722,797,"success","","","0.99.39"
"component_path__gtex_v8__plssvd__k10__cpu__r4","current_release_component_path","gtex_v8","classification","plssvd","cpu",NA,"cpu_flash","rsvd","argmax","float64",10,3000,797,1000,32,1004,4,NA,NA,"not_applicable",32,5,NA,NA,NA,NA,NA,"linear",1,0.12,0.011,0.131,250.8125,274.734375,275,275.046875,24.234375,"accuracy",0.72396486825596,0.72396486825596,0.499863084717564,NA,4049722,797,"success","","","0.99.39"
"component_path__gtex_v8__plssvd__k10__cpu__r5","current_release_component_path","gtex_v8","classification","plssvd","cpu",NA,"cpu_flash","rsvd","argmax","float64",10,3000,797,1000,32,1005,5,NA,NA,"not_applicable",32,5,NA,NA,NA,NA,NA,"linear",1,0.121,0.01,0.131,248.234375,272.140625,278.359375,278.453125,30.21875,"accuracy",0.72396486825596,0.72396486825596,0.499863084717564,NA,4049722,797,"success","","","0.99.39"
"component_path__gtex_v8__plssvd__k10__metal__r1","current_release_component_path","gtex_v8","classification","plssvd","metal","metal","metal","rsvd","argmax","float64",10,3000,797,1000,32,1001,1,NA,NA,"not_applicable",32,5,NA,NA,NA,NA,NA,"linear",1,0.131,0.016,0.147,253.8125,309.953125,334.53125,337.640625,83.828125,"accuracy",0.72396486825596,0.72396486825596,0.499863064776212,NA,4049722,797,"success","","","0.99.39"
"component_path__gtex_v8__plssvd__k10__metal__r2","current_release_component_path","gtex_v8","classification","plssvd","metal","metal","metal","rsvd","argmax","float64",10,3000,797,1000,32,1002,2,NA,NA,"not_applicable",32,5,NA,NA,NA,NA,NA,"linear",1,0.127,0.017,0.144,253.8125,308.21875,332.859375,336,82.1875,"accuracy",0.72396486825596,0.72396486825596,0.499863064776212,NA,4049722,797,"success","","","0.99.39"
"component_path__gtex_v8__plssvd__k10__metal__r3","current_release_component_path","gtex_v8","classification","plssvd","metal","metal","metal","rsvd","argmax","float64",10,3000,797,1000,32,1003,3,NA,NA,"not_applicable",32,5,NA,NA,NA,NA,NA,"linear",1,0.124,0.015,0.139,253.46875,307.6875,332.234375,335.375,81.90625,"accuracy",0.72396486825596,0.72396486825596,0.499863064776212,NA,4049722,797,"success","","","0.99.39"
"component_path__gtex_v8__plssvd__k10__metal__r4","current_release_component_path","gtex_v8","classification","plssvd","metal","metal","metal","rsvd","argmax","float64",10,3000,797,1000,32,1004,4,NA,NA,"not_applicable",32,5,NA,NA,NA,NA,NA,"linear",1,0.128,0.017,0.145,258.4375,312.78125,337.40625,340.53125,82.09375,"accuracy",0.72396486825596,0.72396486825596,0.499863064776212,NA,4049722,797,"success","","","0.99.39"
"component_path__gtex_v8__plssvd__k10__metal__r5","current_release_component_path","gtex_v8","classification","plssvd","metal","metal","metal","rsvd","argmax","float64",10,3000,797,1000,32,1005,5,NA,NA,"not_applicable",32,5,NA,NA,NA,NA,NA,"linear",1,0.132,0.015,0.147,250.703125,304.90625,323.5625,327.796875,77.09375,"accuracy",0.72396486825596,0.72396486825596,0.499863064776212,NA,4049722,797,"success","","","0.99.39"
"component_path__gtex_v8__plssvd__k1__cpu__r1","current_release_component_path","gtex_v8","classification","plssvd","cpu",NA,"cpu_flash","rsvd","argmax","float64",1,3000,797,1000,32,1001,1,NA,NA,"not_applicable",32,5,NA,NA,NA,NA,NA,"linear",1,0.113,0.011,0.124,248.890625,273.59375,279.8125,279.859375,30.96875,"accuracy",0.248431618569636,0.248431618569636,0.122874115533974,NA,6532038,797,"success","","","0.99.39"
"component_path__gtex_v8__plssvd__k1__cpu__r2","current_release_component_path","gtex_v8","classification","plssvd","cpu",NA,"cpu_flash","rsvd","argmax","float64",1,3000,797,1000,32,1002,2,NA,NA,"not_applicable",32,5,NA,NA,NA,NA,NA,"linear",1,0.113,0.011,0.124,248.671875,272.59375,278.8125,278.859375,30.1875,"accuracy",0.248431618569636,0.248431618569636,0.122874115533974,NA,6532038,797,"success","","","0.99.39"
"component_path__gtex_v8__plssvd__k1__cpu__r3","current_release_component_path","gtex_v8","classification","plssvd","cpu",NA,"cpu_flash","rsvd","argmax","float64",1,3000,797,1000,32,1003,3,NA,NA,"not_applicable",32,5,NA,NA,NA,NA,NA,"linear",1,0.112,0.011,0.123,248.9375,273.46875,279.671875,279.71875,30.78125,"accuracy",0.248431618569636,0.248431618569636,0.122874115533974,NA,6532038,797,"success","","","0.99.39"
"component_path__gtex_v8__plssvd__k1__cpu__r4","current_release_component_path","gtex_v8","classification","plssvd","cpu",NA,"cpu_flash","rsvd","argmax","float64",1,3000,797,1000,32,1004,4,NA,NA,"not_applicable",32,5,NA,NA,NA,NA,NA,"linear",1,0.113,0.01,0.123,253.984375,277.90625,284.125,284.171875,30.1875,"accuracy",0.248431618569636,0.248431618569636,0.122874115533974,NA,6532038,797,"success","","","0.99.39"
"component_path__gtex_v8__plssvd__k1__cpu__r5","current_release_component_path","gtex_v8","classification","plssvd","cpu",NA,"cpu_flash","rsvd","argmax","float64",1,3000,797,1000,32,1005,5,NA,NA,"not_applicable",32,5,NA,NA,NA,NA,NA,"linear",1,0.113,0.011,0.124,255.453125,279.359375,279.578125,279.625,24.171875,"accuracy",0.248431618569636,0.248431618569636,0.122874115533974,NA,6532038,797,"success","","","0.99.39"
"component_path__gtex_v8__plssvd__k1__metal__r1","current_release_component_path","gtex_v8","classification","plssvd","metal","metal","metal","rsvd","argmax","float64",1,3000,797,1000,32,1001,1,NA,NA,"not_applicable",32,5,NA,NA,NA,NA,NA,"linear",1,0.136,0.013,0.149,254.96875,311.15625,335.6875,338.71875,83.75,"accuracy",0.248431618569636,0.248431618569636,0.122874161237782,NA,6532038,797,"success","","","0.99.39"
"component_path__gtex_v8__plssvd__k1__metal__r2","current_release_component_path","gtex_v8","classification","plssvd","metal","metal","metal","rsvd","argmax","float64",1,3000,797,1000,32,1002,2,NA,NA,"not_applicable",32,5,NA,NA,NA,NA,NA,"linear",1,0.131,0.014,0.145,252.828125,307.46875,332,334.9375,82.109375,"accuracy",0.248431618569636,0.248431618569636,0.122874161237782,NA,6532038,797,"success","","","0.99.39"
"component_path__gtex_v8__plssvd__k1__metal__r3","current_release_component_path","gtex_v8","classification","plssvd","metal","metal","metal","rsvd","argmax","float64",1,3000,797,1000,32,1003,3,NA,NA,"not_applicable",32,5,NA,NA,NA,NA,NA,"linear",1,0.124,0.014,0.138,254.09375,308.953125,333.390625,336.421875,82.328125,"accuracy",0.248431618569636,0.248431618569636,0.122874161237782,NA,6532038,797,"success","","","0.99.39"
"component_path__gtex_v8__plssvd__k1__metal__r4","current_release_component_path","gtex_v8","classification","plssvd","metal","metal","metal","rsvd","argmax","float64",1,3000,797,1000,32,1004,4,NA,NA,"not_applicable",32,5,NA,NA,NA,NA,NA,"linear",1,0.129,0.015,0.144,246.484375,302.953125,327.4375,330.453125,83.96875,"accuracy",0.248431618569636,0.248431618569636,0.122874161237782,NA,6532038,797,"success","","","0.99.39"
"component_path__gtex_v8__plssvd__k1__metal__r5","current_release_component_path","gtex_v8","classification","plssvd","metal","metal","metal","rsvd","argmax","float64",1,3000,797,1000,32,1005,5,NA,NA,"not_applicable",32,5,NA,NA,NA,NA,NA,"linear",1,0.128,0.014,0.142,250.90625,305.734375,330.34375,333.265625,82.359375,"accuracy",0.248431618569636,0.248431618569636,0.122874161237782,NA,6532038,797,"success","","","0.99.39"
"component_path__gtex_v8__plssvd__k20__cpu__r1","current_release_component_path","gtex_v8","classification","plssvd","cpu",NA,"cpu_flash","rsvd","argmax","float64",20,3000,797,1000,32,1001,1,NA,NA,"not_applicable",32,5,NA,NA,NA,NA,NA,"linear",1,0.129,0.011,0.14,247.328125,271.265625,277.46875,277.515625,30.1875,"accuracy",0.892095357590966,0.892095357590966,0.67554064546281,NA,4313476,797,"success","","","0.99.39"
"component_path__gtex_v8__plssvd__k20__cpu__r2","current_release_component_path","gtex_v8","classification","plssvd","cpu",NA,"cpu_flash","rsvd","argmax","float64",20,3000,797,1000,32,1002,2,NA,NA,"not_applicable",32,5,NA,NA,NA,NA,NA,"linear",1,0.131,0.01,0.141,251.875,275.796875,282,282.046875,30.171875,"accuracy",0.892095357590966,0.892095357590966,0.67554064546281,NA,4313476,797,"success","","","0.99.39"
"component_path__gtex_v8__plssvd__k20__cpu__r3","current_release_component_path","gtex_v8","classification","plssvd","cpu",NA,"cpu_flash","rsvd","argmax","float64",20,3000,797,1000,32,1003,3,NA,NA,"not_applicable",32,5,NA,NA,NA,NA,NA,"linear",1,0.13,0.011,0.141,252.078125,276.03125,282.265625,282.3125,30.234375,"accuracy",0.892095357590966,0.892095357590966,0.67554064546281,NA,4313476,797,"success","","","0.99.39"
"component_path__gtex_v8__plssvd__k20__cpu__r4","current_release_component_path","gtex_v8","classification","plssvd","cpu",NA,"cpu_flash","rsvd","argmax","float64",20,3000,797,1000,32,1004,4,NA,NA,"not_applicable",32,5,NA,NA,NA,NA,NA,"linear",1,0.129,0.011,0.14,253.359375,277.265625,283.46875,283.515625,30.15625,"accuracy",0.892095357590966,0.892095357590966,0.67554064546281,NA,4313476,797,"success","","","0.99.39"
"component_path__gtex_v8__plssvd__k20__cpu__r5","current_release_component_path","gtex_v8","classification","plssvd","cpu",NA,"cpu_flash","rsvd","argmax","float64",20,3000,797,1000,32,1005,5,NA,NA,"not_applicable",32,5,NA,NA,NA,NA,NA,"linear",1,0.13,0.011,0.141,254.75,278.96875,285.171875,285.265625,30.515625,"accuracy",0.892095357590966,0.892095357590966,0.67554064546281,NA,4313476,797,"success","","","0.99.39"
"component_path__gtex_v8__plssvd__k20__metal__r1","current_release_component_path","gtex_v8","classification","plssvd","metal","metal","metal","rsvd","argmax","float64",20,3000,797,1000,32,1001,1,NA,NA,"not_applicable",32,5,NA,NA,NA,NA,NA,"linear",1,0.131,0.015,0.146,247.359375,303.734375,328.96875,332.109375,84.75,"accuracy",0.892095357590966,0.892095357590966,0.675540694965702,NA,4313476,797,"success","","","0.99.39"
"component_path__gtex_v8__plssvd__k20__metal__r2","current_release_component_path","gtex_v8","classification","plssvd","metal","metal","metal","rsvd","argmax","float64",20,3000,797,1000,32,1002,2,NA,NA,"not_applicable",32,5,NA,NA,NA,NA,NA,"linear",1,0.128,0.017,0.145,252.9375,308.40625,332.921875,336.015625,83.078125,"accuracy",0.892095357590966,0.892095357590966,0.675540694965702,NA,4313476,797,"success","","","0.99.39"
"component_path__gtex_v8__plssvd__k20__metal__r3","current_release_component_path","gtex_v8","classification","plssvd","metal","metal","metal","rsvd","argmax","float64",20,3000,797,1000,32,1003,3,NA,NA,"not_applicable",32,5,NA,NA,NA,NA,NA,"linear",1,0.128,0.017,0.145,253,308.78125,333.25,336.390625,83.390625,"accuracy",0.892095357590966,0.892095357590966,0.675540694965702,NA,4313476,797,"success","","","0.99.39"
"component_path__gtex_v8__plssvd__k20__metal__r4","current_release_component_path","gtex_v8","classification","plssvd","metal","metal","metal","rsvd","argmax","float64",20,3000,797,1000,32,1004,4,NA,NA,"not_applicable",32,5,NA,NA,NA,NA,NA,"linear",1,0.129,0.014,0.143,253.21875,310.171875,334.6875,337.8125,84.59375,"accuracy",0.892095357590966,0.892095357590966,0.675540694965702,NA,4313476,797,"success","","","0.99.39"
"component_path__gtex_v8__plssvd__k20__metal__r5","current_release_component_path","gtex_v8","classification","plssvd","metal","metal","metal","rsvd","argmax","float64",20,3000,797,1000,32,1005,5,NA,NA,"not_applicable",32,5,NA,NA,NA,NA,NA,"linear",1,0.131,0.015,0.146,251.859375,306.40625,330.875,334.015625,82.15625,"accuracy",0.892095357590966,0.892095357590966,0.675540694965702,NA,4313476,797,"success","","","0.99.39"
"component_path__gtex_v8__plssvd__k2__cpu__r1","current_release_component_path","gtex_v8","classification","plssvd","cpu",NA,"cpu_flash","rsvd","argmax","float64",2,3000,797,1000,32,1001,1,NA,NA,"not_applicable",32,5,NA,NA,NA,NA,NA,"linear",1,0.114,0.011,0.125,251.4375,276.078125,282.28125,282.328125,30.890625,"accuracy",0.302383939774153,0.302383939774153,0.157840542050485,NA,5393882,797,"success","","","0.99.39"
"component_path__gtex_v8__plssvd__k2__cpu__r2","current_release_component_path","gtex_v8","classification","plssvd","cpu",NA,"cpu_flash","rsvd","argmax","float64",2,3000,797,1000,32,1002,2,NA,NA,"not_applicable",32,5,NA,NA,NA,NA,NA,"linear",1,0.114,0.011,0.125,252.34375,276.328125,282.75,282.796875,30.453125,"accuracy",0.302383939774153,0.302383939774153,0.157840542050485,NA,5393882,797,"success","","","0.99.39"
"component_path__gtex_v8__plssvd__k2__cpu__r3","current_release_component_path","gtex_v8","classification","plssvd","cpu",NA,"cpu_flash","rsvd","argmax","float64",2,3000,797,1000,32,1003,3,NA,NA,"not_applicable",32,5,NA,NA,NA,NA,NA,"linear",1,0.114,0.011,0.125,255.6875,279.640625,285.84375,285.90625,30.21875,"accuracy",0.302383939774153,0.302383939774153,0.157840542050485,NA,5393882,797,"success","","","0.99.39"
"component_path__gtex_v8__plssvd__k2__cpu__r4","current_release_component_path","gtex_v8","classification","plssvd","cpu",NA,"cpu_flash","rsvd","argmax","float64",2,3000,797,1000,32,1004,4,NA,NA,"not_applicable",32,5,NA,NA,NA,NA,NA,"linear",1,0.114,0.01,0.124,250.078125,274,281.625,281.671875,31.59375,"accuracy",0.302383939774153,0.302383939774153,0.157840542050485,NA,5393882,797,"success","","","0.99.39"
"component_path__gtex_v8__plssvd__k2__cpu__r5","current_release_component_path","gtex_v8","classification","plssvd","cpu",NA,"cpu_flash","rsvd","argmax","float64",2,3000,797,1000,32,1005,5,NA,NA,"not_applicable",32,5,NA,NA,NA,NA,NA,"linear",1,0.114,0.011,0.125,249.796875,273.78125,279.984375,280.03125,30.234375,"accuracy",0.302383939774153,0.302383939774153,0.157840542050485,NA,5393882,797,"success","","","0.99.39"
"component_path__gtex_v8__plssvd__k2__metal__r1","current_release_component_path","gtex_v8","classification","plssvd","metal","metal","metal","rsvd","argmax","float64",2,3000,797,1000,32,1001,1,NA,NA,"not_applicable",32,5,NA,NA,NA,NA,NA,"linear",1,0.13,0.015,0.145,245.5625,300.25,324.6875,327.71875,82.15625,"accuracy",0.302383939774153,0.302383939774153,0.157840634533785,NA,5393882,797,"success","","","0.99.39"
"component_path__gtex_v8__plssvd__k2__metal__r2","current_release_component_path","gtex_v8","classification","plssvd","metal","metal","metal","rsvd","argmax","float64",2,3000,797,1000,32,1002,2,NA,NA,"not_applicable",32,5,NA,NA,NA,NA,NA,"linear",1,0.131,0.013,0.144,249.3125,303.578125,328.03125,331.0625,81.75,"accuracy",0.302383939774153,0.302383939774153,0.157840634533785,NA,5393882,797,"success","","","0.99.39"
"component_path__gtex_v8__plssvd__k2__metal__r3","current_release_component_path","gtex_v8","classification","plssvd","metal","metal","metal","rsvd","argmax","float64",2,3000,797,1000,32,1003,3,NA,NA,"not_applicable",32,5,NA,NA,NA,NA,NA,"linear",1,0.132,0.014,0.146,252.203125,307.515625,332.765625,334.984375,82.78125,"accuracy",0.302383939774153,0.302383939774153,0.157840634533785,NA,5393882,797,"success","","","0.99.39"
"component_path__gtex_v8__plssvd__k2__metal__r4","current_release_component_path","gtex_v8","classification","plssvd","metal","metal","metal","rsvd","argmax","float64",2,3000,797,1000,32,1004,4,NA,NA,"not_applicable",32,5,NA,NA,NA,NA,NA,"linear",1,0.129,0.016,0.145,253.921875,308.734375,333.203125,336.21875,82.296875,"accuracy",0.302383939774153,0.302383939774153,0.157840634533785,NA,5393882,797,"success","","","0.99.39"
"component_path__gtex_v8__plssvd__k2__metal__r5","current_release_component_path","gtex_v8","classification","plssvd","metal","metal","metal","rsvd","argmax","float64",2,3000,797,1000,32,1005,5,NA,NA,"not_applicable",32,5,NA,NA,NA,NA,NA,"linear",1,0.131,0.015,0.146,245.5,301.796875,326.34375,329.375,83.875,"accuracy",0.302383939774153,0.302383939774153,0.157840634533785,NA,5393882,797,"success","","","0.99.39"
"component_path__gtex_v8__plssvd__k30__cpu__r1","current_release_component_path","gtex_v8","classification","plssvd","cpu",NA,"cpu_flash","rsvd","argmax","float64",30,3000,797,1000,32,1001,1,NA,NA,"not_applicable",32,5,NA,NA,NA,NA,NA,"linear",1,0.14,0.011,0.151,251.640625,280.328125,286.53125,286.578125,34.9375,"accuracy",0.941028858218319,0.941028858218319,0.724490389472849,NA,4453740,797,"success","","","0.99.39"
"component_path__gtex_v8__plssvd__k30__cpu__r2","current_release_component_path","gtex_v8","classification","plssvd","cpu",NA,"cpu_flash","rsvd","argmax","float64",30,3000,797,1000,32,1002,2,NA,NA,"not_applicable",32,5,NA,NA,NA,NA,NA,"linear",1,0.14,0.01,0.15,246.828125,270.796875,277.046875,277.140625,30.3125,"accuracy",0.941028858218319,0.941028858218319,0.724490389472849,NA,4453740,797,"success","","","0.99.39"
"component_path__gtex_v8__plssvd__k30__cpu__r3","current_release_component_path","gtex_v8","classification","plssvd","cpu",NA,"cpu_flash","rsvd","argmax","float64",30,3000,797,1000,32,1003,3,NA,NA,"not_applicable",32,5,NA,NA,NA,NA,NA,"linear",1,0.14,0.011,0.151,250.5,274.421875,281.75,281.828125,31.328125,"accuracy",0.941028858218319,0.941028858218319,0.724490389472849,NA,4453740,797,"success","","","0.99.39"
"component_path__gtex_v8__plssvd__k30__cpu__r4","current_release_component_path","gtex_v8","classification","plssvd","cpu",NA,"cpu_flash","rsvd","argmax","float64",30,3000,797,1000,32,1004,4,NA,NA,"not_applicable",32,5,NA,NA,NA,NA,NA,"linear",1,0.14,0.011,0.151,256.140625,280.109375,286.4375,286.484375,30.34375,"accuracy",0.941028858218319,0.941028858218319,0.724490389472849,NA,4453740,797,"success","","","0.99.39"
"component_path__gtex_v8__plssvd__k30__cpu__r5","current_release_component_path","gtex_v8","classification","plssvd","cpu",NA,"cpu_flash","rsvd","argmax","float64",30,3000,797,1000,32,1005,5,NA,NA,"not_applicable",32,5,NA,NA,NA,NA,NA,"linear",1,0.139,0.011,0.15,254.234375,278.390625,278.5625,278.609375,24.375,"accuracy",0.941028858218319,0.941028858218319,0.724490389472849,NA,4453740,797,"success","","","0.99.39"
"component_path__gtex_v8__plssvd__k30__metal__r1","current_release_component_path","gtex_v8","classification","plssvd","metal","metal","metal","rsvd","argmax","float64",30,3000,797,1000,32,1001,1,NA,NA,"not_applicable",32,5,NA,NA,NA,NA,NA,"linear",1,0.133,0.018,0.151,254.53125,309.046875,333.53125,336.828125,82.296875,"accuracy",0.941028858218319,0.941028858218319,0.724490562527938,NA,4453740,797,"success","","","0.99.39"
"component_path__gtex_v8__plssvd__k30__metal__r2","current_release_component_path","gtex_v8","classification","plssvd","metal","metal","metal","rsvd","argmax","float64",30,3000,797,1000,32,1002,2,NA,NA,"not_applicable",32,5,NA,NA,NA,NA,NA,"linear",1,0.135,0.014,0.149,248.71875,304.875,324.34375,326.5625,77.84375,"accuracy",0.941028858218319,0.941028858218319,0.724490562527938,NA,4453740,797,"success","","","0.99.39"
"component_path__gtex_v8__plssvd__k30__metal__r3","current_release_component_path","gtex_v8","classification","plssvd","metal","metal","metal","rsvd","argmax","float64",30,3000,797,1000,32,1003,3,NA,NA,"not_applicable",32,5,NA,NA,NA,NA,NA,"linear",1,0.127,0.015,0.142,248.59375,303.734375,328.34375,331.453125,82.859375,"accuracy",0.941028858218319,0.941028858218319,0.724490562527938,NA,4453740,797,"success","","","0.99.39"
"component_path__gtex_v8__plssvd__k30__metal__r4","current_release_component_path","gtex_v8","classification","plssvd","metal","metal","metal","rsvd","argmax","float64",30,3000,797,1000,32,1004,4,NA,NA,"not_applicable",32,5,NA,NA,NA,NA,NA,"linear",1,0.125,0.016,0.141,254.390625,308.984375,333.453125,336.671875,82.28125,"accuracy",0.941028858218319,0.941028858218319,0.724490562527938,NA,4453740,797,"success","","","0.99.39"
"component_path__gtex_v8__plssvd__k30__metal__r5","current_release_component_path","gtex_v8","classification","plssvd","metal","metal","metal","rsvd","argmax","float64",30,3000,797,1000,32,1005,5,NA,NA,"not_applicable",32,5,NA,NA,NA,NA,NA,"linear",1,0.127,0.017,0.144,253.921875,308.3125,332.765625,336,82.078125,"accuracy",0.941028858218319,0.941028858218319,0.724490562527938,NA,4453740,797,"success","","","0.99.39"
"component_path__gtex_v8__plssvd__k32__cpu__r1","current_release_component_path","gtex_v8","classification","plssvd","cpu",NA,"cpu_flash","rsvd","argmax","float64",32,3000,797,1000,32,1001,1,NA,NA,"not_applicable",32,5,NA,NA,NA,NA,NA,"linear",1,0.141,0.011,0.152,253.140625,277.078125,283.28125,283.328125,30.1875,"accuracy",0.941028858218319,0.941028858218319,0.724779352095024,NA,4440896,797,"success","plssvd rank is limited to 31; requested ncomp above this value will use 31 components internally","","0.99.39"
"component_path__gtex_v8__plssvd__k32__cpu__r2","current_release_component_path","gtex_v8","classification","plssvd","cpu",NA,"cpu_flash","rsvd","argmax","float64",32,3000,797,1000,32,1002,2,NA,NA,"not_applicable",32,5,NA,NA,NA,NA,NA,"linear",1,0.14,0.011,0.151,248.90625,274.84375,281.046875,281.109375,32.203125,"accuracy",0.941028858218319,0.941028858218319,0.724779352095024,NA,4440896,797,"success","plssvd rank is limited to 31; requested ncomp above this value will use 31 components internally","","0.99.39"
"component_path__gtex_v8__plssvd__k32__cpu__r3","current_release_component_path","gtex_v8","classification","plssvd","cpu",NA,"cpu_flash","rsvd","argmax","float64",32,3000,797,1000,32,1003,3,NA,NA,"not_applicable",32,5,NA,NA,NA,NA,NA,"linear",1,0.14,0.011,0.151,250.625,274.578125,281.890625,281.9375,31.3125,"accuracy",0.941028858218319,0.941028858218319,0.724779352095024,NA,4440896,797,"success","plssvd rank is limited to 31; requested ncomp above this value will use 31 components internally","","0.99.39"
"component_path__gtex_v8__plssvd__k32__cpu__r4","current_release_component_path","gtex_v8","classification","plssvd","cpu",NA,"cpu_flash","rsvd","argmax","float64",32,3000,797,1000,32,1004,4,NA,NA,"not_applicable",32,5,NA,NA,NA,NA,NA,"linear",1,0.141,0.011,0.152,251.203125,275.171875,281.375,281.421875,30.21875,"accuracy",0.941028858218319,0.941028858218319,0.724779352095024,NA,4440896,797,"success","plssvd rank is limited to 31; requested ncomp above this value will use 31 components internally","","0.99.39"
"component_path__gtex_v8__plssvd__k32__cpu__r5","current_release_component_path","gtex_v8","classification","plssvd","cpu",NA,"cpu_flash","rsvd","argmax","float64",32,3000,797,1000,32,1005,5,NA,NA,"not_applicable",32,5,NA,NA,NA,NA,NA,"linear",1,0.141,0.011,0.152,250.90625,274.859375,281.078125,281.140625,30.234375,"accuracy",0.941028858218319,0.941028858218319,0.724779352095024,NA,4440896,797,"success","plssvd rank is limited to 31; requested ncomp above this value will use 31 components internally","","0.99.39"
"component_path__gtex_v8__plssvd__k32__metal__r1","current_release_component_path","gtex_v8","classification","plssvd","metal","metal","metal","rsvd","argmax","float64",32,3000,797,1000,32,1001,1,NA,NA,"not_applicable",32,5,NA,NA,NA,NA,NA,"linear",1,0.126,0.017,0.143,253.5,308.0625,332.578125,335.765625,82.265625,"accuracy",0.941028858218319,0.941028858218319,0.724779477351449,NA,4440896,797,"success","plssvd rank is limited to 31; requested ncomp above this value will use 31 components internally","","0.99.39"
"component_path__gtex_v8__plssvd__k32__metal__r2","current_release_component_path","gtex_v8","classification","plssvd","metal","metal","metal","rsvd","argmax","float64",32,3000,797,1000,32,1002,2,NA,NA,"not_applicable",32,5,NA,NA,NA,NA,NA,"linear",1,0.127,0.016,0.143,250.234375,305.015625,329.546875,332.734375,82.5,"accuracy",0.941028858218319,0.941028858218319,0.724779477351449,NA,4440896,797,"success","plssvd rank is limited to 31; requested ncomp above this value will use 31 components internally","","0.99.39"
"component_path__gtex_v8__plssvd__k32__metal__r3","current_release_component_path","gtex_v8","classification","plssvd","metal","metal","metal","rsvd","argmax","float64",32,3000,797,1000,32,1003,3,NA,NA,"not_applicable",32,5,NA,NA,NA,NA,NA,"linear",1,0.127,0.015,0.142,252.609375,307.1875,331.65625,334.890625,82.28125,"accuracy",0.941028858218319,0.941028858218319,0.724779477351449,NA,4440896,797,"success","plssvd rank is limited to 31; requested ncomp above this value will use 31 components internally","","0.99.39"
"component_path__gtex_v8__plssvd__k32__metal__r4","current_release_component_path","gtex_v8","classification","plssvd","metal","metal","metal","rsvd","argmax","float64",32,3000,797,1000,32,1004,4,NA,NA,"not_applicable",32,5,NA,NA,NA,NA,NA,"linear",1,0.127,0.014,0.141,251.40625,306.125,330.59375,333.71875,82.3125,"accuracy",0.941028858218319,0.941028858218319,0.724779477351449,NA,4440896,797,"success","plssvd rank is limited to 31; requested ncomp above this value will use 31 components internally","","0.99.39"
"component_path__gtex_v8__plssvd__k32__metal__r5","current_release_component_path","gtex_v8","classification","plssvd","metal","metal","metal","rsvd","argmax","float64",32,3000,797,1000,32,1005,5,NA,NA,"not_applicable",32,5,NA,NA,NA,NA,NA,"linear",1,0.126,0.016,0.142,250.8125,305.375,330.046875,333.0625,82.25,"accuracy",0.941028858218319,0.941028858218319,0.724779477351449,NA,4440896,797,"success","plssvd rank is limited to 31; requested ncomp above this value will use 31 components internally","","0.99.39"
"component_path__gtex_v8__plssvd__k5__cpu__r1","current_release_component_path","gtex_v8","classification","plssvd","cpu",NA,"cpu_flash","rsvd","argmax","float64",5,3000,797,1000,32,1001,1,NA,NA,"not_applicable",32,5,NA,NA,NA,NA,NA,"linear",1,0.117,0.011,0.128,249.671875,273.640625,275.4375,275.515625,25.84375,"accuracy",0.454203262233375,0.454203262233375,0.305442457069124,NA,3714624,797,"success","","","0.99.39"
"component_path__gtex_v8__plssvd__k5__cpu__r2","current_release_component_path","gtex_v8","classification","plssvd","cpu",NA,"cpu_flash","rsvd","argmax","float64",5,3000,797,1000,32,1002,2,NA,NA,"not_applicable",32,5,NA,NA,NA,NA,NA,"linear",1,0.116,0.011,0.127,250.140625,274.171875,280.390625,280.4375,30.296875,"accuracy",0.454203262233375,0.454203262233375,0.305442457069124,NA,3714624,797,"success","","","0.99.39"
"component_path__gtex_v8__plssvd__k5__cpu__r3","current_release_component_path","gtex_v8","classification","plssvd","cpu",NA,"cpu_flash","rsvd","argmax","float64",5,3000,797,1000,32,1003,3,NA,NA,"not_applicable",32,5,NA,NA,NA,NA,NA,"linear",1,0.117,0.011,0.128,252.828125,276.75,282.96875,283.0625,30.234375,"accuracy",0.454203262233375,0.454203262233375,0.305442457069124,NA,3714624,797,"success","","","0.99.39"
"component_path__gtex_v8__plssvd__k5__cpu__r4","current_release_component_path","gtex_v8","classification","plssvd","cpu",NA,"cpu_flash","rsvd","argmax","float64",5,3000,797,1000,32,1004,4,NA,NA,"not_applicable",32,5,NA,NA,NA,NA,NA,"linear",1,0.116,0.01,0.126,247,273.0625,280.28125,280.328125,33.328125,"accuracy",0.454203262233375,0.454203262233375,0.305442457069124,NA,3714624,797,"success","","","0.99.39"
"component_path__gtex_v8__plssvd__k5__cpu__r5","current_release_component_path","gtex_v8","classification","plssvd","cpu",NA,"cpu_flash","rsvd","argmax","float64",5,3000,797,1000,32,1005,5,NA,NA,"not_applicable",32,5,NA,NA,NA,NA,NA,"linear",1,0.116,0.01,0.126,251.765625,277.15625,283.421875,283.46875,31.703125,"accuracy",0.454203262233375,0.454203262233375,0.305442457069124,NA,3714624,797,"success","","","0.99.39"
"component_path__gtex_v8__plssvd__k5__metal__r1","current_release_component_path","gtex_v8","classification","plssvd","metal","metal","metal","rsvd","argmax","float64",5,3000,797,1000,32,1001,1,NA,NA,"not_applicable",32,5,NA,NA,NA,NA,NA,"linear",1,0.134,0.015,0.149,257.25,311.25,335.796875,338.875,81.625,"accuracy",0.454203262233375,0.454203262233375,0.305442469882773,NA,3714624,797,"success","","","0.99.39"
"component_path__gtex_v8__plssvd__k5__metal__r2","current_release_component_path","gtex_v8","classification","plssvd","metal","metal","metal","rsvd","argmax","float64",5,3000,797,1000,32,1002,2,NA,NA,"not_applicable",32,5,NA,NA,NA,NA,NA,"linear",1,0.131,0.016,0.147,255.328125,309.640625,328.265625,332.375,77.046875,"accuracy",0.454203262233375,0.454203262233375,0.305442469882773,NA,3714624,797,"success","","","0.99.39"
"component_path__gtex_v8__plssvd__k5__metal__r3","current_release_component_path","gtex_v8","classification","plssvd","metal","metal","metal","rsvd","argmax","float64",5,3000,797,1000,32,1003,3,NA,NA,"not_applicable",32,5,NA,NA,NA,NA,NA,"linear",1,0.126,0.013,0.139,253.328125,307.9375,332.40625,335.53125,82.203125,"accuracy",0.454203262233375,0.454203262233375,0.305442469882773,NA,3714624,797,"success","","","0.99.39"
"component_path__gtex_v8__plssvd__k5__metal__r4","current_release_component_path","gtex_v8","classification","plssvd","metal","metal","metal","rsvd","argmax","float64",5,3000,797,1000,32,1004,4,NA,NA,"not_applicable",32,5,NA,NA,NA,NA,NA,"linear",1,0.137,0.013,0.15,254.78125,309.171875,333.71875,336.765625,81.984375,"accuracy",0.454203262233375,0.454203262233375,0.305442469882773,NA,3714624,797,"success","","","0.99.39"
"component_path__gtex_v8__plssvd__k5__metal__r5","current_release_component_path","gtex_v8","classification","plssvd","metal","metal","metal","rsvd","argmax","float64",5,3000,797,1000,32,1005,5,NA,NA,"not_applicable",32,5,NA,NA,NA,NA,NA,"linear",1,0.127,0.016,0.143,247.765625,302.78125,327.4375,330.375,82.609375,"accuracy",0.454203262233375,0.454203262233375,0.305442469882773,NA,3714624,797,"success","","","0.99.39"
"component_path__gtex_v8__simpls__k100__cpu__r1","current_release_component_path","gtex_v8","classification","simpls","cpu",NA,"cpu_flash","rsvd","argmax","float64",100,3000,797,1000,32,1001,1,NA,NA,"ordinary_fast",32,5,"fresh_oversampled_sketch_per_component",1,NA,NA,TRUE,"linear",1,1.848,0.0110000000000001,1.859,253.828125,301.09375,307.3125,307.359375,53.53125,"accuracy",0.962358845671267,0.962358845671267,0.805468231538117,NA,4560307,797,"success","","","0.99.39"
"component_path__gtex_v8__simpls__k100__cpu__r2","current_release_component_path","gtex_v8","classification","simpls","cpu",NA,"cpu_flash","rsvd","argmax","float64",100,3000,797,1000,32,1002,2,NA,NA,"ordinary_fast",32,5,"fresh_oversampled_sketch_per_component",1,NA,NA,TRUE,"linear",1,1.858,0.0110000000000001,1.869,251.640625,298.1875,304.40625,304.5,52.859375,"accuracy",0.962358845671267,0.962358845671267,0.805468231538122,NA,4560307,797,"success","","","0.99.39"
"component_path__gtex_v8__simpls__k100__cpu__r3","current_release_component_path","gtex_v8","classification","simpls","cpu",NA,"cpu_flash","rsvd","argmax","float64",100,3000,797,1000,32,1003,3,NA,NA,"ordinary_fast",32,5,"fresh_oversampled_sketch_per_component",1,NA,NA,TRUE,"linear",1,1.85,0.00999999999999979,1.86,251.234375,297.796875,304.015625,304.234375,53,"accuracy",0.962358845671267,0.962358845671267,0.805468231538125,NA,4560307,797,"success","","","0.99.39"
"component_path__gtex_v8__simpls__k100__cpu__r4","current_release_component_path","gtex_v8","classification","simpls","cpu",NA,"cpu_flash","rsvd","argmax","float64",100,3000,797,1000,32,1004,4,NA,NA,"ordinary_fast",32,5,"fresh_oversampled_sketch_per_component",1,NA,NA,TRUE,"linear",1,1.85,0.0110000000000001,1.861,250.875,297.59375,303.8125,303.859375,52.984375,"accuracy",0.962358845671267,0.962358845671267,0.805468231538134,NA,4560307,797,"success","","","0.99.39"
"component_path__gtex_v8__simpls__k100__cpu__r5","current_release_component_path","gtex_v8","classification","simpls","cpu",NA,"cpu_flash","rsvd","argmax","float64",100,3000,797,1000,32,1005,5,NA,NA,"ordinary_fast",32,5,"fresh_oversampled_sketch_per_component",1,NA,NA,TRUE,"linear",1,1.851,0.0110000000000001,1.862,253.625,302.71875,309.03125,309.15625,55.53125,"accuracy",0.962358845671267,0.962358845671267,0.805468231538119,NA,4560307,797,"success","","","0.99.39"
"component_path__gtex_v8__simpls__k100__metal__r1","current_release_component_path","gtex_v8","classification","simpls","metal","metal","metal","rsvd","argmax","float64",100,3000,797,1000,32,1001,1,NA,NA,"ordinary_fast",32,5,"fresh_oversampled_sketch_per_component",1,NA,NA,TRUE,"linear",1,1.535,0.016,1.551,253.53125,339.453125,363.828125,367.203125,113.671875,"accuracy",0.962358845671267,0.962358845671267,0.805468445090971,NA,4560307,797,"success","","","0.99.39"
"component_path__gtex_v8__simpls__k100__metal__r2","current_release_component_path","gtex_v8","classification","simpls","metal","metal","metal","rsvd","argmax","float64",100,3000,797,1000,32,1002,2,NA,NA,"ordinary_fast",32,5,"fresh_oversampled_sketch_per_component",1,NA,NA,TRUE,"linear",1,1.507,0.0180000000000002,1.525,250.625,336.15625,360.53125,364.296875,113.671875,"accuracy",0.962358845671267,0.962358845671267,0.805468445090971,NA,4560307,797,"success","","","0.99.39"
"component_path__gtex_v8__simpls__k100__metal__r3","current_release_component_path","gtex_v8","classification","simpls","metal","metal","metal","rsvd","argmax","float64",100,3000,797,1000,32,1003,3,NA,NA,"ordinary_fast",32,5,"fresh_oversampled_sketch_per_component",1,NA,NA,TRUE,"linear",1,1.525,0.0150000000000001,1.54,247.84375,346.484375,358.953125,368.65625,120.8125,"accuracy",0.962358845671267,0.962358845671267,0.805468445090971,NA,4560307,797,"success","","","0.99.39"
"component_path__gtex_v8__simpls__k100__metal__r4","current_release_component_path","gtex_v8","classification","simpls","metal","metal","metal","rsvd","argmax","float64",100,3000,797,1000,32,1004,4,NA,NA,"ordinary_fast",32,5,"fresh_oversampled_sketch_per_component",1,NA,NA,TRUE,"linear",1,1.563,0.016,1.579,251.109375,344.21875,356.40625,366.59375,115.484375,"accuracy",0.962358845671267,0.962358845671267,0.805468445090971,NA,4560307,797,"success","","","0.99.39"
"component_path__gtex_v8__simpls__k100__metal__r5","current_release_component_path","gtex_v8","classification","simpls","metal","metal","metal","rsvd","argmax","float64",100,3000,797,1000,32,1005,5,NA,NA,"ordinary_fast",32,5,"fresh_oversampled_sketch_per_component",1,NA,NA,TRUE,"linear",1,1.565,0.016,1.581,253.828125,343.515625,361.796875,365.8125,111.984375,"accuracy",0.962358845671267,0.962358845671267,0.805468445090971,NA,4560307,797,"success","","","0.99.39"
"component_path__gtex_v8__simpls__k10__cpu__r1","current_release_component_path","gtex_v8","classification","simpls","cpu",NA,"cpu_flash","rsvd","argmax","float64",10,3000,797,1000,32,1001,1,NA,NA,"ordinary_fast",32,5,"fresh_oversampled_sketch_per_component",1,NA,NA,TRUE,"linear",1,0.224,0.01,0.234,252.171875,299.640625,306.890625,306.9375,54.765625,"accuracy",0.731493099121706,0.731493099121706,0.491383363982152,NA,4061244,797,"success","","","0.99.39"
"component_path__gtex_v8__simpls__k10__cpu__r2","current_release_component_path","gtex_v8","classification","simpls","cpu",NA,"cpu_flash","rsvd","argmax","float64",10,3000,797,1000,32,1002,2,NA,NA,"ordinary_fast",32,5,"fresh_oversampled_sketch_per_component",1,NA,NA,TRUE,"linear",1,0.222,0.01,0.232,248.5625,295.1875,301.421875,301.515625,52.953125,"accuracy",0.731493099121706,0.731493099121706,0.491383363982152,NA,4061244,797,"success","","","0.99.39"
"component_path__gtex_v8__simpls__k10__cpu__r3","current_release_component_path","gtex_v8","classification","simpls","cpu",NA,"cpu_flash","rsvd","argmax","float64",10,3000,797,1000,32,1003,3,NA,NA,"ordinary_fast",32,5,"fresh_oversampled_sketch_per_component",1,NA,NA,TRUE,"linear",1,0.223,0.011,0.234,251.0625,297.609375,303.828125,303.890625,52.828125,"accuracy",0.731493099121706,0.731493099121706,0.491383363982152,NA,4061244,797,"success","","","0.99.39"
"component_path__gtex_v8__simpls__k10__cpu__r4","current_release_component_path","gtex_v8","classification","simpls","cpu",NA,"cpu_flash","rsvd","argmax","float64",10,3000,797,1000,32,1004,4,NA,NA,"ordinary_fast",32,5,"fresh_oversampled_sketch_per_component",1,NA,NA,TRUE,"linear",1,0.223,0.011,0.234,254.40625,300.984375,307.203125,307.46875,53.0625,"accuracy",0.731493099121706,0.731493099121706,0.491383363982151,NA,4061244,797,"success","","","0.99.39"
"component_path__gtex_v8__simpls__k10__cpu__r5","current_release_component_path","gtex_v8","classification","simpls","cpu",NA,"cpu_flash","rsvd","argmax","float64",10,3000,797,1000,32,1005,5,NA,NA,"ordinary_fast",32,5,"fresh_oversampled_sketch_per_component",1,NA,NA,TRUE,"linear",1,0.223,0.01,0.233,247.546875,294.171875,302.015625,302.078125,54.53125,"accuracy",0.731493099121706,0.731493099121706,0.491383363982151,NA,4061244,797,"success","","","0.99.39"
"component_path__gtex_v8__simpls__k10__metal__r1","current_release_component_path","gtex_v8","classification","simpls","metal","metal","metal","rsvd","argmax","float64",10,3000,797,1000,32,1001,1,NA,NA,"ordinary_fast",32,5,"fresh_oversampled_sketch_per_component",1,NA,NA,TRUE,"linear",1,0.278,0.014,0.292,251.421875,309,333.546875,336.6875,85.265625,"accuracy",0.731493099121706,0.731493099121706,0.491383288233094,NA,4061244,797,"success","","","0.99.39"
"component_path__gtex_v8__simpls__k10__metal__r2","current_release_component_path","gtex_v8","classification","simpls","metal","metal","metal","rsvd","argmax","float64",10,3000,797,1000,32,1002,2,NA,NA,"ordinary_fast",32,5,"fresh_oversampled_sketch_per_component",1,NA,NA,TRUE,"linear",1,0.275,0.014,0.289,248.75,311.625,336.203125,339.3125,90.5625,"accuracy",0.731493099121706,0.731493099121706,0.491383288233094,NA,4061244,797,"success","","","0.99.39"
"component_path__gtex_v8__simpls__k10__metal__r3","current_release_component_path","gtex_v8","classification","simpls","metal","metal","metal","rsvd","argmax","float64",10,3000,797,1000,32,1003,3,NA,NA,"ordinary_fast",32,5,"fresh_oversampled_sketch_per_component",1,NA,NA,TRUE,"linear",1,0.267,0.013,0.28,250.25,311,329.515625,332.65625,82.40625,"accuracy",0.731493099121706,0.731493099121706,0.491383288233094,NA,4061244,797,"success","","","0.99.39"
"component_path__gtex_v8__simpls__k10__metal__r4","current_release_component_path","gtex_v8","classification","simpls","metal","metal","metal","rsvd","argmax","float64",10,3000,797,1000,32,1004,4,NA,NA,"ordinary_fast",32,5,"fresh_oversampled_sketch_per_component",1,NA,NA,TRUE,"linear",1,0.275,0.016,0.291,250.65625,310.453125,334.96875,338.109375,87.453125,"accuracy",0.731493099121706,0.731493099121706,0.491383288233094,NA,4061244,797,"success","","","0.99.39"
"component_path__gtex_v8__simpls__k10__metal__r5","current_release_component_path","gtex_v8","classification","simpls","metal","metal","metal","rsvd","argmax","float64",10,3000,797,1000,32,1005,5,NA,NA,"ordinary_fast",32,5,"fresh_oversampled_sketch_per_component",1,NA,NA,TRUE,"linear",1,0.279,0.014,0.293,250.265625,310.1875,334.765625,337.890625,87.625,"accuracy",0.731493099121706,0.731493099121706,0.491383288233094,NA,4061244,797,"success","","","0.99.39"
"component_path__gtex_v8__simpls__k190__cpu__r1","current_release_component_path","gtex_v8","classification","simpls","cpu",NA,"cpu_flash","rsvd","argmax","float64",190,3000,797,1000,32,1001,1,NA,NA,"ordinary_fast",32,5,"fresh_oversampled_sketch_per_component",1,NA,NA,TRUE,"linear",1,3.482,0.0110000000000001,3.493,251.46875,302.40625,308.625,308.671875,57.203125,"accuracy",0.963613550815558,0.963613550815558,0.811025787043053,NA,4568563,797,"success","","","0.99.39"
"component_path__gtex_v8__simpls__k190__cpu__r2","current_release_component_path","gtex_v8","classification","simpls","cpu",NA,"cpu_flash","rsvd","argmax","float64",190,3000,797,1000,32,1002,2,NA,NA,"ordinary_fast",32,5,"fresh_oversampled_sketch_per_component",1,NA,NA,TRUE,"linear",1,3.485,0.0100000000000007,3.495,252.578125,300.765625,306.984375,307.25,54.671875,"accuracy",0.963613550815558,0.963613550815558,0.811025787043063,NA,4568563,797,"success","","","0.99.39"
"component_path__gtex_v8__simpls__k190__cpu__r3","current_release_component_path","gtex_v8","classification","simpls","cpu",NA,"cpu_flash","rsvd","argmax","float64",190,3000,797,1000,32,1003,3,NA,NA,"ordinary_fast",32,5,"fresh_oversampled_sketch_per_component",1,NA,NA,TRUE,"linear",1,3.481,0.0110000000000001,3.492,253.890625,302.40625,302.546875,302.6875,48.796875,"accuracy",0.963613550815558,0.963613550815558,0.811025787043082,NA,4568563,797,"success","","","0.99.39"
"component_path__gtex_v8__simpls__k190__cpu__r4","current_release_component_path","gtex_v8","classification","simpls","cpu",NA,"cpu_flash","rsvd","argmax","float64",190,3000,797,1000,32,1004,4,NA,NA,"ordinary_fast",32,5,"fresh_oversampled_sketch_per_component",1,NA,NA,TRUE,"linear",1,3.477,0.0110000000000001,3.488,253.078125,300.421875,306.640625,306.828125,53.75,"accuracy",0.963613550815558,0.963613550815558,0.811025787043139,NA,4568563,797,"success","","","0.99.39"
"component_path__gtex_v8__simpls__k190__cpu__r5","current_release_component_path","gtex_v8","classification","simpls","cpu",NA,"cpu_flash","rsvd","argmax","float64",190,3000,797,1000,32,1005,5,NA,NA,"ordinary_fast",32,5,"fresh_oversampled_sketch_per_component",1,NA,NA,TRUE,"linear",1,3.476,0.0110000000000001,3.487,253.09375,300.8125,307.046875,307.140625,54.046875,"accuracy",0.963613550815558,0.963613550815558,0.811025787043044,NA,4568563,797,"success","","","0.99.39"
"component_path__gtex_v8__simpls__k190__metal__r1","current_release_component_path","gtex_v8","classification","simpls","metal","metal","metal","rsvd","argmax","float64",190,3000,797,1000,32,1001,1,NA,NA,"ordinary_fast",32,5,"fresh_oversampled_sketch_per_component",1,NA,NA,TRUE,"linear",1,2.932,0.0190000000000001,2.951,253.984375,346.3125,319.28125,375.03125,121.046875,"accuracy",0.963613550815558,0.963613550815558,0.811026245967288,NA,4568563,797,"success","","","0.99.39"
"component_path__gtex_v8__simpls__k190__metal__r2","current_release_component_path","gtex_v8","classification","simpls","metal","metal","metal","rsvd","argmax","float64",190,3000,797,1000,32,1002,2,NA,NA,"ordinary_fast",32,5,"fresh_oversampled_sketch_per_component",1,NA,NA,TRUE,"linear",1,2.821,0.02,2.841,257.359375,361.75,380.015625,384.46875,127.109375,"accuracy",0.963613550815558,0.963613550815558,0.811026245967288,NA,4568563,797,"success","","","0.99.39"
"component_path__gtex_v8__simpls__k190__metal__r3","current_release_component_path","gtex_v8","classification","simpls","metal","metal","metal","rsvd","argmax","float64",190,3000,797,1000,32,1003,3,NA,NA,"ordinary_fast",32,5,"fresh_oversampled_sketch_per_component",1,NA,NA,TRUE,"linear",1,2.852,0.016,2.868,251.4375,366.625,368.109375,384.328125,132.890625,"accuracy",0.963613550815558,0.963613550815558,0.811026245967288,NA,4568563,797,"success","","","0.99.39"
"component_path__gtex_v8__simpls__k190__metal__r4","current_release_component_path","gtex_v8","classification","simpls","metal","metal","metal","rsvd","argmax","float64",190,3000,797,1000,32,1004,4,NA,NA,"ordinary_fast",32,5,"fresh_oversampled_sketch_per_component",1,NA,NA,TRUE,"linear",1,2.87,0.0169999999999999,2.887,252.59375,363.203125,375.421875,380.78125,128.1875,"accuracy",0.963613550815558,0.963613550815558,0.811026245967288,NA,4568563,797,"success","","","0.99.39"
"component_path__gtex_v8__simpls__k190__metal__r5","current_release_component_path","gtex_v8","classification","simpls","metal","metal","metal","rsvd","argmax","float64",190,3000,797,1000,32,1005,5,NA,NA,"ordinary_fast",32,5,"fresh_oversampled_sketch_per_component",1,NA,NA,TRUE,"linear",1,2.809,0.0179999999999998,2.827,255.203125,362.125,374.296875,379.828125,124.625,"accuracy",0.963613550815558,0.963613550815558,0.811026245967288,NA,4568563,797,"success","","","0.99.39"
"component_path__gtex_v8__simpls__k1__cpu__r1","current_release_component_path","gtex_v8","classification","simpls","cpu",NA,"cpu_flash","rsvd","argmax","float64",1,3000,797,1000,32,1001,1,NA,NA,"ordinary_fast",32,5,"fresh_oversampled_sketch_per_component",1,NA,NA,TRUE,"linear",1,0.06,0.0109999999999999,0.071,250.921875,298.1875,298.375,298.421875,47.5,"accuracy",0.248431618569636,0.248431618569636,0.122874115533974,NA,6532038,797,"success","","","0.99.39"
"component_path__gtex_v8__simpls__k1__cpu__r2","current_release_component_path","gtex_v8","classification","simpls","cpu",NA,"cpu_flash","rsvd","argmax","float64",1,3000,797,1000,32,1002,2,NA,NA,"ordinary_fast",32,5,"fresh_oversampled_sketch_per_component",1,NA,NA,TRUE,"linear",1,0.06,0.0109999999999999,0.071,249.03125,295.546875,301.765625,301.8125,52.78125,"accuracy",0.248431618569636,0.248431618569636,0.122874115533974,NA,6532038,797,"success","","","0.99.39"
"component_path__gtex_v8__simpls__k1__cpu__r3","current_release_component_path","gtex_v8","classification","simpls","cpu",NA,"cpu_flash","rsvd","argmax","float64",1,3000,797,1000,32,1003,3,NA,NA,"ordinary_fast",32,5,"fresh_oversampled_sketch_per_component",1,NA,NA,TRUE,"linear",1,0.059,0.0109999999999999,0.07,252.34375,300.34375,306.578125,306.625,54.28125,"accuracy",0.248431618569636,0.248431618569636,0.122874115533974,NA,6532038,797,"success","","","0.99.39"
"component_path__gtex_v8__simpls__k1__cpu__r4","current_release_component_path","gtex_v8","classification","simpls","cpu",NA,"cpu_flash","rsvd","argmax","float64",1,3000,797,1000,32,1004,4,NA,NA,"ordinary_fast",32,5,"fresh_oversampled_sketch_per_component",1,NA,NA,TRUE,"linear",1,0.06,0.0109999999999999,0.071,254.71875,301.9375,308.15625,308.203125,53.484375,"accuracy",0.248431618569636,0.248431618569636,0.122874115533974,NA,6532038,797,"success","","","0.99.39"
"component_path__gtex_v8__simpls__k1__cpu__r5","current_release_component_path","gtex_v8","classification","simpls","cpu",NA,"cpu_flash","rsvd","argmax","float64",1,3000,797,1000,32,1005,5,NA,NA,"ordinary_fast",32,5,"fresh_oversampled_sketch_per_component",1,NA,NA,TRUE,"linear",1,0.06,0.0109999999999999,0.071,254.109375,300.796875,307.046875,307.234375,53.125,"accuracy",0.248431618569636,0.248431618569636,0.122874115533974,NA,6532038,797,"success","","","0.99.39"
"component_path__gtex_v8__simpls__k1__metal__r1","current_release_component_path","gtex_v8","classification","simpls","metal","metal","metal","rsvd","argmax","float64",1,3000,797,1000,32,1001,1,NA,NA,"ordinary_fast",32,5,"fresh_oversampled_sketch_per_component",1,NA,NA,TRUE,"linear",1,0.144,0.014,0.158,252.21875,306.828125,331.265625,334.296875,82.078125,"accuracy",0.248431618569636,0.248431618569636,0.122874162277941,NA,6532038,797,"success","","","0.99.39"
"component_path__gtex_v8__simpls__k1__metal__r2","current_release_component_path","gtex_v8","classification","simpls","metal","metal","metal","rsvd","argmax","float64",1,3000,797,1000,32,1002,2,NA,NA,"ordinary_fast",32,5,"fresh_oversampled_sketch_per_component",1,NA,NA,TRUE,"linear",1,0.141,0.013,0.154,250.609375,306.671875,331.234375,334.265625,83.65625,"accuracy",0.248431618569636,0.248431618569636,0.122874162277941,NA,6532038,797,"success","","","0.99.39"
"component_path__gtex_v8__simpls__k1__metal__r3","current_release_component_path","gtex_v8","classification","simpls","metal","metal","metal","rsvd","argmax","float64",1,3000,797,1000,32,1003,3,NA,NA,"ordinary_fast",32,5,"fresh_oversampled_sketch_per_component",1,NA,NA,TRUE,"linear",1,0.144,0.014,0.158,250.703125,305.859375,331.71875,333.328125,82.625,"accuracy",0.248431618569636,0.248431618569636,0.122874162277941,NA,6532038,797,"success","","","0.99.39"
"component_path__gtex_v8__simpls__k1__metal__r4","current_release_component_path","gtex_v8","classification","simpls","metal","metal","metal","rsvd","argmax","float64",1,3000,797,1000,32,1004,4,NA,NA,"ordinary_fast",32,5,"fresh_oversampled_sketch_per_component",1,NA,NA,TRUE,"linear",1,0.144,0.013,0.157,253,307.4375,331.875,334.90625,81.90625,"accuracy",0.248431618569636,0.248431618569636,0.122874162277941,NA,6532038,797,"success","","","0.99.39"
"component_path__gtex_v8__simpls__k1__metal__r5","current_release_component_path","gtex_v8","classification","simpls","metal","metal","metal","rsvd","argmax","float64",1,3000,797,1000,32,1005,5,NA,NA,"ordinary_fast",32,5,"fresh_oversampled_sketch_per_component",1,NA,NA,TRUE,"linear",1,0.134,0.013,0.147,252.53125,307.40625,331.859375,334.890625,82.359375,"accuracy",0.248431618569636,0.248431618569636,0.122874162277941,NA,6532038,797,"success","","","0.99.39"
"component_path__gtex_v8__simpls__k200__cpu__r1","current_release_component_path","gtex_v8","classification","simpls","cpu",NA,"cpu_flash","rsvd","argmax","float64",200,3000,797,1000,32,1001,1,NA,NA,"ordinary_fast",32,5,"fresh_oversampled_sketch_per_component",1,NA,NA,TRUE,"linear",1,3.67,0.0110000000000001,3.681,249.84375,298.84375,305.46875,305.625,55.78125,"accuracy",0.962358845671267,0.962358845671267,0.811538976356318,NA,4586697,797,"success","","","0.99.39"
"component_path__gtex_v8__simpls__k200__cpu__r2","current_release_component_path","gtex_v8","classification","simpls","cpu",NA,"cpu_flash","rsvd","argmax","float64",200,3000,797,1000,32,1002,2,NA,NA,"ordinary_fast",32,5,"fresh_oversampled_sketch_per_component",1,NA,NA,TRUE,"linear",1,3.667,0.0109999999999992,3.678,249.359375,297.4375,304.671875,304.796875,55.4375,"accuracy",0.962358845671267,0.962358845671267,0.811538976356324,NA,4586697,797,"success","","","0.99.39"
"component_path__gtex_v8__simpls__k200__cpu__r3","current_release_component_path","gtex_v8","classification","simpls","cpu",NA,"cpu_flash","rsvd","argmax","float64",200,3000,797,1000,32,1003,3,NA,NA,"ordinary_fast",32,5,"fresh_oversampled_sketch_per_component",1,NA,NA,TRUE,"linear",1,3.672,0.00999999999999979,3.682,256.296875,305.609375,305.796875,305.84375,49.546875,"accuracy",0.962358845671267,0.962358845671267,0.811538976356347,NA,4586697,797,"success","","","0.99.39"
"component_path__gtex_v8__simpls__k200__cpu__r4","current_release_component_path","gtex_v8","classification","simpls","cpu",NA,"cpu_flash","rsvd","argmax","float64",200,3000,797,1000,32,1004,4,NA,NA,"ordinary_fast",32,5,"fresh_oversampled_sketch_per_component",1,NA,NA,TRUE,"linear",1,3.667,0.0110000000000001,3.678,255.921875,302.75,308.96875,309.015625,53.09375,"accuracy",0.962358845671267,0.962358845671267,0.811538976356419,NA,4586697,797,"success","","","0.99.39"
"component_path__gtex_v8__simpls__k200__cpu__r5","current_release_component_path","gtex_v8","classification","simpls","cpu",NA,"cpu_flash","rsvd","argmax","float64",200,3000,797,1000,32,1005,5,NA,NA,"ordinary_fast",32,5,"fresh_oversampled_sketch_per_component",1,NA,NA,TRUE,"linear",1,3.671,0.0110000000000001,3.682,254.765625,304.015625,304.15625,304.203125,49.4375,"accuracy",0.962358845671267,0.962358845671267,0.811538976356298,NA,4586697,797,"success","","","0.99.39"
"component_path__gtex_v8__simpls__k200__metal__r1","current_release_component_path","gtex_v8","classification","simpls","metal","metal","metal","rsvd","argmax","float64",200,3000,797,1000,32,1001,1,NA,NA,"ordinary_fast",32,5,"fresh_oversampled_sketch_per_component",1,NA,NA,TRUE,"linear",1,3.004,0.016,3.02,254.015625,373.59375,385.734375,395.53125,141.515625,"accuracy",0.962358845671267,0.962358845671267,0.811539024267476,NA,4586697,797,"success","","","0.99.39"
"component_path__gtex_v8__simpls__k200__metal__r2","current_release_component_path","gtex_v8","classification","simpls","metal","metal","metal","rsvd","argmax","float64",200,3000,797,1000,32,1002,2,NA,NA,"ordinary_fast",32,5,"fresh_oversampled_sketch_per_component",1,NA,NA,TRUE,"linear",1,3.013,0.0149999999999997,3.028,250.421875,356.796875,375.03125,379.546875,129.125,"accuracy",0.962358845671267,0.962358845671267,0.811539024267476,NA,4586697,797,"success","","","0.99.39"
"component_path__gtex_v8__simpls__k200__metal__r3","current_release_component_path","gtex_v8","classification","simpls","metal","metal","metal","rsvd","argmax","float64",200,3000,797,1000,32,1003,3,NA,NA,"ordinary_fast",32,5,"fresh_oversampled_sketch_per_component",1,NA,NA,TRUE,"linear",1,2.99,0.0180000000000002,3.008,253.1875,361.078125,379.359375,383.09375,129.90625,"accuracy",0.962358845671267,0.962358845671267,0.811539024267476,NA,4586697,797,"success","","","0.99.39"
"component_path__gtex_v8__simpls__k200__metal__r4","current_release_component_path","gtex_v8","classification","simpls","metal","metal","metal","rsvd","argmax","float64",200,3000,797,1000,32,1004,4,NA,NA,"ordinary_fast",32,5,"fresh_oversampled_sketch_per_component",1,NA,NA,TRUE,"linear",1,3.008,0.0150000000000001,3.023,255.859375,362.453125,374.59375,384.34375,128.484375,"accuracy",0.962358845671267,0.962358845671267,0.811539024267476,NA,4586697,797,"success","","","0.99.39"
"component_path__gtex_v8__simpls__k200__metal__r5","current_release_component_path","gtex_v8","classification","simpls","metal","metal","metal","rsvd","argmax","float64",200,3000,797,1000,32,1005,5,NA,NA,"ordinary_fast",32,5,"fresh_oversampled_sketch_per_component",1,NA,NA,TRUE,"linear",1,2.94,0.016,2.956,249.765625,357.765625,364.59375,375.953125,126.1875,"accuracy",0.962358845671267,0.962358845671267,0.811539024267476,NA,4586697,797,"success","","","0.99.39"
"component_path__gtex_v8__simpls__k20__cpu__r1","current_release_component_path","gtex_v8","classification","simpls","cpu",NA,"cpu_flash","rsvd","argmax","float64",20,3000,797,1000,32,1001,1,NA,NA,"ordinary_fast",32,5,"fresh_oversampled_sketch_per_component",1,NA,NA,TRUE,"linear",1,0.404,0.012,0.416,251.90625,298.53125,304.75,304.8125,52.90625,"accuracy",0.875784190715182,0.875784190715182,0.684828500162251,NA,4267927,797,"success","","","0.99.39"
"component_path__gtex_v8__simpls__k20__cpu__r2","current_release_component_path","gtex_v8","classification","simpls","cpu",NA,"cpu_flash","rsvd","argmax","float64",20,3000,797,1000,32,1002,2,NA,NA,"ordinary_fast",32,5,"fresh_oversampled_sketch_per_component",1,NA,NA,TRUE,"linear",1,0.403,0.0110000000000001,0.414,249.671875,296.15625,302.375,302.421875,52.75,"accuracy",0.875784190715182,0.875784190715182,0.684828500162251,NA,4267927,797,"success","","","0.99.39"
"component_path__gtex_v8__simpls__k20__cpu__r3","current_release_component_path","gtex_v8","classification","simpls","cpu",NA,"cpu_flash","rsvd","argmax","float64",20,3000,797,1000,32,1003,3,NA,NA,"ordinary_fast",32,5,"fresh_oversampled_sketch_per_component",1,NA,NA,TRUE,"linear",1,0.404,0.0109999999999999,0.415,252.046875,298.65625,304.90625,304.953125,52.90625,"accuracy",0.875784190715182,0.875784190715182,0.684828500162251,NA,4267927,797,"success","","","0.99.39"
"component_path__gtex_v8__simpls__k20__cpu__r4","current_release_component_path","gtex_v8","classification","simpls","cpu",NA,"cpu_flash","rsvd","argmax","float64",20,3000,797,1000,32,1004,4,NA,NA,"ordinary_fast",32,5,"fresh_oversampled_sketch_per_component",1,NA,NA,TRUE,"linear",1,0.403,0.01,0.413,253.171875,299.796875,306.046875,306.109375,52.9375,"accuracy",0.875784190715182,0.875784190715182,0.684828500162251,NA,4267927,797,"success","","","0.99.39"
"component_path__gtex_v8__simpls__k20__cpu__r5","current_release_component_path","gtex_v8","classification","simpls","cpu",NA,"cpu_flash","rsvd","argmax","float64",20,3000,797,1000,32,1005,5,NA,NA,"ordinary_fast",32,5,"fresh_oversampled_sketch_per_component",1,NA,NA,TRUE,"linear",1,0.41,0.01,0.42,253.296875,299.796875,306.15625,306.203125,52.90625,"accuracy",0.875784190715182,0.875784190715182,0.684828500162251,NA,4267927,797,"success","","","0.99.39"
"component_path__gtex_v8__simpls__k20__metal__r1","current_release_component_path","gtex_v8","classification","simpls","metal","metal","metal","rsvd","argmax","float64",20,3000,797,1000,32,1001,1,NA,NA,"ordinary_fast",32,5,"fresh_oversampled_sketch_per_component",1,NA,NA,TRUE,"linear",1,0.406,0.016,0.422,249.25,321.53125,340.03125,343.765625,94.515625,"accuracy",0.875784190715182,0.875784190715182,0.684828446551238,NA,4267927,797,"success","","","0.99.39"
"component_path__gtex_v8__simpls__k20__metal__r2","current_release_component_path","gtex_v8","classification","simpls","metal","metal","metal","rsvd","argmax","float64",20,3000,797,1000,32,1002,2,NA,NA,"ordinary_fast",32,5,"fresh_oversampled_sketch_per_component",1,NA,NA,TRUE,"linear",1,0.414,0.014,0.428,255.140625,321.109375,339.5,343.40625,88.265625,"accuracy",0.875784190715182,0.875784190715182,0.684828446551238,NA,4267927,797,"success","","","0.99.39"
"component_path__gtex_v8__simpls__k20__metal__r3","current_release_component_path","gtex_v8","classification","simpls","metal","metal","metal","rsvd","argmax","float64",20,3000,797,1000,32,1003,3,NA,NA,"ordinary_fast",32,5,"fresh_oversampled_sketch_per_component",1,NA,NA,TRUE,"linear",1,0.397,0.014,0.411,249.890625,323.5,342,345.703125,95.8125,"accuracy",0.875784190715182,0.875784190715182,0.684828446551238,NA,4267927,797,"success","","","0.99.39"
"component_path__gtex_v8__simpls__k20__metal__r4","current_release_component_path","gtex_v8","classification","simpls","metal","metal","metal","rsvd","argmax","float64",20,3000,797,1000,32,1004,4,NA,NA,"ordinary_fast",32,5,"fresh_oversampled_sketch_per_component",1,NA,NA,TRUE,"linear",1,0.414,0.0129999999999999,0.427,249.390625,325.984375,338.546875,348.203125,98.8125,"accuracy",0.875784190715182,0.875784190715182,0.684828446551238,NA,4267927,797,"success","","","0.99.39"
"component_path__gtex_v8__simpls__k20__metal__r5","current_release_component_path","gtex_v8","classification","simpls","metal","metal","metal","rsvd","argmax","float64",20,3000,797,1000,32,1005,5,NA,NA,"ordinary_fast",32,5,"fresh_oversampled_sketch_per_component",1,NA,NA,TRUE,"linear",1,0.435,0.0150000000000001,0.45,250.125,324.65625,349.140625,352.28125,102.15625,"accuracy",0.875784190715182,0.875784190715182,0.684828446551238,NA,4267927,797,"success","","","0.99.39"
"component_path__gtex_v8__simpls__k2__cpu__r1","current_release_component_path","gtex_v8","classification","simpls","cpu",NA,"cpu_flash","rsvd","argmax","float64",2,3000,797,1000,32,1001,1,NA,NA,"ordinary_fast",32,5,"fresh_oversampled_sketch_per_component",1,NA,NA,TRUE,"linear",1,0.0780000000000001,0.01,0.0880000000000001,253.671875,302.125,308.34375,308.390625,54.71875,"accuracy",0.302383939774153,0.302383939774153,0.156591919342439,NA,5410033,797,"success","","","0.99.39"
"component_path__gtex_v8__simpls__k2__cpu__r2","current_release_component_path","gtex_v8","classification","simpls","cpu",NA,"cpu_flash","rsvd","argmax","float64",2,3000,797,1000,32,1002,2,NA,NA,"ordinary_fast",32,5,"fresh_oversampled_sketch_per_component",1,NA,NA,TRUE,"linear",1,0.0780000000000001,0.01,0.0880000000000001,253.6875,300.40625,306.703125,306.78125,53.09375,"accuracy",0.302383939774153,0.302383939774153,0.156591919342439,NA,5410033,797,"success","","","0.99.39"
"component_path__gtex_v8__simpls__k2__cpu__r3","current_release_component_path","gtex_v8","classification","simpls","cpu",NA,"cpu_flash","rsvd","argmax","float64",2,3000,797,1000,32,1003,3,NA,NA,"ordinary_fast",32,5,"fresh_oversampled_sketch_per_component",1,NA,NA,TRUE,"linear",1,0.0790000000000001,0.011,0.0900000000000001,249.65625,297.125,303.421875,303.484375,53.828125,"accuracy",0.302383939774153,0.302383939774153,0.156591919342439,NA,5410033,797,"success","","","0.99.39"
"component_path__gtex_v8__simpls__k2__cpu__r4","current_release_component_path","gtex_v8","classification","simpls","cpu",NA,"cpu_flash","rsvd","argmax","float64",2,3000,797,1000,32,1004,4,NA,NA,"ordinary_fast",32,5,"fresh_oversampled_sketch_per_component",1,NA,NA,TRUE,"linear",1,0.0780000000000001,0.01,0.0880000000000001,256.5,302.984375,309.21875,309.265625,52.765625,"accuracy",0.302383939774153,0.302383939774153,0.156591919342439,NA,5410033,797,"success","","","0.99.39"
"component_path__gtex_v8__simpls__k2__cpu__r5","current_release_component_path","gtex_v8","classification","simpls","cpu",NA,"cpu_flash","rsvd","argmax","float64",2,3000,797,1000,32,1005,5,NA,NA,"ordinary_fast",32,5,"fresh_oversampled_sketch_per_component",1,NA,NA,TRUE,"linear",1,0.0780000000000001,0.01,0.0880000000000001,254.546875,301.03125,307.296875,307.34375,52.796875,"accuracy",0.302383939774153,0.302383939774153,0.156591919342439,NA,5410033,797,"success","","","0.99.39"
"component_path__gtex_v8__simpls__k2__metal__r1","current_release_component_path","gtex_v8","classification","simpls","metal","metal","metal","rsvd","argmax","float64",2,3000,797,1000,32,1001,1,NA,NA,"ordinary_fast",32,5,"fresh_oversampled_sketch_per_component",1,NA,NA,TRUE,"linear",1,0.16,0.016,0.176,249.9375,305.296875,330.296875,332.8125,82.875,"accuracy",0.302383939774153,0.302383939774153,0.156592001516788,NA,5410033,797,"success","","","0.99.39"
"component_path__gtex_v8__simpls__k2__metal__r2","current_release_component_path","gtex_v8","classification","simpls","metal","metal","metal","rsvd","argmax","float64",2,3000,797,1000,32,1002,2,NA,NA,"ordinary_fast",32,5,"fresh_oversampled_sketch_per_component",1,NA,NA,TRUE,"linear",1,0.163,0.016,0.179,252.0625,307.015625,331.484375,334.484375,82.421875,"accuracy",0.302383939774153,0.302383939774153,0.156592001516788,NA,5410033,797,"success","","","0.99.39"
"component_path__gtex_v8__simpls__k2__metal__r3","current_release_component_path","gtex_v8","classification","simpls","metal","metal","metal","rsvd","argmax","float64",2,3000,797,1000,32,1003,3,NA,NA,"ordinary_fast",32,5,"fresh_oversampled_sketch_per_component",1,NA,NA,TRUE,"linear",1,0.163,0.016,0.179,252.75,307.328125,331.78125,334.8125,82.0625,"accuracy",0.302383939774153,0.302383939774153,0.156592001516788,NA,5410033,797,"success","","","0.99.39"
"component_path__gtex_v8__simpls__k2__metal__r4","current_release_component_path","gtex_v8","classification","simpls","metal","metal","metal","rsvd","argmax","float64",2,3000,797,1000,32,1004,4,NA,NA,"ordinary_fast",32,5,"fresh_oversampled_sketch_per_component",1,NA,NA,TRUE,"linear",1,0.159,0.016,0.175,253.828125,309.53125,333.96875,337,83.171875,"accuracy",0.302383939774153,0.302383939774153,0.156592001516788,NA,5410033,797,"success","","","0.99.39"
"component_path__gtex_v8__simpls__k2__metal__r5","current_release_component_path","gtex_v8","classification","simpls","metal","metal","metal","rsvd","argmax","float64",2,3000,797,1000,32,1005,5,NA,NA,"ordinary_fast",32,5,"fresh_oversampled_sketch_per_component",1,NA,NA,TRUE,"linear",1,0.165,0.016,0.181,245.046875,301.109375,326.1875,328.578125,83.53125,"accuracy",0.302383939774153,0.302383939774153,0.156592001516788,NA,5410033,797,"success","","","0.99.39"
"component_path__gtex_v8__simpls__k32__cpu__r1","current_release_component_path","gtex_v8","classification","simpls","cpu",NA,"cpu_flash","rsvd","argmax","float64",32,3000,797,1000,32,1001,1,NA,NA,"ordinary_fast",32,5,"fresh_oversampled_sketch_per_component",1,NA,NA,TRUE,"linear",1,0.622,0.01,0.632,254.9375,301.5625,307.78125,307.828125,52.890625,"accuracy",0.93099121706399,0.93099121706399,0.761489768551639,NA,4469449,797,"success","","","0.99.39"
"component_path__gtex_v8__simpls__k32__cpu__r2","current_release_component_path","gtex_v8","classification","simpls","cpu",NA,"cpu_flash","rsvd","argmax","float64",32,3000,797,1000,32,1002,2,NA,NA,"ordinary_fast",32,5,"fresh_oversampled_sketch_per_component",1,NA,NA,TRUE,"linear",1,0.62,0.01,0.63,248.859375,296.1875,302.421875,302.46875,53.609375,"accuracy",0.93099121706399,0.93099121706399,0.761489768551639,NA,4469449,797,"success","","","0.99.39"
"component_path__gtex_v8__simpls__k32__cpu__r3","current_release_component_path","gtex_v8","classification","simpls","cpu",NA,"cpu_flash","rsvd","argmax","float64",32,3000,797,1000,32,1003,3,NA,NA,"ordinary_fast",32,5,"fresh_oversampled_sketch_per_component",1,NA,NA,TRUE,"linear",1,0.62,0.01,0.63,250.5625,297.109375,303.328125,303.375,52.8125,"accuracy",0.93099121706399,0.93099121706399,0.761489768551639,NA,4469449,797,"success","","","0.99.39"
"component_path__gtex_v8__simpls__k32__cpu__r4","current_release_component_path","gtex_v8","classification","simpls","cpu",NA,"cpu_flash","rsvd","argmax","float64",32,3000,797,1000,32,1004,4,NA,NA,"ordinary_fast",32,5,"fresh_oversampled_sketch_per_component",1,NA,NA,TRUE,"linear",1,0.62,0.0109999999999999,0.631,250.078125,296.65625,302.875,302.921875,52.84375,"accuracy",0.93099121706399,0.93099121706399,0.761489768551639,NA,4469449,797,"success","","","0.99.39"
"component_path__gtex_v8__simpls__k32__cpu__r5","current_release_component_path","gtex_v8","classification","simpls","cpu",NA,"cpu_flash","rsvd","argmax","float64",32,3000,797,1000,32,1005,5,NA,NA,"ordinary_fast",32,5,"fresh_oversampled_sketch_per_component",1,NA,NA,TRUE,"linear",1,0.62,0.0110000000000001,0.631,250.328125,296.8125,303.03125,303.078125,52.75,"accuracy",0.93099121706399,0.93099121706399,0.761489768551639,NA,4469449,797,"success","","","0.99.39"
"component_path__gtex_v8__simpls__k32__metal__r1","current_release_component_path","gtex_v8","classification","simpls","metal","metal","metal","rsvd","argmax","float64",32,3000,797,1000,32,1001,1,NA,NA,"ordinary_fast",32,5,"fresh_oversampled_sketch_per_component",1,NA,NA,TRUE,"linear",1,0.596,0.0150000000000001,0.611,249.140625,327.125,351.59375,354.828125,105.6875,"accuracy",0.93099121706399,0.93099121706399,0.761489824054123,NA,4469449,797,"success","","","0.99.39"
"component_path__gtex_v8__simpls__k32__metal__r2","current_release_component_path","gtex_v8","classification","simpls","metal","metal","metal","rsvd","argmax","float64",32,3000,797,1000,32,1002,2,NA,NA,"ordinary_fast",32,5,"fresh_oversampled_sketch_per_component",1,NA,NA,TRUE,"linear",1,0.583,0.014,0.597,254.4375,331.125,355.578125,358.828125,104.390625,"accuracy",0.93099121706399,0.93099121706399,0.761489824054123,NA,4469449,797,"success","","","0.99.39"
"component_path__gtex_v8__simpls__k32__metal__r3","current_release_component_path","gtex_v8","classification","simpls","metal","metal","metal","rsvd","argmax","float64",32,3000,797,1000,32,1003,3,NA,NA,"ordinary_fast",32,5,"fresh_oversampled_sketch_per_component",1,NA,NA,TRUE,"linear",1,0.602,0.0150000000000001,0.617,252.328125,322.1875,346.640625,349.890625,97.5625,"accuracy",0.93099121706399,0.93099121706399,0.761489824054123,NA,4469449,797,"success","","","0.99.39"
"component_path__gtex_v8__simpls__k32__metal__r4","current_release_component_path","gtex_v8","classification","simpls","metal","metal","metal","rsvd","argmax","float64",32,3000,797,1000,32,1004,4,NA,NA,"ordinary_fast",32,5,"fresh_oversampled_sketch_per_component",1,NA,NA,TRUE,"linear",1,0.581,0.0150000000000001,0.596,246.796875,325.8125,350.34375,353.515625,106.71875,"accuracy",0.93099121706399,0.93099121706399,0.761489824054123,NA,4469449,797,"success","","","0.99.39"
"component_path__gtex_v8__simpls__k32__metal__r5","current_release_component_path","gtex_v8","classification","simpls","metal","metal","metal","rsvd","argmax","float64",32,3000,797,1000,32,1005,5,NA,NA,"ordinary_fast",32,5,"fresh_oversampled_sketch_per_component",1,NA,NA,TRUE,"linear",1,0.612,0.0129999999999999,0.625,249.078125,322.703125,347.15625,350.296875,101.21875,"accuracy",0.93099121706399,0.93099121706399,0.761489824054123,NA,4469449,797,"success","","","0.99.39"
"component_path__gtex_v8__simpls__k50__cpu__r1","current_release_component_path","gtex_v8","classification","simpls","cpu",NA,"cpu_flash","rsvd","argmax","float64",50,3000,797,1000,32,1001,1,NA,NA,"ordinary_fast",32,5,"fresh_oversampled_sketch_per_component",1,NA,NA,TRUE,"linear",1,0.945,0.0109999999999999,0.956,252.6875,299.203125,305.421875,305.46875,52.78125,"accuracy",0.957340025094103,0.957340025094103,0.788730634770352,NA,4538275,797,"success","","","0.99.39"
"component_path__gtex_v8__simpls__k50__cpu__r2","current_release_component_path","gtex_v8","classification","simpls","cpu",NA,"cpu_flash","rsvd","argmax","float64",50,3000,797,1000,32,1002,2,NA,NA,"ordinary_fast",32,5,"fresh_oversampled_sketch_per_component",1,NA,NA,TRUE,"linear",1,0.947,0.0110000000000001,0.958,249.59375,299.5625,305.8125,305.859375,56.265625,"accuracy",0.957340025094103,0.957340025094103,0.788730634770352,NA,4538275,797,"success","","","0.99.39"
"component_path__gtex_v8__simpls__k50__cpu__r3","current_release_component_path","gtex_v8","classification","simpls","cpu",NA,"cpu_flash","rsvd","argmax","float64",50,3000,797,1000,32,1003,3,NA,NA,"ordinary_fast",32,5,"fresh_oversampled_sketch_per_component",1,NA,NA,TRUE,"linear",1,0.946,0.0110000000000001,0.957,250.453125,296.96875,303.1875,303.25,52.796875,"accuracy",0.957340025094103,0.957340025094103,0.788730634770352,NA,4538275,797,"success","","","0.99.39"
"component_path__gtex_v8__simpls__k50__cpu__r4","current_release_component_path","gtex_v8","classification","simpls","cpu",NA,"cpu_flash","rsvd","argmax","float64",50,3000,797,1000,32,1004,4,NA,NA,"ordinary_fast",32,5,"fresh_oversampled_sketch_per_component",1,NA,NA,TRUE,"linear",1,0.945,0.0109999999999999,0.956,252.171875,298.9375,305.15625,305.265625,53.09375,"accuracy",0.957340025094103,0.957340025094103,0.788730634770353,NA,4538275,797,"success","","","0.99.39"
"component_path__gtex_v8__simpls__k50__cpu__r5","current_release_component_path","gtex_v8","classification","simpls","cpu",NA,"cpu_flash","rsvd","argmax","float64",50,3000,797,1000,32,1005,5,NA,NA,"ordinary_fast",32,5,"fresh_oversampled_sketch_per_component",1,NA,NA,TRUE,"linear",1,0.946,0.0109999999999999,0.957,250.8125,297.421875,303.640625,303.6875,52.875,"accuracy",0.957340025094103,0.957340025094103,0.788730634770352,NA,4538275,797,"success","","","0.99.39"
"component_path__gtex_v8__simpls__k50__metal__r1","current_release_component_path","gtex_v8","classification","simpls","metal","metal","metal","rsvd","argmax","float64",50,3000,797,1000,32,1001,1,NA,NA,"ordinary_fast",32,5,"fresh_oversampled_sketch_per_component",1,NA,NA,TRUE,"linear",1,0.868,0.0150000000000001,0.883,253.78125,333.796875,352.171875,355.5625,101.78125,"accuracy",0.957340025094103,0.957340025094103,0.788730893910106,NA,4538275,797,"success","","","0.99.39"
"component_path__gtex_v8__simpls__k50__metal__r2","current_release_component_path","gtex_v8","classification","simpls","metal","metal","metal","rsvd","argmax","float64",50,3000,797,1000,32,1002,2,NA,NA,"ordinary_fast",32,5,"fresh_oversampled_sketch_per_component",1,NA,NA,TRUE,"linear",1,0.84,0.016,0.856,248.4375,332,338.328125,354.171875,105.734375,"accuracy",0.957340025094103,0.957340025094103,0.788730893910106,NA,4538275,797,"success","","","0.99.39"
"component_path__gtex_v8__simpls__k50__metal__r3","current_release_component_path","gtex_v8","classification","simpls","metal","metal","metal","rsvd","argmax","float64",50,3000,797,1000,32,1003,3,NA,NA,"ordinary_fast",32,5,"fresh_oversampled_sketch_per_component",1,NA,NA,TRUE,"linear",1,0.864,0.016,0.88,252.453125,334,358.53125,361.65625,109.203125,"accuracy",0.957340025094103,0.957340025094103,0.788730893910106,NA,4538275,797,"success","","","0.99.39"
"component_path__gtex_v8__simpls__k50__metal__r4","current_release_component_path","gtex_v8","classification","simpls","metal","metal","metal","rsvd","argmax","float64",50,3000,797,1000,32,1004,4,NA,NA,"ordinary_fast",32,5,"fresh_oversampled_sketch_per_component",1,NA,NA,TRUE,"linear",1,0.808,0.0149999999999999,0.823,252.203125,336.921875,349.296875,359.015625,106.8125,"accuracy",0.957340025094103,0.957340025094103,0.788730893910106,NA,4538275,797,"success","","","0.99.39"
"component_path__gtex_v8__simpls__k50__metal__r5","current_release_component_path","gtex_v8","classification","simpls","metal","metal","metal","rsvd","argmax","float64",50,3000,797,1000,32,1005,5,NA,NA,"ordinary_fast",32,5,"fresh_oversampled_sketch_per_component",1,NA,NA,TRUE,"linear",1,0.849,0.016,0.865,251.84375,328.84375,353.296875,356.6875,104.84375,"accuracy",0.957340025094103,0.957340025094103,0.788730893910106,NA,4538275,797,"success","","","0.99.39"
"component_path__gtex_v8__simpls__k5__cpu__r1","current_release_component_path","gtex_v8","classification","simpls","cpu",NA,"cpu_flash","rsvd","argmax","float64",5,3000,797,1000,32,1001,1,NA,NA,"ordinary_fast",32,5,"fresh_oversampled_sketch_per_component",1,NA,NA,TRUE,"linear",1,0.135,0.011,0.146,252.765625,299.5625,305.78125,305.984375,53.21875,"accuracy",0.456712672521957,0.456712672521957,0.305815814827116,NA,3729430,797,"success","","","0.99.39"
"component_path__gtex_v8__simpls__k5__cpu__r2","current_release_component_path","gtex_v8","classification","simpls","cpu",NA,"cpu_flash","rsvd","argmax","float64",5,3000,797,1000,32,1002,2,NA,NA,"ordinary_fast",32,5,"fresh_oversampled_sketch_per_component",1,NA,NA,TRUE,"linear",1,0.134,0.01,0.144,249.453125,295.921875,296.53125,296.609375,47.15625,"accuracy",0.456712672521957,0.456712672521957,0.305815814827116,NA,3729430,797,"success","","","0.99.39"
"component_path__gtex_v8__simpls__k5__cpu__r3","current_release_component_path","gtex_v8","classification","simpls","cpu",NA,"cpu_flash","rsvd","argmax","float64",5,3000,797,1000,32,1003,3,NA,NA,"ordinary_fast",32,5,"fresh_oversampled_sketch_per_component",1,NA,NA,TRUE,"linear",1,0.134,0.011,0.145,250.0625,296.59375,297.875,297.921875,47.859375,"accuracy",0.456712672521957,0.456712672521957,0.305815814827116,NA,3729430,797,"success","","","0.99.39"
"component_path__gtex_v8__simpls__k5__cpu__r4","current_release_component_path","gtex_v8","classification","simpls","cpu",NA,"cpu_flash","rsvd","argmax","float64",5,3000,797,1000,32,1004,4,NA,NA,"ordinary_fast",32,5,"fresh_oversampled_sketch_per_component",1,NA,NA,TRUE,"linear",1,0.133,0.011,0.144,255.5,302,308.234375,308.28125,52.78125,"accuracy",0.456712672521957,0.456712672521957,0.305815814827116,NA,3729430,797,"success","","","0.99.39"
"component_path__gtex_v8__simpls__k5__cpu__r5","current_release_component_path","gtex_v8","classification","simpls","cpu",NA,"cpu_flash","rsvd","argmax","float64",5,3000,797,1000,32,1005,5,NA,NA,"ordinary_fast",32,5,"fresh_oversampled_sketch_per_component",1,NA,NA,TRUE,"linear",1,0.135,0.011,0.146,248.125,294.6875,300.921875,300.984375,52.859375,"accuracy",0.456712672521957,0.456712672521957,0.305815814827116,NA,3729430,797,"success","","","0.99.39"
"component_path__gtex_v8__simpls__k5__metal__r1","current_release_component_path","gtex_v8","classification","simpls","metal","metal","metal","rsvd","argmax","float64",5,3000,797,1000,32,1001,1,NA,NA,"ordinary_fast",32,5,"fresh_oversampled_sketch_per_component",1,NA,NA,TRUE,"linear",1,0.196,0.014,0.21,250.5625,307.6875,332.140625,335.28125,84.71875,"accuracy",0.456712672521957,0.456712672521957,0.305815798394419,NA,3729430,797,"success","","","0.99.39"
"component_path__gtex_v8__simpls__k5__metal__r2","current_release_component_path","gtex_v8","classification","simpls","metal","metal","metal","rsvd","argmax","float64",5,3000,797,1000,32,1002,2,NA,NA,"ordinary_fast",32,5,"fresh_oversampled_sketch_per_component",1,NA,NA,TRUE,"linear",1,0.21,0.013,0.223,253.75,308.796875,333.234375,336.375,82.625,"accuracy",0.456712672521957,0.456712672521957,0.305815798394419,NA,3729430,797,"success","","","0.99.39"
"component_path__gtex_v8__simpls__k5__metal__r3","current_release_component_path","gtex_v8","classification","simpls","metal","metal","metal","rsvd","argmax","float64",5,3000,797,1000,32,1003,3,NA,NA,"ordinary_fast",32,5,"fresh_oversampled_sketch_per_component",1,NA,NA,TRUE,"linear",1,0.195,0.016,0.211,255.109375,310.953125,335.390625,338.59375,83.484375,"accuracy",0.456712672521957,0.456712672521957,0.305815798394419,NA,3729430,797,"success","","","0.99.39"
"component_path__gtex_v8__simpls__k5__metal__r4","current_release_component_path","gtex_v8","classification","simpls","metal","metal","metal","rsvd","argmax","float64",5,3000,797,1000,32,1004,4,NA,NA,"ordinary_fast",32,5,"fresh_oversampled_sketch_per_component",1,NA,NA,TRUE,"linear",1,0.203,0.014,0.217,250.765625,306.390625,330.828125,333.96875,83.203125,"accuracy",0.456712672521957,0.456712672521957,0.305815798394419,NA,3729430,797,"success","","","0.99.39"
"component_path__gtex_v8__simpls__k5__metal__r5","current_release_component_path","gtex_v8","classification","simpls","metal","metal","metal","rsvd","argmax","float64",5,3000,797,1000,32,1005,5,NA,NA,"ordinary_fast",32,5,"fresh_oversampled_sketch_per_component",1,NA,NA,TRUE,"linear",1,0.189,0.015,0.204,251.859375,312.546875,331.0625,335.1875,83.328125,"accuracy",0.456712672521957,0.456712672521957,0.305815798394419,NA,3729430,797,"success","","","0.99.39"
"component_path__metref__kernelpls__k100__cpu__r1","current_release_component_path","metref","classification","kernelpls","cpu",NA,"cpu_flash","rsvd","argmax","float64",100,773,100,375,22,1001,1,NA,NA,"ordinary_fast",32,5,"fresh_oversampled_sketch_per_component",1,NA,NA,TRUE,"linear",1,0.299,0.002,0.301,222.78125,229.515625,229.640625,229.6875,6.90625,"accuracy",0.98,0.98,0.622273654720516,NA,51551,100,"success","","","0.99.39"
"component_path__metref__kernelpls__k100__cpu__r2","current_release_component_path","metref","classification","kernelpls","cpu",NA,"cpu_flash","rsvd","argmax","float64",100,773,100,375,22,1002,2,NA,NA,"ordinary_fast",32,5,"fresh_oversampled_sketch_per_component",1,NA,NA,TRUE,"linear",1,0.298,0.001,0.299,224.125,229.546875,229.859375,230.0625,5.9375,"accuracy",0.98,0.98,0.622273654720562,NA,51551,100,"success","","","0.99.39"
"component_path__metref__kernelpls__k100__cpu__r3","current_release_component_path","metref","classification","kernelpls","cpu",NA,"cpu_flash","rsvd","argmax","float64",100,773,100,375,22,1003,3,NA,NA,"ordinary_fast",32,5,"fresh_oversampled_sketch_per_component",1,NA,NA,TRUE,"linear",1,0.298,0.001,0.299,222.71875,227.8125,227.9375,227.984375,5.265625,"accuracy",0.98,0.98,0.622273654720548,NA,51551,100,"success","","","0.99.39"
"component_path__metref__kernelpls__k100__cpu__r4","current_release_component_path","metref","classification","kernelpls","cpu",NA,"cpu_flash","rsvd","argmax","float64",100,773,100,375,22,1004,4,NA,NA,"ordinary_fast",32,5,"fresh_oversampled_sketch_per_component",1,NA,NA,TRUE,"linear",1,0.298,0.002,0.3,228.859375,229.578125,229.703125,229.75,0.890625,"accuracy",0.98,0.98,0.622273654720532,NA,51551,100,"success","","","0.99.39"
"component_path__metref__kernelpls__k100__cpu__r5","current_release_component_path","metref","classification","kernelpls","cpu",NA,"cpu_flash","rsvd","argmax","float64",100,773,100,375,22,1005,5,NA,NA,"ordinary_fast",32,5,"fresh_oversampled_sketch_per_component",1,NA,NA,TRUE,"linear",1,0.297,0.002,0.299,229.59375,230.59375,230.71875,230.765625,1.171875,"accuracy",0.98,0.98,0.622273654720543,NA,51551,100,"success","","","0.99.39"
"component_path__metref__kernelpls__k100__metal__r1","current_release_component_path","metref","classification","kernelpls","metal","metal","metal","rsvd","argmax","float64",100,773,100,375,22,1001,1,NA,NA,"ordinary_fast",32,5,"fresh_oversampled_sketch_per_component",1,NA,NA,TRUE,"linear",1,0.362,0.00700000000000012,0.369,234.90625,273.59375,273.5,275.0625,40.15625,"accuracy",0.98,0.98,0.622273647322602,NA,51551,100,"success","","","0.99.39"
"component_path__metref__kernelpls__k100__metal__r2","current_release_component_path","metref","classification","kernelpls","metal","metal","metal","rsvd","argmax","float64",100,773,100,375,22,1002,2,NA,NA,"ordinary_fast",32,5,"fresh_oversampled_sketch_per_component",1,NA,NA,TRUE,"linear",1,0.367,0.00500000000000012,0.372,222.796875,273.359375,273.296875,274.34375,51.546875,"accuracy",0.98,0.98,0.622273647322602,NA,51551,100,"success","","","0.99.39"
"component_path__metref__kernelpls__k100__metal__r3","current_release_component_path","metref","classification","kernelpls","metal","metal","metal","rsvd","argmax","float64",100,773,100,375,22,1003,3,NA,NA,"ordinary_fast",32,5,"fresh_oversampled_sketch_per_component",1,NA,NA,TRUE,"linear",1,0.366,0.004,0.37,222.859375,274.140625,274.046875,275.171875,52.3125,"accuracy",0.98,0.98,0.622273647322602,NA,51551,100,"success","","","0.99.39"
"component_path__metref__kernelpls__k100__metal__r4","current_release_component_path","metref","classification","kernelpls","metal","metal","metal","rsvd","argmax","float64",100,773,100,375,22,1004,4,NA,NA,"ordinary_fast",32,5,"fresh_oversampled_sketch_per_component",1,NA,NA,TRUE,"linear",1,0.33,0.00700000000000001,0.337,222.46875,273.390625,273.296875,274.375,51.90625,"accuracy",0.98,0.98,0.622273647322602,NA,51551,100,"success","","","0.99.39"
"component_path__metref__kernelpls__k100__metal__r5","current_release_component_path","metref","classification","kernelpls","metal","metal","metal","rsvd","argmax","float64",100,773,100,375,22,1005,5,NA,NA,"ordinary_fast",32,5,"fresh_oversampled_sketch_per_component",1,NA,NA,TRUE,"linear",1,0.353,0.005,0.358,222.53125,271.3125,271.234375,272.453125,49.921875,"accuracy",0.98,0.98,0.622273647322602,NA,51551,100,"success","","","0.99.39"
"component_path__metref__kernelpls__k10__cpu__r1","current_release_component_path","metref","classification","kernelpls","cpu",NA,"cpu_flash","rsvd","argmax","float64",10,773,100,375,22,1001,1,NA,NA,"ordinary_fast",32,5,"fresh_oversampled_sketch_per_component",1,NA,NA,TRUE,"linear",1,0.036,0.001,0.037,221.234375,224.09375,224.21875,224.28125,3.046875,"accuracy",0.59,0.59,0.157650711077306,NA,54717,100,"success","","","0.99.39"
"component_path__metref__kernelpls__k10__cpu__r2","current_release_component_path","metref","classification","kernelpls","cpu",NA,"cpu_flash","rsvd","argmax","float64",10,773,100,375,22,1002,2,NA,NA,"ordinary_fast",32,5,"fresh_oversampled_sketch_per_component",1,NA,NA,TRUE,"linear",1,0.0369999999999999,0.002,0.0389999999999999,227.75,230.609375,230.734375,230.78125,3.03125,"accuracy",0.59,0.59,0.157650711077306,NA,54717,100,"success","","","0.99.39"
"component_path__metref__kernelpls__k10__cpu__r3","current_release_component_path","metref","classification","kernelpls","cpu",NA,"cpu_flash","rsvd","argmax","float64",10,773,100,375,22,1003,3,NA,NA,"ordinary_fast",32,5,"fresh_oversampled_sketch_per_component",1,NA,NA,TRUE,"linear",1,0.0369999999999999,0.002,0.0389999999999999,226.03125,226.703125,226.84375,226.890625,0.859375,"accuracy",0.59,0.59,0.157650711077306,NA,54717,100,"success","","","0.99.39"
"component_path__metref__kernelpls__k10__cpu__r4","current_release_component_path","metref","classification","kernelpls","cpu",NA,"cpu_flash","rsvd","argmax","float64",10,773,100,375,22,1004,4,NA,NA,"ordinary_fast",32,5,"fresh_oversampled_sketch_per_component",1,NA,NA,TRUE,"linear",1,0.0369999999999999,0.002,0.0389999999999999,220.4375,226.5625,226.6875,226.734375,6.296875,"accuracy",0.59,0.59,0.157650711077306,NA,54717,100,"success","","","0.99.39"
"component_path__metref__kernelpls__k10__cpu__r5","current_release_component_path","metref","classification","kernelpls","cpu",NA,"cpu_flash","rsvd","argmax","float64",10,773,100,375,22,1005,5,NA,NA,"ordinary_fast",32,5,"fresh_oversampled_sketch_per_component",1,NA,NA,TRUE,"linear",1,0.037,0.002,0.039,227.171875,227.875,228,228.046875,0.875,"accuracy",0.59,0.59,0.157650711077307,NA,54717,100,"success","","","0.99.39"
"component_path__metref__kernelpls__k10__metal__r1","current_release_component_path","metref","classification","kernelpls","metal","metal","metal","rsvd","argmax","float64",10,773,100,375,22,1001,1,NA,NA,"ordinary_fast",32,5,"fresh_oversampled_sketch_per_component",1,NA,NA,TRUE,"linear",1,0.102,0.005,0.107,222.796875,236.765625,236.9375,238.140625,15.34375,"accuracy",0.59,0.59,0.157650692692145,NA,54717,100,"success","","","0.99.39"
"component_path__metref__kernelpls__k10__metal__r2","current_release_component_path","metref","classification","kernelpls","metal","metal","metal","rsvd","argmax","float64",10,773,100,375,22,1002,2,NA,NA,"ordinary_fast",32,5,"fresh_oversampled_sketch_per_component",1,NA,NA,TRUE,"linear",1,0.102,0.006,0.108,226.59375,238.53125,238.6875,239.96875,13.375,"accuracy",0.59,0.59,0.157650692692145,NA,54717,100,"success","","","0.99.39"
"component_path__metref__kernelpls__k10__metal__r3","current_release_component_path","metref","classification","kernelpls","metal","metal","metal","rsvd","argmax","float64",10,773,100,375,22,1003,3,NA,NA,"ordinary_fast",32,5,"fresh_oversampled_sketch_per_component",1,NA,NA,TRUE,"linear",1,0.0940000000000001,0.005,0.0990000000000001,224.234375,238.203125,238.359375,239.796875,15.5625,"accuracy",0.59,0.59,0.157650692692145,NA,54717,100,"success","","","0.99.39"
"component_path__metref__kernelpls__k10__metal__r4","current_release_component_path","metref","classification","kernelpls","metal","metal","metal","rsvd","argmax","float64",10,773,100,375,22,1004,4,NA,NA,"ordinary_fast",32,5,"fresh_oversampled_sketch_per_component",1,NA,NA,TRUE,"linear",1,0.101,0.006,0.107,221.296875,234.328125,234.53125,235.96875,14.671875,"accuracy",0.59,0.59,0.157650692692145,NA,54717,100,"success","","","0.99.39"
"component_path__metref__kernelpls__k10__metal__r5","current_release_component_path","metref","classification","kernelpls","metal","metal","metal","rsvd","argmax","float64",10,773,100,375,22,1005,5,NA,NA,"ordinary_fast",32,5,"fresh_oversampled_sketch_per_component",1,NA,NA,TRUE,"linear",1,0.093,0.006,0.099,226.328125,240.25,240.40625,242.125,15.796875,"accuracy",0.59,0.59,0.157650692692145,NA,54717,100,"success","","","0.99.39"
"component_path__metref__kernelpls__k118__cpu__r1","current_release_component_path","metref","classification","kernelpls","cpu",NA,"cpu_flash","rsvd","argmax","float64",118,773,100,375,22,1001,1,NA,NA,"ordinary_fast",32,5,"fresh_oversampled_sketch_per_component",1,NA,NA,TRUE,"linear",1,0.35,0.002,0.352,224.421875,227.578125,227.703125,227.765625,3.34375,"accuracy",0.97,0.97,0.619137562659462,NA,52112,100,"success","","","0.99.39"
"component_path__metref__kernelpls__k118__cpu__r2","current_release_component_path","metref","classification","kernelpls","cpu",NA,"cpu_flash","rsvd","argmax","float64",118,773,100,375,22,1002,2,NA,NA,"ordinary_fast",32,5,"fresh_oversampled_sketch_per_component",1,NA,NA,TRUE,"linear",1,0.349,0.002,0.351,225.328125,230.40625,230.53125,230.625,5.296875,"accuracy",0.97,0.97,0.619137562659453,NA,52112,100,"success","","","0.99.39"
"component_path__metref__kernelpls__k118__cpu__r3","current_release_component_path","metref","classification","kernelpls","cpu",NA,"cpu_flash","rsvd","argmax","float64",118,773,100,375,22,1003,3,NA,NA,"ordinary_fast",32,5,"fresh_oversampled_sketch_per_component",1,NA,NA,TRUE,"linear",1,0.351,0.002,0.353,226.15625,231.3125,231.4375,231.484375,5.328125,"accuracy",0.97,0.97,0.619137562659391,NA,52112,100,"success","","","0.99.39"
"component_path__metref__kernelpls__k118__cpu__r4","current_release_component_path","metref","classification","kernelpls","cpu",NA,"cpu_flash","rsvd","argmax","float64",118,773,100,375,22,1004,4,NA,NA,"ordinary_fast",32,5,"fresh_oversampled_sketch_per_component",1,NA,NA,TRUE,"linear",1,0.35,0.002,0.352,223.203125,224.046875,224.171875,224.21875,1.015625,"accuracy",0.97,0.97,0.619137562659342,NA,52112,100,"success","","","0.99.39"
"component_path__metref__kernelpls__k118__cpu__r5","current_release_component_path","metref","classification","kernelpls","cpu",NA,"cpu_flash","rsvd","argmax","float64",118,773,100,375,22,1005,5,NA,NA,"ordinary_fast",32,5,"fresh_oversampled_sketch_per_component",1,NA,NA,TRUE,"linear",1,0.35,0.002,0.352,227.59375,228.28125,228.40625,228.53125,0.9375,"accuracy",0.97,0.97,0.619137562659318,NA,52112,100,"success","","","0.99.39"
"component_path__metref__kernelpls__k118__metal__r1","current_release_component_path","metref","classification","kernelpls","metal","metal","metal","rsvd","argmax","float64",118,773,100,375,22,1001,1,NA,NA,"ordinary_fast",32,5,"fresh_oversampled_sketch_per_component",1,NA,NA,TRUE,"linear",1,0.418,0.006,0.424,223.125,274,273.890625,275.6875,52.5625,"accuracy",0.97,0.97,0.619137923381873,NA,52112,100,"success","","","0.99.39"
"component_path__metref__kernelpls__k118__metal__r2","current_release_component_path","metref","classification","kernelpls","metal","metal","metal","rsvd","argmax","float64",118,773,100,375,22,1002,2,NA,NA,"ordinary_fast",32,5,"fresh_oversampled_sketch_per_component",1,NA,NA,TRUE,"linear",1,0.398,0.006,0.404,227.53125,274.015625,273.921875,275.65625,48.125,"accuracy",0.97,0.97,0.619137923381873,NA,52112,100,"success","","","0.99.39"
"component_path__metref__kernelpls__k118__metal__r3","current_release_component_path","metref","classification","kernelpls","metal","metal","metal","rsvd","argmax","float64",118,773,100,375,22,1003,3,NA,NA,"ordinary_fast",32,5,"fresh_oversampled_sketch_per_component",1,NA,NA,TRUE,"linear",1,0.417,0.00299999999999989,0.42,227.375,271.71875,271.609375,273.546875,46.171875,"accuracy",0.97,0.97,0.619137923381873,NA,52112,100,"success","","","0.99.39"
"component_path__metref__kernelpls__k118__metal__r4","current_release_component_path","metref","classification","kernelpls","metal","metal","metal","rsvd","argmax","float64",118,773,100,375,22,1004,4,NA,NA,"ordinary_fast",32,5,"fresh_oversampled_sketch_per_component",1,NA,NA,TRUE,"linear",1,0.385,0.00300000000000011,0.388,221.484375,268.21875,268.109375,269.859375,48.375,"accuracy",0.97,0.97,0.619137923381873,NA,52112,100,"success","","","0.99.39"
"component_path__metref__kernelpls__k118__metal__r5","current_release_component_path","metref","classification","kernelpls","metal","metal","metal","rsvd","argmax","float64",118,773,100,375,22,1005,5,NA,NA,"ordinary_fast",32,5,"fresh_oversampled_sketch_per_component",1,NA,NA,TRUE,"linear",1,0.372,0.003,0.375,221.421875,270.671875,270.5625,272.390625,50.96875,"accuracy",0.97,0.97,0.619137923381873,NA,52112,100,"success","","","0.99.39"
"component_path__metref__kernelpls__k150__cpu__r1","current_release_component_path","metref","classification","kernelpls","cpu",NA,"cpu_flash","rsvd","argmax","float64",150,773,100,375,22,1001,1,NA,NA,"ordinary_fast",32,5,"fresh_oversampled_sketch_per_component",1,NA,NA,TRUE,"linear",1,0.442,0.00099999999999989,0.443,220.890625,223.828125,223.953125,224,3.109375,"accuracy",0.96,0.96,0.609111910046092,NA,52340,100,"success","","","0.99.39"
"component_path__metref__kernelpls__k150__cpu__r2","current_release_component_path","metref","classification","kernelpls","cpu",NA,"cpu_flash","rsvd","argmax","float64",150,773,100,375,22,1002,2,NA,NA,"ordinary_fast",32,5,"fresh_oversampled_sketch_per_component",1,NA,NA,TRUE,"linear",1,0.442,0.00099999999999989,0.443,220.234375,223.5625,223.6875,223.734375,3.5,"accuracy",0.96,0.96,0.609111910045583,NA,52340,100,"success","","","0.99.39"
"component_path__metref__kernelpls__k150__cpu__r3","current_release_component_path","metref","classification","kernelpls","cpu",NA,"cpu_flash","rsvd","argmax","float64",150,773,100,375,22,1003,3,NA,NA,"ordinary_fast",32,5,"fresh_oversampled_sketch_per_component",1,NA,NA,TRUE,"linear",1,0.444,0.002,0.446,227.203125,232.359375,232.8125,232.875,5.671875,"accuracy",0.96,0.96,0.609111910043997,NA,52340,100,"success","","","0.99.39"
"component_path__metref__kernelpls__k150__cpu__r4","current_release_component_path","metref","classification","kernelpls","cpu",NA,"cpu_flash","rsvd","argmax","float64",150,773,100,375,22,1004,4,NA,NA,"ordinary_fast",32,5,"fresh_oversampled_sketch_per_component",1,NA,NA,TRUE,"linear",1,0.443,0.002,0.445,224.890625,225.53125,225.65625,225.703125,0.8125,"accuracy",0.96,0.96,0.60911191004491,NA,52340,100,"success","","","0.99.39"
"component_path__metref__kernelpls__k150__cpu__r5","current_release_component_path","metref","classification","kernelpls","cpu",NA,"cpu_flash","rsvd","argmax","float64",150,773,100,375,22,1005,5,NA,NA,"ordinary_fast",32,5,"fresh_oversampled_sketch_per_component",1,NA,NA,TRUE,"linear",1,0.442,0.002,0.444,226.234375,229.265625,229.40625,229.546875,3.3125,"accuracy",0.96,0.96,0.60911191004545,NA,52340,100,"success","","","0.99.39"
"component_path__metref__kernelpls__k150__metal__r1","current_release_component_path","metref","classification","kernelpls","metal","metal","metal","rsvd","argmax","float64",150,773,100,375,22,1001,1,NA,NA,"ordinary_fast",32,5,"fresh_oversampled_sketch_per_component",1,NA,NA,TRUE,"linear",1,0.467,0.00299999999999989,0.47,224.234375,281.015625,280.90625,282.671875,58.4375,"accuracy",0.96,0.96,0.609112378865915,NA,52340,100,"success","","","0.99.39"
"component_path__metref__kernelpls__k150__metal__r2","current_release_component_path","metref","classification","kernelpls","metal","metal","metal","rsvd","argmax","float64",150,773,100,375,22,1002,2,NA,NA,"ordinary_fast",32,5,"fresh_oversampled_sketch_per_component",1,NA,NA,TRUE,"linear",1,0.518,0.00500000000000012,0.523,225.25,280.140625,280.03125,281.828125,56.578125,"accuracy",0.96,0.96,0.609112378865915,NA,52340,100,"success","","","0.99.39"
"component_path__metref__kernelpls__k150__metal__r3","current_release_component_path","metref","classification","kernelpls","metal","metal","metal","rsvd","argmax","float64",150,773,100,375,22,1003,3,NA,NA,"ordinary_fast",32,5,"fresh_oversampled_sketch_per_component",1,NA,NA,TRUE,"linear",1,0.474,0.006,0.48,222.296875,279.265625,279.140625,281,58.703125,"accuracy",0.96,0.96,0.609112378865915,NA,52340,100,"success","","","0.99.39"
"component_path__metref__kernelpls__k150__metal__r4","current_release_component_path","metref","classification","kernelpls","metal","metal","metal","rsvd","argmax","float64",150,773,100,375,22,1004,4,NA,NA,"ordinary_fast",32,5,"fresh_oversampled_sketch_per_component",1,NA,NA,TRUE,"linear",1,0.484,0.00700000000000012,0.491,221.40625,271.515625,271.390625,273.265625,51.859375,"accuracy",0.96,0.96,0.609112378865915,NA,52340,100,"success","","","0.99.39"
"component_path__metref__kernelpls__k150__metal__r5","current_release_component_path","metref","classification","kernelpls","metal","metal","metal","rsvd","argmax","float64",150,773,100,375,22,1005,5,NA,NA,"ordinary_fast",32,5,"fresh_oversampled_sketch_per_component",1,NA,NA,TRUE,"linear",1,0.472,0.00299999999999989,0.475,226.59375,276.890625,276.765625,278.03125,51.4375,"accuracy",0.96,0.96,0.609112378865915,NA,52340,100,"success","","","0.99.39"
"component_path__metref__kernelpls__k1__cpu__r1","current_release_component_path","metref","classification","kernelpls","cpu",NA,"cpu_flash","rsvd","argmax","float64",1,773,100,375,22,1001,1,NA,NA,"ordinary_fast",32,5,"fresh_oversampled_sketch_per_component",1,NA,NA,TRUE,"linear",1,0.0099999999999999,0.002,0.0119999999999999,228.296875,233.390625,233.515625,233.5625,5.265625,"accuracy",0.12,0.12,0.0358588585244928,NA,33489,100,"success","","","0.99.39"
"component_path__metref__kernelpls__k1__cpu__r2","current_release_component_path","metref","classification","kernelpls","cpu",NA,"cpu_flash","rsvd","argmax","float64",1,773,100,375,22,1002,2,NA,NA,"ordinary_fast",32,5,"fresh_oversampled_sketch_per_component",1,NA,NA,TRUE,"linear",1,0.0109999999999999,0.002,0.0129999999999999,229.40625,232.28125,232.40625,232.515625,3.109375,"accuracy",0.12,0.12,0.0358588585244928,NA,33489,100,"success","","","0.99.39"
"component_path__metref__kernelpls__k1__cpu__r3","current_release_component_path","metref","classification","kernelpls","cpu",NA,"cpu_flash","rsvd","argmax","float64",1,773,100,375,22,1003,3,NA,NA,"ordinary_fast",32,5,"fresh_oversampled_sketch_per_component",1,NA,NA,TRUE,"linear",1,0.011,0.002,0.013,222.765625,225.71875,226.15625,226.328125,3.5625,"accuracy",0.12,0.12,0.0358588585244928,NA,33489,100,"success","","","0.99.39"
"component_path__metref__kernelpls__k1__cpu__r4","current_release_component_path","metref","classification","kernelpls","cpu",NA,"cpu_flash","rsvd","argmax","float64",1,773,100,375,22,1004,4,NA,NA,"ordinary_fast",32,5,"fresh_oversampled_sketch_per_component",1,NA,NA,TRUE,"linear",1,0.0099999999999999,0.002,0.0119999999999999,224.609375,225.359375,225.484375,225.53125,0.921875,"accuracy",0.12,0.12,0.0358588585244928,NA,33489,100,"success","","","0.99.39"
"component_path__metref__kernelpls__k1__cpu__r5","current_release_component_path","metref","classification","kernelpls","cpu",NA,"cpu_flash","rsvd","argmax","float64",1,773,100,375,22,1005,5,NA,NA,"ordinary_fast",32,5,"fresh_oversampled_sketch_per_component",1,NA,NA,TRUE,"linear",1,0.01,0.002,0.012,223.34375,229.125,229.25,229.296875,5.953125,"accuracy",0.12,0.12,0.0358588585244929,NA,33489,100,"success","","","0.99.39"
"component_path__metref__kernelpls__k1__metal__r1","current_release_component_path","metref","classification","kernelpls","metal","metal","metal","rsvd","argmax","float64",1,773,100,375,22,1001,1,NA,NA,"ordinary_fast",32,5,"fresh_oversampled_sketch_per_component",1,NA,NA,TRUE,"linear",1,0.0609999999999999,0.004,0.065,221.609375,232.875,233.90625,234.8125,13.203125,"accuracy",0.12,0.12,0.0358588596855376,NA,33489,100,"success","","","0.99.39"
"component_path__metref__kernelpls__k1__metal__r2","current_release_component_path","metref","classification","kernelpls","metal","metal","metal","rsvd","argmax","float64",1,773,100,375,22,1002,2,NA,NA,"ordinary_fast",32,5,"fresh_oversampled_sketch_per_component",1,NA,NA,TRUE,"linear",1,0.058,0.003,0.061,223.375,234.21875,234.375,236.140625,12.765625,"accuracy",0.12,0.12,0.0358588596855376,NA,33489,100,"success","","","0.99.39"
"component_path__metref__kernelpls__k1__metal__r3","current_release_component_path","metref","classification","kernelpls","metal","metal","metal","rsvd","argmax","float64",1,773,100,375,22,1003,3,NA,NA,"ordinary_fast",32,5,"fresh_oversampled_sketch_per_component",1,NA,NA,TRUE,"linear",1,0.0589999999999999,0.002,0.0609999999999999,223.453125,236.84375,237.3125,238.640625,15.1875,"accuracy",0.12,0.12,0.0358588596855376,NA,33489,100,"success","","","0.99.39"
"component_path__metref__kernelpls__k1__metal__r4","current_release_component_path","metref","classification","kernelpls","metal","metal","metal","rsvd","argmax","float64",1,773,100,375,22,1004,4,NA,NA,"ordinary_fast",32,5,"fresh_oversampled_sketch_per_component",1,NA,NA,TRUE,"linear",1,0.0640000000000001,0.003,0.0670000000000001,227.671875,238.703125,238.84375,240.640625,12.96875,"accuracy",0.12,0.12,0.0358588596855376,NA,33489,100,"success","","","0.99.39"
"component_path__metref__kernelpls__k1__metal__r5","current_release_component_path","metref","classification","kernelpls","metal","metal","metal","rsvd","argmax","float64",1,773,100,375,22,1005,5,NA,NA,"ordinary_fast",32,5,"fresh_oversampled_sketch_per_component",1,NA,NA,TRUE,"linear",1,0.0609999999999999,0.005,0.066,224.765625,233.25,233.6875,235.1875,10.421875,"accuracy",0.12,0.12,0.0358588596855376,NA,33489,100,"success","","","0.99.39"
"component_path__metref__kernelpls__k22__cpu__r1","current_release_component_path","metref","classification","kernelpls","cpu",NA,"cpu_flash","rsvd","argmax","float64",22,773,100,375,22,1001,1,NA,NA,"ordinary_fast",32,5,"fresh_oversampled_sketch_per_component",1,NA,NA,TRUE,"linear",1,0.072,0.002,0.074,221.484375,222.59375,222.71875,222.765625,1.28125,"accuracy",0.77,0.77,0.270792198689438,NA,50137,100,"success","","","0.99.39"
"component_path__metref__kernelpls__k22__cpu__r2","current_release_component_path","metref","classification","kernelpls","cpu",NA,"cpu_flash","rsvd","argmax","float64",22,773,100,375,22,1002,2,NA,NA,"ordinary_fast",32,5,"fresh_oversampled_sketch_per_component",1,NA,NA,TRUE,"linear",1,0.0710000000000001,0.002,0.0730000000000001,223.109375,226.125,226.265625,226.3125,3.203125,"accuracy",0.77,0.77,0.270792198689438,NA,50137,100,"success","","","0.99.39"
"component_path__metref__kernelpls__k22__cpu__r3","current_release_component_path","metref","classification","kernelpls","cpu",NA,"cpu_flash","rsvd","argmax","float64",22,773,100,375,22,1003,3,NA,NA,"ordinary_fast",32,5,"fresh_oversampled_sketch_per_component",1,NA,NA,TRUE,"linear",1,0.071,0.002,0.073,226.03125,226.71875,226.84375,226.90625,0.875,"accuracy",0.77,0.77,0.270792198689439,NA,50137,100,"success","","","0.99.39"
"component_path__metref__kernelpls__k22__cpu__r4","current_release_component_path","metref","classification","kernelpls","cpu",NA,"cpu_flash","rsvd","argmax","float64",22,773,100,375,22,1004,4,NA,NA,"ordinary_fast",32,5,"fresh_oversampled_sketch_per_component",1,NA,NA,TRUE,"linear",1,0.071,0.002,0.073,220.84375,221.546875,221.671875,221.71875,0.875,"accuracy",0.77,0.77,0.270792198689438,NA,50137,100,"success","","","0.99.39"
"component_path__metref__kernelpls__k22__cpu__r5","current_release_component_path","metref","classification","kernelpls","cpu",NA,"cpu_flash","rsvd","argmax","float64",22,773,100,375,22,1005,5,NA,NA,"ordinary_fast",32,5,"fresh_oversampled_sketch_per_component",1,NA,NA,TRUE,"linear",1,0.072,0.002,0.074,222.59375,227.671875,227.796875,227.84375,5.25,"accuracy",0.77,0.77,0.270792198689438,NA,50137,100,"success","","","0.99.39"
"component_path__metref__kernelpls__k22__metal__r1","current_release_component_path","metref","classification","kernelpls","metal","metal","metal","rsvd","argmax","float64",22,773,100,375,22,1001,1,NA,NA,"ordinary_fast",32,5,"fresh_oversampled_sketch_per_component",1,NA,NA,TRUE,"linear",1,0.147,0.004,0.151,227.375,243.109375,243.265625,243.828125,16.453125,"accuracy",0.77,0.77,0.270792202766231,NA,50137,100,"success","","","0.99.39"
"component_path__metref__kernelpls__k22__metal__r2","current_release_component_path","metref","classification","kernelpls","metal","metal","metal","rsvd","argmax","float64",22,773,100,375,22,1002,2,NA,NA,"ordinary_fast",32,5,"fresh_oversampled_sketch_per_component",1,NA,NA,TRUE,"linear",1,0.167,0.00700000000000001,0.174,224.265625,240.28125,240.4375,241.796875,17.53125,"accuracy",0.77,0.77,0.270792202766231,NA,50137,100,"success","","","0.99.39"
"component_path__metref__kernelpls__k22__metal__r3","current_release_component_path","metref","classification","kernelpls","metal","metal","metal","rsvd","argmax","float64",22,773,100,375,22,1003,3,NA,NA,"ordinary_fast",32,5,"fresh_oversampled_sketch_per_component",1,NA,NA,TRUE,"linear",1,0.136,0.005,0.141,224.609375,240.703125,240.890625,241.640625,17.03125,"accuracy",0.77,0.77,0.270792202766231,NA,50137,100,"success","","","0.99.39"
"component_path__metref__kernelpls__k22__metal__r4","current_release_component_path","metref","classification","kernelpls","metal","metal","metal","rsvd","argmax","float64",22,773,100,375,22,1004,4,NA,NA,"ordinary_fast",32,5,"fresh_oversampled_sketch_per_component",1,NA,NA,TRUE,"linear",1,0.159,0.005,0.164,221.859375,237.40625,237.453125,238.4375,16.578125,"accuracy",0.77,0.77,0.270792202766231,NA,50137,100,"success","","","0.99.39"
"component_path__metref__kernelpls__k22__metal__r5","current_release_component_path","metref","classification","kernelpls","metal","metal","metal","rsvd","argmax","float64",22,773,100,375,22,1005,5,NA,NA,"ordinary_fast",32,5,"fresh_oversampled_sketch_per_component",1,NA,NA,TRUE,"linear",1,0.155,0.006,0.161,227.4375,241.171875,241.34375,242.421875,14.984375,"accuracy",0.77,0.77,0.270792202766231,NA,50137,100,"success","","","0.99.39"
"component_path__metref__kernelpls__k2__cpu__r1","current_release_component_path","metref","classification","kernelpls","cpu",NA,"cpu_flash","rsvd","argmax","float64",2,773,100,375,22,1001,1,NA,NA,"ordinary_fast",32,5,"fresh_oversampled_sketch_per_component",1,NA,NA,TRUE,"linear",1,0.014,0.002,0.016,223.734375,229.046875,229.171875,229.328125,5.59375,"accuracy",0.13,0.13,0.0393588724678124,NA,36140,100,"success","","","0.99.39"
"component_path__metref__kernelpls__k2__cpu__r2","current_release_component_path","metref","classification","kernelpls","cpu",NA,"cpu_flash","rsvd","argmax","float64",2,773,100,375,22,1002,2,NA,NA,"ordinary_fast",32,5,"fresh_oversampled_sketch_per_component",1,NA,NA,TRUE,"linear",1,0.0129999999999999,0.002,0.0149999999999999,222.578125,228.28125,228.40625,228.5625,5.984375,"accuracy",0.13,0.13,0.0393588724678126,NA,36140,100,"success","","","0.99.39"
"component_path__metref__kernelpls__k2__cpu__r3","current_release_component_path","metref","classification","kernelpls","cpu",NA,"cpu_flash","rsvd","argmax","float64",2,773,100,375,22,1003,3,NA,NA,"ordinary_fast",32,5,"fresh_oversampled_sketch_per_component",1,NA,NA,TRUE,"linear",1,0.013,0.002,0.015,228.953125,234.078125,234.203125,234.25,5.296875,"accuracy",0.13,0.13,0.0393588724678122,NA,36140,100,"success","","","0.99.39"
"component_path__metref__kernelpls__k2__cpu__r4","current_release_component_path","metref","classification","kernelpls","cpu",NA,"cpu_flash","rsvd","argmax","float64",2,773,100,375,22,1004,4,NA,NA,"ordinary_fast",32,5,"fresh_oversampled_sketch_per_component",1,NA,NA,TRUE,"linear",1,0.0139999999999999,0.002,0.0159999999999999,221.265625,224.25,224.375,224.421875,3.15625,"accuracy",0.13,0.13,0.0393588724678124,NA,36140,100,"success","","","0.99.39"
"component_path__metref__kernelpls__k2__cpu__r5","current_release_component_path","metref","classification","kernelpls","cpu",NA,"cpu_flash","rsvd","argmax","float64",2,773,100,375,22,1005,5,NA,NA,"ordinary_fast",32,5,"fresh_oversampled_sketch_per_component",1,NA,NA,TRUE,"linear",1,0.013,0.002,0.015,221.890625,224.75,224.875,224.921875,3.03125,"accuracy",0.13,0.13,0.0393588724678124,NA,36140,100,"success","","","0.99.39"
"component_path__metref__kernelpls__k2__metal__r1","current_release_component_path","metref","classification","kernelpls","metal","metal","metal","rsvd","argmax","float64",2,773,100,375,22,1001,1,NA,NA,"ordinary_fast",32,5,"fresh_oversampled_sketch_per_component",1,NA,NA,TRUE,"linear",1,0.0800000000000001,0.003,0.0830000000000001,228.84375,237.34375,237.46875,240.296875,11.453125,"accuracy",0.13,0.13,0.0393588740340274,NA,36140,100,"success","","","0.99.39"
"component_path__metref__kernelpls__k2__metal__r2","current_release_component_path","metref","classification","kernelpls","metal","metal","metal","rsvd","argmax","float64",2,773,100,375,22,1002,2,NA,NA,"ordinary_fast",32,5,"fresh_oversampled_sketch_per_component",1,NA,NA,TRUE,"linear",1,0.0700000000000001,0.005,0.0750000000000001,222.109375,231.875,232,233.890625,11.78125,"accuracy",0.13,0.13,0.0393588740340274,NA,36140,100,"success","","","0.99.39"
"component_path__metref__kernelpls__k2__metal__r3","current_release_component_path","metref","classification","kernelpls","metal","metal","metal","rsvd","argmax","float64",2,773,100,375,22,1003,3,NA,NA,"ordinary_fast",32,5,"fresh_oversampled_sketch_per_component",1,NA,NA,TRUE,"linear",1,0.0660000000000001,0.00700000000000001,0.0730000000000001,228.1875,241.359375,241.484375,243.390625,15.203125,"accuracy",0.13,0.13,0.0393588740340274,NA,36140,100,"success","","","0.99.39"
"component_path__metref__kernelpls__k2__metal__r4","current_release_component_path","metref","classification","kernelpls","metal","metal","metal","rsvd","argmax","float64",2,773,100,375,22,1004,4,NA,NA,"ordinary_fast",32,5,"fresh_oversampled_sketch_per_component",1,NA,NA,TRUE,"linear",1,0.068,0.004,0.072,218.546875,232.078125,232.21875,234.109375,15.5625,"accuracy",0.13,0.13,0.0393588740340274,NA,36140,100,"success","","","0.99.39"
"component_path__metref__kernelpls__k2__metal__r5","current_release_component_path","metref","classification","kernelpls","metal","metal","metal","rsvd","argmax","float64",2,773,100,375,22,1005,5,NA,NA,"ordinary_fast",32,5,"fresh_oversampled_sketch_per_component",1,NA,NA,TRUE,"linear",1,0.066,0.003,0.069,228.53125,237.328125,237.453125,239.109375,10.578125,"accuracy",0.13,0.13,0.0393588740340274,NA,36140,100,"success","","","0.99.39"
"component_path__metref__kernelpls__k50__cpu__r1","current_release_component_path","metref","classification","kernelpls","cpu",NA,"cpu_flash","rsvd","argmax","float64",50,773,100,375,22,1001,1,NA,NA,"ordinary_fast",32,5,"fresh_oversampled_sketch_per_component",1,NA,NA,TRUE,"linear",1,0.152,0.001,0.153,221.828125,227.296875,227.421875,227.484375,5.65625,"accuracy",0.95,0.95,0.491368877000392,NA,50557,100,"success","","","0.99.39"
"component_path__metref__kernelpls__k50__cpu__r2","current_release_component_path","metref","classification","kernelpls","cpu",NA,"cpu_flash","rsvd","argmax","float64",50,773,100,375,22,1002,2,NA,NA,"ordinary_fast",32,5,"fresh_oversampled_sketch_per_component",1,NA,NA,TRUE,"linear",1,0.153,0.002,0.155,222.890625,225.796875,225.921875,225.96875,3.078125,"accuracy",0.95,0.95,0.491368877000392,NA,50557,100,"success","","","0.99.39"
"component_path__metref__kernelpls__k50__cpu__r3","current_release_component_path","metref","classification","kernelpls","cpu",NA,"cpu_flash","rsvd","argmax","float64",50,773,100,375,22,1003,3,NA,NA,"ordinary_fast",32,5,"fresh_oversampled_sketch_per_component",1,NA,NA,TRUE,"linear",1,0.153,0.002,0.155,227.96875,230.875,231,231.09375,3.125,"accuracy",0.95,0.95,0.49136887700039,NA,50557,100,"success","","","0.99.39"
"component_path__metref__kernelpls__k50__cpu__r4","current_release_component_path","metref","classification","kernelpls","cpu",NA,"cpu_flash","rsvd","argmax","float64",50,773,100,375,22,1004,4,NA,NA,"ordinary_fast",32,5,"fresh_oversampled_sketch_per_component",1,NA,NA,TRUE,"linear",1,0.152,0.001,0.153,223.25,226.109375,226.234375,226.28125,3.03125,"accuracy",0.95,0.95,0.491368877000392,NA,50557,100,"success","","","0.99.39"
"component_path__metref__kernelpls__k50__cpu__r5","current_release_component_path","metref","classification","kernelpls","cpu",NA,"cpu_flash","rsvd","argmax","float64",50,773,100,375,22,1005,5,NA,NA,"ordinary_fast",32,5,"fresh_oversampled_sketch_per_component",1,NA,NA,TRUE,"linear",1,0.153,0.002,0.155,222.625,225.515625,225.640625,225.796875,3.171875,"accuracy",0.95,0.95,0.491368877000392,NA,50557,100,"success","","","0.99.39"
"component_path__metref__kernelpls__k50__metal__r1","current_release_component_path","metref","classification","kernelpls","metal","metal","metal","rsvd","argmax","float64",50,773,100,375,22,1001,1,NA,NA,"ordinary_fast",32,5,"fresh_oversampled_sketch_per_component",1,NA,NA,TRUE,"linear",1,0.245,0.006,0.251,221.5625,253.40625,253.390625,254.546875,32.984375,"accuracy",0.95,0.95,0.491369134669364,NA,50557,100,"success","","","0.99.39"
"component_path__metref__kernelpls__k50__metal__r2","current_release_component_path","metref","classification","kernelpls","metal","metal","metal","rsvd","argmax","float64",50,773,100,375,22,1002,2,NA,NA,"ordinary_fast",32,5,"fresh_oversampled_sketch_per_component",1,NA,NA,TRUE,"linear",1,0.25,0.006,0.256,221.140625,253.4375,253.421875,254.515625,33.375,"accuracy",0.95,0.95,0.491369134669364,NA,50557,100,"success","","","0.99.39"
"component_path__metref__kernelpls__k50__metal__r3","current_release_component_path","metref","classification","kernelpls","metal","metal","metal","rsvd","argmax","float64",50,773,100,375,22,1003,3,NA,NA,"ordinary_fast",32,5,"fresh_oversampled_sketch_per_component",1,NA,NA,TRUE,"linear",1,0.248,0.00700000000000001,0.255,218.6875,253.15625,253.203125,253.9375,35.25,"accuracy",0.95,0.95,0.491369134669364,NA,50557,100,"success","","","0.99.39"
"component_path__metref__kernelpls__k50__metal__r4","current_release_component_path","metref","classification","kernelpls","metal","metal","metal","rsvd","argmax","float64",50,773,100,375,22,1004,4,NA,NA,"ordinary_fast",32,5,"fresh_oversampled_sketch_per_component",1,NA,NA,TRUE,"linear",1,0.228,0.003,0.231,225.15625,254.46875,254.453125,255.140625,29.984375,"accuracy",0.95,0.95,0.491369134669364,NA,50557,100,"success","","","0.99.39"
"component_path__metref__kernelpls__k50__metal__r5","current_release_component_path","metref","classification","kernelpls","metal","metal","metal","rsvd","argmax","float64",50,773,100,375,22,1005,5,NA,NA,"ordinary_fast",32,5,"fresh_oversampled_sketch_per_component",1,NA,NA,TRUE,"linear",1,0.245,0.003,0.248,229.109375,256.765625,256.765625,257.390625,28.28125,"accuracy",0.95,0.95,0.491369134669364,NA,50557,100,"success","","","0.99.39"
"component_path__metref__kernelpls__k5__cpu__r1","current_release_component_path","metref","classification","kernelpls","cpu",NA,"cpu_flash","rsvd","argmax","float64",5,773,100,375,22,1001,1,NA,NA,"ordinary_fast",32,5,"fresh_oversampled_sketch_per_component",1,NA,NA,TRUE,"linear",1,0.023,0.002,0.025,223,228.078125,228.203125,228.25,5.25,"accuracy",0.39,0.39,0.0899445568210402,NA,56930,100,"success","","","0.99.39"
"component_path__metref__kernelpls__k5__cpu__r2","current_release_component_path","metref","classification","kernelpls","cpu",NA,"cpu_flash","rsvd","argmax","float64",5,773,100,375,22,1002,2,NA,NA,"ordinary_fast",32,5,"fresh_oversampled_sketch_per_component",1,NA,NA,TRUE,"linear",1,0.022,0.002,0.024,222.78125,223.828125,223.953125,224,1.21875,"accuracy",0.39,0.39,0.08994455682104,NA,56930,100,"success","","","0.99.39"
"component_path__metref__kernelpls__k5__cpu__r3","current_release_component_path","metref","classification","kernelpls","cpu",NA,"cpu_flash","rsvd","argmax","float64",5,773,100,375,22,1003,3,NA,NA,"ordinary_fast",32,5,"fresh_oversampled_sketch_per_component",1,NA,NA,TRUE,"linear",1,0.022,0.002,0.024,232,233.0625,233.1875,233.234375,1.234375,"accuracy",0.39,0.39,0.08994455682104,NA,56930,100,"success","","","0.99.39"
"component_path__metref__kernelpls__k5__cpu__r4","current_release_component_path","metref","classification","kernelpls","cpu",NA,"cpu_flash","rsvd","argmax","float64",5,773,100,375,22,1004,4,NA,NA,"ordinary_fast",32,5,"fresh_oversampled_sketch_per_component",1,NA,NA,TRUE,"linear",1,0.022,0.002,0.024,224.140625,227.28125,227.40625,227.453125,3.3125,"accuracy",0.39,0.39,0.0899445568210402,NA,56930,100,"success","","","0.99.39"
"component_path__metref__kernelpls__k5__cpu__r5","current_release_component_path","metref","classification","kernelpls","cpu",NA,"cpu_flash","rsvd","argmax","float64",5,773,100,375,22,1005,5,NA,NA,"ordinary_fast",32,5,"fresh_oversampled_sketch_per_component",1,NA,NA,TRUE,"linear",1,0.022,0.002,0.024,222.671875,225.6875,225.8125,225.890625,3.21875,"accuracy",0.39,0.39,0.0899445568210402,NA,56930,100,"success","","","0.99.39"
"component_path__metref__kernelpls__k5__metal__r1","current_release_component_path","metref","classification","kernelpls","metal","metal","metal","rsvd","argmax","float64",5,773,100,375,22,1001,1,NA,NA,"ordinary_fast",32,5,"fresh_oversampled_sketch_per_component",1,NA,NA,TRUE,"linear",1,0.0760000000000001,0.004,0.0800000000000001,225.671875,238.25,238.46875,239.625,13.953125,"accuracy",0.39,0.39,0.0899445575701344,NA,56930,100,"success","","","0.99.39"
"component_path__metref__kernelpls__k5__metal__r2","current_release_component_path","metref","classification","kernelpls","metal","metal","metal","rsvd","argmax","float64",5,773,100,375,22,1002,2,NA,NA,"ordinary_fast",32,5,"fresh_oversampled_sketch_per_component",1,NA,NA,TRUE,"linear",1,0.0880000000000001,0.005,0.0930000000000001,228.265625,237.1875,237.328125,239.171875,10.90625,"accuracy",0.39,0.39,0.0899445575701344,NA,56930,100,"success","","","0.99.39"
"component_path__metref__kernelpls__k5__metal__r3","current_release_component_path","metref","classification","kernelpls","metal","metal","metal","rsvd","argmax","float64",5,773,100,375,22,1003,3,NA,NA,"ordinary_fast",32,5,"fresh_oversampled_sketch_per_component",1,NA,NA,TRUE,"linear",1,0.0740000000000001,0.003,0.0770000000000001,221.9375,234.234375,234.359375,236.25,14.3125,"accuracy",0.39,0.39,0.0899445575701344,NA,56930,100,"success","","","0.99.39"
"component_path__metref__kernelpls__k5__metal__r4","current_release_component_path","metref","classification","kernelpls","metal","metal","metal","rsvd","argmax","float64",5,773,100,375,22,1004,4,NA,NA,"ordinary_fast",32,5,"fresh_oversampled_sketch_per_component",1,NA,NA,TRUE,"linear",1,0.071,0.005,0.076,224.46875,235.828125,235.953125,237.765625,13.296875,"accuracy",0.39,0.39,0.0899445575701344,NA,56930,100,"success","","","0.99.39"
"component_path__metref__kernelpls__k5__metal__r5","current_release_component_path","metref","classification","kernelpls","metal","metal","metal","rsvd","argmax","float64",5,773,100,375,22,1005,5,NA,NA,"ordinary_fast",32,5,"fresh_oversampled_sketch_per_component",1,NA,NA,TRUE,"linear",1,0.0770000000000001,0.003,0.0800000000000001,223.953125,232.640625,232.765625,234.65625,10.703125,"accuracy",0.39,0.39,0.0899445575701344,NA,56930,100,"success","","","0.99.39"
"component_path__metref__opls__k100__cpu__r1","current_release_component_path","metref","classification","opls","cpu",NA,NA,"rsvd","argmax","float64",100,773,100,375,22,1001,1,NA,NA,"ordinary_fast",32,5,"fresh_oversampled_sketch_per_component",1,NA,NA,TRUE,"linear",1,0.306,0.002,0.308,222.609375,229.03125,229.15625,229.203125,6.59375,"accuracy",0.98,0.98,0.617746078234299,NA,51551,100,"success","","","0.99.39"
"component_path__metref__opls__k100__cpu__r2","current_release_component_path","metref","classification","opls","cpu",NA,NA,"rsvd","argmax","float64",100,773,100,375,22,1002,2,NA,NA,"ordinary_fast",32,5,"fresh_oversampled_sketch_per_component",1,NA,NA,TRUE,"linear",1,0.306,0.002,0.308,221.015625,229.296875,229.421875,229.46875,8.453125,"accuracy",0.98,0.98,0.617746078234274,NA,51551,100,"success","","","0.99.39"
"component_path__metref__opls__k100__cpu__r3","current_release_component_path","metref","classification","opls","cpu",NA,NA,"rsvd","argmax","float64",100,773,100,375,22,1003,3,NA,NA,"ordinary_fast",32,5,"fresh_oversampled_sketch_per_component",1,NA,NA,TRUE,"linear",1,0.306,0.002,0.308,232.109375,237.390625,237.515625,237.78125,5.671875,"accuracy",0.98,0.98,0.617746078234271,NA,51551,100,"success","","","0.99.39"
"component_path__metref__opls__k100__cpu__r4","current_release_component_path","metref","classification","opls","cpu",NA,NA,"rsvd","argmax","float64",100,773,100,375,22,1004,4,NA,NA,"ordinary_fast",32,5,"fresh_oversampled_sketch_per_component",1,NA,NA,TRUE,"linear",1,0.307,0.002,0.309,227.515625,232.84375,232.96875,233.015625,5.5,"accuracy",0.98,0.98,0.617746078234255,NA,51551,100,"success","","","0.99.39"
"component_path__metref__opls__k100__cpu__r5","current_release_component_path","metref","classification","opls","cpu",NA,NA,"rsvd","argmax","float64",100,773,100,375,22,1005,5,NA,NA,"ordinary_fast",32,5,"fresh_oversampled_sketch_per_component",1,NA,NA,TRUE,"linear",1,0.306,0.002,0.308,221.03125,226.421875,226.546875,226.640625,5.609375,"accuracy",0.98,0.98,0.61774607823429,NA,51551,100,"success","","","0.99.39"
"component_path__metref__opls__k100__metal__r1","current_release_component_path","metref","classification","opls","metal","metal","metal","rsvd","argmax","float64",100,773,100,375,22,1001,1,NA,NA,"ordinary_fast",32,5,"fresh_oversampled_sketch_per_component",1,NA,NA,TRUE,"linear",1,0.413,0.00499999999999989,0.418,219.4375,269.078125,269.140625,270.78125,51.34375,"accuracy",0.98,0.98,0.617746016523789,NA,51551,100,"success","","","0.99.39"
"component_path__metref__opls__k100__metal__r2","current_release_component_path","metref","classification","opls","metal","metal","metal","rsvd","argmax","float64",100,773,100,375,22,1002,2,NA,NA,"ordinary_fast",32,5,"fresh_oversampled_sketch_per_component",1,NA,NA,TRUE,"linear",1,0.418,0.006,0.424,227.890625,273.296875,273.203125,275.171875,47.28125,"accuracy",0.98,0.98,0.617746016523789,NA,51551,100,"success","","","0.99.39"
"component_path__metref__opls__k100__metal__r3","current_release_component_path","metref","classification","opls","metal","metal","metal","rsvd","argmax","float64",100,773,100,375,22,1003,3,NA,NA,"ordinary_fast",32,5,"fresh_oversampled_sketch_per_component",1,NA,NA,TRUE,"linear",1,0.395,0.00800000000000001,0.403,223.65625,278.046875,278,279.953125,56.296875,"accuracy",0.98,0.98,0.617746016523789,NA,51551,100,"success","","","0.99.39"
"component_path__metref__opls__k100__metal__r4","current_release_component_path","metref","classification","opls","metal","metal","metal","rsvd","argmax","float64",100,773,100,375,22,1004,4,NA,NA,"ordinary_fast",32,5,"fresh_oversampled_sketch_per_component",1,NA,NA,TRUE,"linear",1,0.382,0.006,0.388,225.171875,269.609375,269.515625,271.40625,46.234375,"accuracy",0.98,0.98,0.617746016523789,NA,51551,100,"success","","","0.99.39"
"component_path__metref__opls__k100__metal__r5","current_release_component_path","metref","classification","opls","metal","metal","metal","rsvd","argmax","float64",100,773,100,375,22,1005,5,NA,NA,"ordinary_fast",32,5,"fresh_oversampled_sketch_per_component",1,NA,NA,TRUE,"linear",1,0.42,0.004,0.424,222.78125,269.25,269.15625,271.03125,48.25,"accuracy",0.98,0.98,0.617746016523789,NA,51551,100,"success","","","0.99.39"
"component_path__metref__opls__k10__cpu__r1","current_release_component_path","metref","classification","opls","cpu",NA,NA,"rsvd","argmax","float64",10,773,100,375,22,1001,1,NA,NA,"ordinary_fast",32,5,"fresh_oversampled_sketch_per_component",1,NA,NA,TRUE,"linear",1,0.0439999999999999,0.002,0.0459999999999999,221.578125,229.078125,229.203125,229.25,7.671875,"accuracy",0.59,0.59,0.166475336240844,NA,53319,100,"success","","","0.99.39"
"component_path__metref__opls__k10__cpu__r2","current_release_component_path","metref","classification","opls","cpu",NA,NA,"rsvd","argmax","float64",10,773,100,375,22,1002,2,NA,NA,"ordinary_fast",32,5,"fresh_oversampled_sketch_per_component",1,NA,NA,TRUE,"linear",1,0.0449999999999999,0.002,0.0469999999999999,223.9375,227.03125,227.15625,227.296875,3.359375,"accuracy",0.59,0.59,0.166475336240844,NA,53319,100,"success","","","0.99.39"
"component_path__metref__opls__k10__cpu__r3","current_release_component_path","metref","classification","opls","cpu",NA,NA,"rsvd","argmax","float64",10,773,100,375,22,1003,3,NA,NA,"ordinary_fast",32,5,"fresh_oversampled_sketch_per_component",1,NA,NA,TRUE,"linear",1,0.0449999999999999,0.003,0.0479999999999999,221.515625,229.015625,229.140625,229.1875,7.671875,"accuracy",0.59,0.59,0.166475336240844,NA,53319,100,"success","","","0.99.39"
"component_path__metref__opls__k10__cpu__r4","current_release_component_path","metref","classification","opls","cpu",NA,NA,"rsvd","argmax","float64",10,773,100,375,22,1004,4,NA,NA,"ordinary_fast",32,5,"fresh_oversampled_sketch_per_component",1,NA,NA,TRUE,"linear",1,0.044,0.002,0.046,227.796875,228.703125,228.828125,228.96875,1.171875,"accuracy",0.59,0.59,0.166475336240844,NA,53319,100,"success","","","0.99.39"
"component_path__metref__opls__k10__cpu__r5","current_release_component_path","metref","classification","opls","cpu",NA,NA,"rsvd","argmax","float64",10,773,100,375,22,1005,5,NA,NA,"ordinary_fast",32,5,"fresh_oversampled_sketch_per_component",1,NA,NA,TRUE,"linear",1,0.045,0.002,0.047,222.1875,225.25,225.375,225.421875,3.234375,"accuracy",0.59,0.59,0.166475336240844,NA,53319,100,"success","","","0.99.39"
"component_path__metref__opls__k10__metal__r1","current_release_component_path","metref","classification","opls","metal","metal","metal","rsvd","argmax","float64",10,773,100,375,22,1001,1,NA,NA,"ordinary_fast",32,5,"fresh_oversampled_sketch_per_component",1,NA,NA,TRUE,"linear",1,0.169,0.004,0.173,227.625,236.109375,238.34375,238.5,10.875,"accuracy",0.59,0.59,0.166475352873141,NA,53319,100,"success","","","0.99.39"
"component_path__metref__opls__k10__metal__r2","current_release_component_path","metref","classification","opls","metal","metal","metal","rsvd","argmax","float64",10,773,100,375,22,1002,2,NA,NA,"ordinary_fast",32,5,"fresh_oversampled_sketch_per_component",1,NA,NA,TRUE,"linear",1,0.158,0.00900000000000001,0.167,226.625,237.328125,238.421875,239.5,12.875,"accuracy",0.59,0.59,0.166475352873141,NA,53319,100,"success","","","0.99.39"
"component_path__metref__opls__k10__metal__r3","current_release_component_path","metref","classification","opls","metal","metal","metal","rsvd","argmax","float64",10,773,100,375,22,1003,3,NA,NA,"ordinary_fast",32,5,"fresh_oversampled_sketch_per_component",1,NA,NA,TRUE,"linear",1,0.159,0.00800000000000001,0.167,224.140625,232.875,233.640625,234.859375,10.71875,"accuracy",0.59,0.59,0.166475352873141,NA,53319,100,"success","","","0.99.39"
"component_path__metref__opls__k10__metal__r4","current_release_component_path","metref","classification","opls","metal","metal","metal","rsvd","argmax","float64",10,773,100,375,22,1004,4,NA,NA,"ordinary_fast",32,5,"fresh_oversampled_sketch_per_component",1,NA,NA,TRUE,"linear",1,0.147,0.004,0.151,225.640625,238.828125,239.015625,240.78125,15.140625,"accuracy",0.59,0.59,0.166475352873141,NA,53319,100,"success","","","0.99.39"
"component_path__metref__opls__k10__metal__r5","current_release_component_path","metref","classification","opls","metal","metal","metal","rsvd","argmax","float64",10,773,100,375,22,1005,5,NA,NA,"ordinary_fast",32,5,"fresh_oversampled_sketch_per_component",1,NA,NA,TRUE,"linear",1,0.161,0.01,0.171,223.796875,234.75,235.15625,236.140625,12.34375,"accuracy",0.59,0.59,0.166475352873141,NA,53319,100,"success","","","0.99.39"
"component_path__metref__opls__k118__cpu__r1","current_release_component_path","metref","classification","opls","cpu",NA,NA,"rsvd","argmax","float64",118,773,100,375,22,1001,1,NA,NA,"ordinary_fast",32,5,"fresh_oversampled_sketch_per_component",1,NA,NA,TRUE,"linear",1,0.357,0.002,0.359,222.015625,227.5,227.625,227.796875,5.78125,"accuracy",0.97,0.97,0.60767114793621,NA,52112,100,"success","","","0.99.39"
"component_path__metref__opls__k118__cpu__r2","current_release_component_path","metref","classification","opls","cpu",NA,NA,"rsvd","argmax","float64",118,773,100,375,22,1002,2,NA,NA,"ordinary_fast",32,5,"fresh_oversampled_sketch_per_component",1,NA,NA,TRUE,"linear",1,0.359,0.002,0.361,229.03125,232.390625,232.515625,232.640625,3.609375,"accuracy",0.97,0.97,0.60767114793611,NA,52112,100,"success","","","0.99.39"
"component_path__metref__opls__k118__cpu__r3","current_release_component_path","metref","classification","opls","cpu",NA,NA,"rsvd","argmax","float64",118,773,100,375,22,1003,3,NA,NA,"ordinary_fast",32,5,"fresh_oversampled_sketch_per_component",1,NA,NA,TRUE,"linear",1,0.359,0.002,0.361,226.03125,229.671875,229.796875,229.859375,3.828125,"accuracy",0.97,0.97,0.607671147936033,NA,52112,100,"success","","","0.99.39"
"component_path__metref__opls__k118__cpu__r4","current_release_component_path","metref","classification","opls","cpu",NA,NA,"rsvd","argmax","float64",118,773,100,375,22,1004,4,NA,NA,"ordinary_fast",32,5,"fresh_oversampled_sketch_per_component",1,NA,NA,TRUE,"linear",1,0.358,0.003,0.361,223.734375,229.15625,229.28125,229.390625,5.65625,"accuracy",0.97,0.97,0.607671147936012,NA,52112,100,"success","","","0.99.39"
"component_path__metref__opls__k118__cpu__r5","current_release_component_path","metref","classification","opls","cpu",NA,NA,"rsvd","argmax","float64",118,773,100,375,22,1005,5,NA,NA,"ordinary_fast",32,5,"fresh_oversampled_sketch_per_component",1,NA,NA,TRUE,"linear",1,0.358,0.002,0.36,219.9375,224.453125,224.578125,224.625,4.6875,"accuracy",0.97,0.97,0.607671147936224,NA,52112,100,"success","","","0.99.39"
"component_path__metref__opls__k118__metal__r1","current_release_component_path","metref","classification","opls","metal","metal","metal","rsvd","argmax","float64",118,773,100,375,22,1001,1,NA,NA,"ordinary_fast",32,5,"fresh_oversampled_sketch_per_component",1,NA,NA,TRUE,"linear",1,0.465,0.0109999999999999,0.476,222.21875,218.6875,245.453125,266.234375,44.015625,"accuracy",0.97,0.97,0.607670841168038,NA,52112,100,"success","","","0.99.39"
"component_path__metref__opls__k118__metal__r2","current_release_component_path","metref","classification","opls","metal","metal","metal","rsvd","argmax","float64",118,773,100,375,22,1002,2,NA,NA,"ordinary_fast",32,5,"fresh_oversampled_sketch_per_component",1,NA,NA,TRUE,"linear",1,0.453,0.00900000000000012,0.462,225.84375,273.484375,273.453125,275.046875,49.203125,"accuracy",0.97,0.97,0.607670841168038,NA,52112,100,"success","","","0.99.39"
"component_path__metref__opls__k118__metal__r3","current_release_component_path","metref","classification","opls","metal","metal","metal","rsvd","argmax","float64",118,773,100,375,22,1003,3,NA,NA,"ordinary_fast",32,5,"fresh_oversampled_sketch_per_component",1,NA,NA,TRUE,"linear",1,0.447,0.0069999999999999,0.454,223.21875,269.359375,269.25,271,47.78125,"accuracy",0.97,0.97,0.607670841168038,NA,52112,100,"success","","","0.99.39"
"component_path__metref__opls__k118__metal__r4","current_release_component_path","metref","classification","opls","metal","metal","metal","rsvd","argmax","float64",118,773,100,375,22,1004,4,NA,NA,"ordinary_fast",32,5,"fresh_oversampled_sketch_per_component",1,NA,NA,TRUE,"linear",1,0.421,0.004,0.425,225.328125,271.359375,271.25,273.0625,47.734375,"accuracy",0.97,0.97,0.607670841168038,NA,52112,100,"success","","","0.99.39"
"component_path__metref__opls__k118__metal__r5","current_release_component_path","metref","classification","opls","metal","metal","metal","rsvd","argmax","float64",118,773,100,375,22,1005,5,NA,NA,"ordinary_fast",32,5,"fresh_oversampled_sketch_per_component",1,NA,NA,TRUE,"linear",1,0.434,0.006,0.44,219.84375,277.0625,276.953125,278.71875,58.875,"accuracy",0.97,0.97,0.607670841168038,NA,52112,100,"success","","","0.99.39"
"component_path__metref__opls__k150__cpu__r1","current_release_component_path","metref","classification","opls","cpu",NA,NA,"rsvd","argmax","float64",150,773,100,375,22,1001,1,NA,NA,"ordinary_fast",32,5,"fresh_oversampled_sketch_per_component",1,NA,NA,TRUE,"linear",1,0.451,0.002,0.453,224.703125,227.921875,228.046875,228.09375,3.390625,"accuracy",0.96,0.96,0.600375057362386,NA,52340,100,"success","","","0.99.39"
"component_path__metref__opls__k150__cpu__r2","current_release_component_path","metref","classification","opls","cpu",NA,NA,"rsvd","argmax","float64",150,773,100,375,22,1002,2,NA,NA,"ordinary_fast",32,5,"fresh_oversampled_sketch_per_component",1,NA,NA,TRUE,"linear",1,0.452,0.002,0.454,225.265625,231.390625,231.515625,231.5625,6.296875,"accuracy",0.96,0.96,0.600375057362054,NA,52340,100,"success","","","0.99.39"
"component_path__metref__opls__k150__cpu__r3","current_release_component_path","metref","classification","opls","cpu",NA,NA,"rsvd","argmax","float64",150,773,100,375,22,1003,3,NA,NA,"ordinary_fast",32,5,"fresh_oversampled_sketch_per_component",1,NA,NA,TRUE,"linear",1,0.452,0.002,0.454,227.71875,235.375,235.5,235.546875,7.828125,"accuracy",0.96,0.96,0.600375057361526,NA,52340,100,"success","","","0.99.39"
"component_path__metref__opls__k150__cpu__r4","current_release_component_path","metref","classification","opls","cpu",NA,NA,"rsvd","argmax","float64",150,773,100,375,22,1004,4,NA,NA,"ordinary_fast",32,5,"fresh_oversampled_sketch_per_component",1,NA,NA,TRUE,"linear",1,0.453,0.002,0.455,225.671875,228.265625,228.390625,228.4375,2.765625,"accuracy",0.96,0.96,0.600375057361446,NA,52340,100,"success","","","0.99.39"
"component_path__metref__opls__k150__cpu__r5","current_release_component_path","metref","classification","opls","cpu",NA,NA,"rsvd","argmax","float64",150,773,100,375,22,1005,5,NA,NA,"ordinary_fast",32,5,"fresh_oversampled_sketch_per_component",1,NA,NA,TRUE,"linear",1,0.452,0.002,0.454,220.0625,229.15625,229.28125,229.328125,9.265625,"accuracy",0.96,0.96,0.60037505736214,NA,52340,100,"success","","","0.99.39"
"component_path__metref__opls__k150__metal__r1","current_release_component_path","metref","classification","opls","metal","metal","metal","rsvd","argmax","float64",150,773,100,375,22,1001,1,NA,NA,"ordinary_fast",32,5,"fresh_oversampled_sketch_per_component",1,NA,NA,TRUE,"linear",1,0.54,0.004,0.544,221.578125,274.703125,274.609375,275.703125,54.125,"accuracy",0.96,0.96,0.600375061161354,NA,52340,100,"success","","","0.99.39"
"component_path__metref__opls__k150__metal__r2","current_release_component_path","metref","classification","opls","metal","metal","metal","rsvd","argmax","float64",150,773,100,375,22,1002,2,NA,NA,"ordinary_fast",32,5,"fresh_oversampled_sketch_per_component",1,NA,NA,TRUE,"linear",1,0.506,0.0069999999999999,0.513,224.34375,270.3125,270.25,271.453125,47.109375,"accuracy",0.96,0.96,0.600375061161354,NA,52340,100,"success","","","0.99.39"
"component_path__metref__opls__k150__metal__r3","current_release_component_path","metref","classification","opls","metal","metal","metal","rsvd","argmax","float64",150,773,100,375,22,1003,3,NA,NA,"ordinary_fast",32,5,"fresh_oversampled_sketch_per_component",1,NA,NA,TRUE,"linear",1,0.491,0.0069999999999999,0.498,226.734375,277.953125,277.828125,279.6875,52.953125,"accuracy",0.96,0.96,0.600375061161354,NA,52340,100,"success","","","0.99.39"
"component_path__metref__opls__k150__metal__r4","current_release_component_path","metref","classification","opls","metal","metal","metal","rsvd","argmax","float64",150,773,100,375,22,1004,4,NA,NA,"ordinary_fast",32,5,"fresh_oversampled_sketch_per_component",1,NA,NA,TRUE,"linear",1,0.513,0.00800000000000001,0.521,237.78125,289.921875,289.796875,291.734375,53.953125,"accuracy",0.96,0.96,0.600375061161354,NA,52340,100,"success","","","0.99.39"
"component_path__metref__opls__k150__metal__r5","current_release_component_path","metref","classification","opls","metal","metal","metal","rsvd","argmax","float64",150,773,100,375,22,1005,5,NA,NA,"ordinary_fast",32,5,"fresh_oversampled_sketch_per_component",1,NA,NA,TRUE,"linear",1,0.513,0.00500000000000012,0.518,222.578125,273.578125,273.5,275.265625,52.6875,"accuracy",0.96,0.96,0.600375061161354,NA,52340,100,"success","","","0.99.39"
"component_path__metref__opls__k1__cpu__r1","current_release_component_path","metref","classification","opls","cpu",NA,NA,"rsvd","argmax","float64",1,773,100,375,22,1001,1,NA,NA,"ordinary_fast",32,5,"fresh_oversampled_sketch_per_component",1,NA,NA,TRUE,"linear",1,0.019,0.002,0.021,221.296875,224.34375,224.46875,224.515625,3.21875,"accuracy",0.12,0.12,0.0367530176006664,NA,31415,100,"success","","","0.99.39"
"component_path__metref__opls__k1__cpu__r2","current_release_component_path","metref","classification","opls","cpu",NA,NA,"rsvd","argmax","float64",1,773,100,375,22,1002,2,NA,NA,"ordinary_fast",32,5,"fresh_oversampled_sketch_per_component",1,NA,NA,TRUE,"linear",1,0.0189999999999999,0.002,0.0209999999999999,221.8125,227.125,227.25,227.296875,5.484375,"accuracy",0.12,0.12,0.0367530176006665,NA,31415,100,"success","","","0.99.39"
"component_path__metref__opls__k1__cpu__r3","current_release_component_path","metref","classification","opls","cpu",NA,NA,"rsvd","argmax","float64",1,773,100,375,22,1003,3,NA,NA,"ordinary_fast",32,5,"fresh_oversampled_sketch_per_component",1,NA,NA,TRUE,"linear",1,0.018,0.002,0.02,222.65625,230.640625,230.78125,230.890625,8.234375,"accuracy",0.12,0.12,0.0367530176006664,NA,31415,100,"success","","","0.99.39"
"component_path__metref__opls__k1__cpu__r4","current_release_component_path","metref","classification","opls","cpu",NA,NA,"rsvd","argmax","float64",1,773,100,375,22,1004,4,NA,NA,"ordinary_fast",32,5,"fresh_oversampled_sketch_per_component",1,NA,NA,TRUE,"linear",1,0.0189999999999999,0.002,0.0209999999999999,228.9375,230.140625,230.265625,230.3125,1.375,"accuracy",0.12,0.12,0.0367530176006664,NA,31415,100,"success","","","0.99.39"
"component_path__metref__opls__k1__cpu__r5","current_release_component_path","metref","classification","opls","cpu",NA,NA,"rsvd","argmax","float64",1,773,100,375,22,1005,5,NA,NA,"ordinary_fast",32,5,"fresh_oversampled_sketch_per_component",1,NA,NA,TRUE,"linear",1,0.0189999999999999,0.002,0.0209999999999999,224.640625,225.90625,226.03125,226.078125,1.4375,"accuracy",0.12,0.12,0.0367530176006664,NA,31415,100,"success","","","0.99.39"
"component_path__metref__opls__k1__metal__r1","current_release_component_path","metref","classification","opls","metal","metal","metal","rsvd","argmax","float64",1,773,100,375,22,1001,1,NA,NA,"ordinary_fast",32,5,"fresh_oversampled_sketch_per_component",1,NA,NA,TRUE,"linear",1,0.117,0.00700000000000001,0.124,220.34375,233.609375,233.59375,235.625,15.28125,"accuracy",0.12,0.12,0.0367530154635469,NA,31415,100,"success","","","0.99.39"
"component_path__metref__opls__k1__metal__r2","current_release_component_path","metref","classification","opls","metal","metal","metal","rsvd","argmax","float64",1,773,100,375,22,1002,2,NA,NA,"ordinary_fast",32,5,"fresh_oversampled_sketch_per_component",1,NA,NA,TRUE,"linear",1,0.112,0.006,0.118,226.421875,236.5625,237,238.625,12.203125,"accuracy",0.12,0.12,0.0367530154635469,NA,31415,100,"success","","","0.99.39"
"component_path__metref__opls__k1__metal__r3","current_release_component_path","metref","classification","opls","metal","metal","metal","rsvd","argmax","float64",1,773,100,375,22,1003,3,NA,NA,"ordinary_fast",32,5,"fresh_oversampled_sketch_per_component",1,NA,NA,TRUE,"linear",1,0.114,0.006,0.12,225.265625,238.21875,238.375,240.15625,14.890625,"accuracy",0.12,0.12,0.0367530154635469,NA,31415,100,"success","","","0.99.39"
"component_path__metref__opls__k1__metal__r4","current_release_component_path","metref","classification","opls","metal","metal","metal","rsvd","argmax","float64",1,773,100,375,22,1004,4,NA,NA,"ordinary_fast",32,5,"fresh_oversampled_sketch_per_component",1,NA,NA,TRUE,"linear",1,0.108,0.00800000000000001,0.116,223.78125,237.640625,237.828125,239.734375,15.953125,"accuracy",0.12,0.12,0.0367530154635469,NA,31415,100,"success","","","0.99.39"
"component_path__metref__opls__k1__metal__r5","current_release_component_path","metref","classification","opls","metal","metal","metal","rsvd","argmax","float64",1,773,100,375,22,1005,5,NA,NA,"ordinary_fast",32,5,"fresh_oversampled_sketch_per_component",1,NA,NA,TRUE,"linear",1,0.118,0.006,0.124,223.328125,236.1875,236.328125,238.1875,14.859375,"accuracy",0.12,0.12,0.0367530154635469,NA,31415,100,"success","","","0.99.39"
"component_path__metref__opls__k22__cpu__r1","current_release_component_path","metref","classification","opls","cpu",NA,NA,"rsvd","argmax","float64",22,773,100,375,22,1001,1,NA,NA,"ordinary_fast",32,5,"fresh_oversampled_sketch_per_component",1,NA,NA,TRUE,"linear",1,0.0800000000000001,0.00299999999999989,0.083,229.71875,232.78125,232.90625,233.0625,3.34375,"accuracy",0.76,0.76,0.277787095944772,NA,51637,100,"success","","","0.99.39"
"component_path__metref__opls__k22__cpu__r2","current_release_component_path","metref","classification","opls","cpu",NA,NA,"rsvd","argmax","float64",22,773,100,375,22,1002,2,NA,NA,"ordinary_fast",32,5,"fresh_oversampled_sketch_per_component",1,NA,NA,TRUE,"linear",1,0.0790000000000001,0.00199999999999989,0.081,219.328125,226.828125,226.953125,227,7.671875,"accuracy",0.76,0.76,0.277787095944772,NA,51637,100,"success","","","0.99.39"
"component_path__metref__opls__k22__cpu__r3","current_release_component_path","metref","classification","opls","cpu",NA,NA,"rsvd","argmax","float64",22,773,100,375,22,1003,3,NA,NA,"ordinary_fast",32,5,"fresh_oversampled_sketch_per_component",1,NA,NA,TRUE,"linear",1,0.0790000000000001,0.002,0.0810000000000001,229.203125,232.53125,232.671875,232.71875,3.515625,"accuracy",0.76,0.76,0.277787095944772,NA,51637,100,"success","","","0.99.39"
"component_path__metref__opls__k22__cpu__r4","current_release_component_path","metref","classification","opls","cpu",NA,NA,"rsvd","argmax","float64",22,773,100,375,22,1004,4,NA,NA,"ordinary_fast",32,5,"fresh_oversampled_sketch_per_component",1,NA,NA,TRUE,"linear",1,0.08,0.002,0.082,229.5,233.375,233.5,233.578125,4.078125,"accuracy",0.76,0.76,0.277787095944771,NA,51637,100,"success","","","0.99.39"
"component_path__metref__opls__k22__cpu__r5","current_release_component_path","metref","classification","opls","cpu",NA,NA,"rsvd","argmax","float64",22,773,100,375,22,1005,5,NA,NA,"ordinary_fast",32,5,"fresh_oversampled_sketch_per_component",1,NA,NA,TRUE,"linear",1,0.0790000000000001,0.002,0.0810000000000001,222.921875,230.4375,230.5625,230.78125,7.859375,"accuracy",0.76,0.76,0.277787095944771,NA,51637,100,"success","","","0.99.39"
"component_path__metref__opls__k22__metal__r1","current_release_component_path","metref","classification","opls","metal","metal","metal","rsvd","argmax","float64",22,773,100,375,22,1001,1,NA,NA,"ordinary_fast",32,5,"fresh_oversampled_sketch_per_component",1,NA,NA,TRUE,"linear",1,0.229,0.00800000000000001,0.237,222.40625,238.921875,239.359375,239.90625,17.5,"accuracy",0.76,0.76,0.2777871968493,NA,51637,100,"success","","","0.99.39"
"component_path__metref__opls__k22__metal__r2","current_release_component_path","metref","classification","opls","metal","metal","metal","rsvd","argmax","float64",22,773,100,375,22,1002,2,NA,NA,"ordinary_fast",32,5,"fresh_oversampled_sketch_per_component",1,NA,NA,TRUE,"linear",1,0.21,0.00700000000000001,0.217,223.28125,239.140625,239.328125,240.078125,16.796875,"accuracy",0.76,0.76,0.2777871968493,NA,51637,100,"success","","","0.99.39"
"component_path__metref__opls__k22__metal__r3","current_release_component_path","metref","classification","opls","metal","metal","metal","rsvd","argmax","float64",22,773,100,375,22,1003,3,NA,NA,"ordinary_fast",32,5,"fresh_oversampled_sketch_per_component",1,NA,NA,TRUE,"linear",1,0.218,0.01,0.228,223.625,240.84375,241,241.859375,18.234375,"accuracy",0.76,0.76,0.2777871968493,NA,51637,100,"success","","","0.99.39"
"component_path__metref__opls__k22__metal__r4","current_release_component_path","metref","classification","opls","metal","metal","metal","rsvd","argmax","float64",22,773,100,375,22,1004,4,NA,NA,"ordinary_fast",32,5,"fresh_oversampled_sketch_per_component",1,NA,NA,TRUE,"linear",1,0.216,0.00800000000000001,0.224,221.828125,240.21875,240.671875,241.890625,20.0625,"accuracy",0.76,0.76,0.2777871968493,NA,51637,100,"success","","","0.99.39"
"component_path__metref__opls__k22__metal__r5","current_release_component_path","metref","classification","opls","metal","metal","metal","rsvd","argmax","float64",22,773,100,375,22,1005,5,NA,NA,"ordinary_fast",32,5,"fresh_oversampled_sketch_per_component",1,NA,NA,TRUE,"linear",1,0.222,0.00800000000000001,0.23,223.53125,239.390625,239.546875,240.328125,16.796875,"accuracy",0.76,0.76,0.2777871968493,NA,51637,100,"success","","","0.99.39"
"component_path__metref__opls__k2__cpu__r1","current_release_component_path","metref","classification","opls","cpu",NA,NA,"rsvd","argmax","float64",2,773,100,375,22,1001,1,NA,NA,"ordinary_fast",32,5,"fresh_oversampled_sketch_per_component",1,NA,NA,TRUE,"linear",1,0.021,0.002,0.023,222.140625,230,230.125,230.1875,8.046875,"accuracy",0.13,0.13,0.0395293838671673,NA,38624,100,"success","","","0.99.39"
"component_path__metref__opls__k2__cpu__r2","current_release_component_path","metref","classification","opls","cpu",NA,NA,"rsvd","argmax","float64",2,773,100,375,22,1002,2,NA,NA,"ordinary_fast",32,5,"fresh_oversampled_sketch_per_component",1,NA,NA,TRUE,"linear",1,0.022,0.002,0.024,221.890625,229.734375,229.859375,230.140625,8.25,"accuracy",0.13,0.13,0.0395293838671675,NA,38624,100,"success","","","0.99.39"
"component_path__metref__opls__k2__cpu__r3","current_release_component_path","metref","classification","opls","cpu",NA,NA,"rsvd","argmax","float64",2,773,100,375,22,1003,3,NA,NA,"ordinary_fast",32,5,"fresh_oversampled_sketch_per_component",1,NA,NA,TRUE,"linear",1,0.022,0.002,0.024,226,233.546875,233.671875,233.71875,7.71875,"accuracy",0.13,0.13,0.0395293838671673,NA,38624,100,"success","","","0.99.39"
"component_path__metref__opls__k2__cpu__r4","current_release_component_path","metref","classification","opls","cpu",NA,NA,"rsvd","argmax","float64",2,773,100,375,22,1004,4,NA,NA,"ordinary_fast",32,5,"fresh_oversampled_sketch_per_component",1,NA,NA,TRUE,"linear",1,0.021,0.002,0.023,219.578125,228.390625,228.515625,228.5625,8.984375,"accuracy",0.13,0.13,0.0395293838671673,NA,38624,100,"success","","","0.99.39"
"component_path__metref__opls__k2__cpu__r5","current_release_component_path","metref","classification","opls","cpu",NA,NA,"rsvd","argmax","float64",2,773,100,375,22,1005,5,NA,NA,"ordinary_fast",32,5,"fresh_oversampled_sketch_per_component",1,NA,NA,TRUE,"linear",1,0.0219999999999999,0.002,0.0239999999999999,227.21875,230.640625,230.765625,230.8125,3.59375,"accuracy",0.13,0.13,0.0395293838671673,NA,38624,100,"success","","","0.99.39"
"component_path__metref__opls__k2__metal__r1","current_release_component_path","metref","classification","opls","metal","metal","metal","rsvd","argmax","float64",2,773,100,375,22,1001,1,NA,NA,"ordinary_fast",32,5,"fresh_oversampled_sketch_per_component",1,NA,NA,TRUE,"linear",1,0.12,0.004,0.124,222.484375,235.765625,235.90625,237.875,15.390625,"accuracy",0.13,0.13,0.0395293803446016,NA,38624,100,"success","","","0.99.39"
"component_path__metref__opls__k2__metal__r2","current_release_component_path","metref","classification","opls","metal","metal","metal","rsvd","argmax","float64",2,773,100,375,22,1002,2,NA,NA,"ordinary_fast",32,5,"fresh_oversampled_sketch_per_component",1,NA,NA,TRUE,"linear",1,0.117,0.006,0.123,223.125,232.0625,232.1875,234.09375,10.96875,"accuracy",0.13,0.13,0.0395293803446016,NA,38624,100,"success","","","0.99.39"
"component_path__metref__opls__k2__metal__r3","current_release_component_path","metref","classification","opls","metal","metal","metal","rsvd","argmax","float64",2,773,100,375,22,1003,3,NA,NA,"ordinary_fast",32,5,"fresh_oversampled_sketch_per_component",1,NA,NA,TRUE,"linear",1,0.121,0.005,0.126,222.984375,236.125,236.25,238.296875,15.3125,"accuracy",0.13,0.13,0.0395293803446016,NA,38624,100,"success","","","0.99.39"
"component_path__metref__opls__k2__metal__r4","current_release_component_path","metref","classification","opls","metal","metal","metal","rsvd","argmax","float64",2,773,100,375,22,1004,4,NA,NA,"ordinary_fast",32,5,"fresh_oversampled_sketch_per_component",1,NA,NA,TRUE,"linear",1,0.127,0.00800000000000001,0.135,223.265625,232.203125,232.34375,234.125,10.859375,"accuracy",0.13,0.13,0.0395293803446016,NA,38624,100,"success","","","0.99.39"
"component_path__metref__opls__k2__metal__r5","current_release_component_path","metref","classification","opls","metal","metal","metal","rsvd","argmax","float64",2,773,100,375,22,1005,5,NA,NA,"ordinary_fast",32,5,"fresh_oversampled_sketch_per_component",1,NA,NA,TRUE,"linear",1,0.115,0.00700000000000001,0.122,224.46875,235.5625,235.6875,237.625,13.15625,"accuracy",0.13,0.13,0.0395293803446016,NA,38624,100,"success","","","0.99.39"
"component_path__metref__opls__k50__cpu__r1","current_release_component_path","metref","classification","opls","cpu",NA,NA,"rsvd","argmax","float64",50,773,100,375,22,1001,1,NA,NA,"ordinary_fast",32,5,"fresh_oversampled_sketch_per_component",1,NA,NA,TRUE,"linear",1,0.161,0.002,0.163,225.0625,232.671875,232.796875,232.84375,7.78125,"accuracy",0.95,0.95,0.489127628851152,NA,50557,100,"success","","","0.99.39"
"component_path__metref__opls__k50__cpu__r2","current_release_component_path","metref","classification","opls","cpu",NA,NA,"rsvd","argmax","float64",50,773,100,375,22,1002,2,NA,NA,"ordinary_fast",32,5,"fresh_oversampled_sketch_per_component",1,NA,NA,TRUE,"linear",1,0.16,0.002,0.162,224.671875,227.890625,228.015625,228.109375,3.4375,"accuracy",0.95,0.95,0.489127628851152,NA,50557,100,"success","","","0.99.39"
"component_path__metref__opls__k50__cpu__r3","current_release_component_path","metref","classification","opls","cpu",NA,NA,"rsvd","argmax","float64",50,773,100,375,22,1003,3,NA,NA,"ordinary_fast",32,5,"fresh_oversampled_sketch_per_component",1,NA,NA,TRUE,"linear",1,0.16,0.002,0.162,222.84375,228.25,228.390625,228.5625,5.71875,"accuracy",0.95,0.95,0.489127628851154,NA,50557,100,"success","","","0.99.39"
"component_path__metref__opls__k50__cpu__r4","current_release_component_path","metref","classification","opls","cpu",NA,NA,"rsvd","argmax","float64",50,773,100,375,22,1004,4,NA,NA,"ordinary_fast",32,5,"fresh_oversampled_sketch_per_component",1,NA,NA,TRUE,"linear",1,0.16,0.002,0.162,229.1875,234.75,234.890625,234.9375,5.75,"accuracy",0.95,0.95,0.48912762885115,NA,50557,100,"success","","","0.99.39"
"component_path__metref__opls__k50__cpu__r5","current_release_component_path","metref","classification","opls","cpu",NA,NA,"rsvd","argmax","float64",50,773,100,375,22,1005,5,NA,NA,"ordinary_fast",32,5,"fresh_oversampled_sketch_per_component",1,NA,NA,TRUE,"linear",1,0.16,0.002,0.162,225.59375,234.265625,234.390625,234.4375,8.84375,"accuracy",0.95,0.95,0.489127628851153,NA,50557,100,"success","","","0.99.39"
"component_path__metref__opls__k50__metal__r1","current_release_component_path","metref","classification","opls","metal","metal","metal","rsvd","argmax","float64",50,773,100,375,22,1001,1,NA,NA,"ordinary_fast",32,5,"fresh_oversampled_sketch_per_component",1,NA,NA,TRUE,"linear",1,0.29,0.00800000000000001,0.298,228.484375,260.703125,260.71875,261.609375,33.125,"accuracy",0.95,0.95,0.489127411400869,NA,50557,100,"success","","","0.99.39"
"component_path__metref__opls__k50__metal__r2","current_release_component_path","metref","classification","opls","metal","metal","metal","rsvd","argmax","float64",50,773,100,375,22,1002,2,NA,NA,"ordinary_fast",32,5,"fresh_oversampled_sketch_per_component",1,NA,NA,TRUE,"linear",1,0.284,0.00900000000000001,0.293,226.5625,261.796875,261.8125,262.453125,35.890625,"accuracy",0.95,0.95,0.489127411400869,NA,50557,100,"success","","","0.99.39"
"component_path__metref__opls__k50__metal__r3","current_release_component_path","metref","classification","opls","metal","metal","metal","rsvd","argmax","float64",50,773,100,375,22,1003,3,NA,NA,"ordinary_fast",32,5,"fresh_oversampled_sketch_per_component",1,NA,NA,TRUE,"linear",1,0.302,0.00700000000000001,0.309,220.890625,255.921875,256.84375,257.234375,36.34375,"accuracy",0.95,0.95,0.489127411400869,NA,50557,100,"success","","","0.99.39"
"component_path__metref__opls__k50__metal__r4","current_release_component_path","metref","classification","opls","metal","metal","metal","rsvd","argmax","float64",50,773,100,375,22,1004,4,NA,NA,"ordinary_fast",32,5,"fresh_oversampled_sketch_per_component",1,NA,NA,TRUE,"linear",1,0.304,0.006,0.31,222.46875,258.921875,258.96875,259.90625,37.4375,"accuracy",0.95,0.95,0.489127411400869,NA,50557,100,"success","","","0.99.39"
"component_path__metref__opls__k50__metal__r5","current_release_component_path","metref","classification","opls","metal","metal","metal","rsvd","argmax","float64",50,773,100,375,22,1005,5,NA,NA,"ordinary_fast",32,5,"fresh_oversampled_sketch_per_component",1,NA,NA,TRUE,"linear",1,0.283,0.01,0.293,222.890625,258.375,258.40625,259.453125,36.5625,"accuracy",0.95,0.95,0.489127411400869,NA,50557,100,"success","","","0.99.39"
"component_path__metref__opls__k5__cpu__r1","current_release_component_path","metref","classification","opls","cpu",NA,NA,"rsvd","argmax","float64",5,773,100,375,22,1001,1,NA,NA,"ordinary_fast",32,5,"fresh_oversampled_sketch_per_component",1,NA,NA,TRUE,"linear",1,0.0309999999999999,0.002,0.0329999999999999,222.796875,230.296875,230.421875,230.46875,7.671875,"accuracy",0.29,0.29,0.0758256422945885,NA,57863,100,"success","","","0.99.39"
"component_path__metref__opls__k5__cpu__r2","current_release_component_path","metref","classification","opls","cpu",NA,NA,"rsvd","argmax","float64",5,773,100,375,22,1002,2,NA,NA,"ordinary_fast",32,5,"fresh_oversampled_sketch_per_component",1,NA,NA,TRUE,"linear",1,0.0299999999999999,0.002,0.0319999999999999,223.046875,226.21875,226.34375,226.390625,3.34375,"accuracy",0.29,0.29,0.0758256422945883,NA,57863,100,"success","","","0.99.39"
"component_path__metref__opls__k5__cpu__r3","current_release_component_path","metref","classification","opls","cpu",NA,NA,"rsvd","argmax","float64",5,773,100,375,22,1003,3,NA,NA,"ordinary_fast",32,5,"fresh_oversampled_sketch_per_component",1,NA,NA,TRUE,"linear",1,0.03,0.003,0.033,219.640625,225.09375,225.21875,225.296875,5.65625,"accuracy",0.29,0.29,0.0758256422945885,NA,57863,100,"success","","","0.99.39"
"component_path__metref__opls__k5__cpu__r4","current_release_component_path","metref","classification","opls","cpu",NA,NA,"rsvd","argmax","float64",5,773,100,375,22,1004,4,NA,NA,"ordinary_fast",32,5,"fresh_oversampled_sketch_per_component",1,NA,NA,TRUE,"linear",1,0.0299999999999999,0.002,0.0319999999999999,223.6875,231.171875,231.3125,231.375,7.6875,"accuracy",0.29,0.29,0.0758256422945883,NA,57863,100,"success","","","0.99.39"
"component_path__metref__opls__k5__cpu__r5","current_release_component_path","metref","classification","opls","cpu",NA,NA,"rsvd","argmax","float64",5,773,100,375,22,1005,5,NA,NA,"ordinary_fast",32,5,"fresh_oversampled_sketch_per_component",1,NA,NA,TRUE,"linear",1,0.03,0.002,0.032,229.3125,234.625,234.75,234.828125,5.515625,"accuracy",0.29,0.29,0.0758256422945883,NA,57863,100,"success","","","0.99.39"
"component_path__metref__opls__k5__metal__r1","current_release_component_path","metref","classification","opls","metal","metal","metal","rsvd","argmax","float64",5,773,100,375,22,1001,1,NA,NA,"ordinary_fast",32,5,"fresh_oversampled_sketch_per_component",1,NA,NA,TRUE,"linear",1,0.13,0.00700000000000001,0.137,224.421875,237.640625,237.796875,239.8125,15.390625,"accuracy",0.29,0.29,0.0758256378527941,NA,57863,100,"success","","","0.99.39"
"component_path__metref__opls__k5__metal__r2","current_release_component_path","metref","classification","opls","metal","metal","metal","rsvd","argmax","float64",5,773,100,375,22,1002,2,NA,NA,"ordinary_fast",32,5,"fresh_oversampled_sketch_per_component",1,NA,NA,TRUE,"linear",1,0.136,0.006,0.142,225.4375,236.15625,236.34375,238.296875,12.859375,"accuracy",0.29,0.29,0.0758256378527941,NA,57863,100,"success","","","0.99.39"
"component_path__metref__opls__k5__metal__r3","current_release_component_path","metref","classification","opls","metal","metal","metal","rsvd","argmax","float64",5,773,100,375,22,1003,3,NA,NA,"ordinary_fast",32,5,"fresh_oversampled_sketch_per_component",1,NA,NA,TRUE,"linear",1,0.131,0.006,0.137,223.890625,235.1875,235.34375,236.703125,12.8125,"accuracy",0.29,0.29,0.0758256378527941,NA,57863,100,"success","","","0.99.39"
"component_path__metref__opls__k5__metal__r4","current_release_component_path","metref","classification","opls","metal","metal","metal","rsvd","argmax","float64",5,773,100,375,22,1004,4,NA,NA,"ordinary_fast",32,5,"fresh_oversampled_sketch_per_component",1,NA,NA,TRUE,"linear",1,0.126,0.00700000000000001,0.133,218.859375,230.203125,230.359375,232.125,13.265625,"accuracy",0.29,0.29,0.0758256378527941,NA,57863,100,"success","","","0.99.39"
"component_path__metref__opls__k5__metal__r5","current_release_component_path","metref","classification","opls","metal","metal","metal","rsvd","argmax","float64",5,773,100,375,22,1005,5,NA,NA,"ordinary_fast",32,5,"fresh_oversampled_sketch_per_component",1,NA,NA,TRUE,"linear",1,0.134,0.00700000000000001,0.141,227.578125,236.59375,236.875,238.609375,11.03125,"accuracy",0.29,0.29,0.0758256378527941,NA,57863,100,"success","","","0.99.39"
"component_path__metref__plssvd__k10__cpu__r1","current_release_component_path","metref","classification","plssvd","cpu",NA,"cpu_flash","rsvd","argmax","float64",10,773,100,375,22,1001,1,NA,NA,"not_applicable",32,5,NA,NA,NA,NA,NA,"linear",1,0.0129999999999999,0.002,0.0149999999999999,226.5625,229.6875,229.796875,229.84375,3.28125,"accuracy",0.56,0.56,0.167354376609451,NA,56604,100,"success","","","0.99.39"
"component_path__metref__plssvd__k10__cpu__r2","current_release_component_path","metref","classification","plssvd","cpu",NA,"cpu_flash","rsvd","argmax","float64",10,773,100,375,22,1002,2,NA,NA,"not_applicable",32,5,NA,NA,NA,NA,NA,"linear",1,0.0109999999999999,0.002,0.0129999999999999,226.265625,227.21875,227.328125,227.375,1.109375,"accuracy",0.56,0.56,0.167354376609451,NA,56604,100,"success","","","0.99.39"
"component_path__metref__plssvd__k10__cpu__r3","current_release_component_path","metref","classification","plssvd","cpu",NA,"cpu_flash","rsvd","argmax","float64",10,773,100,375,22,1003,3,NA,NA,"not_applicable",32,5,NA,NA,NA,NA,NA,"linear",1,0.0119999999999999,0.002,0.0139999999999999,230.703125,231.65625,231.765625,231.875,1.171875,"accuracy",0.56,0.56,0.167354376609451,NA,56604,100,"success","","","0.99.39"
"component_path__metref__plssvd__k10__cpu__r4","current_release_component_path","metref","classification","plssvd","cpu",NA,"cpu_flash","rsvd","argmax","float64",10,773,100,375,22,1004,4,NA,NA,"not_applicable",32,5,NA,NA,NA,NA,NA,"linear",1,0.012,0.002,0.014,222.078125,223,223.109375,223.15625,1.078125,"accuracy",0.56,0.56,0.167354376609451,NA,56604,100,"success","","","0.99.39"
"component_path__metref__plssvd__k10__cpu__r5","current_release_component_path","metref","classification","plssvd","cpu",NA,"cpu_flash","rsvd","argmax","float64",10,773,100,375,22,1005,5,NA,NA,"not_applicable",32,5,NA,NA,NA,NA,NA,"linear",1,0.012,0.002,0.014,226.296875,227.234375,227.34375,227.390625,1.09375,"accuracy",0.56,0.56,0.167354376609451,NA,56604,100,"success","","","0.99.39"
"component_path__metref__plssvd__k10__metal__r1","current_release_component_path","metref","classification","plssvd","metal","metal","metal","rsvd","argmax","float64",10,773,100,375,22,1001,1,NA,NA,"not_applicable",32,5,NA,NA,NA,NA,NA,"linear",1,0.063,0.005,0.068,224.875,233.625,234.109375,235.625,10.75,"accuracy",0.56,0.56,0.167354401470191,NA,56604,100,"success","","","0.99.39"
"component_path__metref__plssvd__k10__metal__r2","current_release_component_path","metref","classification","plssvd","metal","metal","metal","rsvd","argmax","float64",10,773,100,375,22,1002,2,NA,NA,"not_applicable",32,5,NA,NA,NA,NA,NA,"linear",1,0.0579999999999999,0.005,0.063,226.21875,239.578125,239.734375,241.3125,15.09375,"accuracy",0.56,0.56,0.167354401470191,NA,56604,100,"success","","","0.99.39"
"component_path__metref__plssvd__k10__metal__r3","current_release_component_path","metref","classification","plssvd","metal","metal","metal","rsvd","argmax","float64",10,773,100,375,22,1003,3,NA,NA,"not_applicable",32,5,NA,NA,NA,NA,NA,"linear",1,0.06,0.003,0.063,222.125,230.875,231.625,232.90625,10.78125,"accuracy",0.56,0.56,0.167354401470191,NA,56604,100,"success","","","0.99.39"
"component_path__metref__plssvd__k10__metal__r4","current_release_component_path","metref","classification","plssvd","metal","metal","metal","rsvd","argmax","float64",10,773,100,375,22,1004,4,NA,NA,"not_applicable",32,5,NA,NA,NA,NA,NA,"linear",1,0.061,0.004,0.0650000000000001,221.4375,232.53125,232.6875,234.59375,13.15625,"accuracy",0.56,0.56,0.167354401470191,NA,56604,100,"success","","","0.99.39"
"component_path__metref__plssvd__k10__metal__r5","current_release_component_path","metref","classification","plssvd","metal","metal","metal","rsvd","argmax","float64",10,773,100,375,22,1005,5,NA,NA,"not_applicable",32,5,NA,NA,NA,NA,NA,"linear",1,0.06,0.003,0.063,223.609375,236.5,236.65625,238.515625,14.90625,"accuracy",0.56,0.56,0.167354401470191,NA,56604,100,"success","","","0.99.39"
"component_path__metref__plssvd__k1__cpu__r1","current_release_component_path","metref","classification","plssvd","cpu",NA,"cpu_flash","rsvd","argmax","float64",1,773,100,375,22,1001,1,NA,NA,"not_applicable",32,5,NA,NA,NA,NA,NA,"linear",1,0.011,0.002,0.013,223.34375,226.453125,226.859375,226.90625,3.5625,"accuracy",0.12,0.12,0.035858858524493,NA,33489,100,"success","","","0.99.39"
"component_path__metref__plssvd__k1__cpu__r2","current_release_component_path","metref","classification","plssvd","cpu",NA,"cpu_flash","rsvd","argmax","float64",1,773,100,375,22,1002,2,NA,NA,"not_applicable",32,5,NA,NA,NA,NA,NA,"linear",1,0.011,0.002,0.013,220.578125,221.546875,221.671875,221.71875,1.140625,"accuracy",0.12,0.12,0.035858858524493,NA,33489,100,"success","","","0.99.39"
"component_path__metref__plssvd__k1__cpu__r3","current_release_component_path","metref","classification","plssvd","cpu",NA,"cpu_flash","rsvd","argmax","float64",1,773,100,375,22,1003,3,NA,NA,"not_applicable",32,5,NA,NA,NA,NA,NA,"linear",1,0.0119999999999999,0.002,0.0139999999999999,224.921875,228.03125,228.40625,228.71875,3.796875,"accuracy",0.12,0.12,0.035858858524493,NA,33489,100,"success","","","0.99.39"
"component_path__metref__plssvd__k1__cpu__r4","current_release_component_path","metref","classification","plssvd","cpu",NA,"cpu_flash","rsvd","argmax","float64",1,773,100,375,22,1004,4,NA,NA,"not_applicable",32,5,NA,NA,NA,NA,NA,"linear",1,0.011,0.002,0.013,223.921875,227.078125,227.1875,227.328125,3.40625,"accuracy",0.12,0.12,0.035858858524493,NA,33489,100,"success","","","0.99.39"
"component_path__metref__plssvd__k1__cpu__r5","current_release_component_path","metref","classification","plssvd","cpu",NA,"cpu_flash","rsvd","argmax","float64",1,773,100,375,22,1005,5,NA,NA,"not_applicable",32,5,NA,NA,NA,NA,NA,"linear",1,0.0109999999999999,0.002,0.0129999999999999,223.65625,224.671875,224.796875,224.9375,1.28125,"accuracy",0.12,0.12,0.035858858524493,NA,33489,100,"success","","","0.99.39"
"component_path__metref__plssvd__k1__metal__r1","current_release_component_path","metref","classification","plssvd","metal","metal","metal","rsvd","argmax","float64",1,773,100,375,22,1001,1,NA,NA,"not_applicable",32,5,NA,NA,NA,NA,NA,"linear",1,0.062,0.00700000000000001,0.069,225.734375,237.125,237.25,238.984375,13.25,"accuracy",0.12,0.12,0.0358588574927682,NA,33489,100,"success","","","0.99.39"
"component_path__metref__plssvd__k1__metal__r2","current_release_component_path","metref","classification","plssvd","metal","metal","metal","rsvd","argmax","float64",1,773,100,375,22,1002,2,NA,NA,"not_applicable",32,5,NA,NA,NA,NA,NA,"linear",1,0.053,0.00700000000000001,0.06,223.9375,235.125,235.28125,236.984375,13.046875,"accuracy",0.12,0.12,0.0358588574927682,NA,33489,100,"success","","","0.99.39"
"component_path__metref__plssvd__k1__metal__r3","current_release_component_path","metref","classification","plssvd","metal","metal","metal","rsvd","argmax","float64",1,773,100,375,22,1003,3,NA,NA,"not_applicable",32,5,NA,NA,NA,NA,NA,"linear",1,0.0589999999999999,0.00700000000000001,0.066,226.640625,236.765625,236.921875,238.484375,11.84375,"accuracy",0.12,0.12,0.0358588574927682,NA,33489,100,"success","","","0.99.39"
"component_path__metref__plssvd__k1__metal__r4","current_release_component_path","metref","classification","plssvd","metal","metal","metal","rsvd","argmax","float64",1,773,100,375,22,1004,4,NA,NA,"not_applicable",32,5,NA,NA,NA,NA,NA,"linear",1,0.057,0.006,0.063,220.71875,229.703125,229.875,231.453125,10.734375,"accuracy",0.12,0.12,0.0358588574927682,NA,33489,100,"success","","","0.99.39"
"component_path__metref__plssvd__k1__metal__r5","current_release_component_path","metref","classification","plssvd","metal","metal","metal","rsvd","argmax","float64",1,773,100,375,22,1005,5,NA,NA,"not_applicable",32,5,NA,NA,NA,NA,NA,"linear",1,0.055,0.006,0.061,221.40625,230.25,230.375,232,10.59375,"accuracy",0.12,0.12,0.0358588574927682,NA,33489,100,"success","","","0.99.39"
"component_path__metref__plssvd__k21__cpu__r1","current_release_component_path","metref","classification","plssvd","cpu",NA,"cpu_flash","rsvd","argmax","float64",21,773,100,375,22,1001,1,NA,NA,"not_applicable",32,5,NA,NA,NA,NA,NA,"linear",1,0.0129999999999999,0.002,0.0149999999999999,223.5625,224.484375,224.59375,224.640625,1.078125,"accuracy",0.8,0.8,0.268176683850028,NA,49973,100,"success","","","0.99.39"
"component_path__metref__plssvd__k21__cpu__r2","current_release_component_path","metref","classification","plssvd","cpu",NA,"cpu_flash","rsvd","argmax","float64",21,773,100,375,22,1002,2,NA,NA,"not_applicable",32,5,NA,NA,NA,NA,NA,"linear",1,0.013,0.002,0.015,221.90625,222.828125,222.953125,223,1.09375,"accuracy",0.8,0.8,0.268176683850028,NA,49973,100,"success","","","0.99.39"
"component_path__metref__plssvd__k21__cpu__r3","current_release_component_path","metref","classification","plssvd","cpu",NA,"cpu_flash","rsvd","argmax","float64",21,773,100,375,22,1003,3,NA,NA,"not_applicable",32,5,NA,NA,NA,NA,NA,"linear",1,0.0129999999999999,0.002,0.0149999999999999,223.28125,224.1875,224.296875,224.34375,1.0625,"accuracy",0.8,0.8,0.268176683850028,NA,49973,100,"success","","","0.99.39"
"component_path__metref__plssvd__k21__cpu__r4","current_release_component_path","metref","classification","plssvd","cpu",NA,"cpu_flash","rsvd","argmax","float64",21,773,100,375,22,1004,4,NA,NA,"not_applicable",32,5,NA,NA,NA,NA,NA,"linear",1,0.0129999999999999,0.002,0.0149999999999999,223.109375,224.015625,224.125,224.171875,1.0625,"accuracy",0.8,0.8,0.268176683850028,NA,49973,100,"success","","","0.99.39"
"component_path__metref__plssvd__k21__cpu__r5","current_release_component_path","metref","classification","plssvd","cpu",NA,"cpu_flash","rsvd","argmax","float64",21,773,100,375,22,1005,5,NA,NA,"not_applicable",32,5,NA,NA,NA,NA,NA,"linear",1,0.013,0.002,0.015,220.421875,221.328125,221.453125,221.578125,1.15625,"accuracy",0.8,0.8,0.268176683850028,NA,49973,100,"success","","","0.99.39"
"component_path__metref__plssvd__k21__metal__r1","current_release_component_path","metref","classification","plssvd","metal","metal","metal","rsvd","argmax","float64",21,773,100,375,22,1001,1,NA,NA,"not_applicable",32,5,NA,NA,NA,NA,NA,"linear",1,0.064,0.00700000000000001,0.071,222.46875,235.5625,235.75,236.734375,14.265625,"accuracy",0.8,0.8,0.26817681658328,NA,49973,100,"success","","","0.99.39"
"component_path__metref__plssvd__k21__metal__r2","current_release_component_path","metref","classification","plssvd","metal","metal","metal","rsvd","argmax","float64",21,773,100,375,22,1002,2,NA,NA,"not_applicable",32,5,NA,NA,NA,NA,NA,"linear",1,0.0609999999999999,0.00700000000000001,0.068,226.359375,235.46875,235.625,237.3125,10.953125,"accuracy",0.8,0.8,0.26817681658328,NA,49973,100,"success","","","0.99.39"
"component_path__metref__plssvd__k21__metal__r3","current_release_component_path","metref","classification","plssvd","metal","metal","metal","rsvd","argmax","float64",21,773,100,375,22,1003,3,NA,NA,"not_applicable",32,5,NA,NA,NA,NA,NA,"linear",1,0.062,0.00700000000000001,0.0690000000000001,226.453125,235.546875,235.71875,237.78125,11.328125,"accuracy",0.8,0.8,0.26817681658328,NA,49973,100,"success","","","0.99.39"
"component_path__metref__plssvd__k21__metal__r4","current_release_component_path","metref","classification","plssvd","metal","metal","metal","rsvd","argmax","float64",21,773,100,375,22,1004,4,NA,NA,"not_applicable",32,5,NA,NA,NA,NA,NA,"linear",1,0.055,0.006,0.061,224.0625,234.78125,234.9375,237.015625,12.953125,"accuracy",0.8,0.8,0.26817681658328,NA,49973,100,"success","","","0.99.39"
"component_path__metref__plssvd__k21__metal__r5","current_release_component_path","metref","classification","plssvd","metal","metal","metal","rsvd","argmax","float64",21,773,100,375,22,1005,5,NA,NA,"not_applicable",32,5,NA,NA,NA,NA,NA,"linear",1,0.058,0.005,0.063,222.65625,231.34375,231.515625,233.5625,10.90625,"accuracy",0.8,0.8,0.26817681658328,NA,49973,100,"success","","","0.99.39"
"component_path__metref__plssvd__k22__cpu__r1","current_release_component_path","metref","classification","plssvd","cpu",NA,"cpu_flash","rsvd","argmax","float64",22,773,100,375,22,1001,1,NA,NA,"not_applicable",32,5,NA,NA,NA,NA,NA,"linear",1,0.013,0.002,0.015,225.859375,226.765625,226.875,226.921875,1.0625,"accuracy",0.8,0.8,0.268176683850028,NA,49973,100,"success","plssvd rank is limited to 21; requested ncomp above this value will use 21 components internally","","0.99.39"
"component_path__metref__plssvd__k22__cpu__r2","current_release_component_path","metref","classification","plssvd","cpu",NA,"cpu_flash","rsvd","argmax","float64",22,773,100,375,22,1002,2,NA,NA,"not_applicable",32,5,NA,NA,NA,NA,NA,"linear",1,0.014,0.002,0.016,225.90625,229.078125,229.1875,229.234375,3.328125,"accuracy",0.8,0.8,0.268176683850028,NA,49973,100,"success","plssvd rank is limited to 21; requested ncomp above this value will use 21 components internally","","0.99.39"
"component_path__metref__plssvd__k22__cpu__r3","current_release_component_path","metref","classification","plssvd","cpu",NA,"cpu_flash","rsvd","argmax","float64",22,773,100,375,22,1003,3,NA,NA,"not_applicable",32,5,NA,NA,NA,NA,NA,"linear",1,0.0139999999999999,0.002,0.0159999999999999,224.625,227.765625,227.875,227.921875,3.296875,"accuracy",0.8,0.8,0.268176683850028,NA,49973,100,"success","plssvd rank is limited to 21; requested ncomp above this value will use 21 components internally","","0.99.39"
"component_path__metref__plssvd__k22__cpu__r4","current_release_component_path","metref","classification","plssvd","cpu",NA,"cpu_flash","rsvd","argmax","float64",22,773,100,375,22,1004,4,NA,NA,"not_applicable",32,5,NA,NA,NA,NA,NA,"linear",1,0.014,0.003,0.017,224.15625,225.65625,225.78125,225.90625,1.75,"accuracy",0.8,0.8,0.268176683850028,NA,49973,100,"success","plssvd rank is limited to 21; requested ncomp above this value will use 21 components internally","","0.99.39"
"component_path__metref__plssvd__k22__cpu__r5","current_release_component_path","metref","classification","plssvd","cpu",NA,"cpu_flash","rsvd","argmax","float64",22,773,100,375,22,1005,5,NA,NA,"not_applicable",32,5,NA,NA,NA,NA,NA,"linear",1,0.0129999999999999,0.002,0.0149999999999999,224.890625,225.84375,225.953125,226.078125,1.1875,"accuracy",0.8,0.8,0.268176683850028,NA,49973,100,"success","plssvd rank is limited to 21; requested ncomp above this value will use 21 components internally","","0.99.39"
"component_path__metref__plssvd__k22__metal__r1","current_release_component_path","metref","classification","plssvd","metal","metal","metal","rsvd","argmax","float64",22,773,100,375,22,1001,1,NA,NA,"not_applicable",32,5,NA,NA,NA,NA,NA,"linear",1,0.0599999999999999,0.00700000000000001,0.067,220.9375,231.875,232.03125,234.109375,13.171875,"accuracy",0.8,0.8,0.26817681658328,NA,49973,100,"success","plssvd rank is limited to 21; requested ncomp above this value will use 21 components internally","","0.99.39"
"component_path__metref__plssvd__k22__metal__r2","current_release_component_path","metref","classification","plssvd","metal","metal","metal","rsvd","argmax","float64",22,773,100,375,22,1002,2,NA,NA,"not_applicable",32,5,NA,NA,NA,NA,NA,"linear",1,0.0549999999999999,0.006,0.0609999999999999,225.125,235.984375,236.515625,238.21875,13.09375,"accuracy",0.8,0.8,0.26817681658328,NA,49973,100,"success","plssvd rank is limited to 21; requested ncomp above this value will use 21 components internally","","0.99.39"
"component_path__metref__plssvd__k22__metal__r3","current_release_component_path","metref","classification","plssvd","metal","metal","metal","rsvd","argmax","float64",22,773,100,375,22,1003,3,NA,NA,"not_applicable",32,5,NA,NA,NA,NA,NA,"linear",1,0.0670000000000001,0.005,0.0720000000000001,226.671875,237.265625,237.453125,239.375,12.703125,"accuracy",0.8,0.8,0.26817681658328,NA,49973,100,"success","plssvd rank is limited to 21; requested ncomp above this value will use 21 components internally","","0.99.39"
"component_path__metref__plssvd__k22__metal__r4","current_release_component_path","metref","classification","plssvd","metal","metal","metal","rsvd","argmax","float64",22,773,100,375,22,1004,4,NA,NA,"not_applicable",32,5,NA,NA,NA,NA,NA,"linear",1,0.054,0.00800000000000001,0.062,224.6875,233.421875,233.578125,235.21875,10.53125,"accuracy",0.8,0.8,0.26817681658328,NA,49973,100,"success","plssvd rank is limited to 21; requested ncomp above this value will use 21 components internally","","0.99.39"
"component_path__metref__plssvd__k22__metal__r5","current_release_component_path","metref","classification","plssvd","metal","metal","metal","rsvd","argmax","float64",22,773,100,375,22,1005,5,NA,NA,"not_applicable",32,5,NA,NA,NA,NA,NA,"linear",1,0.054,0.003,0.057,222.25,230.90625,231.0625,233.140625,10.890625,"accuracy",0.8,0.8,0.26817681658328,NA,49973,100,"success","plssvd rank is limited to 21; requested ncomp above this value will use 21 components internally","","0.99.39"
"component_path__metref__plssvd__k2__cpu__r1","current_release_component_path","metref","classification","plssvd","cpu",NA,"cpu_flash","rsvd","argmax","float64",2,773,100,375,22,1001,1,NA,NA,"not_applicable",32,5,NA,NA,NA,NA,NA,"linear",1,0.012,0.002,0.014,222.078125,222.984375,223.109375,223.171875,1.09375,"accuracy",0.13,0.13,0.0391972072283059,NA,37150,100,"success","","","0.99.39"
"component_path__metref__plssvd__k2__cpu__r2","current_release_component_path","metref","classification","plssvd","cpu",NA,"cpu_flash","rsvd","argmax","float64",2,773,100,375,22,1002,2,NA,NA,"not_applicable",32,5,NA,NA,NA,NA,NA,"linear",1,0.011,0.002,0.013,221.40625,224.578125,224.96875,225.046875,3.640625,"accuracy",0.13,0.13,0.0391972072283059,NA,37150,100,"success","","","0.99.39"
"component_path__metref__plssvd__k2__cpu__r3","current_release_component_path","metref","classification","plssvd","cpu",NA,"cpu_flash","rsvd","argmax","float64",2,773,100,375,22,1003,3,NA,NA,"not_applicable",32,5,NA,NA,NA,NA,NA,"linear",1,0.0109999999999999,0.002,0.0129999999999999,225.234375,226.140625,226.25,226.296875,1.0625,"accuracy",0.13,0.13,0.0391972072283059,NA,37150,100,"success","","","0.99.39"
"component_path__metref__plssvd__k2__cpu__r4","current_release_component_path","metref","classification","plssvd","cpu",NA,"cpu_flash","rsvd","argmax","float64",2,773,100,375,22,1004,4,NA,NA,"not_applicable",32,5,NA,NA,NA,NA,NA,"linear",1,0.012,0.002,0.014,222.890625,226.03125,226.140625,226.203125,3.3125,"accuracy",0.13,0.13,0.0391972072283059,NA,37150,100,"success","","","0.99.39"
"component_path__metref__plssvd__k2__cpu__r5","current_release_component_path","metref","classification","plssvd","cpu",NA,"cpu_flash","rsvd","argmax","float64",2,773,100,375,22,1005,5,NA,NA,"not_applicable",32,5,NA,NA,NA,NA,NA,"linear",1,0.011,0.002,0.013,225.40625,229.140625,229.25,229.296875,3.890625,"accuracy",0.13,0.13,0.0391972072283059,NA,37150,100,"success","","","0.99.39"
"component_path__metref__plssvd__k2__metal__r1","current_release_component_path","metref","classification","plssvd","metal","metal","metal","rsvd","argmax","float64",2,773,100,375,22,1001,1,NA,NA,"not_applicable",32,5,NA,NA,NA,NA,NA,"linear",1,0.069,0.0069999999999999,0.0759999999999998,215.90625,221.875,222.15625,228.828125,12.921875,"accuracy",0.13,0.13,0.0391972053374633,NA,37150,100,"success","","","0.99.39"
"component_path__metref__plssvd__k2__metal__r2","current_release_component_path","metref","classification","plssvd","metal","metal","metal","rsvd","argmax","float64",2,773,100,375,22,1002,2,NA,NA,"not_applicable",32,5,NA,NA,NA,NA,NA,"linear",1,0.0760000000000001,0.004,0.0800000000000001,225.453125,234.09375,234.234375,235.609375,10.15625,"accuracy",0.13,0.13,0.0391972053374633,NA,37150,100,"success","","","0.99.39"
"component_path__metref__plssvd__k2__metal__r3","current_release_component_path","metref","classification","plssvd","metal","metal","metal","rsvd","argmax","float64",2,773,100,375,22,1003,3,NA,NA,"not_applicable",32,5,NA,NA,NA,NA,NA,"linear",1,0.055,0.006,0.061,220.3125,230.890625,231.03125,232.8125,12.5,"accuracy",0.13,0.13,0.0391972053374633,NA,37150,100,"success","","","0.99.39"
"component_path__metref__plssvd__k2__metal__r4","current_release_component_path","metref","classification","plssvd","metal","metal","metal","rsvd","argmax","float64",2,773,100,375,22,1004,4,NA,NA,"not_applicable",32,5,NA,NA,NA,NA,NA,"linear",1,0.056,0.006,0.062,220.421875,232.53125,232.65625,234.421875,14,"accuracy",0.13,0.13,0.0391972053374633,NA,37150,100,"success","","","0.99.39"
"component_path__metref__plssvd__k2__metal__r5","current_release_component_path","metref","classification","plssvd","metal","metal","metal","rsvd","argmax","float64",2,773,100,375,22,1005,5,NA,NA,"not_applicable",32,5,NA,NA,NA,NA,NA,"linear",1,0.062,0.006,0.0680000000000001,224.3125,238.03125,238.203125,239.625,15.3125,"accuracy",0.13,0.13,0.0391972053374633,NA,37150,100,"success","","","0.99.39"
"component_path__metref__plssvd__k5__cpu__r1","current_release_component_path","metref","classification","plssvd","cpu",NA,"cpu_flash","rsvd","argmax","float64",5,773,100,375,22,1001,1,NA,NA,"not_applicable",32,5,NA,NA,NA,NA,NA,"linear",1,0.016,0.003,0.019,226.0625,226.96875,227.078125,227.1875,1.125,"accuracy",0.41,0.41,0.0908100334410723,NA,53889,100,"success","","","0.99.39"
"component_path__metref__plssvd__k5__cpu__r2","current_release_component_path","metref","classification","plssvd","cpu",NA,"cpu_flash","rsvd","argmax","float64",5,773,100,375,22,1002,2,NA,NA,"not_applicable",32,5,NA,NA,NA,NA,NA,"linear",1,0.012,0.002,0.014,223.9375,224.890625,225,225.046875,1.109375,"accuracy",0.41,0.41,0.0908100334410723,NA,53889,100,"success","","","0.99.39"
"component_path__metref__plssvd__k5__cpu__r3","current_release_component_path","metref","classification","plssvd","cpu",NA,"cpu_flash","rsvd","argmax","float64",5,773,100,375,22,1003,3,NA,NA,"not_applicable",32,5,NA,NA,NA,NA,NA,"linear",1,0.011,0.001,0.012,225.515625,226.421875,226.546875,226.59375,1.078125,"accuracy",0.41,0.41,0.0908100334410723,NA,53889,100,"success","","","0.99.39"
"component_path__metref__plssvd__k5__cpu__r4","current_release_component_path","metref","classification","plssvd","cpu",NA,"cpu_flash","rsvd","argmax","float64",5,773,100,375,22,1004,4,NA,NA,"not_applicable",32,5,NA,NA,NA,NA,NA,"linear",1,0.012,0.002,0.014,224.421875,225.625,225.78125,225.90625,1.484375,"accuracy",0.41,0.41,0.0908100334410723,NA,53889,100,"success","","","0.99.39"
"component_path__metref__plssvd__k5__cpu__r5","current_release_component_path","metref","classification","plssvd","cpu",NA,"cpu_flash","rsvd","argmax","float64",5,773,100,375,22,1005,5,NA,NA,"not_applicable",32,5,NA,NA,NA,NA,NA,"linear",1,0.012,0.002,0.014,224.78125,227.953125,228.0625,228.328125,3.546875,"accuracy",0.41,0.41,0.0908100334410723,NA,53889,100,"success","","","0.99.39"
"component_path__metref__plssvd__k5__metal__r1","current_release_component_path","metref","classification","plssvd","metal","metal","metal","rsvd","argmax","float64",5,773,100,375,22,1001,1,NA,NA,"not_applicable",32,5,NA,NA,NA,NA,NA,"linear",1,0.0700000000000001,0.00599999999999989,0.076,222.296875,233.28125,233.4375,235.234375,12.9375,"accuracy",0.41,0.41,0.0908100426247331,NA,53889,100,"success","","","0.99.39"
"component_path__metref__plssvd__k5__metal__r2","current_release_component_path","metref","classification","plssvd","metal","metal","metal","rsvd","argmax","float64",5,773,100,375,22,1002,2,NA,NA,"not_applicable",32,5,NA,NA,NA,NA,NA,"linear",1,0.0609999999999999,0.00700000000000001,0.068,225.03125,237.9375,238.078125,239.875,14.84375,"accuracy",0.41,0.41,0.0908100426247331,NA,53889,100,"success","","","0.99.39"
"component_path__metref__plssvd__k5__metal__r3","current_release_component_path","metref","classification","plssvd","metal","metal","metal","rsvd","argmax","float64",5,773,100,375,22,1003,3,NA,NA,"not_applicable",32,5,NA,NA,NA,NA,NA,"linear",1,0.061,0.00700000000000001,0.0680000000000001,223.703125,232.34375,232.484375,234.265625,10.5625,"accuracy",0.41,0.41,0.0908100426247331,NA,53889,100,"success","","","0.99.39"
"component_path__metref__plssvd__k5__metal__r4","current_release_component_path","metref","classification","plssvd","metal","metal","metal","rsvd","argmax","float64",5,773,100,375,22,1004,4,NA,NA,"not_applicable",32,5,NA,NA,NA,NA,NA,"linear",1,0.055,0.006,0.061,223.640625,232.609375,232.734375,234.625,10.984375,"accuracy",0.41,0.41,0.0908100426247331,NA,53889,100,"success","","","0.99.39"
"component_path__metref__plssvd__k5__metal__r5","current_release_component_path","metref","classification","plssvd","metal","metal","metal","rsvd","argmax","float64",5,773,100,375,22,1005,5,NA,NA,"not_applicable",32,5,NA,NA,NA,NA,NA,"linear",1,0.054,0.005,0.059,222.5,230.890625,231.21875,232.890625,10.390625,"accuracy",0.41,0.41,0.0908100426247331,NA,53889,100,"success","","","0.99.39"
"component_path__metref__simpls__k100__cpu__r1","current_release_component_path","metref","classification","simpls","cpu",NA,"cpu_flash","rsvd","argmax","float64",100,773,100,375,22,1001,1,NA,NA,"ordinary_fast",32,5,"fresh_oversampled_sketch_per_component",1,NA,NA,TRUE,"linear",1,0.296,0.002,0.298,222.96875,225.84375,225.96875,226.0625,3.09375,"accuracy",0.98,0.98,0.622273654720516,NA,51551,100,"success","","","0.99.39"
"component_path__metref__simpls__k100__cpu__r2","current_release_component_path","metref","classification","simpls","cpu",NA,"cpu_flash","rsvd","argmax","float64",100,773,100,375,22,1002,2,NA,NA,"ordinary_fast",32,5,"fresh_oversampled_sketch_per_component",1,NA,NA,TRUE,"linear",1,0.296,0.002,0.298,223.375,224.0625,224.1875,224.234375,0.859375,"accuracy",0.98,0.98,0.622273654720562,NA,51551,100,"success","","","0.99.39"
"component_path__metref__simpls__k100__cpu__r3","current_release_component_path","metref","classification","simpls","cpu",NA,"cpu_flash","rsvd","argmax","float64",100,773,100,375,22,1003,3,NA,NA,"ordinary_fast",32,5,"fresh_oversampled_sketch_per_component",1,NA,NA,TRUE,"linear",1,0.296,0.002,0.298,221.984375,224.859375,224.984375,225.03125,3.046875,"accuracy",0.98,0.98,0.622273654720548,NA,51551,100,"success","","","0.99.39"
"component_path__metref__simpls__k100__cpu__r4","current_release_component_path","metref","classification","simpls","cpu",NA,"cpu_flash","rsvd","argmax","float64",100,773,100,375,22,1004,4,NA,NA,"ordinary_fast",32,5,"fresh_oversampled_sketch_per_component",1,NA,NA,TRUE,"linear",1,0.297,0.002,0.299,223.359375,226.828125,226.953125,227,3.640625,"accuracy",0.98,0.98,0.622273654720532,NA,51551,100,"success","","","0.99.39"
"component_path__metref__simpls__k100__cpu__r5","current_release_component_path","metref","classification","simpls","cpu",NA,"cpu_flash","rsvd","argmax","float64",100,773,100,375,22,1005,5,NA,NA,"ordinary_fast",32,5,"fresh_oversampled_sketch_per_component",1,NA,NA,TRUE,"linear",1,0.297,0.002,0.299,219.828125,224.90625,225.03125,225.078125,5.25,"accuracy",0.98,0.98,0.622273654720543,NA,51551,100,"success","","","0.99.39"
"component_path__metref__simpls__k100__metal__r1","current_release_component_path","metref","classification","simpls","metal","metal","metal","rsvd","argmax","float64",100,773,100,375,22,1001,1,NA,NA,"ordinary_fast",32,5,"fresh_oversampled_sketch_per_component",1,NA,NA,TRUE,"linear",1,0.365,0.00500000000000012,0.37,225.640625,273.203125,273.15625,274.34375,48.703125,"accuracy",0.98,0.98,0.622273647322602,NA,51551,100,"success","","","0.99.39"
"component_path__metref__simpls__k100__metal__r2","current_release_component_path","metref","classification","simpls","metal","metal","metal","rsvd","argmax","float64",100,773,100,375,22,1002,2,NA,NA,"ordinary_fast",32,5,"fresh_oversampled_sketch_per_component",1,NA,NA,TRUE,"linear",1,0.386,0.004,0.39,223.296875,269.859375,269.765625,270.875,47.578125,"accuracy",0.98,0.98,0.622273647322602,NA,51551,100,"success","","","0.99.39"
"component_path__metref__simpls__k100__metal__r3","current_release_component_path","metref","classification","simpls","metal","metal","metal","rsvd","argmax","float64",100,773,100,375,22,1003,3,NA,NA,"ordinary_fast",32,5,"fresh_oversampled_sketch_per_component",1,NA,NA,TRUE,"linear",1,0.363,0.00400000000000011,0.367,223.40625,269.859375,269.796875,270.84375,47.4375,"accuracy",0.98,0.98,0.622273647322602,NA,51551,100,"success","","","0.99.39"
"component_path__metref__simpls__k100__metal__r4","current_release_component_path","metref","classification","simpls","metal","metal","metal","rsvd","argmax","float64",100,773,100,375,22,1004,4,NA,NA,"ordinary_fast",32,5,"fresh_oversampled_sketch_per_component",1,NA,NA,TRUE,"linear",1,0.352,0.00700000000000001,0.359,221.78125,272.0625,271.96875,273.171875,51.390625,"accuracy",0.98,0.98,0.622273647322602,NA,51551,100,"success","","","0.99.39"
"component_path__metref__simpls__k100__metal__r5","current_release_component_path","metref","classification","simpls","metal","metal","metal","rsvd","argmax","float64",100,773,100,375,22,1005,5,NA,NA,"ordinary_fast",32,5,"fresh_oversampled_sketch_per_component",1,NA,NA,TRUE,"linear",1,0.338,0.00700000000000001,0.345,219.0625,271.328125,271.234375,272.5,53.4375,"accuracy",0.98,0.98,0.622273647322602,NA,51551,100,"success","","","0.99.39"
"component_path__metref__simpls__k10__cpu__r1","current_release_component_path","metref","classification","simpls","cpu",NA,"cpu_flash","rsvd","argmax","float64",10,773,100,375,22,1001,1,NA,NA,"ordinary_fast",32,5,"fresh_oversampled_sketch_per_component",1,NA,NA,TRUE,"linear",1,0.0349999999999999,0.002,0.0369999999999999,225.125,227.984375,228.109375,228.296875,3.171875,"accuracy",0.59,0.59,0.157650711077306,NA,54717,100,"success","","","0.99.39"
"component_path__metref__simpls__k10__cpu__r2","current_release_component_path","metref","classification","simpls","cpu",NA,"cpu_flash","rsvd","argmax","float64",10,773,100,375,22,1002,2,NA,NA,"ordinary_fast",32,5,"fresh_oversampled_sketch_per_component",1,NA,NA,TRUE,"linear",1,0.0359999999999999,0.001,0.0369999999999999,223.390625,226.375,226.5,226.609375,3.21875,"accuracy",0.59,0.59,0.157650711077306,NA,54717,100,"success","","","0.99.39"
"component_path__metref__simpls__k10__cpu__r3","current_release_component_path","metref","classification","simpls","cpu",NA,"cpu_flash","rsvd","argmax","float64",10,773,100,375,22,1003,3,NA,NA,"ordinary_fast",32,5,"fresh_oversampled_sketch_per_component",1,NA,NA,TRUE,"linear",1,0.0359999999999999,0.002,0.0379999999999999,228.21875,231.09375,231.21875,231.265625,3.046875,"accuracy",0.59,0.59,0.157650711077306,NA,54717,100,"success","","","0.99.39"
"component_path__metref__simpls__k10__cpu__r4","current_release_component_path","metref","classification","simpls","cpu",NA,"cpu_flash","rsvd","argmax","float64",10,773,100,375,22,1004,4,NA,NA,"ordinary_fast",32,5,"fresh_oversampled_sketch_per_component",1,NA,NA,TRUE,"linear",1,0.035,0.002,0.037,221.515625,226.59375,226.71875,226.765625,5.25,"accuracy",0.59,0.59,0.157650711077306,NA,54717,100,"success","","","0.99.39"
"component_path__metref__simpls__k10__cpu__r5","current_release_component_path","metref","classification","simpls","cpu",NA,"cpu_flash","rsvd","argmax","float64",10,773,100,375,22,1005,5,NA,NA,"ordinary_fast",32,5,"fresh_oversampled_sketch_per_component",1,NA,NA,TRUE,"linear",1,0.036,0.001,0.037,223.453125,226.625,226.75,226.84375,3.390625,"accuracy",0.59,0.59,0.157650711077307,NA,54717,100,"success","","","0.99.39"
"component_path__metref__simpls__k10__metal__r1","current_release_component_path","metref","classification","simpls","metal","metal","metal","rsvd","argmax","float64",10,773,100,375,22,1001,1,NA,NA,"ordinary_fast",32,5,"fresh_oversampled_sketch_per_component",1,NA,NA,TRUE,"linear",1,0.106,0.002,0.108,222.828125,235.578125,235.90625,237.625,14.796875,"accuracy",0.59,0.59,0.157650692692145,NA,54717,100,"success","","","0.99.39"
"component_path__metref__simpls__k10__metal__r2","current_release_component_path","metref","classification","simpls","metal","metal","metal","rsvd","argmax","float64",10,773,100,375,22,1002,2,NA,NA,"ordinary_fast",32,5,"fresh_oversampled_sketch_per_component",1,NA,NA,TRUE,"linear",1,0.0960000000000001,0.006,0.102,229.28125,240.21875,240.6875,241.46875,12.1875,"accuracy",0.59,0.59,0.157650692692145,NA,54717,100,"success","","","0.99.39"
"component_path__metref__simpls__k10__metal__r3","current_release_component_path","metref","classification","simpls","metal","metal","metal","rsvd","argmax","float64",10,773,100,375,22,1003,3,NA,NA,"ordinary_fast",32,5,"fresh_oversampled_sketch_per_component",1,NA,NA,TRUE,"linear",1,0.096,0.006,0.102,225.625,235.515625,235.71875,236.359375,10.734375,"accuracy",0.59,0.59,0.157650692692145,NA,54717,100,"success","","","0.99.39"
"component_path__metref__simpls__k10__metal__r4","current_release_component_path","metref","classification","simpls","metal","metal","metal","rsvd","argmax","float64",10,773,100,375,22,1004,4,NA,NA,"ordinary_fast",32,5,"fresh_oversampled_sketch_per_component",1,NA,NA,TRUE,"linear",1,0.0990000000000001,0.006,0.105,225.515625,236.484375,236.640625,238.078125,12.5625,"accuracy",0.59,0.59,0.157650692692145,NA,54717,100,"success","","","0.99.39"
"component_path__metref__simpls__k10__metal__r5","current_release_component_path","metref","classification","simpls","metal","metal","metal","rsvd","argmax","float64",10,773,100,375,22,1005,5,NA,NA,"ordinary_fast",32,5,"fresh_oversampled_sketch_per_component",1,NA,NA,TRUE,"linear",1,0.0960000000000001,0.00700000000000001,0.103,221.78125,232.84375,233,234.90625,13.125,"accuracy",0.59,0.59,0.157650692692145,NA,54717,100,"success","","","0.99.39"
"component_path__metref__simpls__k118__cpu__r1","current_release_component_path","metref","classification","simpls","cpu",NA,"cpu_flash","rsvd","argmax","float64",118,773,100,375,22,1001,1,NA,NA,"ordinary_fast",32,5,"fresh_oversampled_sketch_per_component",1,NA,NA,TRUE,"linear",1,0.349,0.002,0.351,221.984375,226,226.125,226.234375,4.25,"accuracy",0.97,0.97,0.619137562659462,NA,52112,100,"success","","","0.99.39"
"component_path__metref__simpls__k118__cpu__r2","current_release_component_path","metref","classification","simpls","cpu",NA,"cpu_flash","rsvd","argmax","float64",118,773,100,375,22,1002,2,NA,NA,"ordinary_fast",32,5,"fresh_oversampled_sketch_per_component",1,NA,NA,TRUE,"linear",1,0.349,0.001,0.35,224.34375,224.984375,225.109375,225.15625,0.8125,"accuracy",0.97,0.97,0.619137562659453,NA,52112,100,"success","","","0.99.39"
"component_path__metref__simpls__k118__cpu__r3","current_release_component_path","metref","classification","simpls","cpu",NA,"cpu_flash","rsvd","argmax","float64",118,773,100,375,22,1003,3,NA,NA,"ordinary_fast",32,5,"fresh_oversampled_sketch_per_component",1,NA,NA,TRUE,"linear",1,0.351,0.002,0.353,221.390625,226.5,226.625,226.671875,5.28125,"accuracy",0.97,0.97,0.619137562659391,NA,52112,100,"success","","","0.99.39"
"component_path__metref__simpls__k118__cpu__r4","current_release_component_path","metref","classification","simpls","cpu",NA,"cpu_flash","rsvd","argmax","float64",118,773,100,375,22,1004,4,NA,NA,"ordinary_fast",32,5,"fresh_oversampled_sketch_per_component",1,NA,NA,TRUE,"linear",1,0.349,0.002,0.351,222.28125,227.515625,227.640625,227.6875,5.40625,"accuracy",0.97,0.97,0.619137562659342,NA,52112,100,"success","","","0.99.39"
"component_path__metref__simpls__k118__cpu__r5","current_release_component_path","metref","classification","simpls","cpu",NA,"cpu_flash","rsvd","argmax","float64",118,773,100,375,22,1005,5,NA,NA,"ordinary_fast",32,5,"fresh_oversampled_sketch_per_component",1,NA,NA,TRUE,"linear",1,0.349,0.002,0.351,227.984375,230.984375,231.109375,231.1875,3.203125,"accuracy",0.97,0.97,0.619137562659318,NA,52112,100,"success","","","0.99.39"
"component_path__metref__simpls__k118__metal__r1","current_release_component_path","metref","classification","simpls","metal","metal","metal","rsvd","argmax","float64",118,773,100,375,22,1001,1,NA,NA,"ordinary_fast",32,5,"fresh_oversampled_sketch_per_component",1,NA,NA,TRUE,"linear",1,0.416,0.006,0.422,223.3125,273.5,273.390625,275.296875,51.984375,"accuracy",0.97,0.97,0.619137923381873,NA,52112,100,"success","","","0.99.39"
"component_path__metref__simpls__k118__metal__r2","current_release_component_path","metref","classification","simpls","metal","metal","metal","rsvd","argmax","float64",118,773,100,375,22,1002,2,NA,NA,"ordinary_fast",32,5,"fresh_oversampled_sketch_per_component",1,NA,NA,TRUE,"linear",1,0.398,0.00500000000000012,0.403,222.765625,272.9375,272.828125,274.640625,51.875,"accuracy",0.97,0.97,0.619137923381873,NA,52112,100,"success","","","0.99.39"
"component_path__metref__simpls__k118__metal__r3","current_release_component_path","metref","classification","simpls","metal","metal","metal","rsvd","argmax","float64",118,773,100,375,22,1003,3,NA,NA,"ordinary_fast",32,5,"fresh_oversampled_sketch_per_component",1,NA,NA,TRUE,"linear",1,0.439,0.00300000000000011,0.442,226.078125,275.671875,275.5625,277.421875,51.34375,"accuracy",0.97,0.97,0.619137923381873,NA,52112,100,"success","","","0.99.39"
"component_path__metref__simpls__k118__metal__r4","current_release_component_path","metref","classification","simpls","metal","metal","metal","rsvd","argmax","float64",118,773,100,375,22,1004,4,NA,NA,"ordinary_fast",32,5,"fresh_oversampled_sketch_per_component",1,NA,NA,TRUE,"linear",1,0.4,0.006,0.406,225.921875,275.25,275.265625,276.796875,50.875,"accuracy",0.97,0.97,0.619137923381873,NA,52112,100,"success","","","0.99.39"
"component_path__metref__simpls__k118__metal__r5","current_release_component_path","metref","classification","simpls","metal","metal","metal","rsvd","argmax","float64",118,773,100,375,22,1005,5,NA,NA,"ordinary_fast",32,5,"fresh_oversampled_sketch_per_component",1,NA,NA,TRUE,"linear",1,0.389,0.00300000000000011,0.392,222.734375,267.34375,267.296875,268.953125,46.21875,"accuracy",0.97,0.97,0.619137923381873,NA,52112,100,"success","","","0.99.39"
"component_path__metref__simpls__k150__cpu__r1","current_release_component_path","metref","classification","simpls","cpu",NA,"cpu_flash","rsvd","argmax","float64",150,773,100,375,22,1001,1,NA,NA,"ordinary_fast",32,5,"fresh_oversampled_sketch_per_component",1,NA,NA,TRUE,"linear",1,0.443,0.002,0.445,226.953125,230.453125,230.578125,230.625,3.671875,"accuracy",0.96,0.96,0.609111910046092,NA,52340,100,"success","","","0.99.39"
"component_path__metref__simpls__k150__cpu__r2","current_release_component_path","metref","classification","simpls","cpu",NA,"cpu_flash","rsvd","argmax","float64",150,773,100,375,22,1002,2,NA,NA,"ordinary_fast",32,5,"fresh_oversampled_sketch_per_component",1,NA,NA,TRUE,"linear",1,0.444,0.002,0.446,222.40625,228.4375,228.5625,228.609375,6.203125,"accuracy",0.96,0.96,0.609111910045583,NA,52340,100,"success","","","0.99.39"
"component_path__metref__simpls__k150__cpu__r3","current_release_component_path","metref","classification","simpls","cpu",NA,"cpu_flash","rsvd","argmax","float64",150,773,100,375,22,1003,3,NA,NA,"ordinary_fast",32,5,"fresh_oversampled_sketch_per_component",1,NA,NA,TRUE,"linear",1,0.442,0.002,0.444,223.484375,228.75,228.875,228.953125,5.46875,"accuracy",0.96,0.96,0.609111910043997,NA,52340,100,"success","","","0.99.39"
"component_path__metref__simpls__k150__cpu__r4","current_release_component_path","metref","classification","simpls","cpu",NA,"cpu_flash","rsvd","argmax","float64",150,773,100,375,22,1004,4,NA,NA,"ordinary_fast",32,5,"fresh_oversampled_sketch_per_component",1,NA,NA,TRUE,"linear",1,0.441,0.002,0.443,222.015625,224.984375,225.109375,225.15625,3.140625,"accuracy",0.96,0.96,0.60911191004491,NA,52340,100,"success","","","0.99.39"
"component_path__metref__simpls__k150__cpu__r5","current_release_component_path","metref","classification","simpls","cpu",NA,"cpu_flash","rsvd","argmax","float64",150,773,100,375,22,1005,5,NA,NA,"ordinary_fast",32,5,"fresh_oversampled_sketch_per_component",1,NA,NA,TRUE,"linear",1,0.442,0.00299999999999989,0.445,223.859375,226.84375,226.984375,227.0625,3.203125,"accuracy",0.96,0.96,0.60911191004545,NA,52340,100,"success","","","0.99.39"
"component_path__metref__simpls__k150__metal__r1","current_release_component_path","metref","classification","simpls","metal","metal","metal","rsvd","argmax","float64",150,773,100,375,22,1001,1,NA,NA,"ordinary_fast",32,5,"fresh_oversampled_sketch_per_component",1,NA,NA,TRUE,"linear",1,0.499,0.004,0.503,225.296875,269.859375,269.765625,271.53125,46.234375,"accuracy",0.96,0.96,0.609112378865915,NA,52340,100,"success","","","0.99.39"
"component_path__metref__simpls__k150__metal__r2","current_release_component_path","metref","classification","simpls","metal","metal","metal","rsvd","argmax","float64",150,773,100,375,22,1002,2,NA,NA,"ordinary_fast",32,5,"fresh_oversampled_sketch_per_component",1,NA,NA,TRUE,"linear",1,0.494,0.006,0.5,220.9375,273.171875,273.0625,274.859375,53.921875,"accuracy",0.96,0.96,0.609112378865915,NA,52340,100,"success","","","0.99.39"
"component_path__metref__simpls__k150__metal__r3","current_release_component_path","metref","classification","simpls","metal","metal","metal","rsvd","argmax","float64",150,773,100,375,22,1003,3,NA,NA,"ordinary_fast",32,5,"fresh_oversampled_sketch_per_component",1,NA,NA,TRUE,"linear",1,0.493,0.00300000000000011,0.496,229.375,272.828125,272.71875,274.671875,45.296875,"accuracy",0.96,0.96,0.609112378865915,NA,52340,100,"success","","","0.99.39"
"component_path__metref__simpls__k150__metal__r4","current_release_component_path","metref","classification","simpls","metal","metal","metal","rsvd","argmax","float64",150,773,100,375,22,1004,4,NA,NA,"ordinary_fast",32,5,"fresh_oversampled_sketch_per_component",1,NA,NA,TRUE,"linear",1,0.473,0.00700000000000012,0.48,228.109375,279.484375,279.359375,281.25,53.140625,"accuracy",0.96,0.96,0.609112378865915,NA,52340,100,"success","","","0.99.39"
"component_path__metref__simpls__k150__metal__r5","current_release_component_path","metref","classification","simpls","metal","metal","metal","rsvd","argmax","float64",150,773,100,375,22,1005,5,NA,NA,"ordinary_fast",32,5,"fresh_oversampled_sketch_per_component",1,NA,NA,TRUE,"linear",1,0.478,0.006,0.484,223.75,271.953125,271.84375,273.5625,49.8125,"accuracy",0.96,0.96,0.609112378865915,NA,52340,100,"success","","","0.99.39"
"component_path__metref__simpls__k1__cpu__r1","current_release_component_path","metref","classification","simpls","cpu",NA,"cpu_flash","rsvd","argmax","float64",1,773,100,375,22,1001,1,NA,NA,"ordinary_fast",32,5,"fresh_oversampled_sketch_per_component",1,NA,NA,TRUE,"linear",1,0.00900000000000001,0.002,0.011,226.28125,226.96875,227.09375,227.140625,0.859375,"accuracy",0.12,0.12,0.0358588585244928,NA,33489,100,"success","","","0.99.39"
"component_path__metref__simpls__k1__cpu__r2","current_release_component_path","metref","classification","simpls","cpu",NA,"cpu_flash","rsvd","argmax","float64",1,773,100,375,22,1002,2,NA,NA,"ordinary_fast",32,5,"fresh_oversampled_sketch_per_component",1,NA,NA,TRUE,"linear",1,0.01,0.002,0.012,221.140625,225.046875,225.171875,225.328125,4.1875,"accuracy",0.12,0.12,0.0358588585244928,NA,33489,100,"success","","","0.99.39"
"component_path__metref__simpls__k1__cpu__r3","current_release_component_path","metref","classification","simpls","cpu",NA,"cpu_flash","rsvd","argmax","float64",1,773,100,375,22,1003,3,NA,NA,"ordinary_fast",32,5,"fresh_oversampled_sketch_per_component",1,NA,NA,TRUE,"linear",1,0.011,0.002,0.013,226.734375,229.625,229.75,229.796875,3.0625,"accuracy",0.12,0.12,0.0358588585244928,NA,33489,100,"success","","","0.99.39"
"component_path__metref__simpls__k1__cpu__r4","current_release_component_path","metref","classification","simpls","cpu",NA,"cpu_flash","rsvd","argmax","float64",1,773,100,375,22,1004,4,NA,NA,"ordinary_fast",32,5,"fresh_oversampled_sketch_per_component",1,NA,NA,TRUE,"linear",1,0.01,0.002,0.012,225.421875,226.640625,226.765625,226.8125,1.390625,"accuracy",0.12,0.12,0.0358588585244928,NA,33489,100,"success","","","0.99.39"
"component_path__metref__simpls__k1__cpu__r5","current_release_component_path","metref","classification","simpls","cpu",NA,"cpu_flash","rsvd","argmax","float64",1,773,100,375,22,1005,5,NA,NA,"ordinary_fast",32,5,"fresh_oversampled_sketch_per_component",1,NA,NA,TRUE,"linear",1,0.00900000000000001,0.002,0.011,221.359375,224.21875,224.34375,224.390625,3.03125,"accuracy",0.12,0.12,0.0358588585244929,NA,33489,100,"success","","","0.99.39"
"component_path__metref__simpls__k1__metal__r1","current_release_component_path","metref","classification","simpls","metal","metal","metal","rsvd","argmax","float64",1,773,100,375,22,1001,1,NA,NA,"ordinary_fast",32,5,"fresh_oversampled_sketch_per_component",1,NA,NA,TRUE,"linear",1,0.0680000000000001,0.006,0.0740000000000001,223.65625,232.734375,232.890625,234.671875,11.015625,"accuracy",0.12,0.12,0.0358588596855376,NA,33489,100,"success","","","0.99.39"
"component_path__metref__simpls__k1__metal__r2","current_release_component_path","metref","classification","simpls","metal","metal","metal","rsvd","argmax","float64",1,773,100,375,22,1002,2,NA,NA,"ordinary_fast",32,5,"fresh_oversampled_sketch_per_component",1,NA,NA,TRUE,"linear",1,0.06,0.006,0.0660000000000001,223.703125,234.390625,234.53125,236.109375,12.40625,"accuracy",0.12,0.12,0.0358588596855376,NA,33489,100,"success","","","0.99.39"
"component_path__metref__simpls__k1__metal__r3","current_release_component_path","metref","classification","simpls","metal","metal","metal","rsvd","argmax","float64",1,773,100,375,22,1003,3,NA,NA,"ordinary_fast",32,5,"fresh_oversampled_sketch_per_component",1,NA,NA,TRUE,"linear",1,0.062,0.006,0.068,223.03125,234.75,234.890625,236.5625,13.53125,"accuracy",0.12,0.12,0.0358588596855376,NA,33489,100,"success","","","0.99.39"
"component_path__metref__simpls__k1__metal__r4","current_release_component_path","metref","classification","simpls","metal","metal","metal","rsvd","argmax","float64",1,773,100,375,22,1004,4,NA,NA,"ordinary_fast",32,5,"fresh_oversampled_sketch_per_component",1,NA,NA,TRUE,"linear",1,0.059,0.006,0.0650000000000001,220.8125,232.953125,233.09375,234.875,14.0625,"accuracy",0.12,0.12,0.0358588596855376,NA,33489,100,"success","","","0.99.39"
"component_path__metref__simpls__k1__metal__r5","current_release_component_path","metref","classification","simpls","metal","metal","metal","rsvd","argmax","float64",1,773,100,375,22,1005,5,NA,NA,"ordinary_fast",32,5,"fresh_oversampled_sketch_per_component",1,NA,NA,TRUE,"linear",1,0.058,0.005,0.063,224.203125,235.5625,235.703125,237.46875,13.265625,"accuracy",0.12,0.12,0.0358588596855376,NA,33489,100,"success","","","0.99.39"
"component_path__metref__simpls__k22__cpu__r1","current_release_component_path","metref","classification","simpls","cpu",NA,"cpu_flash","rsvd","argmax","float64",22,773,100,375,22,1001,1,NA,NA,"ordinary_fast",32,5,"fresh_oversampled_sketch_per_component",1,NA,NA,TRUE,"linear",1,0.0700000000000001,0.002,0.0720000000000001,224.125,225.46875,225.59375,225.640625,1.515625,"accuracy",0.77,0.77,0.270792198689438,NA,50137,100,"success","","","0.99.39"
"component_path__metref__simpls__k22__cpu__r2","current_release_component_path","metref","classification","simpls","cpu",NA,"cpu_flash","rsvd","argmax","float64",22,773,100,375,22,1002,2,NA,NA,"ordinary_fast",32,5,"fresh_oversampled_sketch_per_component",1,NA,NA,TRUE,"linear",1,0.07,0.002,0.072,223.859375,227.0625,227.1875,227.25,3.390625,"accuracy",0.77,0.77,0.270792198689438,NA,50137,100,"success","","","0.99.39"
"component_path__metref__simpls__k22__cpu__r3","current_release_component_path","metref","classification","simpls","cpu",NA,"cpu_flash","rsvd","argmax","float64",22,773,100,375,22,1003,3,NA,NA,"ordinary_fast",32,5,"fresh_oversampled_sketch_per_component",1,NA,NA,TRUE,"linear",1,0.0700000000000001,0.002,0.0720000000000001,225.046875,225.71875,225.875,226.171875,1.125,"accuracy",0.77,0.77,0.270792198689439,NA,50137,100,"success","","","0.99.39"
"component_path__metref__simpls__k22__cpu__r4","current_release_component_path","metref","classification","simpls","cpu",NA,"cpu_flash","rsvd","argmax","float64",22,773,100,375,22,1004,4,NA,NA,"ordinary_fast",32,5,"fresh_oversampled_sketch_per_component",1,NA,NA,TRUE,"linear",1,0.071,0.001,0.072,222.6875,225.765625,225.890625,225.984375,3.296875,"accuracy",0.77,0.77,0.270792198689438,NA,50137,100,"success","","","0.99.39"
"component_path__metref__simpls__k22__cpu__r5","current_release_component_path","metref","classification","simpls","cpu",NA,"cpu_flash","rsvd","argmax","float64",22,773,100,375,22,1005,5,NA,NA,"ordinary_fast",32,5,"fresh_oversampled_sketch_per_component",1,NA,NA,TRUE,"linear",1,0.0700000000000001,0.002,0.0720000000000001,225.734375,231.90625,232.171875,232.21875,6.484375,"accuracy",0.77,0.77,0.270792198689438,NA,50137,100,"success","","","0.99.39"
"component_path__metref__simpls__k22__metal__r1","current_release_component_path","metref","classification","simpls","metal","metal","metal","rsvd","argmax","float64",22,773,100,375,22,1001,1,NA,NA,"ordinary_fast",32,5,"fresh_oversampled_sketch_per_component",1,NA,NA,TRUE,"linear",1,0.164,0.003,0.167,229.578125,245.5625,245.71875,246.5625,16.984375,"accuracy",0.77,0.77,0.270792202766231,NA,50137,100,"success","","","0.99.39"
"component_path__metref__simpls__k22__metal__r2","current_release_component_path","metref","classification","simpls","metal","metal","metal","rsvd","argmax","float64",22,773,100,375,22,1002,2,NA,NA,"ordinary_fast",32,5,"fresh_oversampled_sketch_per_component",1,NA,NA,TRUE,"linear",1,0.154,0.006,0.16,225.171875,238.6875,238.84375,240.25,15.078125,"accuracy",0.77,0.77,0.270792202766231,NA,50137,100,"success","","","0.99.39"
"component_path__metref__simpls__k22__metal__r3","current_release_component_path","metref","classification","simpls","metal","metal","metal","rsvd","argmax","float64",22,773,100,375,22,1003,3,NA,NA,"ordinary_fast",32,5,"fresh_oversampled_sketch_per_component",1,NA,NA,TRUE,"linear",1,0.153,0.00700000000000001,0.16,221.78125,239.390625,239.546875,240.953125,19.171875,"accuracy",0.77,0.77,0.270792202766231,NA,50137,100,"success","","","0.99.39"
"component_path__metref__simpls__k22__metal__r4","current_release_component_path","metref","classification","simpls","metal","metal","metal","rsvd","argmax","float64",22,773,100,375,22,1004,4,NA,NA,"ordinary_fast",32,5,"fresh_oversampled_sketch_per_component",1,NA,NA,TRUE,"linear",1,0.164,0.004,0.168,221.21875,235.109375,235.265625,236.3125,15.09375,"accuracy",0.77,0.77,0.270792202766231,NA,50137,100,"success","","","0.99.39"
"component_path__metref__simpls__k22__metal__r5","current_release_component_path","metref","classification","simpls","metal","metal","metal","rsvd","argmax","float64",22,773,100,375,22,1005,5,NA,NA,"ordinary_fast",32,5,"fresh_oversampled_sketch_per_component",1,NA,NA,TRUE,"linear",1,0.157,0.00700000000000001,0.164,223.84375,241.9375,241.9375,242.734375,18.890625,"accuracy",0.77,0.77,0.270792202766231,NA,50137,100,"success","","","0.99.39"
"component_path__metref__simpls__k2__cpu__r1","current_release_component_path","metref","classification","simpls","cpu",NA,"cpu_flash","rsvd","argmax","float64",2,773,100,375,22,1001,1,NA,NA,"ordinary_fast",32,5,"fresh_oversampled_sketch_per_component",1,NA,NA,TRUE,"linear",1,0.012,0.002,0.014,224.046875,226.90625,227.078125,227.15625,3.109375,"accuracy",0.13,0.13,0.0393588724678124,NA,36140,100,"success","","","0.99.39"
"component_path__metref__simpls__k2__cpu__r2","current_release_component_path","metref","classification","simpls","cpu",NA,"cpu_flash","rsvd","argmax","float64",2,773,100,375,22,1002,2,NA,NA,"ordinary_fast",32,5,"fresh_oversampled_sketch_per_component",1,NA,NA,TRUE,"linear",1,0.013,0.002,0.015,228.375,229.453125,229.59375,229.640625,1.265625,"accuracy",0.13,0.13,0.0393588724678126,NA,36140,100,"success","","","0.99.39"
"component_path__metref__simpls__k2__cpu__r3","current_release_component_path","metref","classification","simpls","cpu",NA,"cpu_flash","rsvd","argmax","float64",2,773,100,375,22,1003,3,NA,NA,"ordinary_fast",32,5,"fresh_oversampled_sketch_per_component",1,NA,NA,TRUE,"linear",1,0.012,0.002,0.014,223.875,226.84375,226.96875,227.015625,3.140625,"accuracy",0.13,0.13,0.0393588724678122,NA,36140,100,"success","","","0.99.39"
"component_path__metref__simpls__k2__cpu__r4","current_release_component_path","metref","classification","simpls","cpu",NA,"cpu_flash","rsvd","argmax","float64",2,773,100,375,22,1004,4,NA,NA,"ordinary_fast",32,5,"fresh_oversampled_sketch_per_component",1,NA,NA,TRUE,"linear",1,0.0119999999999999,0.002,0.0139999999999999,225.65625,230.75,230.875,230.96875,5.3125,"accuracy",0.13,0.13,0.0393588724678124,NA,36140,100,"success","","","0.99.39"
"component_path__metref__simpls__k2__cpu__r5","current_release_component_path","metref","classification","simpls","cpu",NA,"cpu_flash","rsvd","argmax","float64",2,773,100,375,22,1005,5,NA,NA,"ordinary_fast",32,5,"fresh_oversampled_sketch_per_component",1,NA,NA,TRUE,"linear",1,0.012,0.002,0.014,223.140625,228.671875,228.796875,228.84375,5.703125,"accuracy",0.13,0.13,0.0393588724678124,NA,36140,100,"success","","","0.99.39"
"component_path__metref__simpls__k2__metal__r1","current_release_component_path","metref","classification","simpls","metal","metal","metal","rsvd","argmax","float64",2,773,100,375,22,1001,1,NA,NA,"ordinary_fast",32,5,"fresh_oversampled_sketch_per_component",1,NA,NA,TRUE,"linear",1,0.0780000000000001,0.006,0.0840000000000001,224.25,235.6875,235.8125,237.421875,13.171875,"accuracy",0.13,0.13,0.0393588740340274,NA,36140,100,"success","","","0.99.39"
"component_path__metref__simpls__k2__metal__r2","current_release_component_path","metref","classification","simpls","metal","metal","metal","rsvd","argmax","float64",2,773,100,375,22,1002,2,NA,NA,"ordinary_fast",32,5,"fresh_oversampled_sketch_per_component",1,NA,NA,TRUE,"linear",1,0.0690000000000001,0.003,0.0720000000000001,226.8125,235.28125,235.40625,237.265625,10.453125,"accuracy",0.13,0.13,0.0393588740340274,NA,36140,100,"success","","","0.99.39"
"component_path__metref__simpls__k2__metal__r3","current_release_component_path","metref","classification","simpls","metal","metal","metal","rsvd","argmax","float64",2,773,100,375,22,1003,3,NA,NA,"ordinary_fast",32,5,"fresh_oversampled_sketch_per_component",1,NA,NA,TRUE,"linear",1,0.064,0.005,0.069,223.515625,236.859375,237,238.8125,15.296875,"accuracy",0.13,0.13,0.0393588740340274,NA,36140,100,"success","","","0.99.39"
"component_path__metref__simpls__k2__metal__r4","current_release_component_path","metref","classification","simpls","metal","metal","metal","rsvd","argmax","float64",2,773,100,375,22,1004,4,NA,NA,"ordinary_fast",32,5,"fresh_oversampled_sketch_per_component",1,NA,NA,TRUE,"linear",1,0.061,0.006,0.0670000000000001,224.328125,235.03125,235.1875,237.0625,12.734375,"accuracy",0.13,0.13,0.0393588740340274,NA,36140,100,"success","","","0.99.39"
"component_path__metref__simpls__k2__metal__r5","current_release_component_path","metref","classification","simpls","metal","metal","metal","rsvd","argmax","float64",2,773,100,375,22,1005,5,NA,NA,"ordinary_fast",32,5,"fresh_oversampled_sketch_per_component",1,NA,NA,TRUE,"linear",1,0.062,0.004,0.0660000000000001,222.390625,233.84375,233.984375,235.34375,12.953125,"accuracy",0.13,0.13,0.0393588740340274,NA,36140,100,"success","","","0.99.39"
"component_path__metref__simpls__k50__cpu__r1","current_release_component_path","metref","classification","simpls","cpu",NA,"cpu_flash","rsvd","argmax","float64",50,773,100,375,22,1001,1,NA,NA,"ordinary_fast",32,5,"fresh_oversampled_sketch_per_component",1,NA,NA,TRUE,"linear",1,0.152,0.002,0.154,227.75,232.875,233,233.09375,5.34375,"accuracy",0.95,0.95,0.491368877000392,NA,50557,100,"success","","","0.99.39"
"component_path__metref__simpls__k50__cpu__r2","current_release_component_path","metref","classification","simpls","cpu",NA,"cpu_flash","rsvd","argmax","float64",50,773,100,375,22,1002,2,NA,NA,"ordinary_fast",32,5,"fresh_oversampled_sketch_per_component",1,NA,NA,TRUE,"linear",1,0.151,0.001,0.152,227.5,228.140625,228.265625,228.3125,0.8125,"accuracy",0.95,0.95,0.491368877000392,NA,50557,100,"success","","","0.99.39"
"component_path__metref__simpls__k50__cpu__r3","current_release_component_path","metref","classification","simpls","cpu",NA,"cpu_flash","rsvd","argmax","float64",50,773,100,375,22,1003,3,NA,NA,"ordinary_fast",32,5,"fresh_oversampled_sketch_per_component",1,NA,NA,TRUE,"linear",1,0.152,0.002,0.154,227.1875,232.328125,232.453125,232.5,5.3125,"accuracy",0.95,0.95,0.49136887700039,NA,50557,100,"success","","","0.99.39"
"component_path__metref__simpls__k50__cpu__r4","current_release_component_path","metref","classification","simpls","cpu",NA,"cpu_flash","rsvd","argmax","float64",50,773,100,375,22,1004,4,NA,NA,"ordinary_fast",32,5,"fresh_oversampled_sketch_per_component",1,NA,NA,TRUE,"linear",1,0.152,0.002,0.154,221.875,227,227.125,227.265625,5.390625,"accuracy",0.95,0.95,0.491368877000392,NA,50557,100,"success","","","0.99.39"
"component_path__metref__simpls__k50__cpu__r5","current_release_component_path","metref","classification","simpls","cpu",NA,"cpu_flash","rsvd","argmax","float64",50,773,100,375,22,1005,5,NA,NA,"ordinary_fast",32,5,"fresh_oversampled_sketch_per_component",1,NA,NA,TRUE,"linear",1,0.151,0.002,0.153,225.234375,226.390625,226.515625,226.5625,1.328125,"accuracy",0.95,0.95,0.491368877000392,NA,50557,100,"success","","","0.99.39"
"component_path__metref__simpls__k50__metal__r1","current_release_component_path","metref","classification","simpls","metal","metal","metal","rsvd","argmax","float64",50,773,100,375,22,1001,1,NA,NA,"ordinary_fast",32,5,"fresh_oversampled_sketch_per_component",1,NA,NA,TRUE,"linear",1,0.271,0.003,0.274,219.65625,257.078125,257.0625,258.0625,38.40625,"accuracy",0.95,0.95,0.491369134669364,NA,50557,100,"success","","","0.99.39"
"component_path__metref__simpls__k50__metal__r2","current_release_component_path","metref","classification","simpls","metal","metal","metal","rsvd","argmax","float64",50,773,100,375,22,1002,2,NA,NA,"ordinary_fast",32,5,"fresh_oversampled_sketch_per_component",1,NA,NA,TRUE,"linear",1,0.268,0.004,0.272,224.03125,255.34375,255.328125,256.109375,32.078125,"accuracy",0.95,0.95,0.491369134669364,NA,50557,100,"success","","","0.99.39"
"component_path__metref__simpls__k50__metal__r3","current_release_component_path","metref","classification","simpls","metal","metal","metal","rsvd","argmax","float64",50,773,100,375,22,1003,3,NA,NA,"ordinary_fast",32,5,"fresh_oversampled_sketch_per_component",1,NA,NA,TRUE,"linear",1,0.289,0.004,0.293,224.59375,255.296875,255.28125,256.28125,31.6875,"accuracy",0.95,0.95,0.491369134669364,NA,50557,100,"success","","","0.99.39"
"component_path__metref__simpls__k50__metal__r4","current_release_component_path","metref","classification","simpls","metal","metal","metal","rsvd","argmax","float64",50,773,100,375,22,1004,4,NA,NA,"ordinary_fast",32,5,"fresh_oversampled_sketch_per_component",1,NA,NA,TRUE,"linear",1,0.275,0.006,0.281,220.828125,253.34375,253.34375,254.25,33.421875,"accuracy",0.95,0.95,0.491369134669364,NA,50557,100,"success","","","0.99.39"
"component_path__metref__simpls__k50__metal__r5","current_release_component_path","metref","classification","simpls","metal","metal","metal","rsvd","argmax","float64",50,773,100,375,22,1005,5,NA,NA,"ordinary_fast",32,5,"fresh_oversampled_sketch_per_component",1,NA,NA,TRUE,"linear",1,0.25,0.00700000000000001,0.257,222.328125,254.09375,254.28125,255.078125,32.75,"accuracy",0.95,0.95,0.491369134669364,NA,50557,100,"success","","","0.99.39"
"component_path__metref__simpls__k5__cpu__r1","current_release_component_path","metref","classification","simpls","cpu",NA,"cpu_flash","rsvd","argmax","float64",5,773,100,375,22,1001,1,NA,NA,"ordinary_fast",32,5,"fresh_oversampled_sketch_per_component",1,NA,NA,TRUE,"linear",1,0.021,0.001,0.022,225.515625,230.609375,230.734375,230.828125,5.3125,"accuracy",0.39,0.39,0.0899445568210402,NA,56930,100,"success","","","0.99.39"
"component_path__metref__simpls__k5__cpu__r2","current_release_component_path","metref","classification","simpls","cpu",NA,"cpu_flash","rsvd","argmax","float64",5,773,100,375,22,1002,2,NA,NA,"ordinary_fast",32,5,"fresh_oversampled_sketch_per_component",1,NA,NA,TRUE,"linear",1,0.0219999999999999,0.002,0.0239999999999999,223.453125,226.390625,226.515625,226.5625,3.109375,"accuracy",0.39,0.39,0.08994455682104,NA,56930,100,"success","","","0.99.39"
"component_path__metref__simpls__k5__cpu__r3","current_release_component_path","metref","classification","simpls","cpu",NA,"cpu_flash","rsvd","argmax","float64",5,773,100,375,22,1003,3,NA,NA,"ordinary_fast",32,5,"fresh_oversampled_sketch_per_component",1,NA,NA,TRUE,"linear",1,0.0209999999999999,0.003,0.0239999999999999,221.375,226.46875,226.59375,226.65625,5.28125,"accuracy",0.39,0.39,0.08994455682104,NA,56930,100,"success","","","0.99.39"
"component_path__metref__simpls__k5__cpu__r4","current_release_component_path","metref","classification","simpls","cpu",NA,"cpu_flash","rsvd","argmax","float64",5,773,100,375,22,1004,4,NA,NA,"ordinary_fast",32,5,"fresh_oversampled_sketch_per_component",1,NA,NA,TRUE,"linear",1,0.0209999999999999,0.002,0.0229999999999999,224.609375,225.296875,225.421875,225.484375,0.875,"accuracy",0.39,0.39,0.0899445568210402,NA,56930,100,"success","","","0.99.39"
"component_path__metref__simpls__k5__cpu__r5","current_release_component_path","metref","classification","simpls","cpu",NA,"cpu_flash","rsvd","argmax","float64",5,773,100,375,22,1005,5,NA,NA,"ordinary_fast",32,5,"fresh_oversampled_sketch_per_component",1,NA,NA,TRUE,"linear",1,0.022,0.002,0.024,228.1875,229.546875,229.671875,229.734375,1.546875,"accuracy",0.39,0.39,0.0899445568210402,NA,56930,100,"success","","","0.99.39"
"component_path__metref__simpls__k5__metal__r1","current_release_component_path","metref","classification","simpls","metal","metal","metal","rsvd","argmax","float64",5,773,100,375,22,1001,1,NA,NA,"ordinary_fast",32,5,"fresh_oversampled_sketch_per_component",1,NA,NA,TRUE,"linear",1,0.0760000000000001,0.003,0.0790000000000001,222.265625,235.65625,235.796875,237.703125,15.4375,"accuracy",0.39,0.39,0.0899445575701344,NA,56930,100,"success","","","0.99.39"
"component_path__metref__simpls__k5__metal__r2","current_release_component_path","metref","classification","simpls","metal","metal","metal","rsvd","argmax","float64",5,773,100,375,22,1002,2,NA,NA,"ordinary_fast",32,5,"fresh_oversampled_sketch_per_component",1,NA,NA,TRUE,"linear",1,0.0820000000000001,0.005,0.0870000000000001,226.484375,237.453125,237.890625,239.484375,13,"accuracy",0.39,0.39,0.0899445575701344,NA,56930,100,"success","","","0.99.39"
"component_path__metref__simpls__k5__metal__r3","current_release_component_path","metref","classification","simpls","metal","metal","metal","rsvd","argmax","float64",5,773,100,375,22,1003,3,NA,NA,"ordinary_fast",32,5,"fresh_oversampled_sketch_per_component",1,NA,NA,TRUE,"linear",1,0.0860000000000001,0.004,0.0900000000000001,220.4375,231.65625,231.78125,233.703125,13.265625,"accuracy",0.39,0.39,0.0899445575701344,NA,56930,100,"success","","","0.99.39"
"component_path__metref__simpls__k5__metal__r4","current_release_component_path","metref","classification","simpls","metal","metal","metal","rsvd","argmax","float64",5,773,100,375,22,1004,4,NA,NA,"ordinary_fast",32,5,"fresh_oversampled_sketch_per_component",1,NA,NA,TRUE,"linear",1,0.0710000000000001,0.003,0.0740000000000001,225.53125,238.5625,238.6875,240.59375,15.0625,"accuracy",0.39,0.39,0.0899445575701344,NA,56930,100,"success","","","0.99.39"
"component_path__metref__simpls__k5__metal__r5","current_release_component_path","metref","classification","simpls","metal","metal","metal","rsvd","argmax","float64",5,773,100,375,22,1005,5,NA,NA,"ordinary_fast",32,5,"fresh_oversampled_sketch_per_component",1,NA,NA,TRUE,"linear",1,0.0750000000000001,0.00399999999999989,0.079,224.984375,233.984375,234.109375,235.578125,10.59375,"accuracy",0.39,0.39,0.0899445575701344,NA,56930,100,"success","","","0.99.39"
"component_path__prism__kernelpls__k10__cpu__r1","current_release_component_path","prism","regression","kernelpls","cpu",NA,"cpu_flash","rsvd","argmax","float64",10,479,54,1000,4686,1001,1,NA,NA,"high_response_stable",48,6,"fresh_oversampled_sketch_per_component",1,NA,NA,TRUE,"linear",1,12.684,0.077,12.761,246.1875,236.484375,334.328125,370.8125,124.625,"rmsd",0.550362820648891,NA,0.0198561366304254,0.550362820648891,-30157376.6520399,253044,"success","","","0.99.39"
"component_path__prism__kernelpls__k10__cpu__r2","current_release_component_path","prism","regression","kernelpls","cpu",NA,"cpu_flash","rsvd","argmax","float64",10,479,54,1000,4686,1002,2,NA,NA,"high_response_stable",48,6,"fresh_oversampled_sketch_per_component",1,NA,NA,TRUE,"linear",1,12.627,0.0780000000000012,12.705,244.84375,217.578125,323.578125,360.625,115.78125,"rmsd",0.55036282105958,NA,0.0198561351676598,0.55036282105958,-30157376.6300814,253044,"success","","","0.99.39"
"component_path__prism__kernelpls__k10__cpu__r3","current_release_component_path","prism","regression","kernelpls","cpu",NA,"cpu_flash","rsvd","argmax","float64",10,479,54,1000,4686,1003,3,NA,NA,"high_response_stable",48,6,"fresh_oversampled_sketch_per_component",1,NA,NA,TRUE,"linear",1,12.628,0.077,12.705,250.90625,383.4375,389.34375,401.046875,150.140625,"rmsd",0.550362821245683,NA,0.0198561345047685,0.550362821245683,-30157376.6264665,253044,"success","","","0.99.39"
"component_path__prism__kernelpls__k10__cpu__r4","current_release_component_path","prism","regression","kernelpls","cpu",NA,"cpu_flash","rsvd","argmax","float64",10,479,54,1000,4686,1004,4,NA,NA,"high_response_stable",48,6,"fresh_oversampled_sketch_per_component",1,NA,NA,TRUE,"linear",1,12.595,0.0779999999999994,12.673,242.5,381.453125,391.234375,402.875,160.375,"rmsd",0.550362821202522,NA,0.0198561346584802,0.550362821202522,-30157376.6237961,253044,"success","","","0.99.39"
"component_path__prism__kernelpls__k10__cpu__r5","current_release_component_path","prism","regression","kernelpls","cpu",NA,"cpu_flash","rsvd","argmax","float64",10,479,54,1000,4686,1005,5,NA,NA,"high_response_stable",48,6,"fresh_oversampled_sketch_per_component",1,NA,NA,TRUE,"linear",1,12.63,0.0779999999999994,12.708,244.21875,257.796875,337.984375,373.25,129.03125,"rmsd",0.550362821176883,NA,0.0198561347498188,0.550362821176883,-30157376.6306939,253044,"success","","","0.99.39"
"component_path__prism__kernelpls__k10__metal__r1","current_release_component_path","prism","regression","kernelpls","metal","metal","metal","rsvd","argmax","float64",10,479,54,1000,4686,1001,1,NA,NA,"high_response_stable",48,6,"fresh_oversampled_sketch_per_component",1,NA,NA,TRUE,"linear",1,3.764,0.0140000000000002,3.778,241.96875,581.890625,588.34375,599.296875,357.328125,"rmsd",0.550362822011661,NA,0.0198561317765134,0.550362822011661,-30157376.7706889,253044,"success","","","0.99.39"
"component_path__prism__kernelpls__k10__metal__r2","current_release_component_path","prism","regression","kernelpls","metal","metal","metal","rsvd","argmax","float64",10,479,54,1000,4686,1002,2,NA,NA,"high_response_stable",48,6,"fresh_oversampled_sketch_per_component",1,NA,NA,TRUE,"linear",1,3.686,0.0119999999999996,3.698,245.9375,523.484375,531.5625,610.046875,364.109375,"rmsd",0.550362822693462,NA,0.0198561293480303,0.550362822693462,-30157377.009502,253044,"success","","","0.99.39"
"component_path__prism__kernelpls__k10__metal__r3","current_release_component_path","prism","regression","kernelpls","metal","metal","metal","rsvd","argmax","float64",10,479,54,1000,4686,1003,3,NA,NA,"high_response_stable",48,6,"fresh_oversampled_sketch_per_component",1,NA,NA,TRUE,"linear",1,3.675,0.00899999999999945,3.684,241.640625,630.671875,632.171875,657.421875,415.78125,"rmsd",0.550362820360198,NA,0.0198561376586892,0.550362820360198,-30157376.839995,253044,"success","","","0.99.39"
"component_path__prism__kernelpls__k10__metal__r4","current_release_component_path","prism","regression","kernelpls","metal","metal","metal","rsvd","argmax","float64",10,479,54,1000,4686,1004,4,NA,NA,"high_response_stable",48,6,"fresh_oversampled_sketch_per_component",1,NA,NA,TRUE,"linear",1,3.634,0.00900000000000034,3.643,241.390625,634.515625,639.125,661.453125,420.0625,"rmsd",0.550362821917754,NA,0.0198561321109737,0.550362821917754,-30157376.3552684,253044,"success","","","0.99.39"
"component_path__prism__kernelpls__k10__metal__r5","current_release_component_path","prism","regression","kernelpls","metal","metal","metal","rsvd","argmax","float64",10,479,54,1000,4686,1005,5,NA,NA,"high_response_stable",48,6,"fresh_oversampled_sketch_per_component",1,NA,NA,TRUE,"linear",1,3.67,0.0110000000000001,3.681,242.3125,598.921875,611.234375,638.875,396.5625,"rmsd",0.550362816766229,NA,0.0198561504597451,0.550362816766229,-30157376.3053167,253044,"success","","","0.99.39"
"component_path__prism__kernelpls__k20__cpu__r1","current_release_component_path","prism","regression","kernelpls","cpu",NA,"cpu_flash","rsvd","argmax","float64",20,479,54,1000,4686,1001,1,NA,NA,"high_response_stable",48,6,"fresh_oversampled_sketch_per_component",1,NA,NA,TRUE,"linear",1,25.247,0.0770000000000017,25.324,240.375,387.140625,389.171875,400.921875,160.546875,"rmsd",0.559266566169759,NA,-0.0121138414362918,0.559266566169759,-30014533.5816998,253044,"success","","","0.99.39"
"component_path__prism__kernelpls__k20__cpu__r2","current_release_component_path","prism","regression","kernelpls","cpu",NA,"cpu_flash","rsvd","argmax","float64",20,479,54,1000,4686,1002,2,NA,NA,"high_response_stable",48,6,"fresh_oversampled_sketch_per_component",1,NA,NA,TRUE,"linear",1,25.26,0.0769999999999982,25.337,240.90625,386.75,394.59375,407.234375,166.328125,"rmsd",0.559266573233955,NA,-0.0121138670046717,0.559266573233955,-30014533.7012939,253044,"success","","","0.99.39"
"component_path__prism__kernelpls__k20__cpu__r3","current_release_component_path","prism","regression","kernelpls","cpu",NA,"cpu_flash","rsvd","argmax","float64",20,479,54,1000,4686,1003,3,NA,NA,"high_response_stable",48,6,"fresh_oversampled_sketch_per_component",1,NA,NA,TRUE,"linear",1,25.257,0.0779999999999994,25.335,246.125,385.8125,395.59375,400.515625,154.390625,"rmsd",0.559266541267668,NA,-0.0121137513048319,0.559266541267668,-30014534.3382758,253044,"success","","","0.99.39"
"component_path__prism__kernelpls__k20__cpu__r4","current_release_component_path","prism","regression","kernelpls","cpu",NA,"cpu_flash","rsvd","argmax","float64",20,479,54,1000,4686,1004,4,NA,NA,"high_response_stable",48,6,"fresh_oversampled_sketch_per_component",1,NA,NA,TRUE,"linear",1,25.229,0.0760000000000005,25.305,242.203125,386.375,388.484375,405,162.796875,"rmsd",0.559266562147283,NA,-0.0121138268771961,0.559266562147283,-30014534.4503862,253044,"success","","","0.99.39"
"component_path__prism__kernelpls__k5__cpu__r5","current_release_component_path","prism","regression","kernelpls","cpu",NA,"cpu_flash","rsvd","argmax","float64",5,479,54,1000,4686,1005,5,NA,NA,"high_response_stable",48,6,"fresh_oversampled_sketch_per_component",1,NA,NA,TRUE,"linear",1,6.304,0.077,6.381,247.71875,382.640625,390.484375,401.203125,153.484375,"rmsd",0.548247842937603,NA,0.0273748106286354,0.548247842937603,-29592708.243837,253044,"success","","","0.99.39"
"component_path__prism__kernelpls__k5__metal__r1","current_release_component_path","prism","regression","kernelpls","metal","metal","metal","rsvd","argmax","float64",5,479,54,1000,4686,1001,1,NA,NA,"high_response_stable",48,6,"fresh_oversampled_sketch_per_component",1,NA,NA,TRUE,"linear",1,2.093,0.012,2.105,241.78125,560.640625,562,578.421875,336.640625,"rmsd",0.54824784303403,NA,0.0273748102865149,0.54824784303403,-29592708.2738664,253044,"success","","","0.99.39"
"component_path__prism__kernelpls__k5__metal__r2","current_release_component_path","prism","regression","kernelpls","metal","metal","metal","rsvd","argmax","float64",5,479,54,1000,4686,1002,2,NA,NA,"high_response_stable",48,6,"fresh_oversampled_sketch_per_component",1,NA,NA,TRUE,"linear",1,2,0.0110000000000001,2.011,243.109375,574.921875,579.90625,597.65625,354.546875,"rmsd",0.548247843111214,NA,0.027374810012646,0.548247843111214,-29592708.2270281,253044,"success","","","0.99.39"
"component_path__prism__kernelpls__k5__metal__r3","current_release_component_path","prism","regression","kernelpls","metal","metal","metal","rsvd","argmax","float64",5,479,54,1000,4686,1003,3,NA,NA,"high_response_stable",48,6,"fresh_oversampled_sketch_per_component",1,NA,NA,TRUE,"linear",1,1.976,0.012,1.988,245.21875,581.09375,583.1875,599.03125,353.8125,"rmsd",0.548247844133445,NA,0.0273748063856513,0.548247844133445,-29592708.5578126,253044,"success","","","0.99.39"
"component_path__prism__kernelpls__k5__metal__r4","current_release_component_path","prism","regression","kernelpls","metal","metal","metal","rsvd","argmax","float64",5,479,54,1000,4686,1004,4,NA,NA,"high_response_stable",48,6,"fresh_oversampled_sketch_per_component",1,NA,NA,TRUE,"linear",1,2.038,0.0089999999999999,2.047,241.609375,526.921875,532.8125,558.953125,317.34375,"rmsd",0.548247843631093,NA,0.0273748081680437,0.548247843631093,-29592707.9639158,253044,"success","","","0.99.39"
"component_path__prism__kernelpls__k5__metal__r5","current_release_component_path","prism","regression","kernelpls","metal","metal","metal","rsvd","argmax","float64",5,479,54,1000,4686,1005,5,NA,NA,"high_response_stable",48,6,"fresh_oversampled_sketch_per_component",1,NA,NA,TRUE,"linear",1,2.001,0.0109999999999997,2.012,245.921875,537.828125,543.84375,595.484375,349.5625,"rmsd",0.548247840723172,NA,0.0273748184856983,0.548247840723172,-29592708.1990863,253044,"success","","","0.99.39"
"component_path__prism__kernelpls__k6__cpu__r1","current_release_component_path","prism","regression","kernelpls","cpu",NA,"cpu_flash","rsvd","argmax","float64",6,479,54,1000,4686,1001,1,NA,NA,"high_response_stable",48,6,"fresh_oversampled_sketch_per_component",1,NA,NA,TRUE,"linear",1,7.564,0.077,7.641,242.171875,385.78125,389.796875,402.484375,160.3125,"rmsd",0.547758816210452,NA,0.0291091633977342,0.547758816210452,-29673124.606221,253044,"success","","","0.99.39"
"component_path__prism__kernelpls__k6__cpu__r2","current_release_component_path","prism","regression","kernelpls","cpu",NA,"cpu_flash","rsvd","argmax","float64",6,479,54,1000,4686,1002,2,NA,NA,"high_response_stable",48,6,"fresh_oversampled_sketch_per_component",1,NA,NA,TRUE,"linear",1,7.549,0.0780000000000012,7.627,240.65625,383.640625,391.5,403.25,162.59375,"rmsd",0.547758816210634,NA,0.0291091633970807,0.547758816210634,-29673124.6062244,253044,"success","","","0.99.39"
"component_path__prism__kernelpls__k6__cpu__r3","current_release_component_path","prism","regression","kernelpls","cpu",NA,"cpu_flash","rsvd","argmax","float64",6,479,54,1000,4686,1003,3,NA,NA,"high_response_stable",48,6,"fresh_oversampled_sketch_per_component",1,NA,NA,TRUE,"linear",1,7.546,0.0779999999999994,7.624,246.078125,384.828125,390.75,405.328125,159.25,"rmsd",0.547758816210537,NA,0.0291091633974276,0.547758816210537,-29673124.6062271,253044,"success","","","0.99.39"
"component_path__prism__kernelpls__k6__cpu__r4","current_release_component_path","prism","regression","kernelpls","cpu",NA,"cpu_flash","rsvd","argmax","float64",6,479,54,1000,4686,1004,4,NA,NA,"high_response_stable",48,6,"fresh_oversampled_sketch_per_component",1,NA,NA,TRUE,"linear",1,7.539,0.0779999999999994,7.617,246.65625,384.515625,396.25,404.078125,157.421875,"rmsd",0.547758816210465,NA,0.0291091633976835,0.547758816210465,-29673124.6062137,253044,"success","","","0.99.39"
"component_path__prism__kernelpls__k6__cpu__r5","current_release_component_path","prism","regression","kernelpls","cpu",NA,"cpu_flash","rsvd","argmax","float64",6,479,54,1000,4686,1005,5,NA,NA,"high_response_stable",48,6,"fresh_oversampled_sketch_per_component",1,NA,NA,TRUE,"linear",1,7.544,0.0780000000000012,7.622,246.453125,385.140625,392.984375,405.625,159.171875,"rmsd",0.547758816210572,NA,0.0291091633972943,0.547758816210572,-29673124.6062151,253044,"success","","","0.99.39"
"component_path__prism__kernelpls__k6__metal__r1","current_release_component_path","prism","regression","kernelpls","metal","metal","metal","rsvd","argmax","float64",6,479,54,1000,4686,1001,1,NA,NA,"high_response_stable",48,6,"fresh_oversampled_sketch_per_component",1,NA,NA,TRUE,"linear",1,2.414,0.0100000000000002,2.424,249.453125,478.875,485.84375,519.5,270.046875,"rmsd",0.547758816460513,NA,0.0291091625113011,0.547758816460513,-29673124.6174982,253044,"success","","","0.99.39"
"component_path__prism__kernelpls__k6__metal__r2","current_release_component_path","prism","regression","kernelpls","metal","metal","metal","rsvd","argmax","float64",6,479,54,1000,4686,1002,2,NA,NA,"high_response_stable",48,6,"fresh_oversampled_sketch_per_component",1,NA,NA,TRUE,"linear",1,2.333,0.0089999999999999,2.342,244.34375,548.625,549.3125,590.328125,345.984375,"rmsd",0.547758815895721,NA,0.0291091645134524,0.547758815895721,-29673124.404271,253044,"success","","","0.99.39"
"component_path__prism__kernelpls__k6__metal__r3","current_release_component_path","prism","regression","kernelpls","metal","metal","metal","rsvd","argmax","float64",6,479,54,1000,4686,1003,3,NA,NA,"high_response_stable",48,6,"fresh_oversampled_sketch_per_component",1,NA,NA,TRUE,"linear",1,2.312,0.0100000000000002,2.322,245.28125,551.875,551.984375,599.140625,353.859375,"rmsd",0.547758816619907,NA,0.0291091619462481,0.547758816619907,-29673124.6863826,253044,"success","","","0.99.39"
"component_path__prism__kernelpls__k6__metal__r4","current_release_component_path","prism","regression","kernelpls","metal","metal","metal","rsvd","argmax","float64",6,479,54,1000,4686,1004,4,NA,NA,"high_response_stable",48,6,"fresh_oversampled_sketch_per_component",1,NA,NA,TRUE,"linear",1,2.335,0.0089999999999999,2.344,249.28125,574.65625,574.765625,611.390625,362.109375,"rmsd",0.547758817066144,NA,0.0291091603643621,0.547758817066144,-29673124.4376469,253044,"success","","","0.99.39"
"component_path__prism__kernelpls__k6__metal__r5","current_release_component_path","prism","regression","kernelpls","metal","metal","metal","rsvd","argmax","float64",6,479,54,1000,4686,1005,5,NA,NA,"high_response_stable",48,6,"fresh_oversampled_sketch_per_component",1,NA,NA,TRUE,"linear",1,2.301,0.00999999999999979,2.311,246.59375,571.4375,571.609375,611.15625,364.5625,"rmsd",0.547758814377582,NA,0.0291091698952054,0.547758814377582,-29673124.6388646,253044,"success","","","0.99.39"
"component_path__prism__plssvd__k100__cpu__r1","current_release_component_path","prism","regression","plssvd","cpu",NA,"cpu_flash","rsvd","argmax","float64",100,479,54,1000,4686,1001,1,NA,NA,"not_applicable",32,5,NA,NA,NA,NA,NA,"linear",1,3.956,0.077,4.033,244.625,384.78125,388.75,399.484375,154.859375,"rmsd",0.589124266434085,NA,-0.123066501928773,0.589124266434085,-30352694.9604589,253044,"success","","","0.99.39"
"component_path__prism__plssvd__k100__cpu__r2","current_release_component_path","prism","regression","plssvd","cpu",NA,"cpu_flash","rsvd","argmax","float64",100,479,54,1000,4686,1002,2,NA,NA,"not_applicable",32,5,NA,NA,NA,NA,NA,"linear",1,3.957,0.0800000000000001,4.037,243.25,387.328125,387.453125,399.125,155.875,"rmsd",0.589140337501784,NA,-0.123127776349109,0.589140337501784,-30333660.0347361,253044,"success","","","0.99.39"
"component_path__prism__plssvd__k100__cpu__r3","current_release_component_path","prism","regression","plssvd","cpu",NA,"cpu_flash","rsvd","argmax","float64",100,479,54,1000,4686,1003,3,NA,NA,"not_applicable",32,5,NA,NA,NA,NA,NA,"linear",1,3.955,0.0780000000000003,4.033,244.6875,376.3125,376.40625,382.28125,137.59375,"rmsd",0.589001738961799,NA,-0.122599394401002,0.589001738961799,-30342276.022873,253044,"success","","","0.99.39"
"component_path__prism__plssvd__k100__cpu__r4","current_release_component_path","prism","regression","plssvd","cpu",NA,"cpu_flash","rsvd","argmax","float64",100,479,54,1000,4686,1004,4,NA,NA,"not_applicable",32,5,NA,NA,NA,NA,NA,"linear",1,3.95,0.0779999999999994,4.028,247.328125,380.328125,380.4375,386.3125,138.984375,"rmsd",0.589068118687739,NA,-0.122852439627335,0.589068118687739,-30352880.8497744,253044,"success","","","0.99.39"
"component_path__prism__plssvd__k100__cpu__r5","current_release_component_path","prism","regression","plssvd","cpu",NA,"cpu_flash","rsvd","argmax","float64",100,479,54,1000,4686,1005,5,NA,NA,"not_applicable",32,5,NA,NA,NA,NA,NA,"linear",1,3.95,0.0800000000000001,4.03,243.546875,376.546875,384.390625,403.8125,160.265625,"rmsd",0.58915069302723,NA,-0.123167259914397,0.58915069302723,-30340318.4067256,253044,"success","","","0.99.39"
"component_path__prism__plssvd__k100__metal__r1","current_release_component_path","prism","regression","plssvd","metal","metal","metal","rsvd","argmax","float64",100,479,54,1000,4686,1001,1,NA,NA,"not_applicable",32,5,NA,NA,NA,NA,NA,"linear",1,1.397,0.0169999999999999,1.414,241.703125,428.171875,432.21875,442.921875,201.21875,"rmsd",0.58899059862621,NA,-0.122556929277784,0.58899059862621,-30337744.4349812,253044,"success","","","0.99.39"
"component_path__prism__plssvd__k100__metal__r2","current_release_component_path","prism","regression","plssvd","metal","metal","metal","rsvd","argmax","float64",100,479,54,1000,4686,1002,2,NA,NA,"not_applicable",32,5,NA,NA,NA,NA,NA,"linear",1,1.383,0.016,1.399,243.0625,476.78125,455.078125,506.46875,263.40625,"rmsd",0.589095666288033,NA,-0.122957461822461,0.589095666288033,-30329868.8974731,253044,"success","","","0.99.39"
"component_path__prism__plssvd__k100__metal__r3","current_release_component_path","prism","regression","plssvd","metal","metal","metal","rsvd","argmax","float64",100,479,54,1000,4686,1003,3,NA,NA,"not_applicable",32,5,NA,NA,NA,NA,NA,"linear",1,1.394,0.0110000000000001,1.405,242.109375,497.140625,510.296875,547.875,305.765625,"rmsd",0.589091473477053,NA,-0.122941476875088,0.589091473477053,-30313976.0284558,253044,"success","","","0.99.39"
"component_path__prism__plssvd__k100__metal__r4","current_release_component_path","prism","regression","plssvd","metal","metal","metal","rsvd","argmax","float64",100,479,54,1000,4686,1004,4,NA,NA,"not_applicable",32,5,NA,NA,NA,NA,NA,"linear",1,1.394,0.0129999999999999,1.407,245.40625,547.4375,555.828125,576.859375,331.453125,"rmsd",0.589065926732691,NA,-0.122844083250829,0.589065926732691,-30322672.1455769,253044,"success","","","0.99.39"
"component_path__prism__plssvd__k100__metal__r5","current_release_component_path","prism","regression","plssvd","metal","metal","metal","rsvd","argmax","float64",100,479,54,1000,4686,1005,5,NA,NA,"not_applicable",32,5,NA,NA,NA,NA,NA,"linear",1,1.387,0.0129999999999999,1.4,245.1875,567.140625,566.90625,570.984375,325.796875,"rmsd",0.589132499905081,NA,-0.123097893608321,0.589132499905081,-30322280.1645064,253044,"success","","","0.99.39"
"component_path__prism__plssvd__k10__cpu__r1","current_release_component_path","prism","regression","plssvd","cpu",NA,"cpu_flash","rsvd","argmax","float64",10,479,54,1000,4686,1001,1,NA,NA,"not_applicable",32,5,NA,NA,NA,NA,NA,"linear",1,1,0.077,1.077,245.65625,343.859375,345.984375,363.46875,117.8125,"rmsd",0.551540751322998,NA,0.0156560816865103,0.551540751322998,-29441585.910664,253044,"success","","","0.99.39"
"component_path__prism__plssvd__k10__cpu__r2","current_release_component_path","prism","regression","plssvd","cpu",NA,"cpu_flash","rsvd","argmax","float64",10,479,54,1000,4686,1002,2,NA,NA,"not_applicable",32,5,NA,NA,NA,NA,NA,"linear",1,1,0.077,1.077,241.109375,339.53125,349.3125,360.046875,118.9375,"rmsd",0.55154066869824,NA,0.0156563766100497,0.55154066869824,-29441587.2069158,253044,"success","","","0.99.39"
"component_path__prism__plssvd__k10__cpu__r3","current_release_component_path","prism","regression","plssvd","cpu",NA,"cpu_flash","rsvd","argmax","float64",10,479,54,1000,4686,1003,3,NA,NA,"not_applicable",32,5,NA,NA,NA,NA,NA,"linear",1,0.999,0.0779999999999998,1.077,245.765625,343.25,351.140625,369.59375,123.828125,"rmsd",0.551540680329825,NA,0.0156563350918952,0.551540680329825,-29441584.5596485,253044,"success","","","0.99.39"
"component_path__prism__plssvd__k10__cpu__r4","current_release_component_path","prism","regression","plssvd","cpu",NA,"cpu_flash","rsvd","argmax","float64",10,479,54,1000,4686,1004,4,NA,NA,"not_applicable",32,5,NA,NA,NA,NA,NA,"linear",1,1,0.079,1.079,244.546875,342.984375,347,364.53125,119.984375,"rmsd",0.551540701119275,NA,0.0156562608853126,0.551540701119275,-29441586.4811825,253044,"success","","","0.99.39"
"component_path__prism__plssvd__k10__cpu__r5","current_release_component_path","prism","regression","plssvd","cpu",NA,"cpu_flash","rsvd","argmax","float64",10,479,54,1000,4686,1005,5,NA,NA,"not_applicable",32,5,NA,NA,NA,NA,NA,"linear",1,0.999,0.077,1.076,242.5,339.953125,343.953125,359.515625,117.015625,"rmsd",0.551540663010207,NA,0.0156563969130846,0.551540663010207,-29441586.468685,253044,"success","","","0.99.39"
"component_path__prism__plssvd__k10__metal__r1","current_release_component_path","prism","regression","plssvd","metal","metal","metal","rsvd","argmax","float64",10,479,54,1000,4686,1001,1,NA,NA,"not_applicable",32,5,NA,NA,NA,NA,NA,"linear",1,0.397,0.0109999999999999,0.408,241.078125,446.296875,446.53125,450.609375,209.53125,"rmsd",0.551540646243449,NA,0.0156564567608758,0.551540646243449,-29441586.3230568,253044,"success","","","0.99.39"
"component_path__prism__plssvd__k10__metal__r2","current_release_component_path","prism","regression","plssvd","metal","metal","metal","rsvd","argmax","float64",10,479,54,1000,4686,1002,2,NA,NA,"not_applicable",32,5,NA,NA,NA,NA,NA,"linear",1,0.398,0.01,0.408,244.296875,450.703125,451.03125,470.46875,226.171875,"rmsd",0.551540606170016,NA,0.0156565998002975,0.551540606170016,-29441581.1817301,253044,"success","","","0.99.39"
"component_path__prism__plssvd__k10__metal__r3","current_release_component_path","prism","regression","plssvd","metal","metal","metal","rsvd","argmax","float64",10,479,54,1000,4686,1003,3,NA,NA,"not_applicable",32,5,NA,NA,NA,NA,NA,"linear",1,0.413,0.00900000000000012,0.422,245.375,450.453125,450.640625,461.421875,216.046875,"rmsd",0.551540628233008,NA,0.0156565210479477,0.551540628233008,-29441581.7892211,253044,"success","","","0.99.39"
"component_path__prism__plssvd__k10__metal__r4","current_release_component_path","prism","regression","plssvd","metal","metal","metal","rsvd","argmax","float64",10,479,54,1000,4686,1004,4,NA,NA,"not_applicable",32,5,NA,NA,NA,NA,NA,"linear",1,0.405,0.00900000000000012,0.414,245.796875,439.3125,439.546875,455.140625,209.34375,"rmsd",0.551540658524282,NA,0.0156564129252889,0.551540658524282,-29441585.017451,253044,"success","","","0.99.39"
"component_path__prism__plssvd__k10__metal__r5","current_release_component_path","prism","regression","plssvd","metal","metal","metal","rsvd","argmax","float64",10,479,54,1000,4686,1005,5,NA,NA,"not_applicable",32,5,NA,NA,NA,NA,NA,"linear",1,0.397,0.01,0.407,249.984375,451.609375,453.796875,457.15625,207.171875,"rmsd",0.551540680070311,NA,0.0156563360182354,0.551540680070311,-29441585.1856439,253044,"success","","","0.99.39"
"component_path__prism__plssvd__k1__cpu__r1","current_release_component_path","prism","regression","plssvd","cpu",NA,"cpu_flash","rsvd","argmax","float64",1,479,54,1000,4686,1001,1,NA,NA,"not_applicable",32,5,NA,NA,NA,NA,NA,"linear",1,0.747,0.0780000000000001,0.825,241.359375,336.03125,345.8125,363.296875,121.9375,"rmsd",0.553800139722183,NA,0.00757482724739034,0.553800139722183,-28771073.7571014,253044,"success","","","0.99.39"
"component_path__prism__plssvd__k1__cpu__r2","current_release_component_path","prism","regression","plssvd","cpu",NA,"cpu_flash","rsvd","argmax","float64",1,479,54,1000,4686,1002,2,NA,NA,"not_applicable",32,5,NA,NA,NA,NA,NA,"linear",1,0.748,0.0780000000000001,0.826,243.3125,339.203125,345.109375,363.640625,120.328125,"rmsd",0.553800139722207,NA,0.0075748272473074,0.553800139722207,-28771073.7571035,253044,"success","","","0.99.39"
"component_path__prism__plssvd__k1__cpu__r3","current_release_component_path","prism","regression","plssvd","cpu",NA,"cpu_flash","rsvd","argmax","float64",1,479,54,1000,4686,1003,3,NA,NA,"not_applicable",32,5,NA,NA,NA,NA,NA,"linear",1,0.747,0.0779999999999998,0.825,244.53125,338.0625,349.78125,362.4375,117.90625,"rmsd",0.553800139722196,NA,0.00757482724735359,0.553800139722196,-28771073.7570995,253044,"success","","","0.99.39"
"component_path__prism__plssvd__k1__cpu__r4","current_release_component_path","prism","regression","plssvd","cpu",NA,"cpu_flash","rsvd","argmax","float64",1,479,54,1000,4686,1004,4,NA,NA,"not_applicable",32,5,NA,NA,NA,NA,NA,"linear",1,0.747,0.077,0.824,249.890625,341.21875,351.078125,362.84375,112.953125,"rmsd",0.553800139722204,NA,0.00757482724731862,0.553800139722204,-28771073.7570992,253044,"success","","","0.99.39"
"component_path__prism__plssvd__k1__cpu__r5","current_release_component_path","prism","regression","plssvd","cpu",NA,"cpu_flash","rsvd","argmax","float64",1,479,54,1000,4686,1005,5,NA,NA,"not_applicable",32,5,NA,NA,NA,NA,NA,"linear",1,0.747,0.0780000000000001,0.825,242.5,338.328125,348.109375,367.59375,125.09375,"rmsd",0.553800139722209,NA,0.00757482724730019,0.553800139722209,-28771073.7571016,253044,"success","","","0.99.39"
"component_path__prism__plssvd__k1__metal__r1","current_release_component_path","prism","regression","plssvd","metal","metal","metal","rsvd","argmax","float64",1,479,54,1000,4686,1001,1,NA,NA,"not_applicable",32,5,NA,NA,NA,NA,NA,"linear",1,0.342,0.011,0.353,249.453125,331.28125,360.03125,423.859375,174.40625,"rmsd",0.553800140213855,NA,0.00757482548521204,0.553800140213855,-28771073.9038477,253044,"success","","","0.99.39"
"component_path__prism__plssvd__k1__metal__r2","current_release_component_path","prism","regression","plssvd","metal","metal","metal","rsvd","argmax","float64",1,479,54,1000,4686,1002,2,NA,NA,"not_applicable",32,5,NA,NA,NA,NA,NA,"linear",1,0.351,0.01,0.361,243.84375,328.65625,326.59375,423.578125,179.734375,"rmsd",0.553800140642723,NA,0.00757482394812359,0.553800140642723,-28771073.7458566,253044,"success","","","0.99.39"
"component_path__prism__plssvd__k1__metal__r3","current_release_component_path","prism","regression","plssvd","metal","metal","metal","rsvd","argmax","float64",1,479,54,1000,4686,1003,3,NA,NA,"not_applicable",32,5,NA,NA,NA,NA,NA,"linear",1,0.329,0.011,0.34,252.8125,428.3125,438.0625,452.75,199.9375,"rmsd",0.553800140312416,NA,0.00757482513196328,0.553800140312416,-28771073.6899926,253044,"success","","","0.99.39"
"component_path__prism__plssvd__k1__metal__r4","current_release_component_path","prism","regression","plssvd","metal","metal","metal","rsvd","argmax","float64",1,479,54,1000,4686,1004,4,NA,NA,"not_applicable",32,5,NA,NA,NA,NA,NA,"linear",1,0.318,0.00900000000000001,0.327,251.125,431.921875,431.96875,445.578125,194.453125,"rmsd",0.553800140294074,NA,0.0075748251977299,0.553800140294074,-28771073.7919961,253044,"success","","","0.99.39"
"component_path__prism__plssvd__k1__metal__r5","current_release_component_path","prism","regression","plssvd","metal","metal","metal","rsvd","argmax","float64",1,479,54,1000,4686,1005,5,NA,NA,"not_applicable",32,5,NA,NA,NA,NA,NA,"linear",1,0.313,0.0079999999999999,0.321,239.234375,432.671875,440.46875,447.375,208.140625,"rmsd",0.553800140664835,NA,0.0075748238689024,0.553800140664835,-28771073.5864154,253044,"success","","","0.99.39"
"component_path__prism__plssvd__k20__cpu__r1","current_release_component_path","prism","regression","plssvd","cpu",NA,"cpu_flash","rsvd","argmax","float64",20,479,54,1000,4686,1001,1,NA,NA,"not_applicable",32,5,NA,NA,NA,NA,NA,"linear",1,1.295,0.079,1.374,247.75,343.5,351.359375,367.875,120.125,"rmsd",0.549192949322825,NA,0.0240185672522653,0.549192949322825,-30022566.7758978,253044,"success","","","0.99.39"
"component_path__prism__plssvd__k20__cpu__r2","current_release_component_path","prism","regression","plssvd","cpu",NA,"cpu_flash","rsvd","argmax","float64",20,479,54,1000,4686,1002,2,NA,NA,"not_applicable",32,5,NA,NA,NA,NA,NA,"linear",1,1.296,0.0780000000000001,1.374,243.421875,348.234375,356.078125,373.5625,130.140625,"rmsd",0.549191822035291,NA,0.0240225738971848,0.549191822035291,-30022756.9371422,253044,"success","","","0.99.39"
"component_path__prism__plssvd__k20__cpu__r3","current_release_component_path","prism","regression","plssvd","cpu",NA,"cpu_flash","rsvd","argmax","float64",20,479,54,1000,4686,1003,3,NA,NA,"not_applicable",32,5,NA,NA,NA,NA,NA,"linear",1,1.291,0.0770000000000002,1.368,244.03125,344.765625,356.484375,370.109375,126.078125,"rmsd",0.549191267493827,NA,0.0240245448649109,0.549191267493827,-30022623.6037263,253044,"success","","","0.99.39"
"component_path__prism__plssvd__k20__cpu__r4","current_release_component_path","prism","regression","plssvd","cpu",NA,"cpu_flash","rsvd","argmax","float64",20,479,54,1000,4686,1004,4,NA,NA,"not_applicable",32,5,NA,NA,NA,NA,NA,"linear",1,1.291,0.0770000000000002,1.368,244.125,343.203125,349.140625,363.75,119.625,"rmsd",0.54919109504871,NA,0.0240251577740418,0.54919109504871,-30022399.9156646,253044,"success","","","0.99.39"
"component_path__prism__plssvd__k20__cpu__r5","current_release_component_path","prism","regression","plssvd","cpu",NA,"cpu_flash","rsvd","argmax","float64",20,479,54,1000,4686,1005,5,NA,NA,"not_applicable",32,5,NA,NA,NA,NA,NA,"linear",1,1.294,0.0790000000000002,1.373,240.796875,345.125,356.84375,374.328125,133.53125,"rmsd",0.54919416448802,NA,0.0240142482602537,0.54919416448802,-30022880.670166,253044,"success","","","0.99.39"
"component_path__prism__plssvd__k20__metal__r1","current_release_component_path","prism","regression","plssvd","metal","metal","metal","rsvd","argmax","float64",20,479,54,1000,4686,1001,1,NA,NA,"not_applicable",32,5,NA,NA,NA,NA,NA,"linear",1,0.495,0.0110000000000001,0.506,246.3125,393.625,385.5,426.5625,180.25,"rmsd",0.549192063515022,NA,0.024021715622166,0.549192063515022,-30022693.1987781,253044,"success","","","0.99.39"
"component_path__prism__plssvd__k20__metal__r2","current_release_component_path","prism","regression","plssvd","metal","metal","metal","rsvd","argmax","float64",20,479,54,1000,4686,1002,2,NA,NA,"not_applicable",32,5,NA,NA,NA,NA,NA,"linear",1,0.52,0.0130000000000001,0.533,247.8125,398.765625,414.25,417.859375,170.046875,"rmsd",0.549190955513049,NA,0.0240256537153455,0.549190955513049,-30022601.5286089,253044,"success","","","0.99.39"
"component_path__prism__plssvd__k20__metal__r3","current_release_component_path","prism","regression","plssvd","metal","metal","metal","rsvd","argmax","float64",20,479,54,1000,4686,1003,3,NA,NA,"not_applicable",32,5,NA,NA,NA,NA,NA,"linear",1,0.503,0.012,0.515,244.5,393.875,410.578125,427.078125,182.578125,"rmsd",0.549192311576997,NA,0.0240208339518708,0.549192311576997,-30022842.1916161,253044,"success","","","0.99.39"
"component_path__prism__plssvd__k20__metal__r4","current_release_component_path","prism","regression","plssvd","metal","metal","metal","rsvd","argmax","float64",20,479,54,1000,4686,1004,4,NA,NA,"not_applicable",32,5,NA,NA,NA,NA,NA,"linear",1,0.472,0.0110000000000001,0.483,244.515625,451.296875,451.75,462.46875,217.953125,"rmsd",0.549191391125109,NA,0.0240241054511315,0.549191391125109,-30022757.2296554,253044,"success","","","0.99.39"
"component_path__prism__plssvd__k20__metal__r5","current_release_component_path","prism","regression","plssvd","metal","metal","metal","rsvd","argmax","float64",20,479,54,1000,4686,1005,5,NA,NA,"not_applicable",32,5,NA,NA,NA,NA,NA,"linear",1,0.457,0.01,0.467,249.9375,451.1875,459.40625,477.046875,227.109375,"rmsd",0.549194665146043,NA,0.0240124687973535,0.549194665146043,-30023247.6104205,253044,"success","","","0.99.39"
"component_path__prism__plssvd__k2__cpu__r1","current_release_component_path","prism","regression","plssvd","cpu",NA,"cpu_flash","rsvd","argmax","float64",2,479,54,1000,4686,1001,1,NA,NA,"not_applicable",32,5,NA,NA,NA,NA,NA,"linear",1,0.776,0.0780000000000001,0.854,242.65625,338.65625,348.453125,365.015625,122.359375,"rmsd",0.55136958953442,NA,0.016266937447862,0.55136958953442,-29259146.1065218,253044,"success","","","0.99.39"
"component_path__prism__plssvd__k2__cpu__r2","current_release_component_path","prism","regression","plssvd","cpu",NA,"cpu_flash","rsvd","argmax","float64",2,479,54,1000,4686,1002,2,NA,NA,"not_applicable",32,5,NA,NA,NA,NA,NA,"linear",1,0.776,0.0780000000000001,0.854,245.75,341.671875,351.453125,368.9375,123.1875,"rmsd",0.55136958953537,NA,0.0162669374444827,0.55136958953537,-29259146.1065376,253044,"success","","","0.99.39"
"component_path__prism__plssvd__k2__cpu__r3","current_release_component_path","prism","regression","plssvd","cpu",NA,"cpu_flash","rsvd","argmax","float64",2,479,54,1000,4686,1003,3,NA,NA,"not_applicable",32,5,NA,NA,NA,NA,NA,"linear",1,0.775,0.0780000000000001,0.853,240.625,339.0625,350.796875,364.4375,123.8125,"rmsd",0.551369589534502,NA,0.0162669374475864,0.551369589534502,-29259146.1064574,253044,"success","","","0.99.39"
"component_path__prism__plssvd__k2__cpu__r4","current_release_component_path","prism","regression","plssvd","cpu",NA,"cpu_flash","rsvd","argmax","float64",2,479,54,1000,4686,1004,4,NA,NA,"not_applicable",32,5,NA,NA,NA,NA,NA,"linear",1,0.775,0.0780000000000001,0.853,241.78125,341.203125,351.140625,365.75,123.96875,"rmsd",0.551369589534497,NA,0.0162669374475918,0.551369589534497,-29259146.1065022,253044,"success","","","0.99.39"
"component_path__prism__plssvd__k2__cpu__r5","current_release_component_path","prism","regression","plssvd","cpu",NA,"cpu_flash","rsvd","argmax","float64",2,479,54,1000,4686,1005,5,NA,NA,"not_applicable",32,5,NA,NA,NA,NA,NA,"linear",1,0.824,0.0840000000000001,0.908,244.0625,247.671875,318.21875,338.859375,94.796875,"rmsd",0.551369589534507,NA,0.0162669374475699,0.551369589534507,-29259146.1065299,253044,"success","","","0.99.39"
"component_path__prism__plssvd__k2__metal__r1","current_release_component_path","prism","regression","plssvd","metal","metal","metal","rsvd","argmax","float64",2,479,54,1000,4686,1001,1,NA,NA,"not_applicable",32,5,NA,NA,NA,NA,NA,"linear",1,0.387,0.012,0.399,246.90625,407.71875,415.328125,436.953125,190.046875,"rmsd",0.551369588630332,NA,0.0162669406739565,0.551369588630332,-29259146.1013047,253044,"success","","","0.99.39"
"component_path__prism__plssvd__k2__metal__r2","current_release_component_path","prism","regression","plssvd","metal","metal","metal","rsvd","argmax","float64",2,479,54,1000,4686,1002,2,NA,NA,"not_applicable",32,5,NA,NA,NA,NA,NA,"linear",1,0.367,0.012,0.379,244.6875,362.125,364.4375,390.5625,145.875,"rmsd",0.551369592484815,NA,0.0162669269199075,0.551369592484815,-29259146.4272484,253044,"success","","","0.99.39"
"component_path__prism__plssvd__k2__metal__r3","current_release_component_path","prism","regression","plssvd","metal","metal","metal","rsvd","argmax","float64",2,479,54,1000,4686,1003,3,NA,NA,"not_applicable",32,5,NA,NA,NA,NA,NA,"linear",1,0.351,0.0129999999999999,0.364,245.96875,418.828125,348.953125,435.546875,189.578125,"rmsd",0.551369589541456,NA,0.0162669374227451,0.551369589541456,-29259145.8263244,253044,"success","","","0.99.39"
"component_path__prism__plssvd__k2__metal__r4","current_release_component_path","prism","regression","plssvd","metal","metal","metal","rsvd","argmax","float64",2,479,54,1000,4686,1004,4,NA,NA,"not_applicable",32,5,NA,NA,NA,NA,NA,"linear",1,0.331,0.00900000000000001,0.34,245.765625,439.09375,443.046875,453.75,207.984375,"rmsd",0.551369590305887,NA,0.0162669346950488,0.551369590305887,-29259146.1463993,253044,"success","","","0.99.39"
"component_path__prism__plssvd__k2__metal__r5","current_release_component_path","prism","regression","plssvd","metal","metal","metal","rsvd","argmax","float64",2,479,54,1000,4686,1005,5,NA,NA,"not_applicable",32,5,NA,NA,NA,NA,NA,"linear",1,0.313,0.0099999999999999,0.323,242.90625,434.1875,434.28125,453.78125,210.875,"rmsd",0.551369587826777,NA,0.0162669435413086,0.551369587826777,-29259145.8625489,253044,"success","","","0.99.39"
"component_path__prism__plssvd__k50__cpu__r1","current_release_component_path","prism","regression","plssvd","cpu",NA,"cpu_flash","rsvd","argmax","float64",50,479,54,1000,4686,1001,1,NA,NA,"not_applicable",32,5,NA,NA,NA,NA,NA,"linear",1,2.207,0.077,2.284,244.265625,360.4375,362.46875,379,134.734375,"rmsd",0.564362344864106,NA,-0.0306416951616999,0.564362344864106,-29891688.2963695,253044,"success","","","0.99.39"
"component_path__prism__plssvd__k50__cpu__r2","current_release_component_path","prism","regression","plssvd","cpu",NA,"cpu_flash","rsvd","argmax","float64",50,479,54,1000,4686,1002,2,NA,NA,"not_applicable",32,5,NA,NA,NA,NA,NA,"linear",1,2.211,0.0790000000000002,2.29,241.71875,363.1875,365.234375,378.859375,137.140625,"rmsd",0.564380095184922,NA,-0.0307065276530925,0.564380095184922,-29890687.6850647,253044,"success","","","0.99.39"
"component_path__prism__plssvd__k50__cpu__r3","current_release_component_path","prism","regression","plssvd","cpu",NA,"cpu_flash","rsvd","argmax","float64",50,479,54,1000,4686,1003,3,NA,NA,"not_applicable",32,5,NA,NA,NA,NA,NA,"linear",1,2.207,0.0779999999999998,2.285,244.8125,361.015625,361.125,379.578125,134.765625,"rmsd",0.564368919124692,NA,-0.0306657072050649,0.564368919124692,-29891275.36706,253044,"success","","","0.99.39"
"component_path__prism__plssvd__k50__cpu__r4","current_release_component_path","prism","regression","plssvd","cpu",NA,"cpu_flash","rsvd","argmax","float64",50,479,54,1000,4686,1004,4,NA,NA,"not_applicable",32,5,NA,NA,NA,NA,NA,"linear",1,2.206,0.0780000000000003,2.284,245.53125,357.40625,359.4375,372.078125,126.546875,"rmsd",0.564390953232761,NA,-0.0307461873382329,0.564390953232761,-29892148.9089002,253044,"success","","","0.99.39"
"component_path__prism__plssvd__k50__cpu__r5","current_release_component_path","prism","regression","plssvd","cpu",NA,"cpu_flash","rsvd","argmax","float64",50,479,54,1000,4686,1005,5,NA,NA,"not_applicable",32,5,NA,NA,NA,NA,NA,"linear",1,2.205,0.0780000000000003,2.283,244.640625,357.3125,367.09375,381.6875,137.046875,"rmsd",0.564399916360972,NA,-0.0307789262882112,0.564399916360972,-29889658.3542081,253044,"success","","","0.99.39"
"component_path__prism__plssvd__k50__metal__r1","current_release_component_path","prism","regression","plssvd","metal","metal","metal","rsvd","argmax","float64",50,479,54,1000,4686,1001,1,NA,NA,"not_applicable",32,5,NA,NA,NA,NA,NA,"linear",1,0.747,0.0150000000000001,0.762,243.59375,401.234375,410.8125,427.625,184.03125,"rmsd",0.564384347594635,NA,-0.0307220597492919,0.564384347594635,-29888085.7639526,253044,"success","","","0.99.39"
"component_path__prism__plssvd__k50__metal__r2","current_release_component_path","prism","regression","plssvd","metal","metal","metal","rsvd","argmax","float64",50,479,54,1000,4686,1002,2,NA,NA,"not_applicable",32,5,NA,NA,NA,NA,NA,"linear",1,0.723,0.0129999999999999,0.736,244.796875,436.96875,446.875,488.734375,243.9375,"rmsd",0.564357494725564,NA,-0.0306239805371311,0.564357494725564,-29891878.9692987,253044,"success","","","0.99.39"
"component_path__prism__plssvd__k50__metal__r3","current_release_component_path","prism","regression","plssvd","metal","metal","metal","rsvd","argmax","float64",50,479,54,1000,4686,1003,3,NA,NA,"not_applicable",32,5,NA,NA,NA,NA,NA,"linear",1,0.728,0.0110000000000001,0.739,246.84375,499.703125,500.53125,501.71875,254.875,"rmsd",0.564394559857264,NA,-0.0307593609240793,0.564394559857264,-29891552.7400482,253044,"success","","","0.99.39"
"component_path__prism__plssvd__k50__metal__r4","current_release_component_path","prism","regression","plssvd","metal","metal","metal","rsvd","argmax","float64",50,479,54,1000,4686,1004,4,NA,NA,"not_applicable",32,5,NA,NA,NA,NA,NA,"linear",1,0.716,0.0130000000000001,0.729,249.140625,396.953125,406.96875,419.34375,170.203125,"rmsd",0.564351346040749,NA,-0.0306015233267696,0.564351346040749,-29893960.4887056,253044,"success","","","0.99.39"
"component_path__prism__plssvd__k50__metal__r5","current_release_component_path","prism","regression","plssvd","metal","metal","metal","rsvd","argmax","float64",50,479,54,1000,4686,1005,5,NA,NA,"not_applicable",32,5,NA,NA,NA,NA,NA,"linear",1,0.714,0.0109999999999999,0.725,248.15625,459.375,469.0625,500.796875,252.640625,"rmsd",0.564356379716197,NA,-0.0306199081033818,0.564356379716197,-29895533.6630363,253044,"success","","","0.99.39"
"component_path__prism__plssvd__k5__cpu__r1","current_release_component_path","prism","regression","plssvd","cpu",NA,"cpu_flash","rsvd","argmax","float64",5,479,54,1000,4686,1001,1,NA,NA,"not_applicable",32,5,NA,NA,NA,NA,NA,"linear",1,0.857,0.077,0.934,246.796875,340.65625,344.625,358.28125,111.484375,"rmsd",0.549987665211608,NA,0.021191913547644,0.549987665211608,-29335576.7012509,253044,"success","","","0.99.39"
"component_path__prism__plssvd__k5__cpu__r2","current_release_component_path","prism","regression","plssvd","cpu",NA,"cpu_flash","rsvd","argmax","float64",5,479,54,1000,4686,1002,2,NA,NA,"not_applicable",32,5,NA,NA,NA,NA,NA,"linear",1,0.857,0.0779999999999998,0.935,243.484375,342.296875,352.25,370.734375,127.25,"rmsd",0.549987665214043,NA,0.0211919135389931,0.549987665214043,-29335576.6984064,253044,"success","","","0.99.39"
"component_path__prism__plssvd__k5__cpu__r3","current_release_component_path","prism","regression","plssvd","cpu",NA,"cpu_flash","rsvd","argmax","float64",5,479,54,1000,4686,1003,3,NA,NA,"not_applicable",32,5,NA,NA,NA,NA,NA,"linear",1,0.858,0.0780000000000001,0.936,243.484375,341.078125,348.9375,367.421875,123.9375,"rmsd",0.549987665222924,NA,0.0211919135073771,0.549987665222924,-29335576.7012346,253044,"success","","","0.99.39"
"component_path__prism__plssvd__k5__cpu__r4","current_release_component_path","prism","regression","plssvd","cpu",NA,"cpu_flash","rsvd","argmax","float64",5,479,54,1000,4686,1004,4,NA,NA,"not_applicable",32,5,NA,NA,NA,NA,NA,"linear",1,0.861,0.079,0.94,248.25,342.328125,350.203125,369.625,121.375,"rmsd",0.549987665206448,NA,0.0211919135659989,0.549987665206448,-29335576.7016206,253044,"success","","","0.99.39"
"component_path__prism__plssvd__k5__cpu__r5","current_release_component_path","prism","regression","plssvd","cpu",NA,"cpu_flash","rsvd","argmax","float64",5,479,54,1000,4686,1005,5,NA,NA,"not_applicable",32,5,NA,NA,NA,NA,NA,"linear",1,0.86,0.0779999999999998,0.938,248.53125,344.796875,348.8125,367.28125,118.75,"rmsd",0.549987665220882,NA,0.0211919135146276,0.549987665220882,-29335576.7003327,253044,"success","","","0.99.39"
"component_path__prism__plssvd__k5__metal__r1","current_release_component_path","prism","regression","plssvd","metal","metal","metal","rsvd","argmax","float64",5,479,54,1000,4686,1001,1,NA,NA,"not_applicable",32,5,NA,NA,NA,NA,NA,"linear",1,0.409,0.0089999999999999,0.418,239.796875,358.65625,369.84375,396.65625,156.859375,"rmsd",0.549987663637441,NA,0.021191919150674,0.549987663637441,-29335576.5418639,253044,"success","","","0.99.39"
"component_path__prism__plssvd__k5__metal__r2","current_release_component_path","prism","regression","plssvd","metal","metal","metal","rsvd","argmax","float64",5,479,54,1000,4686,1002,2,NA,NA,"not_applicable",32,5,NA,NA,NA,NA,NA,"linear",1,0.402,0.0129999999999999,0.415,244.4375,437.0625,444.96875,452.890625,208.453125,"rmsd",0.549987667073193,NA,0.0211919069215639,0.549987667073193,-29335576.7673125,253044,"success","","","0.99.39"
"component_path__prism__plssvd__k5__metal__r3","current_release_component_path","prism","regression","plssvd","metal","metal","metal","rsvd","argmax","float64",5,479,54,1000,4686,1003,3,NA,NA,"not_applicable",32,5,NA,NA,NA,NA,NA,"linear",1,0.391,0.01,0.401,243.609375,439.953125,445.90625,446.03125,202.421875,"rmsd",0.549987666319422,NA,0.0211919096045118,0.549987666319422,-29335576.5213905,253044,"success","","","0.99.39"
"component_path__prism__plssvd__k5__metal__r4","current_release_component_path","prism","regression","plssvd","metal","metal","metal","rsvd","argmax","float64",5,479,54,1000,4686,1004,4,NA,NA,"not_applicable",32,5,NA,NA,NA,NA,NA,"linear",1,0.37,0.00800000000000001,0.378,243.78125,440.828125,441,453.703125,209.921875,"rmsd",0.549987665675588,NA,0.0211919118961581,0.549987665675588,-29335576.6928511,253044,"success","","","0.99.39"
"component_path__prism__plssvd__k5__metal__r5","current_release_component_path","prism","regression","plssvd","metal","metal","metal","rsvd","argmax","float64",5,479,54,1000,4686,1005,5,NA,NA,"not_applicable",32,5,NA,NA,NA,NA,NA,"linear",1,0.374,0.0089999999999999,0.383,245.03125,443.171875,450.171875,450.375,205.34375,"rmsd",0.549987663623676,NA,0.0211919191996731,0.549987663623676,-29335576.5384679,253044,"success","","","0.99.39"
"component_path__prism__plssvd__k7__cpu__r1","current_release_component_path","prism","regression","plssvd","cpu",NA,"cpu_flash","rsvd","argmax","float64",7,479,54,1000,4686,1001,1,NA,NA,"not_applicable",32,5,NA,NA,NA,NA,NA,"linear",1,0.916,0.0790000000000002,0.995,247.890625,348.53125,352.5,370.984375,123.09375,"rmsd",0.549632282859677,NA,0.0224564463994618,0.549632282859677,-29428140.4844172,253044,"success","","","0.99.39"
"component_path__prism__plssvd__k7__cpu__r2","current_release_component_path","prism","regression","plssvd","cpu",NA,"cpu_flash","rsvd","argmax","float64",7,479,54,1000,4686,1002,2,NA,NA,"not_applicable",32,5,NA,NA,NA,NA,NA,"linear",1,0.913,0.0780000000000001,0.991,243.828125,341.640625,345.625,364.140625,120.3125,"rmsd",0.549632279584925,NA,0.0224564580480178,0.549632279584925,-29428140.490442,253044,"success","","","0.99.39"
"component_path__prism__plssvd__k7__cpu__r3","current_release_component_path","prism","regression","plssvd","cpu",NA,"cpu_flash","rsvd","argmax","float64",7,479,54,1000,4686,1003,3,NA,NA,"not_applicable",32,5,NA,NA,NA,NA,NA,"linear",1,0.919,0.077,0.996,243.34375,339.828125,349.609375,362.3125,118.96875,"rmsd",0.549632283383086,NA,0.0224564445376318,0.549632283383086,-29428140.5720208,253044,"success","","","0.99.39"
"component_path__prism__plssvd__k7__cpu__r4","current_release_component_path","prism","regression","plssvd","cpu",NA,"cpu_flash","rsvd","argmax","float64",7,479,54,1000,4686,1004,4,NA,NA,"not_applicable",32,5,NA,NA,NA,NA,NA,"linear",1,0.917,0.079,0.996,246.421875,344.25,350.171875,362.921875,116.5,"rmsd",0.549632284077048,NA,0.0224564420691743,0.549632284077048,-29428140.4301619,253044,"success","","","0.99.39"
"component_path__prism__plssvd__k7__cpu__r5","current_release_component_path","prism","regression","plssvd","cpu",NA,"cpu_flash","rsvd","argmax","float64",7,479,54,1000,4686,1005,5,NA,NA,"not_applicable",32,5,NA,NA,NA,NA,NA,"linear",1,0.924,0.0780000000000001,1.002,241.40625,341.15625,350.9375,364.546875,123.140625,"rmsd",0.549632284357336,NA,0.0224564410721367,0.549632284357336,-29428140.6565272,253044,"success","","","0.99.39"
"component_path__prism__plssvd__k7__metal__r1","current_release_component_path","prism","regression","plssvd","metal","metal","metal","rsvd","argmax","float64",7,479,54,1000,4686,1001,1,NA,NA,"not_applicable",32,5,NA,NA,NA,NA,NA,"linear",1,0.417,0.0110000000000001,0.428,246.765625,339.9375,353.921875,396.40625,149.640625,"rmsd",0.549632280721997,NA,0.022456454003357,0.549632280721997,-29428140.3395544,253044,"success","","","0.99.39"
"component_path__prism__plssvd__k7__metal__r2","current_release_component_path","prism","regression","plssvd","metal","metal","metal","rsvd","argmax","float64",7,479,54,1000,4686,1002,2,NA,NA,"not_applicable",32,5,NA,NA,NA,NA,NA,"linear",1,0.41,0.0109999999999999,0.421,243.34375,339.484375,357.515625,427.6875,184.34375,"rmsd",0.549632287860962,NA,0.0224564286094875,0.549632287860962,-29428140.6523825,253044,"success","","","0.99.39"
"component_path__prism__plssvd__k7__metal__r3","current_release_component_path","prism","regression","plssvd","metal","metal","metal","rsvd","argmax","float64",7,479,54,1000,4686,1003,3,NA,NA,"not_applicable",32,5,NA,NA,NA,NA,NA,"linear",1,0.408,0.0110000000000001,0.419,240.34375,420.6875,399.703125,424.03125,183.6875,"rmsd",0.549632285311472,NA,0.0224564376782477,0.549632285311472,-29428140.4833339,253044,"success","","","0.99.39"
"component_path__prism__plssvd__k7__metal__r4","current_release_component_path","prism","regression","plssvd","metal","metal","metal","rsvd","argmax","float64",7,479,54,1000,4686,1004,4,NA,NA,"not_applicable",32,5,NA,NA,NA,NA,NA,"linear",1,0.394,0.01,0.404,242.90625,440.390625,442.515625,447.40625,204.5,"rmsd",0.549632284938613,NA,0.0224564390045421,0.549632284938613,-29428140.5644511,253044,"success","","","0.99.39"
"component_path__prism__plssvd__k7__metal__r5","current_release_component_path","prism","regression","plssvd","metal","metal","metal","rsvd","argmax","float64",7,479,54,1000,4686,1005,5,NA,NA,"not_applicable",32,5,NA,NA,NA,NA,NA,"linear",1,0.388,0.00800000000000001,0.396,238.09375,434.15625,434.359375,436.34375,198.25,"rmsd",0.549632285690217,NA,0.0224564363309917,0.549632285690217,-29428140.3653957,253044,"success","","","0.99.39"
"component_path__prism__simpls__k10__cpu__r1","current_release_component_path","prism","regression","simpls","cpu",NA,"cpu_flash","rsvd","argmax","float64",10,479,54,1000,4686,1001,1,NA,NA,"high_response_stable",48,6,"fresh_oversampled_sketch_per_component",1,NA,NA,TRUE,"linear",1,12.578,0.0779999999999994,12.656,243.609375,383.46875,391.3125,399.109375,155.5,"rmsd",0.550362820648891,NA,0.0198561366304254,0.550362820648891,-30157376.6520399,253044,"success","","","0.99.39"
"component_path__prism__simpls__k10__cpu__r2","current_release_component_path","prism","regression","simpls","cpu",NA,"cpu_flash","rsvd","argmax","float64",10,479,54,1000,4686,1002,2,NA,NA,"high_response_stable",48,6,"fresh_oversampled_sketch_per_component",1,NA,NA,TRUE,"linear",1,12.627,0.077,12.704,245.765625,288.28125,346.578125,372.09375,126.328125,"rmsd",0.55036282105958,NA,0.0198561351676598,0.55036282105958,-30157376.6300814,253044,"success","","","0.99.39"
"component_path__prism__simpls__k10__cpu__r3","current_release_component_path","prism","regression","simpls","cpu",NA,"cpu_flash","rsvd","argmax","float64",10,479,54,1000,4686,1003,3,NA,NA,"high_response_stable",48,6,"fresh_oversampled_sketch_per_component",1,NA,NA,TRUE,"linear",1,12.625,0.077,12.702,242.484375,195.109375,326.859375,356.46875,113.984375,"rmsd",0.550362821245683,NA,0.0198561345047685,0.550362821245683,-30157376.6264665,253044,"success","","","0.99.39"
"component_path__prism__simpls__k10__cpu__r4","current_release_component_path","prism","regression","simpls","cpu",NA,"cpu_flash","rsvd","argmax","float64",10,479,54,1000,4686,1004,4,NA,NA,"high_response_stable",48,6,"fresh_oversampled_sketch_per_component",1,NA,NA,TRUE,"linear",1,12.633,0.0780000000000012,12.711,244.078125,282.921875,354.90625,374.859375,130.78125,"rmsd",0.550362821202522,NA,0.0198561346584802,0.550362821202522,-30157376.6237961,253044,"success","","","0.99.39"
"component_path__prism__simpls__k10__cpu__r5","current_release_component_path","prism","regression","simpls","cpu",NA,"cpu_flash","rsvd","argmax","float64",10,479,54,1000,4686,1005,5,NA,NA,"high_response_stable",48,6,"fresh_oversampled_sketch_per_component",1,NA,NA,TRUE,"linear",1,12.614,0.077,12.691,244.140625,249.6875,338.984375,362.484375,118.34375,"rmsd",0.550362821176883,NA,0.0198561347498188,0.550362821176883,-30157376.6306939,253044,"success","","","0.99.39"
"component_path__prism__simpls__k10__metal__r1","current_release_component_path","prism","regression","simpls","metal","metal","metal","rsvd","argmax","float64",10,479,54,1000,4686,1001,1,NA,NA,"high_response_stable",48,6,"fresh_oversampled_sketch_per_component",1,NA,NA,TRUE,"linear",1,3.73,0.00999999999999979,3.74,242.125,554.078125,556.3125,589.96875,347.84375,"rmsd",0.550362822011661,NA,0.0198561317765134,0.550362822011661,-30157376.7706889,253044,"success","","","0.99.39"
"component_path__prism__simpls__k10__metal__r2","current_release_component_path","prism","regression","simpls","metal","metal","metal","rsvd","argmax","float64",10,479,54,1000,4686,1002,2,NA,NA,"high_response_stable",48,6,"fresh_oversampled_sketch_per_component",1,NA,NA,TRUE,"linear",1,3.715,0.00999999999999979,3.725,245.875,570.8125,574.703125,591.421875,345.546875,"rmsd",0.550362822693462,NA,0.0198561293480303,0.550362822693462,-30157377.009502,253044,"success","","","0.99.39"
"component_path__prism__simpls__k10__metal__r3","current_release_component_path","prism","regression","simpls","metal","metal","metal","rsvd","argmax","float64",10,479,54,1000,4686,1003,3,NA,NA,"high_response_stable",48,6,"fresh_oversampled_sketch_per_component",1,NA,NA,TRUE,"linear",1,3.7,0.0129999999999999,3.713,244.734375,535.8125,539.03125,599.234375,354.5,"rmsd",0.550362820360198,NA,0.0198561376586892,0.550362820360198,-30157376.839995,253044,"success","","","0.99.39"
"component_path__prism__simpls__k10__metal__r4","current_release_component_path","prism","regression","simpls","metal","metal","metal","rsvd","argmax","float64",10,479,54,1000,4686,1004,4,NA,NA,"high_response_stable",48,6,"fresh_oversampled_sketch_per_component",1,NA,NA,TRUE,"linear",1,3.697,0.0120000000000005,3.709,248.34375,508.609375,520.921875,599.8125,351.46875,"rmsd",0.550362821917754,NA,0.0198561321109737,0.550362821917754,-30157376.3552684,253044,"success","","","0.99.39"
"component_path__prism__simpls__k10__metal__r5","current_release_component_path","prism","regression","simpls","metal","metal","metal","rsvd","argmax","float64",10,479,54,1000,4686,1005,5,NA,NA,"high_response_stable",48,6,"fresh_oversampled_sketch_per_component",1,NA,NA,TRUE,"linear",1,3.693,0.00999999999999979,3.703,245.171875,508.359375,511.15625,585.328125,340.15625,"rmsd",0.550362816766229,NA,0.0198561504597451,0.550362816766229,-30157376.3053167,253044,"success","","","0.99.39"
"component_path__prism__simpls__k1__cpu__r1","current_release_component_path","prism","regression","simpls","cpu",NA,"cpu_flash","rsvd","argmax","float64",1,479,54,1000,4686,1001,1,NA,NA,"high_response_stable",48,6,"fresh_oversampled_sketch_per_component",1,NA,NA,TRUE,"linear",1,1.275,0.077,1.352,244.71875,373.84375,383.625,401.109375,156.390625,"rmsd",0.553800139722205,NA,0.00757482724731517,0.553800139722205,-28771073.7571008,253044,"success","","","0.99.39"
"component_path__prism__simpls__k1__cpu__r2","current_release_component_path","prism","regression","simpls","cpu",NA,"cpu_flash","rsvd","argmax","float64",1,479,54,1000,4686,1002,2,NA,NA,"high_response_stable",48,6,"fresh_oversampled_sketch_per_component",1,NA,NA,TRUE,"linear",1,1.277,0.0779999999999998,1.355,246.75,377.78125,383.6875,403.109375,156.359375,"rmsd",0.553800139722206,NA,0.00757482724731484,0.553800139722206,-28771073.7571008,253044,"success","","","0.99.39"
"component_path__prism__simpls__k1__cpu__r3","current_release_component_path","prism","regression","simpls","cpu",NA,"cpu_flash","rsvd","argmax","float64",1,479,54,1000,4686,1003,3,NA,NA,"high_response_stable",48,6,"fresh_oversampled_sketch_per_component",1,NA,NA,TRUE,"linear",1,1.274,0.0779999999999998,1.352,243.375,379.375,391.09375,404.765625,161.390625,"rmsd",0.553800139722205,NA,0.00757482724731506,0.553800139722205,-28771073.7571008,253044,"success","","","0.99.39"
"component_path__prism__simpls__k1__cpu__r4","current_release_component_path","prism","regression","simpls","cpu",NA,"cpu_flash","rsvd","argmax","float64",1,479,54,1000,4686,1004,4,NA,NA,"high_response_stable",48,6,"fresh_oversampled_sketch_per_component",1,NA,NA,TRUE,"linear",1,1.277,0.077,1.354,244.515625,377.875,385.71875,402.234375,157.71875,"rmsd",0.553800139722206,NA,0.00757482724731462,0.553800139722206,-28771073.7571008,253044,"success","","","0.99.39"
"component_path__prism__simpls__k1__cpu__r5","current_release_component_path","prism","regression","simpls","cpu",NA,"cpu_flash","rsvd","argmax","float64",1,479,54,1000,4686,1005,5,NA,NA,"high_response_stable",48,6,"fresh_oversampled_sketch_per_component",1,NA,NA,TRUE,"linear",1,1.276,0.077,1.353,247.875,382.109375,384.203125,402.65625,154.78125,"rmsd",0.553800139722206,NA,0.00757482724731506,0.553800139722206,-28771073.7571008,253044,"success","","","0.99.39"
"component_path__prism__simpls__k1__metal__r1","current_release_component_path","prism","regression","simpls","metal","metal","metal","rsvd","argmax","float64",1,479,54,1000,4686,1001,1,NA,NA,"high_response_stable",48,6,"fresh_oversampled_sketch_per_component",1,NA,NA,TRUE,"linear",1,0.613,0.0130000000000001,0.626,240.484375,405.578125,409.734375,445.484375,205,"rmsd",0.553800139321132,NA,0.00757482868477832,0.553800139321132,-28771073.7958384,253044,"success","","","0.99.39"
"component_path__prism__simpls__k1__metal__r2","current_release_component_path","prism","regression","simpls","metal","metal","metal","rsvd","argmax","float64",1,479,54,1000,4686,1002,2,NA,NA,"high_response_stable",48,6,"fresh_oversampled_sketch_per_component",1,NA,NA,TRUE,"linear",1,0.584,0.0109999999999999,0.595,243.65625,454.890625,456.921875,458.0625,214.40625,"rmsd",0.553800140162165,NA,0.00757482567050949,0.553800140162165,-28771073.6897462,253044,"success","","","0.99.39"
"component_path__prism__simpls__k1__metal__r3","current_release_component_path","prism","regression","simpls","metal","metal","metal","rsvd","argmax","float64",1,479,54,1000,4686,1003,3,NA,NA,"high_response_stable",48,6,"fresh_oversampled_sketch_per_component",1,NA,NA,TRUE,"linear",1,0.59,0.01,0.6,246.203125,450.796875,461.828125,465.984375,219.78125,"rmsd",0.553800138895674,NA,0.00757483020965521,0.553800138895674,-28771073.8736281,253044,"success","","","0.99.39"
"component_path__prism__simpls__k1__metal__r4","current_release_component_path","prism","regression","simpls","metal","metal","metal","rsvd","argmax","float64",1,479,54,1000,4686,1004,4,NA,NA,"high_response_stable",48,6,"fresh_oversampled_sketch_per_component",1,NA,NA,TRUE,"linear",1,0.595,0.012,0.607,243.75,474.9375,469.171875,476.171875,232.421875,"rmsd",0.553800140257236,NA,0.0075748253297464,0.553800140257236,-28771073.6596137,253044,"success","","","0.99.39"
"component_path__prism__simpls__k1__metal__r5","current_release_component_path","prism","regression","simpls","metal","metal","metal","rsvd","argmax","float64",1,479,54,1000,4686,1005,5,NA,NA,"high_response_stable",48,6,"fresh_oversampled_sketch_per_component",1,NA,NA,TRUE,"linear",1,0.586,0.012,0.598,243.546875,475.96875,433.4375,475.96875,232.421875,"rmsd",0.553800139384998,NA,0.0075748284559054,0.553800139384998,-28771073.8029762,253044,"success","","","0.99.39"
"component_path__prism__simpls__k20__cpu__r1","current_release_component_path","prism","regression","simpls","cpu",NA,"cpu_flash","rsvd","argmax","float64",20,479,54,1000,4686,1001,1,NA,NA,"high_response_stable",48,6,"fresh_oversampled_sketch_per_component",1,NA,NA,TRUE,"linear",1,25.26,0.0770000000000017,25.337,243.15625,273.203125,336.078125,362.484375,119.328125,"rmsd",0.559266566169759,NA,-0.0121138414362918,0.559266566169759,-30014533.5816998,253044,"success","","","0.99.39"
"component_path__prism__simpls__k20__cpu__r2","current_release_component_path","prism","regression","simpls","cpu",NA,"cpu_flash","rsvd","argmax","float64",20,479,54,1000,4686,1002,2,NA,NA,"high_response_stable",48,6,"fresh_oversampled_sketch_per_component",1,NA,NA,TRUE,"linear",1,25.294,0.0770000000000017,25.371,244.78125,280.15625,324.6875,369.6875,124.90625,"rmsd",0.559266573233955,NA,-0.0121138670046717,0.559266573233955,-30014533.7012939,253044,"success","","","0.99.39"
"component_path__prism__simpls__k20__cpu__r3","current_release_component_path","prism","regression","simpls","cpu",NA,"cpu_flash","rsvd","argmax","float64",20,479,54,1000,4686,1003,3,NA,NA,"high_response_stable",48,6,"fresh_oversampled_sketch_per_component",1,NA,NA,TRUE,"linear",1,25.274,0.0770000000000017,25.351,240.109375,195,317.6875,354.3125,114.203125,"rmsd",0.559266541267668,NA,-0.0121137513048319,0.559266541267668,-30014534.3382758,253044,"success","","","0.99.39"
"component_path__prism__simpls__k20__cpu__r4","current_release_component_path","prism","regression","simpls","cpu",NA,"cpu_flash","rsvd","argmax","float64",20,479,54,1000,4686,1004,4,NA,NA,"high_response_stable",48,6,"fresh_oversampled_sketch_per_component",1,NA,NA,TRUE,"linear",1,25.685,0.0769999999999982,25.762,244.5625,198.046875,329.828125,363.984375,119.421875,"rmsd",0.559266562147283,NA,-0.0121138268771961,0.559266562147283,-30014534.4503862,253044,"success","","","0.99.39"
"component_path__prism__simpls__k20__cpu__r5","current_release_component_path","prism","regression","simpls","cpu",NA,"cpu_flash","rsvd","argmax","float64",20,479,54,1000,4686,1005,5,NA,NA,"high_response_stable",48,6,"fresh_oversampled_sketch_per_component",1,NA,NA,TRUE,"linear",1,25.3,0.0779999999999994,25.378,244.5,191.40625,322.125,357.578125,113.078125,"rmsd",0.559266565669081,NA,-0.0121138396241243,0.559266565669081,-30014533.4443625,253044,"success","","","0.99.39"
"component_path__prism__simpls__k20__metal__r1","current_release_component_path","prism","regression","simpls","metal","metal","metal","rsvd","argmax","float64",20,479,54,1000,4686,1001,1,NA,NA,"high_response_stable",48,6,"fresh_oversampled_sketch_per_component",1,NA,NA,TRUE,"linear",1,7.174,0.0130000000000008,7.187,248.578125,566.8125,569.671875,587.234375,338.65625,"rmsd",0.559266556191624,NA,-0.0121138053210628,0.559266556191624,-30014533.2839518,253044,"success","","","0.99.39"
"component_path__prism__simpls__k20__metal__r2","current_release_component_path","prism","regression","simpls","metal","metal","metal","rsvd","argmax","float64",20,479,54,1000,4686,1002,2,NA,NA,"high_response_stable",48,6,"fresh_oversampled_sketch_per_component",1,NA,NA,TRUE,"linear",1,7.095,0.0110000000000001,7.106,248.234375,577.265625,582.515625,600.296875,352.0625,"rmsd",0.559266529202168,NA,-0.0121137076345952,0.559266529202168,-30014530.1712627,253044,"success","","","0.99.39"
"component_path__prism__simpls__k20__metal__r3","current_release_component_path","prism","regression","simpls","metal","metal","metal","rsvd","argmax","float64",20,479,54,1000,4686,1003,3,NA,NA,"high_response_stable",48,6,"fresh_oversampled_sketch_per_component",1,NA,NA,TRUE,"linear",1,6.998,0.00999999999999979,7.008,243,563.546875,573.015625,618.671875,375.671875,"rmsd",0.559266551528478,NA,-0.012113788443135,0.559266551528478,-30014531.8567108,253044,"success","","","0.99.39"
"component_path__prism__simpls__k20__metal__r4","current_release_component_path","prism","regression","simpls","metal","metal","metal","rsvd","argmax","float64",20,479,54,1000,4686,1004,4,NA,NA,"high_response_stable",48,6,"fresh_oversampled_sketch_per_component",1,NA,NA,TRUE,"linear",1,7.195,0.0129999999999999,7.208,244.875,596.59375,599.328125,617,372.125,"rmsd",0.559266569633376,NA,-0.0121138539726042,0.559266569633376,-30014532.0388949,253044,"success","","","0.99.39"
"component_path__prism__simpls__k20__metal__r5","current_release_component_path","prism","regression","simpls","metal","metal","metal","rsvd","argmax","float64",20,479,54,1000,4686,1005,5,NA,NA,"high_response_stable",48,6,"fresh_oversampled_sketch_per_component",1,NA,NA,TRUE,"linear",1,7.039,0.0110000000000001,7.05,240.046875,649.328125,650.03125,696.21875,456.171875,"rmsd",0.559266541738432,NA,-0.0121137530087028,0.559266541738432,-30014530.7750557,253044,"success","","","0.99.39"
"component_path__prism__simpls__k2__cpu__r1","current_release_component_path","prism","regression","simpls","cpu",NA,"cpu_flash","rsvd","argmax","float64",2,479,54,1000,4686,1001,1,NA,NA,"high_response_stable",48,6,"fresh_oversampled_sketch_per_component",1,NA,NA,TRUE,"linear",1,2.534,0.077,2.611,243.609375,379.640625,387.515625,404.03125,160.421875,"rmsd",0.551360029101045,NA,0.0163010518895863,0.551360029101045,-29298185.0888568,253044,"success","","","0.99.39"
"component_path__prism__simpls__k2__cpu__r2","current_release_component_path","prism","regression","simpls","cpu",NA,"cpu_flash","rsvd","argmax","float64",2,479,54,1000,4686,1002,2,NA,NA,"high_response_stable",48,6,"fresh_oversampled_sketch_per_component",1,NA,NA,TRUE,"linear",1,2.528,0.077,2.605,241.15625,377.59375,385.453125,402.96875,161.8125,"rmsd",0.551360029101045,NA,0.0163010518895866,0.551360029101045,-29298185.0888568,253044,"success","","","0.99.39"
"component_path__prism__simpls__k2__cpu__r3","current_release_component_path","prism","regression","simpls","cpu",NA,"cpu_flash","rsvd","argmax","float64",2,479,54,1000,4686,1003,3,NA,NA,"high_response_stable",48,6,"fresh_oversampled_sketch_per_component",1,NA,NA,TRUE,"linear",1,2.527,0.077,2.604,245.171875,377.625,381.59375,395.359375,150.1875,"rmsd",0.551360029101045,NA,0.0163010518895874,0.551360029101045,-29298185.0888569,253044,"success","","","0.99.39"
"component_path__prism__simpls__k2__cpu__r4","current_release_component_path","prism","regression","simpls","cpu",NA,"cpu_flash","rsvd","argmax","float64",2,479,54,1000,4686,1004,4,NA,NA,"high_response_stable",48,6,"fresh_oversampled_sketch_per_component",1,NA,NA,TRUE,"linear",1,2.526,0.0779999999999998,2.604,247.984375,384.4375,394.234375,409.8125,161.828125,"rmsd",0.551360029101045,NA,0.0163010518895872,0.551360029101045,-29298185.0888569,253044,"success","","","0.99.39"
"component_path__prism__simpls__k2__cpu__r5","current_release_component_path","prism","regression","simpls","cpu",NA,"cpu_flash","rsvd","argmax","float64",2,479,54,1000,4686,1005,5,NA,NA,"high_response_stable",48,6,"fresh_oversampled_sketch_per_component",1,NA,NA,TRUE,"linear",1,2.526,0.077,2.603,241.140625,376.515625,380.5,399.921875,158.78125,"rmsd",0.551360029101044,NA,0.0163010518895883,0.551360029101044,-29298185.0888569,253044,"success","","","0.99.39"
"component_path__prism__simpls__k2__metal__r1","current_release_component_path","prism","regression","simpls","metal","metal","metal","rsvd","argmax","float64",2,479,54,1000,4686,1001,1,NA,NA,"high_response_stable",48,6,"fresh_oversampled_sketch_per_component",1,NA,NA,TRUE,"linear",1,0.969,0.012,0.981,243.359375,469.8125,469.859375,489.484375,246.125,"rmsd",0.551360029732112,NA,0.0163010496378025,0.551360029732112,-29298185.0249091,253044,"success","","","0.99.39"
"component_path__prism__simpls__k2__metal__r2","current_release_component_path","prism","regression","simpls","metal","metal","metal","rsvd","argmax","float64",2,479,54,1000,4686,1002,2,NA,NA,"high_response_stable",48,6,"fresh_oversampled_sketch_per_component",1,NA,NA,TRUE,"linear",1,0.961,0.01,0.971,247.46875,498.234375,498.375,517.828125,270.359375,"rmsd",0.551360029165076,NA,0.01630105166113,0.551360029165076,-29298185.0039779,253044,"success","","","0.99.39"
"component_path__prism__simpls__k2__metal__r3","current_release_component_path","prism","regression","simpls","metal","metal","metal","rsvd","argmax","float64",2,479,54,1000,4686,1003,3,NA,NA,"high_response_stable",48,6,"fresh_oversampled_sketch_per_component",1,NA,NA,TRUE,"linear",1,0.962,0.00900000000000012,0.971,245.390625,488.453125,488.53125,508.15625,262.765625,"rmsd",0.551360028616397,NA,0.0163010536189386,0.551360028616397,-29298185.2947863,253044,"success","","","0.99.39"
"component_path__prism__simpls__k2__metal__r4","current_release_component_path","prism","regression","simpls","metal","metal","metal","rsvd","argmax","float64",2,479,54,1000,4686,1004,4,NA,NA,"high_response_stable",48,6,"fresh_oversampled_sketch_per_component",1,NA,NA,TRUE,"linear",1,0.953,0.0089999999999999,0.962,244.421875,482.46875,482.546875,502.171875,257.75,"rmsd",0.551360029647812,NA,0.0163010499385813,0.551360029647812,-29298185.1292831,253044,"success","","","0.99.39"
"component_path__prism__simpls__k2__metal__r5","current_release_component_path","prism","regression","simpls","metal","metal","metal","rsvd","argmax","float64",2,479,54,1000,4686,1005,5,NA,NA,"high_response_stable",48,6,"fresh_oversampled_sketch_per_component",1,NA,NA,TRUE,"linear",1,0.949,0.012,0.961,241.859375,481.421875,481.5625,501.09375,259.234375,"rmsd",0.55136002856158,NA,0.0163010538145535,0.55136002856158,-29298185.0695984,253044,"success","","","0.99.39"
"component_path__prism__simpls__k50__cpu__r1","current_release_component_path","prism","regression","simpls","cpu",NA,"cpu_flash","rsvd","argmax","float64",50,479,54,1000,4686,1001,1,NA,NA,"high_response_stable",48,6,"fresh_oversampled_sketch_per_component",1,NA,NA,TRUE,"linear",1,63.652,0.0769999999999982,63.729,242.828125,316.328125,338.578125,363.53125,120.703125,"rmsd",0.568243258224353,NA,-0.0448651239517681,0.568243258224353,-30172033.8711221,253044,"success","","","0.99.39"
"component_path__prism__simpls__k50__cpu__r2","current_release_component_path","prism","regression","simpls","cpu",NA,"cpu_flash","rsvd","argmax","float64",50,479,54,1000,4686,1002,2,NA,NA,"high_response_stable",48,6,"fresh_oversampled_sketch_per_component",1,NA,NA,TRUE,"linear",1,63.685,0.0769999999999982,63.762,240.1875,310.078125,326.59375,357.609375,117.421875,"rmsd",0.568243850871011,NA,-0.044867303427339,0.568243850871011,-30172078.5442473,253044,"success","","","0.99.39"
"component_path__prism__simpls__k50__cpu__r3","current_release_component_path","prism","regression","simpls","cpu",NA,"cpu_flash","rsvd","argmax","float64",50,479,54,1000,4686,1003,3,NA,NA,"high_response_stable",48,6,"fresh_oversampled_sketch_per_component",1,NA,NA,TRUE,"linear",1,63.688,0.0769999999999982,63.765,239.25,289.84375,328.28125,363.640625,124.390625,"rmsd",0.568241007622403,NA,-0.0448568473174356,0.568241007622403,-30172247.6720429,253044,"success","","","0.99.39"
"component_path__prism__simpls__k50__cpu__r4","current_release_component_path","prism","regression","simpls","cpu",NA,"cpu_flash","rsvd","argmax","float64",50,479,54,1000,4686,1004,4,NA,NA,"high_response_stable",48,6,"fresh_oversampled_sketch_per_component",1,NA,NA,TRUE,"linear",1,63.662,0.0770000000000124,63.739,241.875,204.75,334.015625,362.28125,120.40625,"rmsd",0.568245242276484,NA,-0.0448724203709494,0.568245242276484,-30172137.9141629,253044,"success","","","0.99.39"
"component_path__prism__simpls__k50__cpu__r5","current_release_component_path","prism","regression","simpls","cpu",NA,"cpu_flash","rsvd","argmax","float64",50,479,54,1000,4686,1005,5,NA,NA,"high_response_stable",48,6,"fresh_oversampled_sketch_per_component",1,NA,NA,TRUE,"linear",1,63.816,0.078000000000003,63.894,239.671875,197,329.78125,362.28125,122.609375,"rmsd",0.56824206876178,NA,-0.0448607496749813,0.56824206876178,-30172258.7236283,253044,"success","","","0.99.39"
"component_path__prism__simpls__k50__metal__r1","current_release_component_path","prism","regression","simpls","metal","metal","metal","rsvd","argmax","float64",50,479,54,1000,4686,1001,1,NA,NA,"high_response_stable",48,6,"fresh_oversampled_sketch_per_component",1,NA,NA,TRUE,"linear",1,17.007,0.0130000000000017,17.02,242.96875,688.125,695.34375,717.03125,474.0625,"rmsd",0.568245127214019,NA,-0.0448719972241123,0.568245127214019,-30172468.0058974,253044,"success","","","0.99.39"
"component_path__prism__simpls__k50__metal__r2","current_release_component_path","prism","regression","simpls","metal","metal","metal","rsvd","argmax","float64",50,479,54,1000,4686,1002,2,NA,NA,"high_response_stable",48,6,"fresh_oversampled_sketch_per_component",1,NA,NA,TRUE,"linear",1,16.824,0.0130000000000017,16.837,248.53125,634.453125,627.25,652.859375,404.328125,"rmsd",0.568247851278318,NA,-0.0448820151026197,0.568247851278318,-30172363.6786342,253044,"success","","","0.99.39"
"component_path__prism__simpls__k50__metal__r3","current_release_component_path","prism","regression","simpls","metal","metal","metal","rsvd","argmax","float64",50,479,54,1000,4686,1003,3,NA,NA,"high_response_stable",48,6,"fresh_oversampled_sketch_per_component",1,NA,NA,TRUE,"linear",1,16.797,0.0120000000000005,16.809,243.796875,654.34375,657.140625,673.03125,429.234375,"rmsd",0.568242551204996,NA,-0.0448625238702183,0.568242551204996,-30172215.1220903,253044,"success","","","0.99.39"
"component_path__prism__simpls__k50__metal__r4","current_release_component_path","prism","regression","simpls","metal","metal","metal","rsvd","argmax","float64",50,479,54,1000,4686,1004,4,NA,NA,"high_response_stable",48,6,"fresh_oversampled_sketch_per_component",1,NA,NA,TRUE,"linear",1,16.742,0.0110000000000028,16.753,244.390625,589.09375,592.6875,646.265625,401.875,"rmsd",0.568242587112943,NA,-0.0448626559225462,0.568242587112943,-30172180.5001907,253044,"success","","","0.99.39"
"component_path__prism__simpls__k50__metal__r5","current_release_component_path","prism","regression","simpls","metal","metal","metal","rsvd","argmax","float64",50,479,54,1000,4686,1005,5,NA,NA,"high_response_stable",48,6,"fresh_oversampled_sketch_per_component",1,NA,NA,TRUE,"linear",1,16.737,0.0120000000000005,16.749,240.921875,615.78125,619.28125,657.953125,417.03125,"rmsd",0.568246531636406,NA,-0.0448771620495438,0.568246531636406,-30172279.7897145,253044,"success","","","0.99.39"
"component_path__prism__simpls__k5__cpu__r1","current_release_component_path","prism","regression","simpls","cpu",NA,"cpu_flash","rsvd","argmax","float64",5,479,54,1000,4686,1001,1,NA,NA,"high_response_stable",48,6,"fresh_oversampled_sketch_per_component",1,NA,NA,TRUE,"linear",1,6.288,0.077,6.365,248.359375,384.359375,392.21875,403.90625,155.546875,"rmsd",0.548247842937509,NA,0.0273748106289935,0.548247842937509,-29592708.2438443,253044,"success","","","0.99.39"
"component_path__prism__simpls__k5__cpu__r2","current_release_component_path","prism","regression","simpls","cpu",NA,"cpu_flash","rsvd","argmax","float64",5,479,54,1000,4686,1002,2,NA,NA,"high_response_stable",48,6,"fresh_oversampled_sketch_per_component",1,NA,NA,TRUE,"linear",1,6.293,0.0770000000000008,6.37,242.0625,383.796875,387.765625,402.359375,160.296875,"rmsd",0.548247842937618,NA,0.0273748106285832,0.548247842937618,-29592708.2438453,253044,"success","","","0.99.39"
"component_path__prism__simpls__k5__cpu__r3","current_release_component_path","prism","regression","simpls","cpu",NA,"cpu_flash","rsvd","argmax","float64",5,479,54,1000,4686,1003,3,NA,NA,"high_response_stable",48,6,"fresh_oversampled_sketch_per_component",1,NA,NA,TRUE,"linear",1,6.291,0.077,6.368,243.75,383.375,389.296875,404.03125,160.28125,"rmsd",0.548247842937537,NA,0.0273748106288689,0.548247842937537,-29592708.2438486,253044,"success","","","0.99.39"
"component_path__prism__simpls__k5__cpu__r4","current_release_component_path","prism","regression","simpls","cpu",NA,"cpu_flash","rsvd","argmax","float64",5,479,54,1000,4686,1004,4,NA,NA,"high_response_stable",48,6,"fresh_oversampled_sketch_per_component",1,NA,NA,TRUE,"linear",1,6.345,0.077,6.422,242.84375,261.484375,343.859375,368.984375,126.140625,"rmsd",0.54824784293749,NA,0.0273748106290637,0.54824784293749,-29592708.2438419,253044,"success","","","0.99.39"
"component_path__prism__simpls__k5__cpu__r5","current_release_component_path","prism","regression","simpls","cpu",NA,"cpu_flash","rsvd","argmax","float64",5,479,54,1000,4686,1005,5,NA,NA,"high_response_stable",48,6,"fresh_oversampled_sketch_per_component",1,NA,NA,TRUE,"linear",1,6.307,0.0780000000000003,6.385,246.578125,379.515625,381.546875,400,153.421875,"rmsd",0.548247842937603,NA,0.0273748106286354,0.548247842937603,-29592708.243837,253044,"success","","","0.99.39"
"component_path__prism__simpls__k5__metal__r1","current_release_component_path","prism","regression","simpls","metal","metal","metal","rsvd","argmax","float64",5,479,54,1000,4686,1001,1,NA,NA,"high_response_stable",48,6,"fresh_oversampled_sketch_per_component",1,NA,NA,TRUE,"linear",1,2.039,0.0110000000000001,2.05,246.859375,520.375,527.40625,561.359375,314.5,"rmsd",0.54824784303403,NA,0.0273748102865149,0.54824784303403,-29592708.2738664,253044,"success","","","0.99.39"
"component_path__prism__simpls__k5__metal__r2","current_release_component_path","prism","regression","simpls","metal","metal","metal","rsvd","argmax","float64",5,479,54,1000,4686,1002,2,NA,NA,"high_response_stable",48,6,"fresh_oversampled_sketch_per_component",1,NA,NA,TRUE,"linear",1,2.013,0.0110000000000001,2.024,246.078125,537.390625,539.34375,594.984375,348.90625,"rmsd",0.548247843111214,NA,0.027374810012646,0.548247843111214,-29592708.2270281,253044,"success","","","0.99.39"
"component_path__prism__simpls__k5__metal__r3","current_release_component_path","prism","regression","simpls","metal","metal","metal","rsvd","argmax","float64",5,479,54,1000,4686,1003,3,NA,NA,"high_response_stable",48,6,"fresh_oversampled_sketch_per_component",1,NA,NA,TRUE,"linear",1,1.997,0.0110000000000001,2.008,243.296875,556.625,566.953125,598.3125,355.015625,"rmsd",0.548247844133445,NA,0.0273748063856513,0.548247844133445,-29592708.5578126,253044,"success","","","0.99.39"
"component_path__prism__simpls__k5__metal__r4","current_release_component_path","prism","regression","simpls","metal","metal","metal","rsvd","argmax","float64",5,479,54,1000,4686,1004,4,NA,NA,"high_response_stable",48,6,"fresh_oversampled_sketch_per_component",1,NA,NA,TRUE,"linear",1,1.986,0.012,1.998,245.140625,567.34375,571.140625,608.71875,363.578125,"rmsd",0.548247843631093,NA,0.0273748081680437,0.548247843631093,-29592707.9639158,253044,"success","","","0.99.39"
"component_path__prism__simpls__k5__metal__r5","current_release_component_path","prism","regression","simpls","metal","metal","metal","rsvd","argmax","float64",5,479,54,1000,4686,1005,5,NA,NA,"high_response_stable",48,6,"fresh_oversampled_sketch_per_component",1,NA,NA,TRUE,"linear",1,2.012,0.00800000000000001,2.02,246.859375,599.171875,599.3125,621.265625,374.40625,"rmsd",0.548247840723172,NA,0.0273748184856983,0.548247840723172,-29592708.1990863,253044,"success","","","0.99.39"
"component_path__prism__simpls__k6__cpu__r1","current_release_component_path","prism","regression","simpls","cpu",NA,"cpu_flash","rsvd","argmax","float64",6,479,54,1000,4686,1001,1,NA,NA,"high_response_stable",48,6,"fresh_oversampled_sketch_per_component",1,NA,NA,TRUE,"linear",1,7.559,0.077,7.636,239.703125,356.75,368.421875,385.5625,145.859375,"rmsd",0.547758816210452,NA,0.0291091633977342,0.547758816210452,-29673124.606221,253044,"success","","","0.99.39"
"component_path__prism__simpls__k6__cpu__r2","current_release_component_path","prism","regression","simpls","cpu",NA,"cpu_flash","rsvd","argmax","float64",6,479,54,1000,4686,1002,2,NA,NA,"high_response_stable",48,6,"fresh_oversampled_sketch_per_component",1,NA,NA,TRUE,"linear",1,7.558,0.077,7.635,241.703125,288.578125,345.84375,365.078125,123.375,"rmsd",0.547758816210634,NA,0.0291091633970807,0.547758816210634,-29673124.6062244,253044,"success","","","0.99.39"
"component_path__prism__simpls__k6__cpu__r3","current_release_component_path","prism","regression","simpls","cpu",NA,"cpu_flash","rsvd","argmax","float64",6,479,54,1000,4686,1003,3,NA,NA,"high_response_stable",48,6,"fresh_oversampled_sketch_per_component",1,NA,NA,TRUE,"linear",1,7.581,0.077,7.658,241.859375,270.796875,341.078125,363.84375,121.984375,"rmsd",0.547758816210537,NA,0.0291091633974276,0.547758816210537,-29673124.6062271,253044,"success","","","0.99.39"
"component_path__prism__simpls__k6__cpu__r4","current_release_component_path","prism","regression","simpls","cpu",NA,"cpu_flash","rsvd","argmax","float64",6,479,54,1000,4686,1004,4,NA,NA,"high_response_stable",48,6,"fresh_oversampled_sketch_per_component",1,NA,NA,TRUE,"linear",1,7.601,0.077,7.678,234.921875,358.21875,366.25,382.53125,147.609375,"rmsd",0.547758816210465,NA,0.0291091633976835,0.547758816210465,-29673124.6062137,253044,"success","","","0.99.39"
"component_path__prism__simpls__k6__cpu__r5","current_release_component_path","prism","regression","simpls","cpu",NA,"cpu_flash","rsvd","argmax","float64",6,479,54,1000,4686,1005,5,NA,NA,"high_response_stable",48,6,"fresh_oversampled_sketch_per_component",1,NA,NA,TRUE,"linear",1,7.539,0.0779999999999994,7.617,242.984375,384.515625,388.546875,404.109375,161.125,"rmsd",0.547758816210572,NA,0.0291091633972943,0.547758816210572,-29673124.6062151,253044,"success","","","0.99.39"
"component_path__prism__simpls__k6__metal__r1","current_release_component_path","prism","regression","simpls","metal","metal","metal","rsvd","argmax","float64",6,479,54,1000,4686,1001,1,NA,NA,"high_response_stable",48,6,"fresh_oversampled_sketch_per_component",1,NA,NA,TRUE,"linear",1,2.353,0.016,2.369,242.015625,482.734375,485.46875,529.578125,287.5625,"rmsd",0.547758816460513,NA,0.0291091625113011,0.547758816460513,-29673124.6174982,253044,"success","","","0.99.39"
"component_path__prism__simpls__k6__metal__r2","current_release_component_path","prism","regression","simpls","metal","metal","metal","rsvd","argmax","float64",6,479,54,1000,4686,1002,2,NA,NA,"high_response_stable",48,6,"fresh_oversampled_sketch_per_component",1,NA,NA,TRUE,"linear",1,2.339,0.0100000000000002,2.349,247.90625,547.15625,549.21875,587.8125,339.90625,"rmsd",0.547758815895721,NA,0.0291091645134524,0.547758815895721,-29673124.404271,253044,"success","","","0.99.39"
"component_path__prism__simpls__k6__metal__r3","current_release_component_path","prism","regression","simpls","metal","metal","metal","rsvd","argmax","float64",6,479,54,1000,4686,1003,3,NA,NA,"high_response_stable",48,6,"fresh_oversampled_sketch_per_component",1,NA,NA,TRUE,"linear",1,2.326,0.0110000000000001,2.337,240.578125,535.96875,542.140625,583.265625,342.6875,"rmsd",0.547758816619907,NA,0.0291091619462481,0.547758816619907,-29673124.6863826,253044,"success","","","0.99.39"
"component_path__prism__simpls__k6__metal__r4","current_release_component_path","prism","regression","simpls","metal","metal","metal","rsvd","argmax","float64",6,479,54,1000,4686,1004,4,NA,NA,"high_response_stable",48,6,"fresh_oversampled_sketch_per_component",1,NA,NA,TRUE,"linear",1,2.322,0.00999999999999979,2.332,246.578125,568.625,568.765625,605.265625,358.6875,"rmsd",0.547758817066144,NA,0.0291091603643621,0.547758817066144,-29673124.4376469,253044,"success","","","0.99.39"
"component_path__prism__simpls__k6__metal__r5","current_release_component_path","prism","regression","simpls","metal","metal","metal","rsvd","argmax","float64",6,479,54,1000,4686,1005,5,NA,NA,"high_response_stable",48,6,"fresh_oversampled_sketch_per_component",1,NA,NA,TRUE,"linear",1,2.301,0.00999999999999979,2.311,243.71875,576.203125,576.359375,612.671875,368.953125,"rmsd",0.547758814377582,NA,0.0291091698952054,0.547758814377582,-29673124.6388646,253044,"success","","","0.99.39"
