"dataset","comparison_profile","implementation","timing_mode","replicate","iteration","status","error_message"
"ccle","complete_workflow","fastpls","steady_process_batch",1,1,"success",
"ccle","complete_workflow","fastpls","steady_process_batch",1,2,"success",
"ccle","complete_workflow","fastpls","steady_process_batch",1,3,"success",
"ccle","complete_workflow","fastpls","steady_process_batch",1,4,"success",
"ccle","complete_workflow","fastpls","steady_process_batch",1,5,"success",
"ccle","complete_workflow","fastpls","steady_process_batch",1,6,"success",
"ccle","complete_workflow","fastpls","steady_process_batch",1,7,"success",
"ccle","complete_workflow","fastpls","steady_process_batch",1,8,"success",
"ccle","complete_workflow","fastpls","steady_process_batch",1,9,"success",
"ccle","complete_workflow","fastpls","steady_process_batch",1,10,"success",
"ccle","complete_workflow","fastpls","steady_process_batch",1,11,"success",
"ccle","complete_workflow","fastpls","steady_process_batch",1,12,"success",
"ccle","complete_workflow","fastpls","steady_process_batch",1,13,"success",
"ccle","complete_workflow","fastpls","steady_process_batch",1,14,"success",
"ccle","complete_workflow","fastpls","steady_process_batch",1,15,"success",
"ccle","complete_workflow","fastpls","steady_process_batch",1,16,"success",
"ccle","complete_workflow","fastpls","steady_process_batch",1,17,"success",
"ccle","complete_workflow","fastpls","steady_process_batch",1,18,"success",
"ccle","complete_workflow","fastpls","steady_process_batch",1,19,"success",
"ccle","complete_workflow","fastpls","steady_process_batch",1,20,"success",
"ccle","complete_workflow","fastpls","steady_process_batch",1,21,"success",
"ccle","complete_workflow","fastpls","steady_process_batch",1,22,"success",
"ccle","complete_workflow","fastpls","steady_process_batch",1,23,"success",
"ccle","complete_workflow","fastpls","steady_process_batch",1,24,"success",
"ccle","complete_workflow","fastpls","steady_process_batch",1,25,"success",
"ccle","complete_workflow","fastpls","steady_process_batch",1,26,"success",
"ccle","complete_workflow","fastpls","steady_process_batch",1,27,"success",
"ccle","complete_workflow","fastpls","steady_process_batch",1,28,"success",
"ccle","complete_workflow","fastpls","steady_process_batch",1,29,"success",
"ccle","complete_workflow","fastpls","steady_process_batch",1,30,"success",
"ccle","complete_workflow","fastpls","steady_process_batch",1,31,"success",
"ccle","complete_workflow","fastpls","steady_process_batch",1,32,"success",
"ccle","complete_workflow","fastpls","steady_process_batch",1,33,"success",
"ccle","complete_workflow","fastpls","steady_process_batch",1,34,"success",
"ccle","complete_workflow","fastpls","steady_process_batch",1,35,"success",
"ccle","complete_workflow","fastpls","steady_process_batch",1,36,"success",
"ccle","complete_workflow","fastpls","steady_process_batch",1,37,"success",
"ccle","complete_workflow","fastpls","steady_process_batch",1,38,"success",
"ccle","complete_workflow","fastpls","steady_process_batch",1,39,"success",
"ccle","complete_workflow","fastpls","steady_process_batch",1,40,"success",
"ccle","complete_workflow","fastpls","steady_process_batch",1,41,"success",
"ccle","complete_workflow","fastpls","steady_process_batch",1,42,"success",
"ccle","complete_workflow","fastpls","steady_process_batch",1,43,"success",
"ccle","complete_workflow","fastpls","steady_process_batch",1,44,"success",
"ccle","complete_workflow","fastpls","steady_process_batch",1,45,"success",
"ccle","complete_workflow","fastpls","steady_process_batch",1,46,"success",
"ccle","complete_workflow","fastpls","steady_process_batch",1,47,"success",
"ccle","complete_workflow","fastpls","steady_process_batch",1,48,"success",
"ccle","complete_workflow","fastpls","steady_process_batch",1,49,"success",
"ccle","complete_workflow","fastpls","steady_process_batch",1,50,"success",
"ccle","complete_workflow","fastpls","cold_process",1,1,"success",
"ccle","complete_workflow","fastpls","steady_process_batch",1,1,"success",
"ccle","complete_workflow","fastpls","steady_process_batch",1,2,"success",
"ccle","complete_workflow","fastpls","steady_process_batch",1,3,"success",
"ccle","complete_workflow","fastpls","steady_process_batch",1,4,"success",
"ccle","complete_workflow","fastpls","steady_process_batch",1,5,"success",
"ccle","complete_workflow","fastpls","steady_process_batch",1,6,"success",
"ccle","complete_workflow","fastpls","steady_process_batch",1,7,"success",
"ccle","complete_workflow","fastpls","steady_process_batch",1,8,"success",
"ccle","complete_workflow","fastpls","steady_process_batch",1,9,"success",
"ccle","complete_workflow","fastpls","steady_process_batch",1,10,"success",
"ccle","complete_workflow","fastpls","steady_process_batch",1,11,"success",
"ccle","complete_workflow","fastpls","steady_process_batch",1,12,"success",
"ccle","complete_workflow","fastpls","steady_process_batch",1,13,"success",
"ccle","complete_workflow","fastpls","steady_process_batch",1,14,"success",
"ccle","complete_workflow","fastpls","steady_process_batch",1,15,"success",
"ccle","complete_workflow","fastpls","steady_process_batch",1,16,"success",
"ccle","complete_workflow","fastpls","steady_process_batch",1,17,"success",
"ccle","complete_workflow","fastpls","steady_process_batch",1,18,"success",
"ccle","complete_workflow","fastpls","steady_process_batch",1,19,"success",
"ccle","complete_workflow","fastpls","steady_process_batch",1,20,"success",
"ccle","complete_workflow","fastpls","steady_process_batch",1,21,"success",
"ccle","complete_workflow","fastpls","steady_process_batch",1,22,"success",
"ccle","complete_workflow","fastpls","steady_process_batch",1,23,"success",
"ccle","complete_workflow","fastpls","steady_process_batch",1,24,"success",
"ccle","complete_workflow","fastpls","steady_process_batch",1,25,"success",
"ccle","complete_workflow","fastpls","steady_process_batch",1,26,"success",
"ccle","complete_workflow","fastpls","steady_process_batch",1,27,"success",
"ccle","complete_workflow","fastpls","steady_process_batch",1,28,"success",
"ccle","complete_workflow","fastpls","steady_process_batch",1,29,"success",
"ccle","complete_workflow","fastpls","steady_process_batch",1,30,"success",
"ccle","complete_workflow","fastpls","steady_process_batch",1,31,"success",
"ccle","complete_workflow","fastpls","steady_process_batch",1,32,"success",
"ccle","complete_workflow","fastpls","steady_process_batch",1,33,"success",
"ccle","complete_workflow","fastpls","steady_process_batch",1,34,"success",
"ccle","complete_workflow","fastpls","steady_process_batch",1,35,"success",
"ccle","complete_workflow","fastpls","steady_process_batch",1,36,"success",
"ccle","complete_workflow","fastpls","steady_process_batch",1,37,"success",
"ccle","complete_workflow","fastpls","steady_process_batch",1,38,"success",
"ccle","complete_workflow","fastpls","steady_process_batch",1,39,"success",
"ccle","complete_workflow","fastpls","steady_process_batch",1,40,"success",
"ccle","complete_workflow","fastpls","steady_process_batch",1,41,"success",
"ccle","complete_workflow","fastpls","steady_process_batch",1,42,"success",
"ccle","complete_workflow","fastpls","steady_process_batch",1,43,"success",
"ccle","complete_workflow","fastpls","steady_process_batch",1,44,"success",
"ccle","complete_workflow","fastpls","steady_process_batch",1,45,"success",
"ccle","complete_workflow","fastpls","steady_process_batch",1,46,"success",
"ccle","complete_workflow","fastpls","steady_process_batch",1,47,"success",
"ccle","complete_workflow","fastpls","steady_process_batch",1,48,"success",
"ccle","complete_workflow","fastpls","steady_process_batch",1,49,"success",
"ccle","complete_workflow","fastpls","steady_process_batch",1,50,"success",
"ccle","complete_workflow","fastpls","cold_process",2,1,"success",
"ccle","complete_workflow","fastpls","cold_process",3,1,"success",
"ccle","complete_workflow","fastpls","cold_process",4,1,"success",
"ccle","complete_workflow","fastpls","cold_process",5,1,"success",
"ccle","complete_workflow","fastpls","cold_process",6,1,"success",
"ccle","complete_workflow","fastpls","cold_process",7,1,"success",
"ccle","complete_workflow","fastpls","cold_process",8,1,"success",
"ccle","complete_workflow","fastpls","cold_process",9,1,"success",
"ccle","complete_workflow","fastpls","cold_process",10,1,"success",
"ccle","complete_workflow","fastpls","cold_process",11,1,"success",
"ccle","complete_workflow","fastpls","cold_process",12,1,"success",
"ccle","complete_workflow","fastpls","cold_process",13,1,"success",
"ccle","complete_workflow","fastpls","cold_process",14,1,"success",
"ccle","complete_workflow","fastpls","cold_process",15,1,"success",
"ccle","complete_workflow","fastpls","cold_process",16,1,"success",
"ccle","complete_workflow","fastpls","cold_process",17,1,"success",
"ccle","complete_workflow","fastpls","cold_process",18,1,"success",
"ccle","complete_workflow","fastpls","cold_process",19,1,"success",
"ccle","complete_workflow","fastpls","cold_process",20,1,"success",
"ccle","complete_workflow","fastpls","cold_process",21,1,"success",
"ccle","complete_workflow","fastpls","cold_process",22,1,"success",
"ccle","complete_workflow","fastpls","cold_process",23,1,"success",
"ccle","complete_workflow","fastpls","cold_process",24,1,"success",
"ccle","complete_workflow","fastpls","cold_process",25,1,"success",
"ccle","complete_workflow","fastpls","cold_process",26,1,"success",
"ccle","complete_workflow","fastpls","cold_process",27,1,"success",
"ccle","complete_workflow","fastpls","cold_process",28,1,"success",
"ccle","complete_workflow","fastpls","cold_process",29,1,"success",
"ccle","complete_workflow","fastpls","cold_process",30,1,"success",
"ccle","complete_workflow","fastpls","cold_process",31,1,"success",
"ccle","complete_workflow","fastpls","cold_process",32,1,"success",
"ccle","complete_workflow","fastpls","cold_process",33,1,"success",
"ccle","complete_workflow","fastpls","cold_process",34,1,"success",
"ccle","complete_workflow","fastpls","cold_process",35,1,"success",
"ccle","complete_workflow","fastpls","cold_process",36,1,"success",
"ccle","complete_workflow","fastpls","cold_process",37,1,"success",
"ccle","complete_workflow","fastpls","cold_process",38,1,"success",
"ccle","complete_workflow","fastpls","cold_process",39,1,"success",
"ccle","complete_workflow","fastpls","cold_process",40,1,"success",
"ccle","complete_workflow","fastpls","cold_process",41,1,"success",
"ccle","complete_workflow","fastpls","cold_process",42,1,"success",
"ccle","complete_workflow","fastpls","cold_process",43,1,"success",
"ccle","complete_workflow","fastpls","cold_process",44,1,"success",
"ccle","complete_workflow","fastpls","cold_process",45,1,"success",
"ccle","complete_workflow","fastpls","cold_process",46,1,"success",
"ccle","complete_workflow","fastpls","cold_process",47,1,"success",
"ccle","complete_workflow","fastpls","cold_process",48,1,"success",
"ccle","complete_workflow","fastpls","cold_process",49,1,"success",
"ccle","complete_workflow","fastpls","cold_process",50,1,"success",
"ccle","complete_workflow","pls","cold_process",1,1,"success",
"ccle","complete_workflow","pls","steady_process_batch",1,1,"success",
"ccle","complete_workflow","pls","steady_process_batch",1,2,"success",
"ccle","complete_workflow","pls","steady_process_batch",1,3,"success",
"ccle","complete_workflow","pls","steady_process_batch",1,4,"success",
"ccle","complete_workflow","pls","steady_process_batch",1,5,"success",
"ccle","complete_workflow","pls","steady_process_batch",1,6,"success",
"ccle","complete_workflow","pls","steady_process_batch",1,7,"success",
"ccle","complete_workflow","pls","steady_process_batch",1,8,"success",
"ccle","complete_workflow","pls","steady_process_batch",1,9,"success",
"ccle","complete_workflow","pls","steady_process_batch",1,10,"success",
"ccle","complete_workflow","pls","steady_process_batch",1,11,"success",
"ccle","complete_workflow","pls","steady_process_batch",1,12,"success",
"ccle","complete_workflow","pls","steady_process_batch",1,13,"success",
"ccle","complete_workflow","pls","steady_process_batch",1,14,"success",
"ccle","complete_workflow","pls","steady_process_batch",1,15,"success",
"ccle","complete_workflow","pls","steady_process_batch",1,16,"success",
"ccle","complete_workflow","pls","steady_process_batch",1,17,"success",
"ccle","complete_workflow","pls","steady_process_batch",1,18,"success",
"ccle","complete_workflow","pls","steady_process_batch",1,19,"success",
"ccle","complete_workflow","pls","steady_process_batch",1,20,"success",
"ccle","complete_workflow","pls","steady_process_batch",1,21,"success",
"ccle","complete_workflow","pls","steady_process_batch",1,22,"success",
"ccle","complete_workflow","pls","steady_process_batch",1,23,"success",
"ccle","complete_workflow","pls","steady_process_batch",1,24,"success",
"ccle","complete_workflow","pls","steady_process_batch",1,25,"success",
"ccle","complete_workflow","pls","steady_process_batch",1,26,"success",
"ccle","complete_workflow","pls","steady_process_batch",1,27,"success",
"ccle","complete_workflow","pls","steady_process_batch",1,28,"success",
"ccle","complete_workflow","pls","steady_process_batch",1,29,"success",
"ccle","complete_workflow","pls","steady_process_batch",1,30,"success",
"ccle","complete_workflow","pls","steady_process_batch",1,31,"success",
"ccle","complete_workflow","pls","steady_process_batch",1,32,"success",
"ccle","complete_workflow","pls","steady_process_batch",1,33,"success",
"ccle","complete_workflow","pls","steady_process_batch",1,34,"success",
"ccle","complete_workflow","pls","steady_process_batch",1,35,"success",
"ccle","complete_workflow","pls","steady_process_batch",1,36,"success",
"ccle","complete_workflow","pls","steady_process_batch",1,37,"success",
"ccle","complete_workflow","pls","steady_process_batch",1,38,"success",
"ccle","complete_workflow","pls","steady_process_batch",1,39,"success",
"ccle","complete_workflow","pls","steady_process_batch",1,40,"success",
"ccle","complete_workflow","pls","steady_process_batch",1,41,"success",
"ccle","complete_workflow","pls","steady_process_batch",1,42,"success",
"ccle","complete_workflow","pls","steady_process_batch",1,43,"success",
"ccle","complete_workflow","pls","steady_process_batch",1,44,"success",
"ccle","complete_workflow","pls","steady_process_batch",1,45,"success",
"ccle","complete_workflow","pls","steady_process_batch",1,46,"success",
"ccle","complete_workflow","pls","steady_process_batch",1,47,"success",
"ccle","complete_workflow","pls","steady_process_batch",1,48,"success",
"ccle","complete_workflow","pls","steady_process_batch",1,49,"success",
"ccle","complete_workflow","pls","steady_process_batch",1,50,"success",
"ccle","complete_workflow","pls","cold_process",2,1,"success",
"ccle","complete_workflow","pls","cold_process",3,1,"success",
"ccle","complete_workflow","pls","cold_process",4,1,"success",
"ccle","complete_workflow","pls","cold_process",5,1,"success",
"ccle","complete_workflow","pls","cold_process",6,1,"success",
"ccle","complete_workflow","pls","cold_process",7,1,"success",
"ccle","complete_workflow","pls","cold_process",8,1,"success",
"ccle","complete_workflow","pls","cold_process",9,1,"success",
"ccle","complete_workflow","pls","cold_process",10,1,"success",
"ccle","complete_workflow","pls","cold_process",11,1,"success",
"ccle","complete_workflow","pls","cold_process",12,1,"success",
"ccle","complete_workflow","pls","cold_process",13,1,"success",
"ccle","complete_workflow","pls","cold_process",14,1,"success",
"ccle","complete_workflow","pls","cold_process",15,1,"success",
"ccle","complete_workflow","pls","cold_process",16,1,"success",
"ccle","complete_workflow","pls","cold_process",17,1,"success",
"ccle","complete_workflow","pls","cold_process",18,1,"success",
"ccle","complete_workflow","pls","cold_process",19,1,"success",
"ccle","complete_workflow","pls","cold_process",20,1,"success",
"ccle","complete_workflow","pls","cold_process",21,1,"success",
"ccle","complete_workflow","pls","cold_process",22,1,"success",
"ccle","complete_workflow","pls","cold_process",23,1,"success",
"ccle","complete_workflow","pls","cold_process",24,1,"success",
"ccle","complete_workflow","pls","cold_process",25,1,"success",
"ccle","complete_workflow","pls","cold_process",26,1,"success",
"ccle","complete_workflow","pls","cold_process",27,1,"success",
"ccle","complete_workflow","pls","cold_process",28,1,"success",
"ccle","complete_workflow","pls","cold_process",29,1,"success",
"ccle","complete_workflow","pls","cold_process",30,1,"success",
"ccle","complete_workflow","pls","cold_process",31,1,"success",
"ccle","complete_workflow","pls","cold_process",32,1,"success",
"ccle","complete_workflow","pls","cold_process",33,1,"success",
"ccle","complete_workflow","pls","cold_process",34,1,"success",
"ccle","complete_workflow","pls","cold_process",35,1,"success",
"ccle","complete_workflow","pls","cold_process",36,1,"success",
"ccle","complete_workflow","pls","cold_process",37,1,"success",
"ccle","complete_workflow","pls","cold_process",38,1,"success",
"ccle","complete_workflow","pls","cold_process",39,1,"success",
"ccle","complete_workflow","pls","cold_process",40,1,"success",
"ccle","complete_workflow","pls","cold_process",41,1,"success",
"ccle","complete_workflow","pls","cold_process",42,1,"success",
"ccle","complete_workflow","pls","cold_process",43,1,"success",
"ccle","complete_workflow","pls","cold_process",44,1,"success",
"ccle","complete_workflow","pls","cold_process",45,1,"success",
"ccle","complete_workflow","pls","cold_process",46,1,"success",
"ccle","complete_workflow","pls","cold_process",47,1,"success",
"ccle","complete_workflow","pls","cold_process",48,1,"success",
"ccle","complete_workflow","pls","cold_process",49,1,"success",
"ccle","complete_workflow","pls","cold_process",50,1,"success",
"ccle","estimator_kernel","fastpls","steady_process_batch",1,1,"success",
"ccle","estimator_kernel","fastpls","steady_process_batch",1,2,"success",
"ccle","estimator_kernel","fastpls","steady_process_batch",1,3,"success",
"ccle","estimator_kernel","fastpls","steady_process_batch",1,4,"success",
"ccle","estimator_kernel","fastpls","steady_process_batch",1,5,"success",
"ccle","estimator_kernel","fastpls","steady_process_batch",1,6,"success",
"ccle","estimator_kernel","fastpls","steady_process_batch",1,7,"success",
"ccle","estimator_kernel","fastpls","steady_process_batch",1,8,"success",
"ccle","estimator_kernel","fastpls","steady_process_batch",1,9,"success",
"ccle","estimator_kernel","fastpls","steady_process_batch",1,10,"success",
"ccle","estimator_kernel","fastpls","steady_process_batch",1,11,"success",
"ccle","estimator_kernel","fastpls","steady_process_batch",1,12,"success",
"ccle","estimator_kernel","fastpls","steady_process_batch",1,13,"success",
"ccle","estimator_kernel","fastpls","steady_process_batch",1,14,"success",
"ccle","estimator_kernel","fastpls","steady_process_batch",1,15,"success",
"ccle","estimator_kernel","fastpls","steady_process_batch",1,16,"success",
"ccle","estimator_kernel","fastpls","steady_process_batch",1,17,"success",
"ccle","estimator_kernel","fastpls","steady_process_batch",1,18,"success",
"ccle","estimator_kernel","fastpls","steady_process_batch",1,19,"success",
"ccle","estimator_kernel","fastpls","steady_process_batch",1,20,"success",
"ccle","estimator_kernel","fastpls","steady_process_batch",1,21,"success",
"ccle","estimator_kernel","fastpls","steady_process_batch",1,22,"success",
"ccle","estimator_kernel","fastpls","steady_process_batch",1,23,"success",
"ccle","estimator_kernel","fastpls","steady_process_batch",1,24,"success",
"ccle","estimator_kernel","fastpls","steady_process_batch",1,25,"success",
"ccle","estimator_kernel","fastpls","steady_process_batch",1,26,"success",
"ccle","estimator_kernel","fastpls","steady_process_batch",1,27,"success",
"ccle","estimator_kernel","fastpls","steady_process_batch",1,28,"success",
"ccle","estimator_kernel","fastpls","steady_process_batch",1,29,"success",
"ccle","estimator_kernel","fastpls","steady_process_batch",1,30,"success",
"ccle","estimator_kernel","fastpls","steady_process_batch",1,31,"success",
"ccle","estimator_kernel","fastpls","steady_process_batch",1,32,"success",
"ccle","estimator_kernel","fastpls","steady_process_batch",1,33,"success",
"ccle","estimator_kernel","fastpls","steady_process_batch",1,34,"success",
"ccle","estimator_kernel","fastpls","steady_process_batch",1,35,"success",
"ccle","estimator_kernel","fastpls","steady_process_batch",1,36,"success",
"ccle","estimator_kernel","fastpls","steady_process_batch",1,37,"success",
"ccle","estimator_kernel","fastpls","steady_process_batch",1,38,"success",
"ccle","estimator_kernel","fastpls","steady_process_batch",1,39,"success",
"ccle","estimator_kernel","fastpls","steady_process_batch",1,40,"success",
"ccle","estimator_kernel","fastpls","steady_process_batch",1,41,"success",
"ccle","estimator_kernel","fastpls","steady_process_batch",1,42,"success",
"ccle","estimator_kernel","fastpls","steady_process_batch",1,43,"success",
"ccle","estimator_kernel","fastpls","steady_process_batch",1,44,"success",
"ccle","estimator_kernel","fastpls","steady_process_batch",1,45,"success",
"ccle","estimator_kernel","fastpls","steady_process_batch",1,46,"success",
"ccle","estimator_kernel","fastpls","steady_process_batch",1,47,"success",
"ccle","estimator_kernel","fastpls","steady_process_batch",1,48,"success",
"ccle","estimator_kernel","fastpls","steady_process_batch",1,49,"success",
"ccle","estimator_kernel","fastpls","steady_process_batch",1,50,"success",
"ccle","estimator_kernel","fastpls","cold_process",1,1,"success",
"ccle","estimator_kernel","fastpls","steady_process_batch",1,1,"success",
"ccle","estimator_kernel","fastpls","steady_process_batch",1,2,"success",
"ccle","estimator_kernel","fastpls","steady_process_batch",1,3,"success",
"ccle","estimator_kernel","fastpls","steady_process_batch",1,4,"success",
"ccle","estimator_kernel","fastpls","steady_process_batch",1,5,"success",
"ccle","estimator_kernel","fastpls","steady_process_batch",1,6,"success",
"ccle","estimator_kernel","fastpls","steady_process_batch",1,7,"success",
"ccle","estimator_kernel","fastpls","steady_process_batch",1,8,"success",
"ccle","estimator_kernel","fastpls","steady_process_batch",1,9,"success",
"ccle","estimator_kernel","fastpls","steady_process_batch",1,10,"success",
"ccle","estimator_kernel","fastpls","steady_process_batch",1,11,"success",
"ccle","estimator_kernel","fastpls","steady_process_batch",1,12,"success",
"ccle","estimator_kernel","fastpls","steady_process_batch",1,13,"success",
"ccle","estimator_kernel","fastpls","steady_process_batch",1,14,"success",
"ccle","estimator_kernel","fastpls","steady_process_batch",1,15,"success",
"ccle","estimator_kernel","fastpls","steady_process_batch",1,16,"success",
"ccle","estimator_kernel","fastpls","steady_process_batch",1,17,"success",
"ccle","estimator_kernel","fastpls","steady_process_batch",1,18,"success",
"ccle","estimator_kernel","fastpls","steady_process_batch",1,19,"success",
"ccle","estimator_kernel","fastpls","steady_process_batch",1,20,"success",
"ccle","estimator_kernel","fastpls","steady_process_batch",1,21,"success",
"ccle","estimator_kernel","fastpls","steady_process_batch",1,22,"success",
"ccle","estimator_kernel","fastpls","steady_process_batch",1,23,"success",
"ccle","estimator_kernel","fastpls","steady_process_batch",1,24,"success",
"ccle","estimator_kernel","fastpls","steady_process_batch",1,25,"success",
"ccle","estimator_kernel","fastpls","steady_process_batch",1,26,"success",
"ccle","estimator_kernel","fastpls","steady_process_batch",1,27,"success",
"ccle","estimator_kernel","fastpls","steady_process_batch",1,28,"success",
"ccle","estimator_kernel","fastpls","steady_process_batch",1,29,"success",
"ccle","estimator_kernel","fastpls","steady_process_batch",1,30,"success",
"ccle","estimator_kernel","fastpls","steady_process_batch",1,31,"success",
"ccle","estimator_kernel","fastpls","steady_process_batch",1,32,"success",
"ccle","estimator_kernel","fastpls","steady_process_batch",1,33,"success",
"ccle","estimator_kernel","fastpls","steady_process_batch",1,34,"success",
"ccle","estimator_kernel","fastpls","steady_process_batch",1,35,"success",
"ccle","estimator_kernel","fastpls","steady_process_batch",1,36,"success",
"ccle","estimator_kernel","fastpls","steady_process_batch",1,37,"success",
"ccle","estimator_kernel","fastpls","steady_process_batch",1,38,"success",
"ccle","estimator_kernel","fastpls","steady_process_batch",1,39,"success",
"ccle","estimator_kernel","fastpls","steady_process_batch",1,40,"success",
"ccle","estimator_kernel","fastpls","steady_process_batch",1,41,"success",
"ccle","estimator_kernel","fastpls","steady_process_batch",1,42,"success",
"ccle","estimator_kernel","fastpls","steady_process_batch",1,43,"success",
"ccle","estimator_kernel","fastpls","steady_process_batch",1,44,"success",
"ccle","estimator_kernel","fastpls","steady_process_batch",1,45,"success",
"ccle","estimator_kernel","fastpls","steady_process_batch",1,46,"success",
"ccle","estimator_kernel","fastpls","steady_process_batch",1,47,"success",
"ccle","estimator_kernel","fastpls","steady_process_batch",1,48,"success",
"ccle","estimator_kernel","fastpls","steady_process_batch",1,49,"success",
"ccle","estimator_kernel","fastpls","steady_process_batch",1,50,"success",
"ccle","estimator_kernel","fastpls","cold_process",2,1,"success",
"ccle","estimator_kernel","fastpls","cold_process",3,1,"success",
"ccle","estimator_kernel","fastpls","cold_process",4,1,"success",
"ccle","estimator_kernel","fastpls","cold_process",5,1,"success",
"ccle","estimator_kernel","fastpls","cold_process",6,1,"success",
"ccle","estimator_kernel","fastpls","cold_process",7,1,"success",
"ccle","estimator_kernel","fastpls","cold_process",8,1,"success",
"ccle","estimator_kernel","fastpls","cold_process",9,1,"success",
"ccle","estimator_kernel","fastpls","cold_process",10,1,"success",
"ccle","estimator_kernel","fastpls","cold_process",11,1,"success",
"ccle","estimator_kernel","fastpls","cold_process",12,1,"success",
"ccle","estimator_kernel","fastpls","cold_process",13,1,"success",
"ccle","estimator_kernel","fastpls","cold_process",14,1,"success",
"ccle","estimator_kernel","fastpls","cold_process",15,1,"success",
"ccle","estimator_kernel","fastpls","cold_process",16,1,"success",
"ccle","estimator_kernel","fastpls","cold_process",17,1,"success",
"ccle","estimator_kernel","fastpls","cold_process",18,1,"success",
"ccle","estimator_kernel","fastpls","cold_process",19,1,"success",
"ccle","estimator_kernel","fastpls","cold_process",20,1,"success",
"ccle","estimator_kernel","fastpls","cold_process",21,1,"success",
"ccle","estimator_kernel","fastpls","cold_process",22,1,"success",
"ccle","estimator_kernel","fastpls","cold_process",23,1,"success",
"ccle","estimator_kernel","fastpls","cold_process",24,1,"success",
"ccle","estimator_kernel","fastpls","cold_process",25,1,"success",
"ccle","estimator_kernel","fastpls","cold_process",26,1,"success",
"ccle","estimator_kernel","fastpls","cold_process",27,1,"success",
"ccle","estimator_kernel","fastpls","cold_process",28,1,"success",
"ccle","estimator_kernel","fastpls","cold_process",29,1,"success",
"ccle","estimator_kernel","fastpls","cold_process",30,1,"success",
"ccle","estimator_kernel","fastpls","cold_process",31,1,"success",
"ccle","estimator_kernel","fastpls","cold_process",32,1,"success",
"ccle","estimator_kernel","fastpls","cold_process",33,1,"success",
"ccle","estimator_kernel","fastpls","cold_process",34,1,"success",
"ccle","estimator_kernel","fastpls","cold_process",35,1,"success",
"ccle","estimator_kernel","fastpls","cold_process",36,1,"success",
"ccle","estimator_kernel","fastpls","cold_process",37,1,"success",
"ccle","estimator_kernel","fastpls","cold_process",38,1,"success",
"ccle","estimator_kernel","fastpls","cold_process",39,1,"success",
"ccle","estimator_kernel","fastpls","cold_process",40,1,"success",
"ccle","estimator_kernel","fastpls","cold_process",41,1,"success",
"ccle","estimator_kernel","fastpls","cold_process",42,1,"success",
"ccle","estimator_kernel","fastpls","cold_process",43,1,"success",
"ccle","estimator_kernel","fastpls","cold_process",44,1,"success",
"ccle","estimator_kernel","fastpls","cold_process",45,1,"success",
"ccle","estimator_kernel","fastpls","cold_process",46,1,"success",
"ccle","estimator_kernel","fastpls","cold_process",47,1,"success",
"ccle","estimator_kernel","fastpls","cold_process",48,1,"success",
"ccle","estimator_kernel","fastpls","cold_process",49,1,"success",
"ccle","estimator_kernel","fastpls","cold_process",50,1,"success",
"ccle","estimator_kernel","pls","cold_process",1,1,"success",
"ccle","estimator_kernel","pls","steady_process_batch",1,1,"success",
"ccle","estimator_kernel","pls","steady_process_batch",1,2,"success",
"ccle","estimator_kernel","pls","steady_process_batch",1,3,"success",
"ccle","estimator_kernel","pls","steady_process_batch",1,4,"success",
"ccle","estimator_kernel","pls","steady_process_batch",1,5,"success",
"ccle","estimator_kernel","pls","steady_process_batch",1,6,"success",
"ccle","estimator_kernel","pls","steady_process_batch",1,7,"success",
"ccle","estimator_kernel","pls","steady_process_batch",1,8,"success",
"ccle","estimator_kernel","pls","steady_process_batch",1,9,"success",
"ccle","estimator_kernel","pls","steady_process_batch",1,10,"success",
"ccle","estimator_kernel","pls","steady_process_batch",1,11,"success",
"ccle","estimator_kernel","pls","steady_process_batch",1,12,"success",
"ccle","estimator_kernel","pls","steady_process_batch",1,13,"success",
"ccle","estimator_kernel","pls","steady_process_batch",1,14,"success",
"ccle","estimator_kernel","pls","steady_process_batch",1,15,"success",
"ccle","estimator_kernel","pls","steady_process_batch",1,16,"success",
"ccle","estimator_kernel","pls","steady_process_batch",1,17,"success",
"ccle","estimator_kernel","pls","steady_process_batch",1,18,"success",
"ccle","estimator_kernel","pls","steady_process_batch",1,19,"success",
"ccle","estimator_kernel","pls","steady_process_batch",1,20,"success",
"ccle","estimator_kernel","pls","steady_process_batch",1,21,"success",
"ccle","estimator_kernel","pls","steady_process_batch",1,22,"success",
"ccle","estimator_kernel","pls","steady_process_batch",1,23,"success",
"ccle","estimator_kernel","pls","steady_process_batch",1,24,"success",
"ccle","estimator_kernel","pls","steady_process_batch",1,25,"success",
"ccle","estimator_kernel","pls","steady_process_batch",1,26,"success",
"ccle","estimator_kernel","pls","steady_process_batch",1,27,"success",
"ccle","estimator_kernel","pls","steady_process_batch",1,28,"success",
"ccle","estimator_kernel","pls","steady_process_batch",1,29,"success",
"ccle","estimator_kernel","pls","steady_process_batch",1,30,"success",
"ccle","estimator_kernel","pls","steady_process_batch",1,31,"success",
"ccle","estimator_kernel","pls","steady_process_batch",1,32,"success",
"ccle","estimator_kernel","pls","steady_process_batch",1,33,"success",
"ccle","estimator_kernel","pls","steady_process_batch",1,34,"success",
"ccle","estimator_kernel","pls","steady_process_batch",1,35,"success",
"ccle","estimator_kernel","pls","steady_process_batch",1,36,"success",
"ccle","estimator_kernel","pls","steady_process_batch",1,37,"success",
"ccle","estimator_kernel","pls","steady_process_batch",1,38,"success",
"ccle","estimator_kernel","pls","steady_process_batch",1,39,"success",
"ccle","estimator_kernel","pls","steady_process_batch",1,40,"success",
"ccle","estimator_kernel","pls","steady_process_batch",1,41,"success",
"ccle","estimator_kernel","pls","steady_process_batch",1,42,"success",
"ccle","estimator_kernel","pls","steady_process_batch",1,43,"success",
"ccle","estimator_kernel","pls","steady_process_batch",1,44,"success",
"ccle","estimator_kernel","pls","steady_process_batch",1,45,"success",
"ccle","estimator_kernel","pls","steady_process_batch",1,46,"success",
"ccle","estimator_kernel","pls","steady_process_batch",1,47,"success",
"ccle","estimator_kernel","pls","steady_process_batch",1,48,"success",
"ccle","estimator_kernel","pls","steady_process_batch",1,49,"success",
"ccle","estimator_kernel","pls","steady_process_batch",1,50,"success",
"ccle","estimator_kernel","pls","cold_process",2,1,"success",
"ccle","estimator_kernel","pls","cold_process",3,1,"success",
"ccle","estimator_kernel","pls","cold_process",4,1,"success",
"ccle","estimator_kernel","pls","cold_process",5,1,"success",
"ccle","estimator_kernel","pls","cold_process",6,1,"success",
"ccle","estimator_kernel","pls","cold_process",7,1,"success",
"ccle","estimator_kernel","pls","cold_process",8,1,"success",
"ccle","estimator_kernel","pls","cold_process",9,1,"success",
"ccle","estimator_kernel","pls","cold_process",10,1,"success",
"ccle","estimator_kernel","pls","cold_process",11,1,"success",
"ccle","estimator_kernel","pls","cold_process",12,1,"success",
"ccle","estimator_kernel","pls","cold_process",13,1,"success",
"ccle","estimator_kernel","pls","cold_process",14,1,"success",
"ccle","estimator_kernel","pls","cold_process",15,1,"success",
"ccle","estimator_kernel","pls","cold_process",16,1,"success",
"ccle","estimator_kernel","pls","cold_process",17,1,"success",
"ccle","estimator_kernel","pls","cold_process",18,1,"success",
"ccle","estimator_kernel","pls","cold_process",19,1,"success",
"ccle","estimator_kernel","pls","cold_process",20,1,"success",
"ccle","estimator_kernel","pls","cold_process",21,1,"success",
"ccle","estimator_kernel","pls","cold_process",22,1,"success",
"ccle","estimator_kernel","pls","cold_process",23,1,"success",
"ccle","estimator_kernel","pls","cold_process",24,1,"success",
"ccle","estimator_kernel","pls","cold_process",25,1,"success",
"ccle","estimator_kernel","pls","cold_process",26,1,"success",
"ccle","estimator_kernel","pls","cold_process",27,1,"success",
"ccle","estimator_kernel","pls","cold_process",28,1,"success",
"ccle","estimator_kernel","pls","cold_process",29,1,"success",
"ccle","estimator_kernel","pls","cold_process",30,1,"success",
"ccle","estimator_kernel","pls","cold_process",31,1,"success",
"ccle","estimator_kernel","pls","cold_process",32,1,"success",
"ccle","estimator_kernel","pls","cold_process",33,1,"success",
"ccle","estimator_kernel","pls","cold_process",34,1,"success",
"ccle","estimator_kernel","pls","cold_process",35,1,"success",
"ccle","estimator_kernel","pls","cold_process",36,1,"success",
"ccle","estimator_kernel","pls","cold_process",37,1,"success",
"ccle","estimator_kernel","pls","cold_process",38,1,"success",
"ccle","estimator_kernel","pls","cold_process",39,1,"success",
"ccle","estimator_kernel","pls","cold_process",40,1,"success",
"ccle","estimator_kernel","pls","cold_process",41,1,"success",
"ccle","estimator_kernel","pls","cold_process",42,1,"success",
"ccle","estimator_kernel","pls","cold_process",43,1,"success",
"ccle","estimator_kernel","pls","cold_process",44,1,"success",
"ccle","estimator_kernel","pls","cold_process",45,1,"success",
"ccle","estimator_kernel","pls","cold_process",46,1,"success",
"ccle","estimator_kernel","pls","cold_process",47,1,"success",
"ccle","estimator_kernel","pls","cold_process",48,1,"success",
"ccle","estimator_kernel","pls","cold_process",49,1,"success",
"ccle","estimator_kernel","pls","cold_process",50,1,"success",
"cifar100","complete_workflow","fastpls","steady_process_batch",1,1,"success",
"cifar100","complete_workflow","fastpls","steady_process_batch",1,2,"success",
"cifar100","complete_workflow","fastpls","steady_process_batch",1,3,"success",
"cifar100","complete_workflow","fastpls","steady_process_batch",1,4,"success",
"cifar100","complete_workflow","fastpls","steady_process_batch",1,5,"success",
"cifar100","complete_workflow","fastpls","steady_process_batch",1,6,"success",
"cifar100","complete_workflow","fastpls","steady_process_batch",1,7,"success",
"cifar100","complete_workflow","fastpls","steady_process_batch",1,8,"success",
"cifar100","complete_workflow","fastpls","steady_process_batch",1,9,"success",
"cifar100","complete_workflow","fastpls","steady_process_batch",1,10,"success",
"cifar100","complete_workflow","fastpls","cold_process",1,1,"success",
"cifar100","complete_workflow","fastpls","steady_process_batch",1,1,"success",
"cifar100","complete_workflow","fastpls","steady_process_batch",1,2,"success",
"cifar100","complete_workflow","fastpls","steady_process_batch",1,3,"success",
"cifar100","complete_workflow","fastpls","steady_process_batch",1,4,"success",
"cifar100","complete_workflow","fastpls","steady_process_batch",1,5,"success",
"cifar100","complete_workflow","fastpls","steady_process_batch",1,6,"success",
"cifar100","complete_workflow","fastpls","steady_process_batch",1,7,"success",
"cifar100","complete_workflow","fastpls","steady_process_batch",1,8,"success",
"cifar100","complete_workflow","fastpls","steady_process_batch",1,9,"success",
"cifar100","complete_workflow","fastpls","steady_process_batch",1,10,"success",
"cifar100","complete_workflow","fastpls","cold_process",2,1,"success",
"cifar100","complete_workflow","fastpls","cold_process",3,1,"success",
"cifar100","complete_workflow","fastpls","cold_process",4,1,"success",
"cifar100","complete_workflow","fastpls","cold_process",5,1,"success",
"cifar100","complete_workflow","pls","cold_process",1,1,"failed_process_137","failed_process_137"
"cifar100","complete_workflow","pls","steady_process_batch",1,1,"failed_process_137","failed_process_137"
"cifar100","estimator_kernel","fastpls","steady_process_batch",1,1,"success",
"cifar100","estimator_kernel","fastpls","steady_process_batch",1,2,"success",
"cifar100","estimator_kernel","fastpls","steady_process_batch",1,3,"success",
"cifar100","estimator_kernel","fastpls","steady_process_batch",1,4,"success",
"cifar100","estimator_kernel","fastpls","steady_process_batch",1,5,"success",
"cifar100","estimator_kernel","fastpls","steady_process_batch",1,6,"success",
"cifar100","estimator_kernel","fastpls","steady_process_batch",1,7,"success",
"cifar100","estimator_kernel","fastpls","steady_process_batch",1,8,"success",
"cifar100","estimator_kernel","fastpls","steady_process_batch",1,9,"success",
"cifar100","estimator_kernel","fastpls","steady_process_batch",1,10,"success",
"cifar100","estimator_kernel","fastpls","cold_process",1,1,"success",
"cifar100","estimator_kernel","fastpls","steady_process_batch",1,1,"success",
"cifar100","estimator_kernel","fastpls","steady_process_batch",1,2,"success",
"cifar100","estimator_kernel","fastpls","steady_process_batch",1,3,"success",
"cifar100","estimator_kernel","fastpls","steady_process_batch",1,4,"success",
"cifar100","estimator_kernel","fastpls","steady_process_batch",1,5,"success",
"cifar100","estimator_kernel","fastpls","steady_process_batch",1,6,"success",
"cifar100","estimator_kernel","fastpls","steady_process_batch",1,7,"success",
"cifar100","estimator_kernel","fastpls","steady_process_batch",1,8,"success",
"cifar100","estimator_kernel","fastpls","steady_process_batch",1,9,"success",
"cifar100","estimator_kernel","fastpls","steady_process_batch",1,10,"success",
"cifar100","estimator_kernel","fastpls","cold_process",2,1,"success",
"cifar100","estimator_kernel","fastpls","cold_process",3,1,"success",
"cifar100","estimator_kernel","fastpls","cold_process",4,1,"success",
"cifar100","estimator_kernel","fastpls","cold_process",5,1,"success",
"cifar100","estimator_kernel","pls","cold_process",1,1,"success",
"cifar100","estimator_kernel","pls","steady_process_batch",1,1,"success",
"cifar100","estimator_kernel","pls","steady_process_batch",1,2,"success",
"cifar100","estimator_kernel","pls","steady_process_batch",1,3,"success",
"cifar100","estimator_kernel","pls","steady_process_batch",1,4,"success",
"cifar100","estimator_kernel","pls","steady_process_batch",1,5,"success",
"cifar100","estimator_kernel","pls","steady_process_batch",1,6,"success",
"cifar100","estimator_kernel","pls","steady_process_batch",1,7,"success",
"cifar100","estimator_kernel","pls","steady_process_batch",1,8,"success",
"cifar100","estimator_kernel","pls","steady_process_batch",1,9,"success",
"cifar100","estimator_kernel","pls","steady_process_batch",1,10,"success",
"cifar100","estimator_kernel","pls","cold_process",2,1,"success",
"cifar100","estimator_kernel","pls","cold_process",3,1,"success",
"cifar100","estimator_kernel","pls","cold_process",4,1,"success",
"cifar100","estimator_kernel","pls","cold_process",5,1,"success",
"gtex_v8","complete_workflow","fastpls","steady_process_batch",1,1,"success",
"gtex_v8","complete_workflow","fastpls","steady_process_batch",1,2,"success",
"gtex_v8","complete_workflow","fastpls","steady_process_batch",1,3,"success",
"gtex_v8","complete_workflow","fastpls","steady_process_batch",1,4,"success",
"gtex_v8","complete_workflow","fastpls","steady_process_batch",1,5,"success",
"gtex_v8","complete_workflow","fastpls","steady_process_batch",1,6,"success",
"gtex_v8","complete_workflow","fastpls","steady_process_batch",1,7,"success",
"gtex_v8","complete_workflow","fastpls","steady_process_batch",1,8,"success",
"gtex_v8","complete_workflow","fastpls","steady_process_batch",1,9,"success",
"gtex_v8","complete_workflow","fastpls","steady_process_batch",1,10,"success",
"gtex_v8","complete_workflow","fastpls","steady_process_batch",1,11,"success",
"gtex_v8","complete_workflow","fastpls","steady_process_batch",1,12,"success",
"gtex_v8","complete_workflow","fastpls","steady_process_batch",1,13,"success",
"gtex_v8","complete_workflow","fastpls","steady_process_batch",1,14,"success",
"gtex_v8","complete_workflow","fastpls","steady_process_batch",1,15,"success",
"gtex_v8","complete_workflow","fastpls","steady_process_batch",1,16,"success",
"gtex_v8","complete_workflow","fastpls","steady_process_batch",1,17,"success",
"gtex_v8","complete_workflow","fastpls","steady_process_batch",1,18,"success",
"gtex_v8","complete_workflow","fastpls","steady_process_batch",1,19,"success",
"gtex_v8","complete_workflow","fastpls","steady_process_batch",1,20,"success",
"gtex_v8","complete_workflow","fastpls","steady_process_batch",1,21,"success",
"gtex_v8","complete_workflow","fastpls","steady_process_batch",1,22,"success",
"gtex_v8","complete_workflow","fastpls","steady_process_batch",1,23,"success",
"gtex_v8","complete_workflow","fastpls","steady_process_batch",1,24,"success",
"gtex_v8","complete_workflow","fastpls","steady_process_batch",1,25,"success",
"gtex_v8","complete_workflow","fastpls","steady_process_batch",1,26,"success",
"gtex_v8","complete_workflow","fastpls","steady_process_batch",1,27,"success",
"gtex_v8","complete_workflow","fastpls","steady_process_batch",1,28,"success",
"gtex_v8","complete_workflow","fastpls","steady_process_batch",1,29,"success",
"gtex_v8","complete_workflow","fastpls","steady_process_batch",1,30,"success",
"gtex_v8","complete_workflow","fastpls","cold_process",1,1,"success",
"gtex_v8","complete_workflow","fastpls","steady_process_batch",1,1,"success",
"gtex_v8","complete_workflow","fastpls","steady_process_batch",1,2,"success",
"gtex_v8","complete_workflow","fastpls","steady_process_batch",1,3,"success",
"gtex_v8","complete_workflow","fastpls","steady_process_batch",1,4,"success",
"gtex_v8","complete_workflow","fastpls","steady_process_batch",1,5,"success",
"gtex_v8","complete_workflow","fastpls","steady_process_batch",1,6,"success",
"gtex_v8","complete_workflow","fastpls","steady_process_batch",1,7,"success",
"gtex_v8","complete_workflow","fastpls","steady_process_batch",1,8,"success",
"gtex_v8","complete_workflow","fastpls","steady_process_batch",1,9,"success",
"gtex_v8","complete_workflow","fastpls","steady_process_batch",1,10,"success",
"gtex_v8","complete_workflow","fastpls","steady_process_batch",1,11,"success",
"gtex_v8","complete_workflow","fastpls","steady_process_batch",1,12,"success",
"gtex_v8","complete_workflow","fastpls","steady_process_batch",1,13,"success",
"gtex_v8","complete_workflow","fastpls","steady_process_batch",1,14,"success",
"gtex_v8","complete_workflow","fastpls","steady_process_batch",1,15,"success",
"gtex_v8","complete_workflow","fastpls","steady_process_batch",1,16,"success",
"gtex_v8","complete_workflow","fastpls","steady_process_batch",1,17,"success",
"gtex_v8","complete_workflow","fastpls","steady_process_batch",1,18,"success",
"gtex_v8","complete_workflow","fastpls","steady_process_batch",1,19,"success",
"gtex_v8","complete_workflow","fastpls","steady_process_batch",1,20,"success",
"gtex_v8","complete_workflow","fastpls","steady_process_batch",1,21,"success",
"gtex_v8","complete_workflow","fastpls","steady_process_batch",1,22,"success",
"gtex_v8","complete_workflow","fastpls","steady_process_batch",1,23,"success",
"gtex_v8","complete_workflow","fastpls","steady_process_batch",1,24,"success",
"gtex_v8","complete_workflow","fastpls","steady_process_batch",1,25,"success",
"gtex_v8","complete_workflow","fastpls","steady_process_batch",1,26,"success",
"gtex_v8","complete_workflow","fastpls","steady_process_batch",1,27,"success",
"gtex_v8","complete_workflow","fastpls","steady_process_batch",1,28,"success",
"gtex_v8","complete_workflow","fastpls","steady_process_batch",1,29,"success",
"gtex_v8","complete_workflow","fastpls","steady_process_batch",1,30,"success",
"gtex_v8","complete_workflow","fastpls","cold_process",2,1,"success",
"gtex_v8","complete_workflow","fastpls","cold_process",3,1,"success",
"gtex_v8","complete_workflow","fastpls","cold_process",4,1,"success",
"gtex_v8","complete_workflow","fastpls","cold_process",5,1,"success",
"gtex_v8","complete_workflow","fastpls","cold_process",6,1,"success",
"gtex_v8","complete_workflow","fastpls","cold_process",7,1,"success",
"gtex_v8","complete_workflow","fastpls","cold_process",8,1,"success",
"gtex_v8","complete_workflow","fastpls","cold_process",9,1,"success",
"gtex_v8","complete_workflow","fastpls","cold_process",10,1,"success",
"gtex_v8","complete_workflow","fastpls","cold_process",11,1,"success",
"gtex_v8","complete_workflow","fastpls","cold_process",12,1,"success",
"gtex_v8","complete_workflow","fastpls","cold_process",13,1,"success",
"gtex_v8","complete_workflow","fastpls","cold_process",14,1,"success",
"gtex_v8","complete_workflow","fastpls","cold_process",15,1,"success",
"gtex_v8","complete_workflow","fastpls","cold_process",16,1,"success",
"gtex_v8","complete_workflow","fastpls","cold_process",17,1,"success",
"gtex_v8","complete_workflow","fastpls","cold_process",18,1,"success",
"gtex_v8","complete_workflow","fastpls","cold_process",19,1,"success",
"gtex_v8","complete_workflow","fastpls","cold_process",20,1,"success",
"gtex_v8","complete_workflow","fastpls","cold_process",21,1,"success",
"gtex_v8","complete_workflow","fastpls","cold_process",22,1,"success",
"gtex_v8","complete_workflow","fastpls","cold_process",23,1,"success",
"gtex_v8","complete_workflow","fastpls","cold_process",24,1,"success",
"gtex_v8","complete_workflow","fastpls","cold_process",25,1,"success",
"gtex_v8","complete_workflow","fastpls","cold_process",26,1,"success",
"gtex_v8","complete_workflow","fastpls","cold_process",27,1,"success",
"gtex_v8","complete_workflow","fastpls","cold_process",28,1,"success",
"gtex_v8","complete_workflow","fastpls","cold_process",29,1,"success",
"gtex_v8","complete_workflow","fastpls","cold_process",30,1,"success",
"gtex_v8","complete_workflow","pls","cold_process",1,1,"success",
"gtex_v8","complete_workflow","pls","steady_process_batch",1,1,"success",
"gtex_v8","complete_workflow","pls","steady_process_batch",1,2,"success",
"gtex_v8","complete_workflow","pls","steady_process_batch",1,3,"success",
"gtex_v8","complete_workflow","pls","steady_process_batch",1,4,"success",
"gtex_v8","complete_workflow","pls","steady_process_batch",1,5,"success",
"gtex_v8","complete_workflow","pls","steady_process_batch",1,6,"success",
"gtex_v8","complete_workflow","pls","steady_process_batch",1,7,"success",
"gtex_v8","complete_workflow","pls","steady_process_batch",1,8,"success",
"gtex_v8","complete_workflow","pls","steady_process_batch",1,9,"success",
"gtex_v8","complete_workflow","pls","steady_process_batch",1,10,"success",
"gtex_v8","complete_workflow","pls","steady_process_batch",1,11,"success",
"gtex_v8","complete_workflow","pls","steady_process_batch",1,12,"success",
"gtex_v8","complete_workflow","pls","steady_process_batch",1,13,"success",
"gtex_v8","complete_workflow","pls","steady_process_batch",1,14,"success",
"gtex_v8","complete_workflow","pls","steady_process_batch",1,15,"success",
"gtex_v8","complete_workflow","pls","steady_process_batch",1,16,"success",
"gtex_v8","complete_workflow","pls","steady_process_batch",1,17,"success",
"gtex_v8","complete_workflow","pls","steady_process_batch",1,18,"success",
"gtex_v8","complete_workflow","pls","steady_process_batch",1,19,"success",
"gtex_v8","complete_workflow","pls","steady_process_batch",1,20,"success",
"gtex_v8","complete_workflow","pls","cold_process",2,1,"success",
"gtex_v8","complete_workflow","pls","cold_process",3,1,"success",
"gtex_v8","complete_workflow","pls","cold_process",4,1,"success",
"gtex_v8","complete_workflow","pls","cold_process",5,1,"success",
"gtex_v8","complete_workflow","pls","cold_process",6,1,"success",
"gtex_v8","complete_workflow","pls","cold_process",7,1,"success",
"gtex_v8","complete_workflow","pls","cold_process",8,1,"success",
"gtex_v8","complete_workflow","pls","cold_process",9,1,"success",
"gtex_v8","complete_workflow","pls","cold_process",10,1,"success",
"gtex_v8","complete_workflow","pls","cold_process",11,1,"success",
"gtex_v8","complete_workflow","pls","cold_process",12,1,"success",
"gtex_v8","complete_workflow","pls","cold_process",13,1,"success",
"gtex_v8","complete_workflow","pls","cold_process",14,1,"success",
"gtex_v8","complete_workflow","pls","cold_process",15,1,"success",
"gtex_v8","estimator_kernel","fastpls","steady_process_batch",1,1,"success",
"gtex_v8","estimator_kernel","fastpls","steady_process_batch",1,2,"success",
"gtex_v8","estimator_kernel","fastpls","steady_process_batch",1,3,"success",
"gtex_v8","estimator_kernel","fastpls","steady_process_batch",1,4,"success",
"gtex_v8","estimator_kernel","fastpls","steady_process_batch",1,5,"success",
"gtex_v8","estimator_kernel","fastpls","steady_process_batch",1,6,"success",
"gtex_v8","estimator_kernel","fastpls","steady_process_batch",1,7,"success",
"gtex_v8","estimator_kernel","fastpls","steady_process_batch",1,8,"success",
"gtex_v8","estimator_kernel","fastpls","steady_process_batch",1,9,"success",
"gtex_v8","estimator_kernel","fastpls","steady_process_batch",1,10,"success",
"gtex_v8","estimator_kernel","fastpls","steady_process_batch",1,11,"success",
"gtex_v8","estimator_kernel","fastpls","steady_process_batch",1,12,"success",
"gtex_v8","estimator_kernel","fastpls","steady_process_batch",1,13,"success",
"gtex_v8","estimator_kernel","fastpls","steady_process_batch",1,14,"success",
"gtex_v8","estimator_kernel","fastpls","steady_process_batch",1,15,"success",
"gtex_v8","estimator_kernel","fastpls","steady_process_batch",1,16,"success",
"gtex_v8","estimator_kernel","fastpls","steady_process_batch",1,17,"success",
"gtex_v8","estimator_kernel","fastpls","steady_process_batch",1,18,"success",
"gtex_v8","estimator_kernel","fastpls","steady_process_batch",1,19,"success",
"gtex_v8","estimator_kernel","fastpls","steady_process_batch",1,20,"success",
"gtex_v8","estimator_kernel","fastpls","steady_process_batch",1,21,"success",
"gtex_v8","estimator_kernel","fastpls","steady_process_batch",1,22,"success",
"gtex_v8","estimator_kernel","fastpls","steady_process_batch",1,23,"success",
"gtex_v8","estimator_kernel","fastpls","steady_process_batch",1,24,"success",
"gtex_v8","estimator_kernel","fastpls","steady_process_batch",1,25,"success",
"gtex_v8","estimator_kernel","fastpls","steady_process_batch",1,26,"success",
"gtex_v8","estimator_kernel","fastpls","steady_process_batch",1,27,"success",
"gtex_v8","estimator_kernel","fastpls","steady_process_batch",1,28,"success",
"gtex_v8","estimator_kernel","fastpls","steady_process_batch",1,29,"success",
"gtex_v8","estimator_kernel","fastpls","steady_process_batch",1,30,"success",
"gtex_v8","estimator_kernel","fastpls","cold_process",1,1,"success",
"gtex_v8","estimator_kernel","fastpls","steady_process_batch",1,1,"success",
"gtex_v8","estimator_kernel","fastpls","steady_process_batch",1,2,"success",
"gtex_v8","estimator_kernel","fastpls","steady_process_batch",1,3,"success",
"gtex_v8","estimator_kernel","fastpls","steady_process_batch",1,4,"success",
"gtex_v8","estimator_kernel","fastpls","steady_process_batch",1,5,"success",
"gtex_v8","estimator_kernel","fastpls","steady_process_batch",1,6,"success",
"gtex_v8","estimator_kernel","fastpls","steady_process_batch",1,7,"success",
"gtex_v8","estimator_kernel","fastpls","steady_process_batch",1,8,"success",
"gtex_v8","estimator_kernel","fastpls","steady_process_batch",1,9,"success",
"gtex_v8","estimator_kernel","fastpls","steady_process_batch",1,10,"success",
"gtex_v8","estimator_kernel","fastpls","steady_process_batch",1,11,"success",
"gtex_v8","estimator_kernel","fastpls","steady_process_batch",1,12,"success",
"gtex_v8","estimator_kernel","fastpls","steady_process_batch",1,13,"success",
"gtex_v8","estimator_kernel","fastpls","steady_process_batch",1,14,"success",
"gtex_v8","estimator_kernel","fastpls","steady_process_batch",1,15,"success",
"gtex_v8","estimator_kernel","fastpls","steady_process_batch",1,16,"success",
"gtex_v8","estimator_kernel","fastpls","steady_process_batch",1,17,"success",
"gtex_v8","estimator_kernel","fastpls","steady_process_batch",1,18,"success",
"gtex_v8","estimator_kernel","fastpls","steady_process_batch",1,19,"success",
"gtex_v8","estimator_kernel","fastpls","steady_process_batch",1,20,"success",
"gtex_v8","estimator_kernel","fastpls","steady_process_batch",1,21,"success",
"gtex_v8","estimator_kernel","fastpls","steady_process_batch",1,22,"success",
"gtex_v8","estimator_kernel","fastpls","steady_process_batch",1,23,"success",
"gtex_v8","estimator_kernel","fastpls","steady_process_batch",1,24,"success",
"gtex_v8","estimator_kernel","fastpls","steady_process_batch",1,25,"success",
"gtex_v8","estimator_kernel","fastpls","steady_process_batch",1,26,"success",
"gtex_v8","estimator_kernel","fastpls","steady_process_batch",1,27,"success",
"gtex_v8","estimator_kernel","fastpls","steady_process_batch",1,28,"success",
"gtex_v8","estimator_kernel","fastpls","steady_process_batch",1,29,"success",
"gtex_v8","estimator_kernel","fastpls","steady_process_batch",1,30,"success",
"gtex_v8","estimator_kernel","fastpls","cold_process",2,1,"success",
"gtex_v8","estimator_kernel","fastpls","cold_process",3,1,"success",
"gtex_v8","estimator_kernel","fastpls","cold_process",4,1,"success",
"gtex_v8","estimator_kernel","fastpls","cold_process",5,1,"success",
"gtex_v8","estimator_kernel","fastpls","cold_process",6,1,"success",
"gtex_v8","estimator_kernel","fastpls","cold_process",7,1,"success",
"gtex_v8","estimator_kernel","fastpls","cold_process",8,1,"success",
"gtex_v8","estimator_kernel","fastpls","cold_process",9,1,"success",
"gtex_v8","estimator_kernel","fastpls","cold_process",10,1,"success",
"gtex_v8","estimator_kernel","fastpls","cold_process",11,1,"success",
"gtex_v8","estimator_kernel","fastpls","cold_process",12,1,"success",
"gtex_v8","estimator_kernel","fastpls","cold_process",13,1,"success",
"gtex_v8","estimator_kernel","fastpls","cold_process",14,1,"success",
"gtex_v8","estimator_kernel","fastpls","cold_process",15,1,"success",
"gtex_v8","estimator_kernel","fastpls","cold_process",16,1,"success",
"gtex_v8","estimator_kernel","fastpls","cold_process",17,1,"success",
"gtex_v8","estimator_kernel","fastpls","cold_process",18,1,"success",
"gtex_v8","estimator_kernel","fastpls","cold_process",19,1,"success",
"gtex_v8","estimator_kernel","fastpls","cold_process",20,1,"success",
"gtex_v8","estimator_kernel","fastpls","cold_process",21,1,"success",
"gtex_v8","estimator_kernel","fastpls","cold_process",22,1,"success",
"gtex_v8","estimator_kernel","fastpls","cold_process",23,1,"success",
"gtex_v8","estimator_kernel","fastpls","cold_process",24,1,"success",
"gtex_v8","estimator_kernel","fastpls","cold_process",25,1,"success",
"gtex_v8","estimator_kernel","fastpls","cold_process",26,1,"success",
"gtex_v8","estimator_kernel","fastpls","cold_process",27,1,"success",
"gtex_v8","estimator_kernel","fastpls","cold_process",28,1,"success",
"gtex_v8","estimator_kernel","fastpls","cold_process",29,1,"success",
"gtex_v8","estimator_kernel","fastpls","cold_process",30,1,"success",
"gtex_v8","estimator_kernel","pls","cold_process",1,1,"success",
"gtex_v8","estimator_kernel","pls","steady_process_batch",1,1,"success",
"gtex_v8","estimator_kernel","pls","steady_process_batch",1,2,"success",
"gtex_v8","estimator_kernel","pls","steady_process_batch",1,3,"success",
"gtex_v8","estimator_kernel","pls","steady_process_batch",1,4,"success",
"gtex_v8","estimator_kernel","pls","steady_process_batch",1,5,"success",
"gtex_v8","estimator_kernel","pls","steady_process_batch",1,6,"success",
"gtex_v8","estimator_kernel","pls","steady_process_batch",1,7,"success",
"gtex_v8","estimator_kernel","pls","steady_process_batch",1,8,"success",
"gtex_v8","estimator_kernel","pls","steady_process_batch",1,9,"success",
"gtex_v8","estimator_kernel","pls","steady_process_batch",1,10,"success",
"gtex_v8","estimator_kernel","pls","steady_process_batch",1,11,"success",
"gtex_v8","estimator_kernel","pls","steady_process_batch",1,12,"success",
"gtex_v8","estimator_kernel","pls","steady_process_batch",1,13,"success",
"gtex_v8","estimator_kernel","pls","steady_process_batch",1,14,"success",
"gtex_v8","estimator_kernel","pls","steady_process_batch",1,15,"success",
"gtex_v8","estimator_kernel","pls","steady_process_batch",1,16,"success",
"gtex_v8","estimator_kernel","pls","steady_process_batch",1,17,"success",
"gtex_v8","estimator_kernel","pls","steady_process_batch",1,18,"success",
"gtex_v8","estimator_kernel","pls","steady_process_batch",1,19,"success",
"gtex_v8","estimator_kernel","pls","steady_process_batch",1,20,"success",
"gtex_v8","estimator_kernel","pls","steady_process_batch",1,21,"success",
"gtex_v8","estimator_kernel","pls","steady_process_batch",1,22,"success",
"gtex_v8","estimator_kernel","pls","steady_process_batch",1,23,"success",
"gtex_v8","estimator_kernel","pls","steady_process_batch",1,24,"success",
"gtex_v8","estimator_kernel","pls","steady_process_batch",1,25,"success",
"gtex_v8","estimator_kernel","pls","steady_process_batch",1,26,"success",
"gtex_v8","estimator_kernel","pls","steady_process_batch",1,27,"success",
"gtex_v8","estimator_kernel","pls","steady_process_batch",1,28,"success",
"gtex_v8","estimator_kernel","pls","steady_process_batch",1,29,"success",
"gtex_v8","estimator_kernel","pls","steady_process_batch",1,30,"success",
"gtex_v8","estimator_kernel","pls","cold_process",2,1,"success",
"gtex_v8","estimator_kernel","pls","cold_process",3,1,"success",
"gtex_v8","estimator_kernel","pls","cold_process",4,1,"success",
"gtex_v8","estimator_kernel","pls","cold_process",5,1,"success",
"gtex_v8","estimator_kernel","pls","cold_process",6,1,"success",
"gtex_v8","estimator_kernel","pls","cold_process",7,1,"success",
"gtex_v8","estimator_kernel","pls","cold_process",8,1,"success",
"gtex_v8","estimator_kernel","pls","cold_process",9,1,"success",
"gtex_v8","estimator_kernel","pls","cold_process",10,1,"success",
"gtex_v8","estimator_kernel","pls","cold_process",11,1,"success",
"gtex_v8","estimator_kernel","pls","cold_process",12,1,"success",
"gtex_v8","estimator_kernel","pls","cold_process",13,1,"success",
"gtex_v8","estimator_kernel","pls","cold_process",14,1,"success",
"gtex_v8","estimator_kernel","pls","cold_process",15,1,"success",
"gtex_v8","estimator_kernel","pls","cold_process",16,1,"success",
"gtex_v8","estimator_kernel","pls","cold_process",17,1,"success",
"gtex_v8","estimator_kernel","pls","cold_process",18,1,"success",
"gtex_v8","estimator_kernel","pls","cold_process",19,1,"success",
"gtex_v8","estimator_kernel","pls","cold_process",20,1,"success",
"gtex_v8","estimator_kernel","pls","cold_process",21,1,"success",
"gtex_v8","estimator_kernel","pls","cold_process",22,1,"success",
"gtex_v8","estimator_kernel","pls","cold_process",23,1,"success",
"gtex_v8","estimator_kernel","pls","cold_process",24,1,"success",
"gtex_v8","estimator_kernel","pls","cold_process",25,1,"success",
"gtex_v8","estimator_kernel","pls","cold_process",26,1,"success",
"gtex_v8","estimator_kernel","pls","cold_process",27,1,"success",
"gtex_v8","estimator_kernel","pls","cold_process",28,1,"success",
"gtex_v8","estimator_kernel","pls","cold_process",29,1,"success",
"gtex_v8","estimator_kernel","pls","cold_process",30,1,"success",
"metref","complete_workflow","fastpls","steady_process_batch",1,1,"success",
"metref","complete_workflow","fastpls","steady_process_batch",1,2,"success",
"metref","complete_workflow","fastpls","steady_process_batch",1,3,"success",
"metref","complete_workflow","fastpls","steady_process_batch",1,4,"success",
"metref","complete_workflow","fastpls","steady_process_batch",1,5,"success",
"metref","complete_workflow","fastpls","steady_process_batch",1,6,"success",
"metref","complete_workflow","fastpls","steady_process_batch",1,7,"success",
"metref","complete_workflow","fastpls","steady_process_batch",1,8,"success",
"metref","complete_workflow","fastpls","steady_process_batch",1,9,"success",
"metref","complete_workflow","fastpls","steady_process_batch",1,10,"success",
"metref","complete_workflow","fastpls","steady_process_batch",1,11,"success",
"metref","complete_workflow","fastpls","steady_process_batch",1,12,"success",
"metref","complete_workflow","fastpls","steady_process_batch",1,13,"success",
"metref","complete_workflow","fastpls","steady_process_batch",1,14,"success",
"metref","complete_workflow","fastpls","steady_process_batch",1,15,"success",
"metref","complete_workflow","fastpls","steady_process_batch",1,16,"success",
"metref","complete_workflow","fastpls","steady_process_batch",1,17,"success",
"metref","complete_workflow","fastpls","steady_process_batch",1,18,"success",
"metref","complete_workflow","fastpls","steady_process_batch",1,19,"success",
"metref","complete_workflow","fastpls","steady_process_batch",1,20,"success",
"metref","complete_workflow","fastpls","steady_process_batch",1,21,"success",
"metref","complete_workflow","fastpls","steady_process_batch",1,22,"success",
"metref","complete_workflow","fastpls","steady_process_batch",1,23,"success",
"metref","complete_workflow","fastpls","steady_process_batch",1,24,"success",
"metref","complete_workflow","fastpls","steady_process_batch",1,25,"success",
"metref","complete_workflow","fastpls","steady_process_batch",1,26,"success",
"metref","complete_workflow","fastpls","steady_process_batch",1,27,"success",
"metref","complete_workflow","fastpls","steady_process_batch",1,28,"success",
"metref","complete_workflow","fastpls","steady_process_batch",1,29,"success",
"metref","complete_workflow","fastpls","steady_process_batch",1,30,"success",
"metref","complete_workflow","fastpls","steady_process_batch",1,31,"success",
"metref","complete_workflow","fastpls","steady_process_batch",1,32,"success",
"metref","complete_workflow","fastpls","steady_process_batch",1,33,"success",
"metref","complete_workflow","fastpls","steady_process_batch",1,34,"success",
"metref","complete_workflow","fastpls","steady_process_batch",1,35,"success",
"metref","complete_workflow","fastpls","steady_process_batch",1,36,"success",
"metref","complete_workflow","fastpls","steady_process_batch",1,37,"success",
"metref","complete_workflow","fastpls","steady_process_batch",1,38,"success",
"metref","complete_workflow","fastpls","steady_process_batch",1,39,"success",
"metref","complete_workflow","fastpls","steady_process_batch",1,40,"success",
"metref","complete_workflow","fastpls","steady_process_batch",1,41,"success",
"metref","complete_workflow","fastpls","steady_process_batch",1,42,"success",
"metref","complete_workflow","fastpls","steady_process_batch",1,43,"success",
"metref","complete_workflow","fastpls","steady_process_batch",1,44,"success",
"metref","complete_workflow","fastpls","steady_process_batch",1,45,"success",
"metref","complete_workflow","fastpls","steady_process_batch",1,46,"success",
"metref","complete_workflow","fastpls","steady_process_batch",1,47,"success",
"metref","complete_workflow","fastpls","steady_process_batch",1,48,"success",
"metref","complete_workflow","fastpls","steady_process_batch",1,49,"success",
"metref","complete_workflow","fastpls","steady_process_batch",1,50,"success",
"metref","complete_workflow","fastpls","cold_process",1,1,"success",
"metref","complete_workflow","fastpls","steady_process_batch",1,1,"success",
"metref","complete_workflow","fastpls","steady_process_batch",1,2,"success",
"metref","complete_workflow","fastpls","steady_process_batch",1,3,"success",
"metref","complete_workflow","fastpls","steady_process_batch",1,4,"success",
"metref","complete_workflow","fastpls","steady_process_batch",1,5,"success",
"metref","complete_workflow","fastpls","steady_process_batch",1,6,"success",
"metref","complete_workflow","fastpls","steady_process_batch",1,7,"success",
"metref","complete_workflow","fastpls","steady_process_batch",1,8,"success",
"metref","complete_workflow","fastpls","steady_process_batch",1,9,"success",
"metref","complete_workflow","fastpls","steady_process_batch",1,10,"success",
"metref","complete_workflow","fastpls","steady_process_batch",1,11,"success",
"metref","complete_workflow","fastpls","steady_process_batch",1,12,"success",
"metref","complete_workflow","fastpls","steady_process_batch",1,13,"success",
"metref","complete_workflow","fastpls","steady_process_batch",1,14,"success",
"metref","complete_workflow","fastpls","steady_process_batch",1,15,"success",
"metref","complete_workflow","fastpls","steady_process_batch",1,16,"success",
"metref","complete_workflow","fastpls","steady_process_batch",1,17,"success",
"metref","complete_workflow","fastpls","steady_process_batch",1,18,"success",
"metref","complete_workflow","fastpls","steady_process_batch",1,19,"success",
"metref","complete_workflow","fastpls","steady_process_batch",1,20,"success",
"metref","complete_workflow","fastpls","steady_process_batch",1,21,"success",
"metref","complete_workflow","fastpls","steady_process_batch",1,22,"success",
"metref","complete_workflow","fastpls","steady_process_batch",1,23,"success",
"metref","complete_workflow","fastpls","steady_process_batch",1,24,"success",
"metref","complete_workflow","fastpls","steady_process_batch",1,25,"success",
"metref","complete_workflow","fastpls","steady_process_batch",1,26,"success",
"metref","complete_workflow","fastpls","steady_process_batch",1,27,"success",
"metref","complete_workflow","fastpls","steady_process_batch",1,28,"success",
"metref","complete_workflow","fastpls","steady_process_batch",1,29,"success",
"metref","complete_workflow","fastpls","steady_process_batch",1,30,"success",
"metref","complete_workflow","fastpls","steady_process_batch",1,31,"success",
"metref","complete_workflow","fastpls","steady_process_batch",1,32,"success",
"metref","complete_workflow","fastpls","steady_process_batch",1,33,"success",
"metref","complete_workflow","fastpls","steady_process_batch",1,34,"success",
"metref","complete_workflow","fastpls","steady_process_batch",1,35,"success",
"metref","complete_workflow","fastpls","steady_process_batch",1,36,"success",
"metref","complete_workflow","fastpls","steady_process_batch",1,37,"success",
"metref","complete_workflow","fastpls","steady_process_batch",1,38,"success",
"metref","complete_workflow","fastpls","steady_process_batch",1,39,"success",
"metref","complete_workflow","fastpls","steady_process_batch",1,40,"success",
"metref","complete_workflow","fastpls","steady_process_batch",1,41,"success",
"metref","complete_workflow","fastpls","steady_process_batch",1,42,"success",
"metref","complete_workflow","fastpls","steady_process_batch",1,43,"success",
"metref","complete_workflow","fastpls","steady_process_batch",1,44,"success",
"metref","complete_workflow","fastpls","steady_process_batch",1,45,"success",
"metref","complete_workflow","fastpls","steady_process_batch",1,46,"success",
"metref","complete_workflow","fastpls","steady_process_batch",1,47,"success",
"metref","complete_workflow","fastpls","steady_process_batch",1,48,"success",
"metref","complete_workflow","fastpls","steady_process_batch",1,49,"success",
"metref","complete_workflow","fastpls","steady_process_batch",1,50,"success",
"metref","complete_workflow","fastpls","cold_process",2,1,"success",
"metref","complete_workflow","fastpls","cold_process",3,1,"success",
"metref","complete_workflow","fastpls","cold_process",4,1,"success",
"metref","complete_workflow","fastpls","cold_process",5,1,"success",
"metref","complete_workflow","fastpls","cold_process",6,1,"success",
"metref","complete_workflow","fastpls","cold_process",7,1,"success",
"metref","complete_workflow","fastpls","cold_process",8,1,"success",
"metref","complete_workflow","fastpls","cold_process",9,1,"success",
"metref","complete_workflow","fastpls","cold_process",10,1,"success",
"metref","complete_workflow","fastpls","cold_process",11,1,"success",
"metref","complete_workflow","fastpls","cold_process",12,1,"success",
"metref","complete_workflow","fastpls","cold_process",13,1,"success",
"metref","complete_workflow","fastpls","cold_process",14,1,"success",
"metref","complete_workflow","fastpls","cold_process",15,1,"success",
"metref","complete_workflow","fastpls","cold_process",16,1,"success",
"metref","complete_workflow","fastpls","cold_process",17,1,"success",
"metref","complete_workflow","fastpls","cold_process",18,1,"success",
"metref","complete_workflow","fastpls","cold_process",19,1,"success",
"metref","complete_workflow","fastpls","cold_process",20,1,"success",
"metref","complete_workflow","fastpls","cold_process",21,1,"success",
"metref","complete_workflow","fastpls","cold_process",22,1,"success",
"metref","complete_workflow","fastpls","cold_process",23,1,"success",
"metref","complete_workflow","fastpls","cold_process",24,1,"success",
"metref","complete_workflow","fastpls","cold_process",25,1,"success",
"metref","complete_workflow","fastpls","cold_process",26,1,"success",
"metref","complete_workflow","fastpls","cold_process",27,1,"success",
"metref","complete_workflow","fastpls","cold_process",28,1,"success",
"metref","complete_workflow","fastpls","cold_process",29,1,"success",
"metref","complete_workflow","fastpls","cold_process",30,1,"success",
"metref","complete_workflow","fastpls","cold_process",31,1,"success",
"metref","complete_workflow","fastpls","cold_process",32,1,"success",
"metref","complete_workflow","fastpls","cold_process",33,1,"success",
"metref","complete_workflow","fastpls","cold_process",34,1,"success",
"metref","complete_workflow","fastpls","cold_process",35,1,"success",
"metref","complete_workflow","fastpls","cold_process",36,1,"success",
"metref","complete_workflow","fastpls","cold_process",37,1,"success",
"metref","complete_workflow","fastpls","cold_process",38,1,"success",
"metref","complete_workflow","fastpls","cold_process",39,1,"success",
"metref","complete_workflow","fastpls","cold_process",40,1,"success",
"metref","complete_workflow","fastpls","cold_process",41,1,"success",
"metref","complete_workflow","fastpls","cold_process",42,1,"success",
"metref","complete_workflow","fastpls","cold_process",43,1,"success",
"metref","complete_workflow","fastpls","cold_process",44,1,"success",
"metref","complete_workflow","fastpls","cold_process",45,1,"success",
"metref","complete_workflow","fastpls","cold_process",46,1,"success",
"metref","complete_workflow","fastpls","cold_process",47,1,"success",
"metref","complete_workflow","fastpls","cold_process",48,1,"success",
"metref","complete_workflow","fastpls","cold_process",49,1,"success",
"metref","complete_workflow","fastpls","cold_process",50,1,"success",
"metref","complete_workflow","pls","cold_process",1,1,"success",
"metref","complete_workflow","pls","steady_process_batch",1,1,"success",
"metref","complete_workflow","pls","steady_process_batch",1,2,"success",
"metref","complete_workflow","pls","steady_process_batch",1,3,"success",
"metref","complete_workflow","pls","steady_process_batch",1,4,"success",
"metref","complete_workflow","pls","steady_process_batch",1,5,"success",
"metref","complete_workflow","pls","steady_process_batch",1,6,"success",
"metref","complete_workflow","pls","steady_process_batch",1,7,"success",
"metref","complete_workflow","pls","steady_process_batch",1,8,"success",
"metref","complete_workflow","pls","steady_process_batch",1,9,"success",
"metref","complete_workflow","pls","steady_process_batch",1,10,"success",
"metref","complete_workflow","pls","steady_process_batch",1,11,"success",
"metref","complete_workflow","pls","steady_process_batch",1,12,"success",
"metref","complete_workflow","pls","steady_process_batch",1,13,"success",
"metref","complete_workflow","pls","steady_process_batch",1,14,"success",
"metref","complete_workflow","pls","steady_process_batch",1,15,"success",
"metref","complete_workflow","pls","steady_process_batch",1,16,"success",
"metref","complete_workflow","pls","steady_process_batch",1,17,"success",
"metref","complete_workflow","pls","steady_process_batch",1,18,"success",
"metref","complete_workflow","pls","steady_process_batch",1,19,"success",
"metref","complete_workflow","pls","steady_process_batch",1,20,"success",
"metref","complete_workflow","pls","steady_process_batch",1,21,"success",
"metref","complete_workflow","pls","steady_process_batch",1,22,"success",
"metref","complete_workflow","pls","steady_process_batch",1,23,"success",
"metref","complete_workflow","pls","steady_process_batch",1,24,"success",
"metref","complete_workflow","pls","steady_process_batch",1,25,"success",
"metref","complete_workflow","pls","steady_process_batch",1,26,"success",
"metref","complete_workflow","pls","steady_process_batch",1,27,"success",
"metref","complete_workflow","pls","steady_process_batch",1,28,"success",
"metref","complete_workflow","pls","steady_process_batch",1,29,"success",
"metref","complete_workflow","pls","steady_process_batch",1,30,"success",
"metref","complete_workflow","pls","steady_process_batch",1,31,"success",
"metref","complete_workflow","pls","steady_process_batch",1,32,"success",
"metref","complete_workflow","pls","steady_process_batch",1,33,"success",
"metref","complete_workflow","pls","steady_process_batch",1,34,"success",
"metref","complete_workflow","pls","steady_process_batch",1,35,"success",
"metref","complete_workflow","pls","steady_process_batch",1,36,"success",
"metref","complete_workflow","pls","steady_process_batch",1,37,"success",
"metref","complete_workflow","pls","steady_process_batch",1,38,"success",
"metref","complete_workflow","pls","steady_process_batch",1,39,"success",
"metref","complete_workflow","pls","steady_process_batch",1,40,"success",
"metref","complete_workflow","pls","steady_process_batch",1,41,"success",
"metref","complete_workflow","pls","steady_process_batch",1,42,"success",
"metref","complete_workflow","pls","steady_process_batch",1,43,"success",
"metref","complete_workflow","pls","steady_process_batch",1,44,"success",
"metref","complete_workflow","pls","steady_process_batch",1,45,"success",
"metref","complete_workflow","pls","steady_process_batch",1,46,"success",
"metref","complete_workflow","pls","steady_process_batch",1,47,"success",
"metref","complete_workflow","pls","steady_process_batch",1,48,"success",
"metref","complete_workflow","pls","steady_process_batch",1,49,"success",
"metref","complete_workflow","pls","steady_process_batch",1,50,"success",
"metref","complete_workflow","pls","cold_process",2,1,"success",
"metref","complete_workflow","pls","cold_process",3,1,"success",
"metref","complete_workflow","pls","cold_process",4,1,"success",
"metref","complete_workflow","pls","cold_process",5,1,"success",
"metref","complete_workflow","pls","cold_process",6,1,"success",
"metref","complete_workflow","pls","cold_process",7,1,"success",
"metref","complete_workflow","pls","cold_process",8,1,"success",
"metref","complete_workflow","pls","cold_process",9,1,"success",
"metref","complete_workflow","pls","cold_process",10,1,"success",
"metref","complete_workflow","pls","cold_process",11,1,"success",
"metref","complete_workflow","pls","cold_process",12,1,"success",
"metref","complete_workflow","pls","cold_process",13,1,"success",
"metref","complete_workflow","pls","cold_process",14,1,"success",
"metref","complete_workflow","pls","cold_process",15,1,"success",
"metref","complete_workflow","pls","cold_process",16,1,"success",
"metref","complete_workflow","pls","cold_process",17,1,"success",
"metref","complete_workflow","pls","cold_process",18,1,"success",
"metref","complete_workflow","pls","cold_process",19,1,"success",
"metref","complete_workflow","pls","cold_process",20,1,"success",
"metref","complete_workflow","pls","cold_process",21,1,"success",
"metref","complete_workflow","pls","cold_process",22,1,"success",
"metref","complete_workflow","pls","cold_process",23,1,"success",
"metref","complete_workflow","pls","cold_process",24,1,"success",
"metref","complete_workflow","pls","cold_process",25,1,"success",
"metref","complete_workflow","pls","cold_process",26,1,"success",
"metref","complete_workflow","pls","cold_process",27,1,"success",
"metref","complete_workflow","pls","cold_process",28,1,"success",
"metref","complete_workflow","pls","cold_process",29,1,"success",
"metref","complete_workflow","pls","cold_process",30,1,"success",
"metref","complete_workflow","pls","cold_process",31,1,"success",
"metref","complete_workflow","pls","cold_process",32,1,"success",
"metref","complete_workflow","pls","cold_process",33,1,"success",
"metref","complete_workflow","pls","cold_process",34,1,"success",
"metref","complete_workflow","pls","cold_process",35,1,"success",
"metref","complete_workflow","pls","cold_process",36,1,"success",
"metref","complete_workflow","pls","cold_process",37,1,"success",
"metref","complete_workflow","pls","cold_process",38,1,"success",
"metref","complete_workflow","pls","cold_process",39,1,"success",
"metref","complete_workflow","pls","cold_process",40,1,"success",
"metref","complete_workflow","pls","cold_process",41,1,"success",
"metref","complete_workflow","pls","cold_process",42,1,"success",
"metref","complete_workflow","pls","cold_process",43,1,"success",
"metref","complete_workflow","pls","cold_process",44,1,"success",
"metref","complete_workflow","pls","cold_process",45,1,"success",
"metref","complete_workflow","pls","cold_process",46,1,"success",
"metref","complete_workflow","pls","cold_process",47,1,"success",
"metref","complete_workflow","pls","cold_process",48,1,"success",
"metref","complete_workflow","pls","cold_process",49,1,"success",
"metref","complete_workflow","pls","cold_process",50,1,"success",
"metref","estimator_kernel","fastpls","steady_process_batch",1,1,"success",
"metref","estimator_kernel","fastpls","steady_process_batch",1,2,"success",
"metref","estimator_kernel","fastpls","steady_process_batch",1,3,"success",
"metref","estimator_kernel","fastpls","steady_process_batch",1,4,"success",
"metref","estimator_kernel","fastpls","steady_process_batch",1,5,"success",
"metref","estimator_kernel","fastpls","steady_process_batch",1,6,"success",
"metref","estimator_kernel","fastpls","steady_process_batch",1,7,"success",
"metref","estimator_kernel","fastpls","steady_process_batch",1,8,"success",
"metref","estimator_kernel","fastpls","steady_process_batch",1,9,"success",
"metref","estimator_kernel","fastpls","steady_process_batch",1,10,"success",
"metref","estimator_kernel","fastpls","steady_process_batch",1,11,"success",
"metref","estimator_kernel","fastpls","steady_process_batch",1,12,"success",
"metref","estimator_kernel","fastpls","steady_process_batch",1,13,"success",
"metref","estimator_kernel","fastpls","steady_process_batch",1,14,"success",
"metref","estimator_kernel","fastpls","steady_process_batch",1,15,"success",
"metref","estimator_kernel","fastpls","steady_process_batch",1,16,"success",
"metref","estimator_kernel","fastpls","steady_process_batch",1,17,"success",
"metref","estimator_kernel","fastpls","steady_process_batch",1,18,"success",
"metref","estimator_kernel","fastpls","steady_process_batch",1,19,"success",
"metref","estimator_kernel","fastpls","steady_process_batch",1,20,"success",
"metref","estimator_kernel","fastpls","steady_process_batch",1,21,"success",
"metref","estimator_kernel","fastpls","steady_process_batch",1,22,"success",
"metref","estimator_kernel","fastpls","steady_process_batch",1,23,"success",
"metref","estimator_kernel","fastpls","steady_process_batch",1,24,"success",
"metref","estimator_kernel","fastpls","steady_process_batch",1,25,"success",
"metref","estimator_kernel","fastpls","steady_process_batch",1,26,"success",
"metref","estimator_kernel","fastpls","steady_process_batch",1,27,"success",
"metref","estimator_kernel","fastpls","steady_process_batch",1,28,"success",
"metref","estimator_kernel","fastpls","steady_process_batch",1,29,"success",
"metref","estimator_kernel","fastpls","steady_process_batch",1,30,"success",
"metref","estimator_kernel","fastpls","steady_process_batch",1,31,"success",
"metref","estimator_kernel","fastpls","steady_process_batch",1,32,"success",
"metref","estimator_kernel","fastpls","steady_process_batch",1,33,"success",
"metref","estimator_kernel","fastpls","steady_process_batch",1,34,"success",
"metref","estimator_kernel","fastpls","steady_process_batch",1,35,"success",
"metref","estimator_kernel","fastpls","steady_process_batch",1,36,"success",
"metref","estimator_kernel","fastpls","steady_process_batch",1,37,"success",
"metref","estimator_kernel","fastpls","steady_process_batch",1,38,"success",
"metref","estimator_kernel","fastpls","steady_process_batch",1,39,"success",
"metref","estimator_kernel","fastpls","steady_process_batch",1,40,"success",
"metref","estimator_kernel","fastpls","steady_process_batch",1,41,"success",
"metref","estimator_kernel","fastpls","steady_process_batch",1,42,"success",
"metref","estimator_kernel","fastpls","steady_process_batch",1,43,"success",
"metref","estimator_kernel","fastpls","steady_process_batch",1,44,"success",
"metref","estimator_kernel","fastpls","steady_process_batch",1,45,"success",
"metref","estimator_kernel","fastpls","steady_process_batch",1,46,"success",
"metref","estimator_kernel","fastpls","steady_process_batch",1,47,"success",
"metref","estimator_kernel","fastpls","steady_process_batch",1,48,"success",
"metref","estimator_kernel","fastpls","steady_process_batch",1,49,"success",
"metref","estimator_kernel","fastpls","steady_process_batch",1,50,"success",
"metref","estimator_kernel","fastpls","cold_process",1,1,"success",
"metref","estimator_kernel","fastpls","steady_process_batch",1,1,"success",
"metref","estimator_kernel","fastpls","steady_process_batch",1,2,"success",
"metref","estimator_kernel","fastpls","steady_process_batch",1,3,"success",
"metref","estimator_kernel","fastpls","steady_process_batch",1,4,"success",
"metref","estimator_kernel","fastpls","steady_process_batch",1,5,"success",
"metref","estimator_kernel","fastpls","steady_process_batch",1,6,"success",
"metref","estimator_kernel","fastpls","steady_process_batch",1,7,"success",
"metref","estimator_kernel","fastpls","steady_process_batch",1,8,"success",
"metref","estimator_kernel","fastpls","steady_process_batch",1,9,"success",
"metref","estimator_kernel","fastpls","steady_process_batch",1,10,"success",
"metref","estimator_kernel","fastpls","steady_process_batch",1,11,"success",
"metref","estimator_kernel","fastpls","steady_process_batch",1,12,"success",
"metref","estimator_kernel","fastpls","steady_process_batch",1,13,"success",
"metref","estimator_kernel","fastpls","steady_process_batch",1,14,"success",
"metref","estimator_kernel","fastpls","steady_process_batch",1,15,"success",
"metref","estimator_kernel","fastpls","steady_process_batch",1,16,"success",
"metref","estimator_kernel","fastpls","steady_process_batch",1,17,"success",
"metref","estimator_kernel","fastpls","steady_process_batch",1,18,"success",
"metref","estimator_kernel","fastpls","steady_process_batch",1,19,"success",
"metref","estimator_kernel","fastpls","steady_process_batch",1,20,"success",
"metref","estimator_kernel","fastpls","steady_process_batch",1,21,"success",
"metref","estimator_kernel","fastpls","steady_process_batch",1,22,"success",
"metref","estimator_kernel","fastpls","steady_process_batch",1,23,"success",
"metref","estimator_kernel","fastpls","steady_process_batch",1,24,"success",
"metref","estimator_kernel","fastpls","steady_process_batch",1,25,"success",
"metref","estimator_kernel","fastpls","steady_process_batch",1,26,"success",
"metref","estimator_kernel","fastpls","steady_process_batch",1,27,"success",
"metref","estimator_kernel","fastpls","steady_process_batch",1,28,"success",
"metref","estimator_kernel","fastpls","steady_process_batch",1,29,"success",
"metref","estimator_kernel","fastpls","steady_process_batch",1,30,"success",
"metref","estimator_kernel","fastpls","steady_process_batch",1,31,"success",
"metref","estimator_kernel","fastpls","steady_process_batch",1,32,"success",
"metref","estimator_kernel","fastpls","steady_process_batch",1,33,"success",
"metref","estimator_kernel","fastpls","steady_process_batch",1,34,"success",
"metref","estimator_kernel","fastpls","steady_process_batch",1,35,"success",
"metref","estimator_kernel","fastpls","steady_process_batch",1,36,"success",
"metref","estimator_kernel","fastpls","steady_process_batch",1,37,"success",
"metref","estimator_kernel","fastpls","steady_process_batch",1,38,"success",
"metref","estimator_kernel","fastpls","steady_process_batch",1,39,"success",
"metref","estimator_kernel","fastpls","steady_process_batch",1,40,"success",
"metref","estimator_kernel","fastpls","steady_process_batch",1,41,"success",
"metref","estimator_kernel","fastpls","steady_process_batch",1,42,"success",
"metref","estimator_kernel","fastpls","steady_process_batch",1,43,"success",
"metref","estimator_kernel","fastpls","steady_process_batch",1,44,"success",
"metref","estimator_kernel","fastpls","steady_process_batch",1,45,"success",
"metref","estimator_kernel","fastpls","steady_process_batch",1,46,"success",
"metref","estimator_kernel","fastpls","steady_process_batch",1,47,"success",
"metref","estimator_kernel","fastpls","steady_process_batch",1,48,"success",
"metref","estimator_kernel","fastpls","steady_process_batch",1,49,"success",
"metref","estimator_kernel","fastpls","steady_process_batch",1,50,"success",
"metref","estimator_kernel","fastpls","cold_process",2,1,"success",
"metref","estimator_kernel","fastpls","cold_process",3,1,"success",
"metref","estimator_kernel","fastpls","cold_process",4,1,"success",
"metref","estimator_kernel","fastpls","cold_process",5,1,"success",
"metref","estimator_kernel","fastpls","cold_process",6,1,"success",
"metref","estimator_kernel","fastpls","cold_process",7,1,"success",
"metref","estimator_kernel","fastpls","cold_process",8,1,"success",
"metref","estimator_kernel","fastpls","cold_process",9,1,"success",
"metref","estimator_kernel","fastpls","cold_process",10,1,"success",
"metref","estimator_kernel","fastpls","cold_process",11,1,"success",
"metref","estimator_kernel","fastpls","cold_process",12,1,"success",
"metref","estimator_kernel","fastpls","cold_process",13,1,"success",
"metref","estimator_kernel","fastpls","cold_process",14,1,"success",
"metref","estimator_kernel","fastpls","cold_process",15,1,"success",
"metref","estimator_kernel","fastpls","cold_process",16,1,"success",
"metref","estimator_kernel","fastpls","cold_process",17,1,"success",
"metref","estimator_kernel","fastpls","cold_process",18,1,"success",
"metref","estimator_kernel","fastpls","cold_process",19,1,"success",
"metref","estimator_kernel","fastpls","cold_process",20,1,"success",
"metref","estimator_kernel","fastpls","cold_process",21,1,"success",
"metref","estimator_kernel","fastpls","cold_process",22,1,"success",
"metref","estimator_kernel","fastpls","cold_process",23,1,"success",
"metref","estimator_kernel","fastpls","cold_process",24,1,"success",
"metref","estimator_kernel","fastpls","cold_process",25,1,"success",
"metref","estimator_kernel","fastpls","cold_process",26,1,"success",
"metref","estimator_kernel","fastpls","cold_process",27,1,"success",
"metref","estimator_kernel","fastpls","cold_process",28,1,"success",
"metref","estimator_kernel","fastpls","cold_process",29,1,"success",
"metref","estimator_kernel","fastpls","cold_process",30,1,"success",
"metref","estimator_kernel","fastpls","cold_process",31,1,"success",
"metref","estimator_kernel","fastpls","cold_process",32,1,"success",
"metref","estimator_kernel","fastpls","cold_process",33,1,"success",
"metref","estimator_kernel","fastpls","cold_process",34,1,"success",
"metref","estimator_kernel","fastpls","cold_process",35,1,"success",
"metref","estimator_kernel","fastpls","cold_process",36,1,"success",
"metref","estimator_kernel","fastpls","cold_process",37,1,"success",
"metref","estimator_kernel","fastpls","cold_process",38,1,"success",
"metref","estimator_kernel","fastpls","cold_process",39,1,"success",
"metref","estimator_kernel","fastpls","cold_process",40,1,"success",
"metref","estimator_kernel","fastpls","cold_process",41,1,"success",
"metref","estimator_kernel","fastpls","cold_process",42,1,"success",
"metref","estimator_kernel","fastpls","cold_process",43,1,"success",
"metref","estimator_kernel","fastpls","cold_process",44,1,"success",
"metref","estimator_kernel","fastpls","cold_process",45,1,"success",
"metref","estimator_kernel","fastpls","cold_process",46,1,"success",
"metref","estimator_kernel","fastpls","cold_process",47,1,"success",
"metref","estimator_kernel","fastpls","cold_process",48,1,"success",
"metref","estimator_kernel","fastpls","cold_process",49,1,"success",
"metref","estimator_kernel","fastpls","cold_process",50,1,"success",
"metref","estimator_kernel","pls","cold_process",1,1,"success",
"metref","estimator_kernel","pls","steady_process_batch",1,1,"success",
"metref","estimator_kernel","pls","steady_process_batch",1,2,"success",
"metref","estimator_kernel","pls","steady_process_batch",1,3,"success",
"metref","estimator_kernel","pls","steady_process_batch",1,4,"success",
"metref","estimator_kernel","pls","steady_process_batch",1,5,"success",
"metref","estimator_kernel","pls","steady_process_batch",1,6,"success",
"metref","estimator_kernel","pls","steady_process_batch",1,7,"success",
"metref","estimator_kernel","pls","steady_process_batch",1,8,"success",
"metref","estimator_kernel","pls","steady_process_batch",1,9,"success",
"metref","estimator_kernel","pls","steady_process_batch",1,10,"success",
"metref","estimator_kernel","pls","steady_process_batch",1,11,"success",
"metref","estimator_kernel","pls","steady_process_batch",1,12,"success",
"metref","estimator_kernel","pls","steady_process_batch",1,13,"success",
"metref","estimator_kernel","pls","steady_process_batch",1,14,"success",
"metref","estimator_kernel","pls","steady_process_batch",1,15,"success",
"metref","estimator_kernel","pls","steady_process_batch",1,16,"success",
"metref","estimator_kernel","pls","steady_process_batch",1,17,"success",
"metref","estimator_kernel","pls","steady_process_batch",1,18,"success",
"metref","estimator_kernel","pls","steady_process_batch",1,19,"success",
"metref","estimator_kernel","pls","steady_process_batch",1,20,"success",
"metref","estimator_kernel","pls","steady_process_batch",1,21,"success",
"metref","estimator_kernel","pls","steady_process_batch",1,22,"success",
"metref","estimator_kernel","pls","steady_process_batch",1,23,"success",
"metref","estimator_kernel","pls","steady_process_batch",1,24,"success",
"metref","estimator_kernel","pls","steady_process_batch",1,25,"success",
"metref","estimator_kernel","pls","steady_process_batch",1,26,"success",
"metref","estimator_kernel","pls","steady_process_batch",1,27,"success",
"metref","estimator_kernel","pls","steady_process_batch",1,28,"success",
"metref","estimator_kernel","pls","steady_process_batch",1,29,"success",
"metref","estimator_kernel","pls","steady_process_batch",1,30,"success",
"metref","estimator_kernel","pls","steady_process_batch",1,31,"success",
"metref","estimator_kernel","pls","steady_process_batch",1,32,"success",
"metref","estimator_kernel","pls","steady_process_batch",1,33,"success",
"metref","estimator_kernel","pls","steady_process_batch",1,34,"success",
"metref","estimator_kernel","pls","steady_process_batch",1,35,"success",
"metref","estimator_kernel","pls","steady_process_batch",1,36,"success",
"metref","estimator_kernel","pls","steady_process_batch",1,37,"success",
"metref","estimator_kernel","pls","steady_process_batch",1,38,"success",
"metref","estimator_kernel","pls","steady_process_batch",1,39,"success",
"metref","estimator_kernel","pls","steady_process_batch",1,40,"success",
"metref","estimator_kernel","pls","steady_process_batch",1,41,"success",
"metref","estimator_kernel","pls","steady_process_batch",1,42,"success",
"metref","estimator_kernel","pls","steady_process_batch",1,43,"success",
"metref","estimator_kernel","pls","steady_process_batch",1,44,"success",
"metref","estimator_kernel","pls","steady_process_batch",1,45,"success",
"metref","estimator_kernel","pls","steady_process_batch",1,46,"success",
"metref","estimator_kernel","pls","steady_process_batch",1,47,"success",
"metref","estimator_kernel","pls","steady_process_batch",1,48,"success",
"metref","estimator_kernel","pls","steady_process_batch",1,49,"success",
"metref","estimator_kernel","pls","steady_process_batch",1,50,"success",
"metref","estimator_kernel","pls","cold_process",2,1,"success",
"metref","estimator_kernel","pls","cold_process",3,1,"success",
"metref","estimator_kernel","pls","cold_process",4,1,"success",
"metref","estimator_kernel","pls","cold_process",5,1,"success",
"metref","estimator_kernel","pls","cold_process",6,1,"success",
"metref","estimator_kernel","pls","cold_process",7,1,"success",
"metref","estimator_kernel","pls","cold_process",8,1,"success",
"metref","estimator_kernel","pls","cold_process",9,1,"success",
"metref","estimator_kernel","pls","cold_process",10,1,"success",
"metref","estimator_kernel","pls","cold_process",11,1,"success",
"metref","estimator_kernel","pls","cold_process",12,1,"success",
"metref","estimator_kernel","pls","cold_process",13,1,"success",
"metref","estimator_kernel","pls","cold_process",14,1,"success",
"metref","estimator_kernel","pls","cold_process",15,1,"success",
"metref","estimator_kernel","pls","cold_process",16,1,"success",
"metref","estimator_kernel","pls","cold_process",17,1,"success",
"metref","estimator_kernel","pls","cold_process",18,1,"success",
"metref","estimator_kernel","pls","cold_process",19,1,"success",
"metref","estimator_kernel","pls","cold_process",20,1,"success",
"metref","estimator_kernel","pls","cold_process",21,1,"success",
"metref","estimator_kernel","pls","cold_process",22,1,"success",
"metref","estimator_kernel","pls","cold_process",23,1,"success",
"metref","estimator_kernel","pls","cold_process",24,1,"success",
"metref","estimator_kernel","pls","cold_process",25,1,"success",
"metref","estimator_kernel","pls","cold_process",26,1,"success",
"metref","estimator_kernel","pls","cold_process",27,1,"success",
"metref","estimator_kernel","pls","cold_process",28,1,"success",
"metref","estimator_kernel","pls","cold_process",29,1,"success",
"metref","estimator_kernel","pls","cold_process",30,1,"success",
"metref","estimator_kernel","pls","cold_process",31,1,"success",
"metref","estimator_kernel","pls","cold_process",32,1,"success",
"metref","estimator_kernel","pls","cold_process",33,1,"success",
"metref","estimator_kernel","pls","cold_process",34,1,"success",
"metref","estimator_kernel","pls","cold_process",35,1,"success",
"metref","estimator_kernel","pls","cold_process",36,1,"success",
"metref","estimator_kernel","pls","cold_process",37,1,"success",
"metref","estimator_kernel","pls","cold_process",38,1,"success",
"metref","estimator_kernel","pls","cold_process",39,1,"success",
"metref","estimator_kernel","pls","cold_process",40,1,"success",
"metref","estimator_kernel","pls","cold_process",41,1,"success",
"metref","estimator_kernel","pls","cold_process",42,1,"success",
"metref","estimator_kernel","pls","cold_process",43,1,"success",
"metref","estimator_kernel","pls","cold_process",44,1,"success",
"metref","estimator_kernel","pls","cold_process",45,1,"success",
"metref","estimator_kernel","pls","cold_process",46,1,"success",
"metref","estimator_kernel","pls","cold_process",47,1,"success",
"metref","estimator_kernel","pls","cold_process",48,1,"success",
"metref","estimator_kernel","pls","cold_process",49,1,"success",
"metref","estimator_kernel","pls","cold_process",50,1,"success",
"retina","complete_workflow","fastpls","steady_process_batch",1,1,"success",
"retina","complete_workflow","fastpls","steady_process_batch",1,2,"success",
"retina","complete_workflow","fastpls","steady_process_batch",1,3,"success",
"retina","complete_workflow","fastpls","steady_process_batch",1,4,"success",
"retina","complete_workflow","fastpls","steady_process_batch",1,5,"success",
"retina","complete_workflow","fastpls","steady_process_batch",1,6,"success",
"retina","complete_workflow","fastpls","steady_process_batch",1,7,"success",
"retina","complete_workflow","fastpls","steady_process_batch",1,8,"success",
"retina","complete_workflow","fastpls","steady_process_batch",1,9,"success",
"retina","complete_workflow","fastpls","steady_process_batch",1,10,"success",
"retina","complete_workflow","fastpls","steady_process_batch",1,11,"success",
"retina","complete_workflow","fastpls","steady_process_batch",1,12,"success",
"retina","complete_workflow","fastpls","steady_process_batch",1,13,"success",
"retina","complete_workflow","fastpls","steady_process_batch",1,14,"success",
"retina","complete_workflow","fastpls","steady_process_batch",1,15,"success",
"retina","complete_workflow","fastpls","steady_process_batch",1,16,"success",
"retina","complete_workflow","fastpls","steady_process_batch",1,17,"success",
"retina","complete_workflow","fastpls","steady_process_batch",1,18,"success",
"retina","complete_workflow","fastpls","steady_process_batch",1,19,"success",
"retina","complete_workflow","fastpls","steady_process_batch",1,20,"success",
"retina","complete_workflow","fastpls","steady_process_batch",1,21,"success",
"retina","complete_workflow","fastpls","steady_process_batch",1,22,"success",
"retina","complete_workflow","fastpls","steady_process_batch",1,23,"success",
"retina","complete_workflow","fastpls","steady_process_batch",1,24,"success",
"retina","complete_workflow","fastpls","steady_process_batch",1,25,"success",
"retina","complete_workflow","fastpls","steady_process_batch",1,26,"success",
"retina","complete_workflow","fastpls","steady_process_batch",1,27,"success",
"retina","complete_workflow","fastpls","steady_process_batch",1,28,"success",
"retina","complete_workflow","fastpls","steady_process_batch",1,29,"success",
"retina","complete_workflow","fastpls","steady_process_batch",1,30,"success",
"retina","complete_workflow","fastpls","steady_process_batch",1,31,"success",
"retina","complete_workflow","fastpls","steady_process_batch",1,32,"success",
"retina","complete_workflow","fastpls","steady_process_batch",1,33,"success",
"retina","complete_workflow","fastpls","steady_process_batch",1,34,"success",
"retina","complete_workflow","fastpls","steady_process_batch",1,35,"success",
"retina","complete_workflow","fastpls","steady_process_batch",1,36,"success",
"retina","complete_workflow","fastpls","steady_process_batch",1,37,"success",
"retina","complete_workflow","fastpls","steady_process_batch",1,38,"success",
"retina","complete_workflow","fastpls","steady_process_batch",1,39,"success",
"retina","complete_workflow","fastpls","steady_process_batch",1,40,"success",
"retina","complete_workflow","fastpls","steady_process_batch",1,41,"success",
"retina","complete_workflow","fastpls","steady_process_batch",1,42,"success",
"retina","complete_workflow","fastpls","steady_process_batch",1,43,"success",
"retina","complete_workflow","fastpls","steady_process_batch",1,44,"success",
"retina","complete_workflow","fastpls","steady_process_batch",1,45,"success",
"retina","complete_workflow","fastpls","steady_process_batch",1,46,"success",
"retina","complete_workflow","fastpls","steady_process_batch",1,47,"success",
"retina","complete_workflow","fastpls","steady_process_batch",1,48,"success",
"retina","complete_workflow","fastpls","steady_process_batch",1,49,"success",
"retina","complete_workflow","fastpls","steady_process_batch",1,50,"success",
"retina","complete_workflow","fastpls","cold_process",1,1,"success",
"retina","complete_workflow","fastpls","steady_process_batch",1,1,"success",
"retina","complete_workflow","fastpls","steady_process_batch",1,2,"success",
"retina","complete_workflow","fastpls","steady_process_batch",1,3,"success",
"retina","complete_workflow","fastpls","steady_process_batch",1,4,"success",
"retina","complete_workflow","fastpls","steady_process_batch",1,5,"success",
"retina","complete_workflow","fastpls","steady_process_batch",1,6,"success",
"retina","complete_workflow","fastpls","steady_process_batch",1,7,"success",
"retina","complete_workflow","fastpls","steady_process_batch",1,8,"success",
"retina","complete_workflow","fastpls","steady_process_batch",1,9,"success",
"retina","complete_workflow","fastpls","steady_process_batch",1,10,"success",
"retina","complete_workflow","fastpls","steady_process_batch",1,11,"success",
"retina","complete_workflow","fastpls","steady_process_batch",1,12,"success",
"retina","complete_workflow","fastpls","steady_process_batch",1,13,"success",
"retina","complete_workflow","fastpls","steady_process_batch",1,14,"success",
"retina","complete_workflow","fastpls","steady_process_batch",1,15,"success",
"retina","complete_workflow","fastpls","steady_process_batch",1,16,"success",
"retina","complete_workflow","fastpls","steady_process_batch",1,17,"success",
"retina","complete_workflow","fastpls","steady_process_batch",1,18,"success",
"retina","complete_workflow","fastpls","steady_process_batch",1,19,"success",
"retina","complete_workflow","fastpls","steady_process_batch",1,20,"success",
"retina","complete_workflow","fastpls","steady_process_batch",1,21,"success",
"retina","complete_workflow","fastpls","steady_process_batch",1,22,"success",
"retina","complete_workflow","fastpls","steady_process_batch",1,23,"success",
"retina","complete_workflow","fastpls","steady_process_batch",1,24,"success",
"retina","complete_workflow","fastpls","steady_process_batch",1,25,"success",
"retina","complete_workflow","fastpls","steady_process_batch",1,26,"success",
"retina","complete_workflow","fastpls","steady_process_batch",1,27,"success",
"retina","complete_workflow","fastpls","steady_process_batch",1,28,"success",
"retina","complete_workflow","fastpls","steady_process_batch",1,29,"success",
"retina","complete_workflow","fastpls","steady_process_batch",1,30,"success",
"retina","complete_workflow","fastpls","steady_process_batch",1,31,"success",
"retina","complete_workflow","fastpls","steady_process_batch",1,32,"success",
"retina","complete_workflow","fastpls","steady_process_batch",1,33,"success",
"retina","complete_workflow","fastpls","steady_process_batch",1,34,"success",
"retina","complete_workflow","fastpls","steady_process_batch",1,35,"success",
"retina","complete_workflow","fastpls","steady_process_batch",1,36,"success",
"retina","complete_workflow","fastpls","steady_process_batch",1,37,"success",
"retina","complete_workflow","fastpls","steady_process_batch",1,38,"success",
"retina","complete_workflow","fastpls","steady_process_batch",1,39,"success",
"retina","complete_workflow","fastpls","steady_process_batch",1,40,"success",
"retina","complete_workflow","fastpls","steady_process_batch",1,41,"success",
"retina","complete_workflow","fastpls","steady_process_batch",1,42,"success",
"retina","complete_workflow","fastpls","steady_process_batch",1,43,"success",
"retina","complete_workflow","fastpls","steady_process_batch",1,44,"success",
"retina","complete_workflow","fastpls","steady_process_batch",1,45,"success",
"retina","complete_workflow","fastpls","steady_process_batch",1,46,"success",
"retina","complete_workflow","fastpls","steady_process_batch",1,47,"success",
"retina","complete_workflow","fastpls","steady_process_batch",1,48,"success",
"retina","complete_workflow","fastpls","steady_process_batch",1,49,"success",
"retina","complete_workflow","fastpls","steady_process_batch",1,50,"success",
"retina","complete_workflow","fastpls","cold_process",2,1,"success",
"retina","complete_workflow","fastpls","cold_process",3,1,"success",
"retina","complete_workflow","fastpls","cold_process",4,1,"success",
"retina","complete_workflow","fastpls","cold_process",5,1,"success",
"retina","complete_workflow","fastpls","cold_process",6,1,"success",
"retina","complete_workflow","fastpls","cold_process",7,1,"success",
"retina","complete_workflow","fastpls","cold_process",8,1,"success",
"retina","complete_workflow","fastpls","cold_process",9,1,"success",
"retina","complete_workflow","fastpls","cold_process",10,1,"success",
"retina","complete_workflow","fastpls","cold_process",11,1,"success",
"retina","complete_workflow","fastpls","cold_process",12,1,"success",
"retina","complete_workflow","fastpls","cold_process",13,1,"success",
"retina","complete_workflow","fastpls","cold_process",14,1,"success",
"retina","complete_workflow","fastpls","cold_process",15,1,"success",
"retina","complete_workflow","fastpls","cold_process",16,1,"success",
"retina","complete_workflow","fastpls","cold_process",17,1,"success",
"retina","complete_workflow","fastpls","cold_process",18,1,"success",
"retina","complete_workflow","fastpls","cold_process",19,1,"success",
"retina","complete_workflow","fastpls","cold_process",20,1,"success",
"retina","complete_workflow","fastpls","cold_process",21,1,"success",
"retina","complete_workflow","fastpls","cold_process",22,1,"success",
"retina","complete_workflow","fastpls","cold_process",23,1,"success",
"retina","complete_workflow","fastpls","cold_process",24,1,"success",
"retina","complete_workflow","fastpls","cold_process",25,1,"success",
"retina","complete_workflow","fastpls","cold_process",26,1,"success",
"retina","complete_workflow","fastpls","cold_process",27,1,"success",
"retina","complete_workflow","fastpls","cold_process",28,1,"success",
"retina","complete_workflow","fastpls","cold_process",29,1,"success",
"retina","complete_workflow","fastpls","cold_process",30,1,"success",
"retina","complete_workflow","fastpls","cold_process",31,1,"success",
"retina","complete_workflow","fastpls","cold_process",32,1,"success",
"retina","complete_workflow","fastpls","cold_process",33,1,"success",
"retina","complete_workflow","fastpls","cold_process",34,1,"success",
"retina","complete_workflow","fastpls","cold_process",35,1,"success",
"retina","complete_workflow","fastpls","cold_process",36,1,"success",
"retina","complete_workflow","fastpls","cold_process",37,1,"success",
"retina","complete_workflow","fastpls","cold_process",38,1,"success",
"retina","complete_workflow","fastpls","cold_process",39,1,"success",
"retina","complete_workflow","fastpls","cold_process",40,1,"success",
"retina","complete_workflow","fastpls","cold_process",41,1,"success",
"retina","complete_workflow","fastpls","cold_process",42,1,"success",
"retina","complete_workflow","fastpls","cold_process",43,1,"success",
"retina","complete_workflow","fastpls","cold_process",44,1,"success",
"retina","complete_workflow","fastpls","cold_process",45,1,"success",
"retina","complete_workflow","fastpls","cold_process",46,1,"success",
"retina","complete_workflow","fastpls","cold_process",47,1,"success",
"retina","complete_workflow","fastpls","cold_process",48,1,"success",
"retina","complete_workflow","fastpls","cold_process",49,1,"success",
"retina","complete_workflow","fastpls","cold_process",50,1,"success",
"retina","complete_workflow","pls","cold_process",1,1,"success",
"retina","complete_workflow","pls","steady_process_batch",1,1,"success",
"retina","complete_workflow","pls","steady_process_batch",1,2,"success",
"retina","complete_workflow","pls","steady_process_batch",1,3,"success",
"retina","complete_workflow","pls","steady_process_batch",1,4,"success",
"retina","complete_workflow","pls","steady_process_batch",1,5,"success",
"retina","complete_workflow","pls","steady_process_batch",1,6,"success",
"retina","complete_workflow","pls","steady_process_batch",1,7,"success",
"retina","complete_workflow","pls","steady_process_batch",1,8,"success",
"retina","complete_workflow","pls","steady_process_batch",1,9,"success",
"retina","complete_workflow","pls","steady_process_batch",1,10,"success",
"retina","complete_workflow","pls","steady_process_batch",1,11,"success",
"retina","complete_workflow","pls","steady_process_batch",1,12,"success",
"retina","complete_workflow","pls","steady_process_batch",1,13,"success",
"retina","complete_workflow","pls","steady_process_batch",1,14,"success",
"retina","complete_workflow","pls","steady_process_batch",1,15,"success",
"retina","complete_workflow","pls","steady_process_batch",1,16,"success",
"retina","complete_workflow","pls","steady_process_batch",1,17,"success",
"retina","complete_workflow","pls","steady_process_batch",1,18,"success",
"retina","complete_workflow","pls","steady_process_batch",1,19,"success",
"retina","complete_workflow","pls","steady_process_batch",1,20,"success",
"retina","complete_workflow","pls","steady_process_batch",1,21,"success",
"retina","complete_workflow","pls","steady_process_batch",1,22,"success",
"retina","complete_workflow","pls","steady_process_batch",1,23,"success",
"retina","complete_workflow","pls","steady_process_batch",1,24,"success",
"retina","complete_workflow","pls","steady_process_batch",1,25,"success",
"retina","complete_workflow","pls","steady_process_batch",1,26,"success",
"retina","complete_workflow","pls","steady_process_batch",1,27,"success",
"retina","complete_workflow","pls","steady_process_batch",1,28,"success",
"retina","complete_workflow","pls","steady_process_batch",1,29,"success",
"retina","complete_workflow","pls","steady_process_batch",1,30,"success",
"retina","complete_workflow","pls","cold_process",2,1,"success",
"retina","complete_workflow","pls","cold_process",3,1,"success",
"retina","complete_workflow","pls","cold_process",4,1,"success",
"retina","complete_workflow","pls","cold_process",5,1,"success",
"retina","complete_workflow","pls","cold_process",6,1,"success",
"retina","complete_workflow","pls","cold_process",7,1,"success",
"retina","complete_workflow","pls","cold_process",8,1,"success",
"retina","complete_workflow","pls","cold_process",9,1,"success",
"retina","complete_workflow","pls","cold_process",10,1,"success",
"retina","complete_workflow","pls","cold_process",11,1,"success",
"retina","complete_workflow","pls","cold_process",12,1,"success",
"retina","complete_workflow","pls","cold_process",13,1,"success",
"retina","complete_workflow","pls","cold_process",14,1,"success",
"retina","complete_workflow","pls","cold_process",15,1,"success",
"retina","complete_workflow","pls","cold_process",16,1,"success",
"retina","complete_workflow","pls","cold_process",17,1,"success",
"retina","complete_workflow","pls","cold_process",18,1,"success",
"retina","complete_workflow","pls","cold_process",19,1,"success",
"retina","complete_workflow","pls","cold_process",20,1,"success",
"retina","complete_workflow","pls","cold_process",21,1,"success",
"retina","complete_workflow","pls","cold_process",22,1,"success",
"retina","complete_workflow","pls","cold_process",23,1,"success",
"retina","complete_workflow","pls","cold_process",24,1,"success",
"retina","complete_workflow","pls","cold_process",25,1,"success",
"retina","complete_workflow","pls","cold_process",26,1,"success",
"retina","complete_workflow","pls","cold_process",27,1,"success",
"retina","complete_workflow","pls","cold_process",28,1,"success",
"retina","complete_workflow","pls","cold_process",29,1,"success",
"retina","complete_workflow","pls","cold_process",30,1,"success",
"retina","estimator_kernel","fastpls","steady_process_batch",1,1,"success",
"retina","estimator_kernel","fastpls","steady_process_batch",1,2,"success",
"retina","estimator_kernel","fastpls","steady_process_batch",1,3,"success",
"retina","estimator_kernel","fastpls","steady_process_batch",1,4,"success",
"retina","estimator_kernel","fastpls","steady_process_batch",1,5,"success",
"retina","estimator_kernel","fastpls","steady_process_batch",1,6,"success",
"retina","estimator_kernel","fastpls","steady_process_batch",1,7,"success",
"retina","estimator_kernel","fastpls","steady_process_batch",1,8,"success",
"retina","estimator_kernel","fastpls","steady_process_batch",1,9,"success",
"retina","estimator_kernel","fastpls","steady_process_batch",1,10,"success",
"retina","estimator_kernel","fastpls","steady_process_batch",1,11,"success",
"retina","estimator_kernel","fastpls","steady_process_batch",1,12,"success",
"retina","estimator_kernel","fastpls","steady_process_batch",1,13,"success",
"retina","estimator_kernel","fastpls","steady_process_batch",1,14,"success",
"retina","estimator_kernel","fastpls","steady_process_batch",1,15,"success",
"retina","estimator_kernel","fastpls","steady_process_batch",1,16,"success",
"retina","estimator_kernel","fastpls","steady_process_batch",1,17,"success",
"retina","estimator_kernel","fastpls","steady_process_batch",1,18,"success",
"retina","estimator_kernel","fastpls","steady_process_batch",1,19,"success",
"retina","estimator_kernel","fastpls","steady_process_batch",1,20,"success",
"retina","estimator_kernel","fastpls","steady_process_batch",1,21,"success",
"retina","estimator_kernel","fastpls","steady_process_batch",1,22,"success",
"retina","estimator_kernel","fastpls","steady_process_batch",1,23,"success",
"retina","estimator_kernel","fastpls","steady_process_batch",1,24,"success",
"retina","estimator_kernel","fastpls","steady_process_batch",1,25,"success",
"retina","estimator_kernel","fastpls","steady_process_batch",1,26,"success",
"retina","estimator_kernel","fastpls","steady_process_batch",1,27,"success",
"retina","estimator_kernel","fastpls","steady_process_batch",1,28,"success",
"retina","estimator_kernel","fastpls","steady_process_batch",1,29,"success",
"retina","estimator_kernel","fastpls","steady_process_batch",1,30,"success",
"retina","estimator_kernel","fastpls","steady_process_batch",1,31,"success",
"retina","estimator_kernel","fastpls","steady_process_batch",1,32,"success",
"retina","estimator_kernel","fastpls","steady_process_batch",1,33,"success",
"retina","estimator_kernel","fastpls","steady_process_batch",1,34,"success",
"retina","estimator_kernel","fastpls","steady_process_batch",1,35,"success",
"retina","estimator_kernel","fastpls","steady_process_batch",1,36,"success",
"retina","estimator_kernel","fastpls","steady_process_batch",1,37,"success",
"retina","estimator_kernel","fastpls","steady_process_batch",1,38,"success",
"retina","estimator_kernel","fastpls","steady_process_batch",1,39,"success",
"retina","estimator_kernel","fastpls","steady_process_batch",1,40,"success",
"retina","estimator_kernel","fastpls","steady_process_batch",1,41,"success",
"retina","estimator_kernel","fastpls","steady_process_batch",1,42,"success",
"retina","estimator_kernel","fastpls","steady_process_batch",1,43,"success",
"retina","estimator_kernel","fastpls","steady_process_batch",1,44,"success",
"retina","estimator_kernel","fastpls","steady_process_batch",1,45,"success",
"retina","estimator_kernel","fastpls","steady_process_batch",1,46,"success",
"retina","estimator_kernel","fastpls","steady_process_batch",1,47,"success",
"retina","estimator_kernel","fastpls","steady_process_batch",1,48,"success",
"retina","estimator_kernel","fastpls","steady_process_batch",1,49,"success",
"retina","estimator_kernel","fastpls","steady_process_batch",1,50,"success",
"retina","estimator_kernel","fastpls","cold_process",1,1,"success",
"retina","estimator_kernel","fastpls","steady_process_batch",1,1,"success",
"retina","estimator_kernel","fastpls","steady_process_batch",1,2,"success",
"retina","estimator_kernel","fastpls","steady_process_batch",1,3,"success",
"retina","estimator_kernel","fastpls","steady_process_batch",1,4,"success",
"retina","estimator_kernel","fastpls","steady_process_batch",1,5,"success",
"retina","estimator_kernel","fastpls","steady_process_batch",1,6,"success",
"retina","estimator_kernel","fastpls","steady_process_batch",1,7,"success",
"retina","estimator_kernel","fastpls","steady_process_batch",1,8,"success",
"retina","estimator_kernel","fastpls","steady_process_batch",1,9,"success",
"retina","estimator_kernel","fastpls","steady_process_batch",1,10,"success",
"retina","estimator_kernel","fastpls","steady_process_batch",1,11,"success",
"retina","estimator_kernel","fastpls","steady_process_batch",1,12,"success",
"retina","estimator_kernel","fastpls","steady_process_batch",1,13,"success",
"retina","estimator_kernel","fastpls","steady_process_batch",1,14,"success",
"retina","estimator_kernel","fastpls","steady_process_batch",1,15,"success",
"retina","estimator_kernel","fastpls","steady_process_batch",1,16,"success",
"retina","estimator_kernel","fastpls","steady_process_batch",1,17,"success",
"retina","estimator_kernel","fastpls","steady_process_batch",1,18,"success",
"retina","estimator_kernel","fastpls","steady_process_batch",1,19,"success",
"retina","estimator_kernel","fastpls","steady_process_batch",1,20,"success",
"retina","estimator_kernel","fastpls","steady_process_batch",1,21,"success",
"retina","estimator_kernel","fastpls","steady_process_batch",1,22,"success",
"retina","estimator_kernel","fastpls","steady_process_batch",1,23,"success",
"retina","estimator_kernel","fastpls","steady_process_batch",1,24,"success",
"retina","estimator_kernel","fastpls","steady_process_batch",1,25,"success",
"retina","estimator_kernel","fastpls","steady_process_batch",1,26,"success",
"retina","estimator_kernel","fastpls","steady_process_batch",1,27,"success",
"retina","estimator_kernel","fastpls","steady_process_batch",1,28,"success",
"retina","estimator_kernel","fastpls","steady_process_batch",1,29,"success",
"retina","estimator_kernel","fastpls","steady_process_batch",1,30,"success",
"retina","estimator_kernel","fastpls","steady_process_batch",1,31,"success",
"retina","estimator_kernel","fastpls","steady_process_batch",1,32,"success",
"retina","estimator_kernel","fastpls","steady_process_batch",1,33,"success",
"retina","estimator_kernel","fastpls","steady_process_batch",1,34,"success",
"retina","estimator_kernel","fastpls","steady_process_batch",1,35,"success",
"retina","estimator_kernel","fastpls","steady_process_batch",1,36,"success",
"retina","estimator_kernel","fastpls","steady_process_batch",1,37,"success",
"retina","estimator_kernel","fastpls","steady_process_batch",1,38,"success",
"retina","estimator_kernel","fastpls","steady_process_batch",1,39,"success",
"retina","estimator_kernel","fastpls","steady_process_batch",1,40,"success",
"retina","estimator_kernel","fastpls","steady_process_batch",1,41,"success",
"retina","estimator_kernel","fastpls","steady_process_batch",1,42,"success",
"retina","estimator_kernel","fastpls","steady_process_batch",1,43,"success",
"retina","estimator_kernel","fastpls","steady_process_batch",1,44,"success",
"retina","estimator_kernel","fastpls","steady_process_batch",1,45,"success",
"retina","estimator_kernel","fastpls","steady_process_batch",1,46,"success",
"retina","estimator_kernel","fastpls","steady_process_batch",1,47,"success",
"retina","estimator_kernel","fastpls","steady_process_batch",1,48,"success",
"retina","estimator_kernel","fastpls","steady_process_batch",1,49,"success",
"retina","estimator_kernel","fastpls","steady_process_batch",1,50,"success",
"retina","estimator_kernel","fastpls","cold_process",2,1,"success",
"retina","estimator_kernel","fastpls","cold_process",3,1,"success",
"retina","estimator_kernel","fastpls","cold_process",4,1,"success",
"retina","estimator_kernel","fastpls","cold_process",5,1,"success",
"retina","estimator_kernel","fastpls","cold_process",6,1,"success",
"retina","estimator_kernel","fastpls","cold_process",7,1,"success",
"retina","estimator_kernel","fastpls","cold_process",8,1,"success",
"retina","estimator_kernel","fastpls","cold_process",9,1,"success",
"retina","estimator_kernel","fastpls","cold_process",10,1,"success",
"retina","estimator_kernel","fastpls","cold_process",11,1,"success",
"retina","estimator_kernel","fastpls","cold_process",12,1,"success",
"retina","estimator_kernel","fastpls","cold_process",13,1,"success",
"retina","estimator_kernel","fastpls","cold_process",14,1,"success",
"retina","estimator_kernel","fastpls","cold_process",15,1,"success",
"retina","estimator_kernel","fastpls","cold_process",16,1,"success",
"retina","estimator_kernel","fastpls","cold_process",17,1,"success",
"retina","estimator_kernel","fastpls","cold_process",18,1,"success",
"retina","estimator_kernel","fastpls","cold_process",19,1,"success",
"retina","estimator_kernel","fastpls","cold_process",20,1,"success",
"retina","estimator_kernel","fastpls","cold_process",21,1,"success",
"retina","estimator_kernel","fastpls","cold_process",22,1,"success",
"retina","estimator_kernel","fastpls","cold_process",23,1,"success",
"retina","estimator_kernel","fastpls","cold_process",24,1,"success",
"retina","estimator_kernel","fastpls","cold_process",25,1,"success",
"retina","estimator_kernel","fastpls","cold_process",26,1,"success",
"retina","estimator_kernel","fastpls","cold_process",27,1,"success",
"retina","estimator_kernel","fastpls","cold_process",28,1,"success",
"retina","estimator_kernel","fastpls","cold_process",29,1,"success",
"retina","estimator_kernel","fastpls","cold_process",30,1,"success",
"retina","estimator_kernel","fastpls","cold_process",31,1,"success",
"retina","estimator_kernel","fastpls","cold_process",32,1,"success",
"retina","estimator_kernel","fastpls","cold_process",33,1,"success",
"retina","estimator_kernel","fastpls","cold_process",34,1,"success",
"retina","estimator_kernel","fastpls","cold_process",35,1,"success",
"retina","estimator_kernel","fastpls","cold_process",36,1,"success",
"retina","estimator_kernel","fastpls","cold_process",37,1,"success",
"retina","estimator_kernel","fastpls","cold_process",38,1,"success",
"retina","estimator_kernel","fastpls","cold_process",39,1,"success",
"retina","estimator_kernel","fastpls","cold_process",40,1,"success",
"retina","estimator_kernel","fastpls","cold_process",41,1,"success",
"retina","estimator_kernel","fastpls","cold_process",42,1,"success",
"retina","estimator_kernel","fastpls","cold_process",43,1,"success",
"retina","estimator_kernel","fastpls","cold_process",44,1,"success",
"retina","estimator_kernel","fastpls","cold_process",45,1,"success",
"retina","estimator_kernel","fastpls","cold_process",46,1,"success",
"retina","estimator_kernel","fastpls","cold_process",47,1,"success",
"retina","estimator_kernel","fastpls","cold_process",48,1,"success",
"retina","estimator_kernel","fastpls","cold_process",49,1,"success",
"retina","estimator_kernel","fastpls","cold_process",50,1,"success",
"retina","estimator_kernel","pls","cold_process",1,1,"success",
"retina","estimator_kernel","pls","steady_process_batch",1,1,"success",
"retina","estimator_kernel","pls","steady_process_batch",1,2,"success",
"retina","estimator_kernel","pls","steady_process_batch",1,3,"success",
"retina","estimator_kernel","pls","steady_process_batch",1,4,"success",
"retina","estimator_kernel","pls","steady_process_batch",1,5,"success",
"retina","estimator_kernel","pls","steady_process_batch",1,6,"success",
"retina","estimator_kernel","pls","steady_process_batch",1,7,"success",
"retina","estimator_kernel","pls","steady_process_batch",1,8,"success",
"retina","estimator_kernel","pls","steady_process_batch",1,9,"success",
"retina","estimator_kernel","pls","steady_process_batch",1,10,"success",
"retina","estimator_kernel","pls","steady_process_batch",1,11,"success",
"retina","estimator_kernel","pls","steady_process_batch",1,12,"success",
"retina","estimator_kernel","pls","steady_process_batch",1,13,"success",
"retina","estimator_kernel","pls","steady_process_batch",1,14,"success",
"retina","estimator_kernel","pls","steady_process_batch",1,15,"success",
"retina","estimator_kernel","pls","steady_process_batch",1,16,"success",
"retina","estimator_kernel","pls","steady_process_batch",1,17,"success",
"retina","estimator_kernel","pls","steady_process_batch",1,18,"success",
"retina","estimator_kernel","pls","steady_process_batch",1,19,"success",
"retina","estimator_kernel","pls","steady_process_batch",1,20,"success",
"retina","estimator_kernel","pls","steady_process_batch",1,21,"success",
"retina","estimator_kernel","pls","steady_process_batch",1,22,"success",
"retina","estimator_kernel","pls","steady_process_batch",1,23,"success",
"retina","estimator_kernel","pls","steady_process_batch",1,24,"success",
"retina","estimator_kernel","pls","steady_process_batch",1,25,"success",
"retina","estimator_kernel","pls","steady_process_batch",1,26,"success",
"retina","estimator_kernel","pls","steady_process_batch",1,27,"success",
"retina","estimator_kernel","pls","steady_process_batch",1,28,"success",
"retina","estimator_kernel","pls","steady_process_batch",1,29,"success",
"retina","estimator_kernel","pls","steady_process_batch",1,30,"success",
"retina","estimator_kernel","pls","steady_process_batch",1,31,"success",
"retina","estimator_kernel","pls","steady_process_batch",1,32,"success",
"retina","estimator_kernel","pls","steady_process_batch",1,33,"success",
"retina","estimator_kernel","pls","steady_process_batch",1,34,"success",
"retina","estimator_kernel","pls","steady_process_batch",1,35,"success",
"retina","estimator_kernel","pls","steady_process_batch",1,36,"success",
"retina","estimator_kernel","pls","steady_process_batch",1,37,"success",
"retina","estimator_kernel","pls","steady_process_batch",1,38,"success",
"retina","estimator_kernel","pls","steady_process_batch",1,39,"success",
"retina","estimator_kernel","pls","steady_process_batch",1,40,"success",
"retina","estimator_kernel","pls","steady_process_batch",1,41,"success",
"retina","estimator_kernel","pls","steady_process_batch",1,42,"success",
"retina","estimator_kernel","pls","steady_process_batch",1,43,"success",
"retina","estimator_kernel","pls","steady_process_batch",1,44,"success",
"retina","estimator_kernel","pls","steady_process_batch",1,45,"success",
"retina","estimator_kernel","pls","steady_process_batch",1,46,"success",
"retina","estimator_kernel","pls","steady_process_batch",1,47,"success",
"retina","estimator_kernel","pls","steady_process_batch",1,48,"success",
"retina","estimator_kernel","pls","steady_process_batch",1,49,"success",
"retina","estimator_kernel","pls","steady_process_batch",1,50,"success",
"retina","estimator_kernel","pls","cold_process",2,1,"success",
"retina","estimator_kernel","pls","cold_process",3,1,"success",
"retina","estimator_kernel","pls","cold_process",4,1,"success",
"retina","estimator_kernel","pls","cold_process",5,1,"success",
"retina","estimator_kernel","pls","cold_process",6,1,"success",
"retina","estimator_kernel","pls","cold_process",7,1,"success",
"retina","estimator_kernel","pls","cold_process",8,1,"success",
"retina","estimator_kernel","pls","cold_process",9,1,"success",
"retina","estimator_kernel","pls","cold_process",10,1,"success",
"retina","estimator_kernel","pls","cold_process",11,1,"success",
"retina","estimator_kernel","pls","cold_process",12,1,"success",
"retina","estimator_kernel","pls","cold_process",13,1,"success",
"retina","estimator_kernel","pls","cold_process",14,1,"success",
"retina","estimator_kernel","pls","cold_process",15,1,"success",
"retina","estimator_kernel","pls","cold_process",16,1,"success",
"retina","estimator_kernel","pls","cold_process",17,1,"success",
"retina","estimator_kernel","pls","cold_process",18,1,"success",
"retina","estimator_kernel","pls","cold_process",19,1,"success",
"retina","estimator_kernel","pls","cold_process",20,1,"success",
"retina","estimator_kernel","pls","cold_process",21,1,"success",
"retina","estimator_kernel","pls","cold_process",22,1,"success",
"retina","estimator_kernel","pls","cold_process",23,1,"success",
"retina","estimator_kernel","pls","cold_process",24,1,"success",
"retina","estimator_kernel","pls","cold_process",25,1,"success",
"retina","estimator_kernel","pls","cold_process",26,1,"success",
"retina","estimator_kernel","pls","cold_process",27,1,"success",
"retina","estimator_kernel","pls","cold_process",28,1,"success",
"retina","estimator_kernel","pls","cold_process",29,1,"success",
"retina","estimator_kernel","pls","cold_process",30,1,"success",
"retina","estimator_kernel","pls","cold_process",31,1,"success",
"retina","estimator_kernel","pls","cold_process",32,1,"success",
"retina","estimator_kernel","pls","cold_process",33,1,"success",
"retina","estimator_kernel","pls","cold_process",34,1,"success",
"retina","estimator_kernel","pls","cold_process",35,1,"success",
"retina","estimator_kernel","pls","cold_process",36,1,"success",
"retina","estimator_kernel","pls","cold_process",37,1,"success",
"retina","estimator_kernel","pls","cold_process",38,1,"success",
"retina","estimator_kernel","pls","cold_process",39,1,"success",
"retina","estimator_kernel","pls","cold_process",40,1,"success",
"retina","estimator_kernel","pls","cold_process",41,1,"success",
"retina","estimator_kernel","pls","cold_process",42,1,"success",
"retina","estimator_kernel","pls","cold_process",43,1,"success",
"retina","estimator_kernel","pls","cold_process",44,1,"success",
"retina","estimator_kernel","pls","cold_process",45,1,"success",
"retina","estimator_kernel","pls","cold_process",46,1,"success",
"retina","estimator_kernel","pls","cold_process",47,1,"success",
"retina","estimator_kernel","pls","cold_process",48,1,"success",
"retina","estimator_kernel","pls","cold_process",49,1,"success",
"retina","estimator_kernel","pls","cold_process",50,1,"success",
"tabula","complete_workflow","fastpls","steady_process_batch",1,1,"success",
"tabula","complete_workflow","fastpls","steady_process_batch",1,2,"success",
"tabula","complete_workflow","fastpls","steady_process_batch",1,3,"success",
"tabula","complete_workflow","fastpls","steady_process_batch",1,4,"success",
"tabula","complete_workflow","fastpls","steady_process_batch",1,5,"success",
"tabula","complete_workflow","fastpls","steady_process_batch",1,6,"success",
"tabula","complete_workflow","fastpls","steady_process_batch",1,7,"success",
"tabula","complete_workflow","fastpls","steady_process_batch",1,8,"success",
"tabula","complete_workflow","fastpls","steady_process_batch",1,9,"success",
"tabula","complete_workflow","fastpls","steady_process_batch",1,10,"success",
"tabula","complete_workflow","fastpls","steady_process_batch",1,11,"success",
"tabula","complete_workflow","fastpls","steady_process_batch",1,12,"success",
"tabula","complete_workflow","fastpls","steady_process_batch",1,13,"success",
"tabula","complete_workflow","fastpls","steady_process_batch",1,14,"success",
"tabula","complete_workflow","fastpls","steady_process_batch",1,15,"success",
"tabula","complete_workflow","fastpls","steady_process_batch",1,16,"success",
"tabula","complete_workflow","fastpls","steady_process_batch",1,17,"success",
"tabula","complete_workflow","fastpls","steady_process_batch",1,18,"success",
"tabula","complete_workflow","fastpls","steady_process_batch",1,19,"success",
"tabula","complete_workflow","fastpls","steady_process_batch",1,20,"success",
"tabula","complete_workflow","fastpls","steady_process_batch",1,21,"success",
"tabula","complete_workflow","fastpls","steady_process_batch",1,22,"success",
"tabula","complete_workflow","fastpls","steady_process_batch",1,23,"success",
"tabula","complete_workflow","fastpls","steady_process_batch",1,24,"success",
"tabula","complete_workflow","fastpls","steady_process_batch",1,25,"success",
"tabula","complete_workflow","fastpls","steady_process_batch",1,26,"success",
"tabula","complete_workflow","fastpls","steady_process_batch",1,27,"success",
"tabula","complete_workflow","fastpls","steady_process_batch",1,28,"success",
"tabula","complete_workflow","fastpls","steady_process_batch",1,29,"success",
"tabula","complete_workflow","fastpls","steady_process_batch",1,30,"success",
"tabula","complete_workflow","fastpls","cold_process",1,1,"success",
"tabula","complete_workflow","fastpls","steady_process_batch",1,1,"success",
"tabula","complete_workflow","fastpls","steady_process_batch",1,2,"success",
"tabula","complete_workflow","fastpls","steady_process_batch",1,3,"success",
"tabula","complete_workflow","fastpls","steady_process_batch",1,4,"success",
"tabula","complete_workflow","fastpls","steady_process_batch",1,5,"success",
"tabula","complete_workflow","fastpls","steady_process_batch",1,6,"success",
"tabula","complete_workflow","fastpls","steady_process_batch",1,7,"success",
"tabula","complete_workflow","fastpls","steady_process_batch",1,8,"success",
"tabula","complete_workflow","fastpls","steady_process_batch",1,9,"success",
"tabula","complete_workflow","fastpls","steady_process_batch",1,10,"success",
"tabula","complete_workflow","fastpls","steady_process_batch",1,11,"success",
"tabula","complete_workflow","fastpls","steady_process_batch",1,12,"success",
"tabula","complete_workflow","fastpls","steady_process_batch",1,13,"success",
"tabula","complete_workflow","fastpls","steady_process_batch",1,14,"success",
"tabula","complete_workflow","fastpls","steady_process_batch",1,15,"success",
"tabula","complete_workflow","fastpls","steady_process_batch",1,16,"success",
"tabula","complete_workflow","fastpls","steady_process_batch",1,17,"success",
"tabula","complete_workflow","fastpls","steady_process_batch",1,18,"success",
"tabula","complete_workflow","fastpls","steady_process_batch",1,19,"success",
"tabula","complete_workflow","fastpls","steady_process_batch",1,20,"success",
"tabula","complete_workflow","fastpls","steady_process_batch",1,21,"success",
"tabula","complete_workflow","fastpls","steady_process_batch",1,22,"success",
"tabula","complete_workflow","fastpls","steady_process_batch",1,23,"success",
"tabula","complete_workflow","fastpls","steady_process_batch",1,24,"success",
"tabula","complete_workflow","fastpls","steady_process_batch",1,25,"success",
"tabula","complete_workflow","fastpls","steady_process_batch",1,26,"success",
"tabula","complete_workflow","fastpls","steady_process_batch",1,27,"success",
"tabula","complete_workflow","fastpls","steady_process_batch",1,28,"success",
"tabula","complete_workflow","fastpls","steady_process_batch",1,29,"success",
"tabula","complete_workflow","fastpls","steady_process_batch",1,30,"success",
"tabula","complete_workflow","fastpls","cold_process",2,1,"success",
"tabula","complete_workflow","fastpls","cold_process",3,1,"success",
"tabula","complete_workflow","fastpls","cold_process",4,1,"success",
"tabula","complete_workflow","fastpls","cold_process",5,1,"success",
"tabula","complete_workflow","fastpls","cold_process",6,1,"success",
"tabula","complete_workflow","fastpls","cold_process",7,1,"success",
"tabula","complete_workflow","fastpls","cold_process",8,1,"success",
"tabula","complete_workflow","fastpls","cold_process",9,1,"success",
"tabula","complete_workflow","fastpls","cold_process",10,1,"success",
"tabula","complete_workflow","fastpls","cold_process",11,1,"success",
"tabula","complete_workflow","fastpls","cold_process",12,1,"success",
"tabula","complete_workflow","fastpls","cold_process",13,1,"success",
"tabula","complete_workflow","fastpls","cold_process",14,1,"success",
"tabula","complete_workflow","fastpls","cold_process",15,1,"success",
"tabula","complete_workflow","fastpls","cold_process",16,1,"success",
"tabula","complete_workflow","fastpls","cold_process",17,1,"success",
"tabula","complete_workflow","fastpls","cold_process",18,1,"success",
"tabula","complete_workflow","fastpls","cold_process",19,1,"success",
"tabula","complete_workflow","fastpls","cold_process",20,1,"success",
"tabula","complete_workflow","fastpls","cold_process",21,1,"success",
"tabula","complete_workflow","fastpls","cold_process",22,1,"success",
"tabula","complete_workflow","fastpls","cold_process",23,1,"success",
"tabula","complete_workflow","fastpls","cold_process",24,1,"success",
"tabula","complete_workflow","fastpls","cold_process",25,1,"success",
"tabula","complete_workflow","fastpls","cold_process",26,1,"success",
"tabula","complete_workflow","fastpls","cold_process",27,1,"success",
"tabula","complete_workflow","fastpls","cold_process",28,1,"success",
"tabula","complete_workflow","fastpls","cold_process",29,1,"success",
"tabula","complete_workflow","fastpls","cold_process",30,1,"success",
"tabula","complete_workflow","pls","cold_process",1,1,"success",
"tabula","complete_workflow","pls","steady_process_batch",1,1,"success",
"tabula","complete_workflow","pls","steady_process_batch",1,2,"success",
"tabula","complete_workflow","pls","steady_process_batch",1,3,"success",
"tabula","complete_workflow","pls","steady_process_batch",1,4,"success",
"tabula","complete_workflow","pls","steady_process_batch",1,5,"success",
"tabula","complete_workflow","pls","steady_process_batch",1,6,"success",
"tabula","complete_workflow","pls","steady_process_batch",1,7,"success",
"tabula","complete_workflow","pls","steady_process_batch",1,8,"success",
"tabula","complete_workflow","pls","steady_process_batch",1,9,"success",
"tabula","complete_workflow","pls","steady_process_batch",1,10,"success",
"tabula","complete_workflow","pls","steady_process_batch",1,11,"success",
"tabula","complete_workflow","pls","steady_process_batch",1,12,"success",
"tabula","complete_workflow","pls","steady_process_batch",1,13,"success",
"tabula","complete_workflow","pls","steady_process_batch",1,14,"success",
"tabula","complete_workflow","pls","steady_process_batch",1,15,"success",
"tabula","complete_workflow","pls","steady_process_batch",1,16,"success",
"tabula","complete_workflow","pls","steady_process_batch",1,17,"success",
"tabula","complete_workflow","pls","steady_process_batch",1,18,"success",
"tabula","complete_workflow","pls","steady_process_batch",1,19,"success",
"tabula","complete_workflow","pls","steady_process_batch",1,20,"success",
"tabula","complete_workflow","pls","cold_process",2,1,"success",
"tabula","complete_workflow","pls","cold_process",3,1,"success",
"tabula","complete_workflow","pls","cold_process",4,1,"success",
"tabula","complete_workflow","pls","cold_process",5,1,"success",
"tabula","complete_workflow","pls","cold_process",6,1,"success",
"tabula","complete_workflow","pls","cold_process",7,1,"success",
"tabula","complete_workflow","pls","cold_process",8,1,"success",
"tabula","complete_workflow","pls","cold_process",9,1,"success",
"tabula","complete_workflow","pls","cold_process",10,1,"success",
"tabula","complete_workflow","pls","cold_process",11,1,"success",
"tabula","complete_workflow","pls","cold_process",12,1,"success",
"tabula","complete_workflow","pls","cold_process",13,1,"success",
"tabula","complete_workflow","pls","cold_process",14,1,"success",
"tabula","complete_workflow","pls","cold_process",15,1,"success",
"tabula","estimator_kernel","fastpls","steady_process_batch",1,1,"success",
"tabula","estimator_kernel","fastpls","steady_process_batch",1,2,"success",
"tabula","estimator_kernel","fastpls","steady_process_batch",1,3,"success",
"tabula","estimator_kernel","fastpls","steady_process_batch",1,4,"success",
"tabula","estimator_kernel","fastpls","steady_process_batch",1,5,"success",
"tabula","estimator_kernel","fastpls","steady_process_batch",1,6,"success",
"tabula","estimator_kernel","fastpls","steady_process_batch",1,7,"success",
"tabula","estimator_kernel","fastpls","steady_process_batch",1,8,"success",
"tabula","estimator_kernel","fastpls","steady_process_batch",1,9,"success",
"tabula","estimator_kernel","fastpls","steady_process_batch",1,10,"success",
"tabula","estimator_kernel","fastpls","steady_process_batch",1,11,"success",
"tabula","estimator_kernel","fastpls","steady_process_batch",1,12,"success",
"tabula","estimator_kernel","fastpls","steady_process_batch",1,13,"success",
"tabula","estimator_kernel","fastpls","steady_process_batch",1,14,"success",
"tabula","estimator_kernel","fastpls","steady_process_batch",1,15,"success",
"tabula","estimator_kernel","fastpls","steady_process_batch",1,16,"success",
"tabula","estimator_kernel","fastpls","steady_process_batch",1,17,"success",
"tabula","estimator_kernel","fastpls","steady_process_batch",1,18,"success",
"tabula","estimator_kernel","fastpls","steady_process_batch",1,19,"success",
"tabula","estimator_kernel","fastpls","steady_process_batch",1,20,"success",
"tabula","estimator_kernel","fastpls","steady_process_batch",1,21,"success",
"tabula","estimator_kernel","fastpls","steady_process_batch",1,22,"success",
"tabula","estimator_kernel","fastpls","steady_process_batch",1,23,"success",
"tabula","estimator_kernel","fastpls","steady_process_batch",1,24,"success",
"tabula","estimator_kernel","fastpls","steady_process_batch",1,25,"success",
"tabula","estimator_kernel","fastpls","steady_process_batch",1,26,"success",
"tabula","estimator_kernel","fastpls","steady_process_batch",1,27,"success",
"tabula","estimator_kernel","fastpls","steady_process_batch",1,28,"success",
"tabula","estimator_kernel","fastpls","steady_process_batch",1,29,"success",
"tabula","estimator_kernel","fastpls","steady_process_batch",1,30,"success",
"tabula","estimator_kernel","fastpls","cold_process",1,1,"success",
"tabula","estimator_kernel","fastpls","steady_process_batch",1,1,"success",
"tabula","estimator_kernel","fastpls","steady_process_batch",1,2,"success",
"tabula","estimator_kernel","fastpls","steady_process_batch",1,3,"success",
"tabula","estimator_kernel","fastpls","steady_process_batch",1,4,"success",
"tabula","estimator_kernel","fastpls","steady_process_batch",1,5,"success",
"tabula","estimator_kernel","fastpls","steady_process_batch",1,6,"success",
"tabula","estimator_kernel","fastpls","steady_process_batch",1,7,"success",
"tabula","estimator_kernel","fastpls","steady_process_batch",1,8,"success",
"tabula","estimator_kernel","fastpls","steady_process_batch",1,9,"success",
"tabula","estimator_kernel","fastpls","steady_process_batch",1,10,"success",
"tabula","estimator_kernel","fastpls","steady_process_batch",1,11,"success",
"tabula","estimator_kernel","fastpls","steady_process_batch",1,12,"success",
"tabula","estimator_kernel","fastpls","steady_process_batch",1,13,"success",
"tabula","estimator_kernel","fastpls","steady_process_batch",1,14,"success",
"tabula","estimator_kernel","fastpls","steady_process_batch",1,15,"success",
"tabula","estimator_kernel","fastpls","steady_process_batch",1,16,"success",
"tabula","estimator_kernel","fastpls","steady_process_batch",1,17,"success",
"tabula","estimator_kernel","fastpls","steady_process_batch",1,18,"success",
"tabula","estimator_kernel","fastpls","steady_process_batch",1,19,"success",
"tabula","estimator_kernel","fastpls","steady_process_batch",1,20,"success",
"tabula","estimator_kernel","fastpls","steady_process_batch",1,21,"success",
"tabula","estimator_kernel","fastpls","steady_process_batch",1,22,"success",
"tabula","estimator_kernel","fastpls","steady_process_batch",1,23,"success",
"tabula","estimator_kernel","fastpls","steady_process_batch",1,24,"success",
"tabula","estimator_kernel","fastpls","steady_process_batch",1,25,"success",
"tabula","estimator_kernel","fastpls","steady_process_batch",1,26,"success",
"tabula","estimator_kernel","fastpls","steady_process_batch",1,27,"success",
"tabula","estimator_kernel","fastpls","steady_process_batch",1,28,"success",
"tabula","estimator_kernel","fastpls","steady_process_batch",1,29,"success",
"tabula","estimator_kernel","fastpls","steady_process_batch",1,30,"success",
"tabula","estimator_kernel","fastpls","cold_process",2,1,"success",
"tabula","estimator_kernel","fastpls","cold_process",3,1,"success",
"tabula","estimator_kernel","fastpls","cold_process",4,1,"success",
"tabula","estimator_kernel","fastpls","cold_process",5,1,"success",
"tabula","estimator_kernel","fastpls","cold_process",6,1,"success",
"tabula","estimator_kernel","fastpls","cold_process",7,1,"success",
"tabula","estimator_kernel","fastpls","cold_process",8,1,"success",
"tabula","estimator_kernel","fastpls","cold_process",9,1,"success",
"tabula","estimator_kernel","fastpls","cold_process",10,1,"success",
"tabula","estimator_kernel","fastpls","cold_process",11,1,"success",
"tabula","estimator_kernel","fastpls","cold_process",12,1,"success",
"tabula","estimator_kernel","fastpls","cold_process",13,1,"success",
"tabula","estimator_kernel","fastpls","cold_process",14,1,"success",
"tabula","estimator_kernel","fastpls","cold_process",15,1,"success",
"tabula","estimator_kernel","fastpls","cold_process",16,1,"success",
"tabula","estimator_kernel","fastpls","cold_process",17,1,"success",
"tabula","estimator_kernel","fastpls","cold_process",18,1,"success",
"tabula","estimator_kernel","fastpls","cold_process",19,1,"success",
"tabula","estimator_kernel","fastpls","cold_process",20,1,"success",
"tabula","estimator_kernel","fastpls","cold_process",21,1,"success",
"tabula","estimator_kernel","fastpls","cold_process",22,1,"success",
"tabula","estimator_kernel","fastpls","cold_process",23,1,"success",
"tabula","estimator_kernel","fastpls","cold_process",24,1,"success",
"tabula","estimator_kernel","fastpls","cold_process",25,1,"success",
"tabula","estimator_kernel","fastpls","cold_process",26,1,"success",
"tabula","estimator_kernel","fastpls","cold_process",27,1,"success",
"tabula","estimator_kernel","fastpls","cold_process",28,1,"success",
"tabula","estimator_kernel","fastpls","cold_process",29,1,"success",
"tabula","estimator_kernel","fastpls","cold_process",30,1,"success",
"tabula","estimator_kernel","pls","cold_process",1,1,"success",
"tabula","estimator_kernel","pls","steady_process_batch",1,1,"success",
"tabula","estimator_kernel","pls","steady_process_batch",1,2,"success",
"tabula","estimator_kernel","pls","steady_process_batch",1,3,"success",
"tabula","estimator_kernel","pls","steady_process_batch",1,4,"success",
"tabula","estimator_kernel","pls","steady_process_batch",1,5,"success",
"tabula","estimator_kernel","pls","steady_process_batch",1,6,"success",
"tabula","estimator_kernel","pls","steady_process_batch",1,7,"success",
"tabula","estimator_kernel","pls","steady_process_batch",1,8,"success",
"tabula","estimator_kernel","pls","steady_process_batch",1,9,"success",
"tabula","estimator_kernel","pls","steady_process_batch",1,10,"success",
"tabula","estimator_kernel","pls","steady_process_batch",1,11,"success",
"tabula","estimator_kernel","pls","steady_process_batch",1,12,"success",
"tabula","estimator_kernel","pls","steady_process_batch",1,13,"success",
"tabula","estimator_kernel","pls","steady_process_batch",1,14,"success",
"tabula","estimator_kernel","pls","steady_process_batch",1,15,"success",
"tabula","estimator_kernel","pls","steady_process_batch",1,16,"success",
"tabula","estimator_kernel","pls","steady_process_batch",1,17,"success",
"tabula","estimator_kernel","pls","steady_process_batch",1,18,"success",
"tabula","estimator_kernel","pls","steady_process_batch",1,19,"success",
"tabula","estimator_kernel","pls","steady_process_batch",1,20,"success",
"tabula","estimator_kernel","pls","steady_process_batch",1,21,"success",
"tabula","estimator_kernel","pls","steady_process_batch",1,22,"success",
"tabula","estimator_kernel","pls","steady_process_batch",1,23,"success",
"tabula","estimator_kernel","pls","steady_process_batch",1,24,"success",
"tabula","estimator_kernel","pls","steady_process_batch",1,25,"success",
"tabula","estimator_kernel","pls","steady_process_batch",1,26,"success",
"tabula","estimator_kernel","pls","steady_process_batch",1,27,"success",
"tabula","estimator_kernel","pls","steady_process_batch",1,28,"success",
"tabula","estimator_kernel","pls","steady_process_batch",1,29,"success",
"tabula","estimator_kernel","pls","steady_process_batch",1,30,"success",
"tabula","estimator_kernel","pls","cold_process",2,1,"success",
"tabula","estimator_kernel","pls","cold_process",3,1,"success",
"tabula","estimator_kernel","pls","cold_process",4,1,"success",
"tabula","estimator_kernel","pls","cold_process",5,1,"success",
"tabula","estimator_kernel","pls","cold_process",6,1,"success",
"tabula","estimator_kernel","pls","cold_process",7,1,"success",
"tabula","estimator_kernel","pls","cold_process",8,1,"success",
"tabula","estimator_kernel","pls","cold_process",9,1,"success",
"tabula","estimator_kernel","pls","cold_process",10,1,"success",
"tabula","estimator_kernel","pls","cold_process",11,1,"success",
"tabula","estimator_kernel","pls","cold_process",12,1,"success",
"tabula","estimator_kernel","pls","cold_process",13,1,"success",
"tabula","estimator_kernel","pls","cold_process",14,1,"success",
"tabula","estimator_kernel","pls","cold_process",15,1,"success",
"tabula","estimator_kernel","pls","cold_process",16,1,"success",
"tabula","estimator_kernel","pls","cold_process",17,1,"success",
"tabula","estimator_kernel","pls","cold_process",18,1,"success",
"tabula","estimator_kernel","pls","cold_process",19,1,"success",
"tabula","estimator_kernel","pls","cold_process",20,1,"success",
"tabula","estimator_kernel","pls","cold_process",21,1,"success",
"tabula","estimator_kernel","pls","cold_process",22,1,"success",
"tabula","estimator_kernel","pls","cold_process",23,1,"success",
"tabula","estimator_kernel","pls","cold_process",24,1,"success",
"tabula","estimator_kernel","pls","cold_process",25,1,"success",
"tabula","estimator_kernel","pls","cold_process",26,1,"success",
"tabula","estimator_kernel","pls","cold_process",27,1,"success",
"tabula","estimator_kernel","pls","cold_process",28,1,"success",
"tabula","estimator_kernel","pls","cold_process",29,1,"success",
"tabula","estimator_kernel","pls","cold_process",30,1,"success",
"tcga_brca","complete_workflow","fastpls","steady_process_batch",1,1,"success",
"tcga_brca","complete_workflow","fastpls","steady_process_batch",1,2,"success",
"tcga_brca","complete_workflow","fastpls","steady_process_batch",1,3,"success",
"tcga_brca","complete_workflow","fastpls","steady_process_batch",1,4,"success",
"tcga_brca","complete_workflow","fastpls","steady_process_batch",1,5,"success",
"tcga_brca","complete_workflow","fastpls","steady_process_batch",1,6,"success",
"tcga_brca","complete_workflow","fastpls","steady_process_batch",1,7,"success",
"tcga_brca","complete_workflow","fastpls","steady_process_batch",1,8,"success",
"tcga_brca","complete_workflow","fastpls","steady_process_batch",1,9,"success",
"tcga_brca","complete_workflow","fastpls","steady_process_batch",1,10,"success",
"tcga_brca","complete_workflow","fastpls","steady_process_batch",1,11,"success",
"tcga_brca","complete_workflow","fastpls","steady_process_batch",1,12,"success",
"tcga_brca","complete_workflow","fastpls","steady_process_batch",1,13,"success",
"tcga_brca","complete_workflow","fastpls","steady_process_batch",1,14,"success",
"tcga_brca","complete_workflow","fastpls","steady_process_batch",1,15,"success",
"tcga_brca","complete_workflow","fastpls","steady_process_batch",1,16,"success",
"tcga_brca","complete_workflow","fastpls","steady_process_batch",1,17,"success",
"tcga_brca","complete_workflow","fastpls","steady_process_batch",1,18,"success",
"tcga_brca","complete_workflow","fastpls","steady_process_batch",1,19,"success",
"tcga_brca","complete_workflow","fastpls","steady_process_batch",1,20,"success",
"tcga_brca","complete_workflow","fastpls","steady_process_batch",1,21,"success",
"tcga_brca","complete_workflow","fastpls","steady_process_batch",1,22,"success",
"tcga_brca","complete_workflow","fastpls","steady_process_batch",1,23,"success",
"tcga_brca","complete_workflow","fastpls","steady_process_batch",1,24,"success",
"tcga_brca","complete_workflow","fastpls","steady_process_batch",1,25,"success",
"tcga_brca","complete_workflow","fastpls","steady_process_batch",1,26,"success",
"tcga_brca","complete_workflow","fastpls","steady_process_batch",1,27,"success",
"tcga_brca","complete_workflow","fastpls","steady_process_batch",1,28,"success",
"tcga_brca","complete_workflow","fastpls","steady_process_batch",1,29,"success",
"tcga_brca","complete_workflow","fastpls","steady_process_batch",1,30,"success",
"tcga_brca","complete_workflow","fastpls","steady_process_batch",1,31,"success",
"tcga_brca","complete_workflow","fastpls","steady_process_batch",1,32,"success",
"tcga_brca","complete_workflow","fastpls","steady_process_batch",1,33,"success",
"tcga_brca","complete_workflow","fastpls","steady_process_batch",1,34,"success",
"tcga_brca","complete_workflow","fastpls","steady_process_batch",1,35,"success",
"tcga_brca","complete_workflow","fastpls","steady_process_batch",1,36,"success",
"tcga_brca","complete_workflow","fastpls","steady_process_batch",1,37,"success",
"tcga_brca","complete_workflow","fastpls","steady_process_batch",1,38,"success",
"tcga_brca","complete_workflow","fastpls","steady_process_batch",1,39,"success",
"tcga_brca","complete_workflow","fastpls","steady_process_batch",1,40,"success",
"tcga_brca","complete_workflow","fastpls","steady_process_batch",1,41,"success",
"tcga_brca","complete_workflow","fastpls","steady_process_batch",1,42,"success",
"tcga_brca","complete_workflow","fastpls","steady_process_batch",1,43,"success",
"tcga_brca","complete_workflow","fastpls","steady_process_batch",1,44,"success",
"tcga_brca","complete_workflow","fastpls","steady_process_batch",1,45,"success",
"tcga_brca","complete_workflow","fastpls","steady_process_batch",1,46,"success",
"tcga_brca","complete_workflow","fastpls","steady_process_batch",1,47,"success",
"tcga_brca","complete_workflow","fastpls","steady_process_batch",1,48,"success",
"tcga_brca","complete_workflow","fastpls","steady_process_batch",1,49,"success",
"tcga_brca","complete_workflow","fastpls","steady_process_batch",1,50,"success",
"tcga_brca","complete_workflow","fastpls","cold_process",1,1,"success",
"tcga_brca","complete_workflow","fastpls","steady_process_batch",1,1,"success",
"tcga_brca","complete_workflow","fastpls","steady_process_batch",1,2,"success",
"tcga_brca","complete_workflow","fastpls","steady_process_batch",1,3,"success",
"tcga_brca","complete_workflow","fastpls","steady_process_batch",1,4,"success",
"tcga_brca","complete_workflow","fastpls","steady_process_batch",1,5,"success",
"tcga_brca","complete_workflow","fastpls","steady_process_batch",1,6,"success",
"tcga_brca","complete_workflow","fastpls","steady_process_batch",1,7,"success",
"tcga_brca","complete_workflow","fastpls","steady_process_batch",1,8,"success",
"tcga_brca","complete_workflow","fastpls","steady_process_batch",1,9,"success",
"tcga_brca","complete_workflow","fastpls","steady_process_batch",1,10,"success",
"tcga_brca","complete_workflow","fastpls","steady_process_batch",1,11,"success",
"tcga_brca","complete_workflow","fastpls","steady_process_batch",1,12,"success",
"tcga_brca","complete_workflow","fastpls","steady_process_batch",1,13,"success",
"tcga_brca","complete_workflow","fastpls","steady_process_batch",1,14,"success",
"tcga_brca","complete_workflow","fastpls","steady_process_batch",1,15,"success",
"tcga_brca","complete_workflow","fastpls","steady_process_batch",1,16,"success",
"tcga_brca","complete_workflow","fastpls","steady_process_batch",1,17,"success",
"tcga_brca","complete_workflow","fastpls","steady_process_batch",1,18,"success",
"tcga_brca","complete_workflow","fastpls","steady_process_batch",1,19,"success",
"tcga_brca","complete_workflow","fastpls","steady_process_batch",1,20,"success",
"tcga_brca","complete_workflow","fastpls","steady_process_batch",1,21,"success",
"tcga_brca","complete_workflow","fastpls","steady_process_batch",1,22,"success",
"tcga_brca","complete_workflow","fastpls","steady_process_batch",1,23,"success",
"tcga_brca","complete_workflow","fastpls","steady_process_batch",1,24,"success",
"tcga_brca","complete_workflow","fastpls","steady_process_batch",1,25,"success",
"tcga_brca","complete_workflow","fastpls","steady_process_batch",1,26,"success",
"tcga_brca","complete_workflow","fastpls","steady_process_batch",1,27,"success",
"tcga_brca","complete_workflow","fastpls","steady_process_batch",1,28,"success",
"tcga_brca","complete_workflow","fastpls","steady_process_batch",1,29,"success",
"tcga_brca","complete_workflow","fastpls","steady_process_batch",1,30,"success",
"tcga_brca","complete_workflow","fastpls","steady_process_batch",1,31,"success",
"tcga_brca","complete_workflow","fastpls","steady_process_batch",1,32,"success",
"tcga_brca","complete_workflow","fastpls","steady_process_batch",1,33,"success",
"tcga_brca","complete_workflow","fastpls","steady_process_batch",1,34,"success",
"tcga_brca","complete_workflow","fastpls","steady_process_batch",1,35,"success",
"tcga_brca","complete_workflow","fastpls","steady_process_batch",1,36,"success",
"tcga_brca","complete_workflow","fastpls","steady_process_batch",1,37,"success",
"tcga_brca","complete_workflow","fastpls","steady_process_batch",1,38,"success",
"tcga_brca","complete_workflow","fastpls","steady_process_batch",1,39,"success",
"tcga_brca","complete_workflow","fastpls","steady_process_batch",1,40,"success",
"tcga_brca","complete_workflow","fastpls","steady_process_batch",1,41,"success",
"tcga_brca","complete_workflow","fastpls","steady_process_batch",1,42,"success",
"tcga_brca","complete_workflow","fastpls","steady_process_batch",1,43,"success",
"tcga_brca","complete_workflow","fastpls","steady_process_batch",1,44,"success",
"tcga_brca","complete_workflow","fastpls","steady_process_batch",1,45,"success",
"tcga_brca","complete_workflow","fastpls","steady_process_batch",1,46,"success",
"tcga_brca","complete_workflow","fastpls","steady_process_batch",1,47,"success",
"tcga_brca","complete_workflow","fastpls","steady_process_batch",1,48,"success",
"tcga_brca","complete_workflow","fastpls","steady_process_batch",1,49,"success",
"tcga_brca","complete_workflow","fastpls","steady_process_batch",1,50,"success",
"tcga_brca","complete_workflow","fastpls","cold_process",2,1,"success",
"tcga_brca","complete_workflow","fastpls","cold_process",3,1,"success",
"tcga_brca","complete_workflow","fastpls","cold_process",4,1,"success",
"tcga_brca","complete_workflow","fastpls","cold_process",5,1,"success",
"tcga_brca","complete_workflow","fastpls","cold_process",6,1,"success",
"tcga_brca","complete_workflow","fastpls","cold_process",7,1,"success",
"tcga_brca","complete_workflow","fastpls","cold_process",8,1,"success",
"tcga_brca","complete_workflow","fastpls","cold_process",9,1,"success",
"tcga_brca","complete_workflow","fastpls","cold_process",10,1,"success",
"tcga_brca","complete_workflow","fastpls","cold_process",11,1,"success",
"tcga_brca","complete_workflow","fastpls","cold_process",12,1,"success",
"tcga_brca","complete_workflow","fastpls","cold_process",13,1,"success",
"tcga_brca","complete_workflow","fastpls","cold_process",14,1,"success",
"tcga_brca","complete_workflow","fastpls","cold_process",15,1,"success",
"tcga_brca","complete_workflow","fastpls","cold_process",16,1,"success",
"tcga_brca","complete_workflow","fastpls","cold_process",17,1,"success",
"tcga_brca","complete_workflow","fastpls","cold_process",18,1,"success",
"tcga_brca","complete_workflow","fastpls","cold_process",19,1,"success",
"tcga_brca","complete_workflow","fastpls","cold_process",20,1,"success",
"tcga_brca","complete_workflow","fastpls","cold_process",21,1,"success",
"tcga_brca","complete_workflow","fastpls","cold_process",22,1,"success",
"tcga_brca","complete_workflow","fastpls","cold_process",23,1,"success",
"tcga_brca","complete_workflow","fastpls","cold_process",24,1,"success",
"tcga_brca","complete_workflow","fastpls","cold_process",25,1,"success",
"tcga_brca","complete_workflow","fastpls","cold_process",26,1,"success",
"tcga_brca","complete_workflow","fastpls","cold_process",27,1,"success",
"tcga_brca","complete_workflow","fastpls","cold_process",28,1,"success",
"tcga_brca","complete_workflow","fastpls","cold_process",29,1,"success",
"tcga_brca","complete_workflow","fastpls","cold_process",30,1,"success",
"tcga_brca","complete_workflow","fastpls","cold_process",31,1,"success",
"tcga_brca","complete_workflow","fastpls","cold_process",32,1,"success",
"tcga_brca","complete_workflow","fastpls","cold_process",33,1,"success",
"tcga_brca","complete_workflow","fastpls","cold_process",34,1,"success",
"tcga_brca","complete_workflow","fastpls","cold_process",35,1,"success",
"tcga_brca","complete_workflow","fastpls","cold_process",36,1,"success",
"tcga_brca","complete_workflow","fastpls","cold_process",37,1,"success",
"tcga_brca","complete_workflow","fastpls","cold_process",38,1,"success",
"tcga_brca","complete_workflow","fastpls","cold_process",39,1,"success",
"tcga_brca","complete_workflow","fastpls","cold_process",40,1,"success",
"tcga_brca","complete_workflow","fastpls","cold_process",41,1,"success",
"tcga_brca","complete_workflow","fastpls","cold_process",42,1,"success",
"tcga_brca","complete_workflow","fastpls","cold_process",43,1,"success",
"tcga_brca","complete_workflow","fastpls","cold_process",44,1,"success",
"tcga_brca","complete_workflow","fastpls","cold_process",45,1,"success",
"tcga_brca","complete_workflow","fastpls","cold_process",46,1,"success",
"tcga_brca","complete_workflow","fastpls","cold_process",47,1,"success",
"tcga_brca","complete_workflow","fastpls","cold_process",48,1,"success",
"tcga_brca","complete_workflow","fastpls","cold_process",49,1,"success",
"tcga_brca","complete_workflow","fastpls","cold_process",50,1,"success",
"tcga_brca","complete_workflow","pls","cold_process",1,1,"success",
"tcga_brca","complete_workflow","pls","steady_process_batch",1,1,"success",
"tcga_brca","complete_workflow","pls","steady_process_batch",1,2,"success",
"tcga_brca","complete_workflow","pls","steady_process_batch",1,3,"success",
"tcga_brca","complete_workflow","pls","steady_process_batch",1,4,"success",
"tcga_brca","complete_workflow","pls","steady_process_batch",1,5,"success",
"tcga_brca","complete_workflow","pls","steady_process_batch",1,6,"success",
"tcga_brca","complete_workflow","pls","steady_process_batch",1,7,"success",
"tcga_brca","complete_workflow","pls","steady_process_batch",1,8,"success",
"tcga_brca","complete_workflow","pls","steady_process_batch",1,9,"success",
"tcga_brca","complete_workflow","pls","steady_process_batch",1,10,"success",
"tcga_brca","complete_workflow","pls","steady_process_batch",1,11,"success",
"tcga_brca","complete_workflow","pls","steady_process_batch",1,12,"success",
"tcga_brca","complete_workflow","pls","steady_process_batch",1,13,"success",
"tcga_brca","complete_workflow","pls","steady_process_batch",1,14,"success",
"tcga_brca","complete_workflow","pls","steady_process_batch",1,15,"success",
"tcga_brca","complete_workflow","pls","steady_process_batch",1,16,"success",
"tcga_brca","complete_workflow","pls","steady_process_batch",1,17,"success",
"tcga_brca","complete_workflow","pls","steady_process_batch",1,18,"success",
"tcga_brca","complete_workflow","pls","steady_process_batch",1,19,"success",
"tcga_brca","complete_workflow","pls","steady_process_batch",1,20,"success",
"tcga_brca","complete_workflow","pls","steady_process_batch",1,21,"success",
"tcga_brca","complete_workflow","pls","steady_process_batch",1,22,"success",
"tcga_brca","complete_workflow","pls","steady_process_batch",1,23,"success",
"tcga_brca","complete_workflow","pls","steady_process_batch",1,24,"success",
"tcga_brca","complete_workflow","pls","steady_process_batch",1,25,"success",
"tcga_brca","complete_workflow","pls","steady_process_batch",1,26,"success",
"tcga_brca","complete_workflow","pls","steady_process_batch",1,27,"success",
"tcga_brca","complete_workflow","pls","steady_process_batch",1,28,"success",
"tcga_brca","complete_workflow","pls","steady_process_batch",1,29,"success",
"tcga_brca","complete_workflow","pls","steady_process_batch",1,30,"success",
"tcga_brca","complete_workflow","pls","steady_process_batch",1,31,"success",
"tcga_brca","complete_workflow","pls","steady_process_batch",1,32,"success",
"tcga_brca","complete_workflow","pls","steady_process_batch",1,33,"success",
"tcga_brca","complete_workflow","pls","steady_process_batch",1,34,"success",
"tcga_brca","complete_workflow","pls","steady_process_batch",1,35,"success",
"tcga_brca","complete_workflow","pls","steady_process_batch",1,36,"success",
"tcga_brca","complete_workflow","pls","steady_process_batch",1,37,"success",
"tcga_brca","complete_workflow","pls","steady_process_batch",1,38,"success",
"tcga_brca","complete_workflow","pls","steady_process_batch",1,39,"success",
"tcga_brca","complete_workflow","pls","steady_process_batch",1,40,"success",
"tcga_brca","complete_workflow","pls","steady_process_batch",1,41,"success",
"tcga_brca","complete_workflow","pls","steady_process_batch",1,42,"success",
"tcga_brca","complete_workflow","pls","steady_process_batch",1,43,"success",
"tcga_brca","complete_workflow","pls","steady_process_batch",1,44,"success",
"tcga_brca","complete_workflow","pls","steady_process_batch",1,45,"success",
"tcga_brca","complete_workflow","pls","steady_process_batch",1,46,"success",
"tcga_brca","complete_workflow","pls","steady_process_batch",1,47,"success",
"tcga_brca","complete_workflow","pls","steady_process_batch",1,48,"success",
"tcga_brca","complete_workflow","pls","steady_process_batch",1,49,"success",
"tcga_brca","complete_workflow","pls","steady_process_batch",1,50,"success",
"tcga_brca","complete_workflow","pls","cold_process",2,1,"success",
"tcga_brca","complete_workflow","pls","cold_process",3,1,"success",
"tcga_brca","complete_workflow","pls","cold_process",4,1,"success",
"tcga_brca","complete_workflow","pls","cold_process",5,1,"success",
"tcga_brca","complete_workflow","pls","cold_process",6,1,"success",
"tcga_brca","complete_workflow","pls","cold_process",7,1,"success",
"tcga_brca","complete_workflow","pls","cold_process",8,1,"success",
"tcga_brca","complete_workflow","pls","cold_process",9,1,"success",
"tcga_brca","complete_workflow","pls","cold_process",10,1,"success",
"tcga_brca","complete_workflow","pls","cold_process",11,1,"success",
"tcga_brca","complete_workflow","pls","cold_process",12,1,"success",
"tcga_brca","complete_workflow","pls","cold_process",13,1,"success",
"tcga_brca","complete_workflow","pls","cold_process",14,1,"success",
"tcga_brca","complete_workflow","pls","cold_process",15,1,"success",
"tcga_brca","complete_workflow","pls","cold_process",16,1,"success",
"tcga_brca","complete_workflow","pls","cold_process",17,1,"success",
"tcga_brca","complete_workflow","pls","cold_process",18,1,"success",
"tcga_brca","complete_workflow","pls","cold_process",19,1,"success",
"tcga_brca","complete_workflow","pls","cold_process",20,1,"success",
"tcga_brca","complete_workflow","pls","cold_process",21,1,"success",
"tcga_brca","complete_workflow","pls","cold_process",22,1,"success",
"tcga_brca","complete_workflow","pls","cold_process",23,1,"success",
"tcga_brca","complete_workflow","pls","cold_process",24,1,"success",
"tcga_brca","complete_workflow","pls","cold_process",25,1,"success",
"tcga_brca","complete_workflow","pls","cold_process",26,1,"success",
"tcga_brca","complete_workflow","pls","cold_process",27,1,"success",
"tcga_brca","complete_workflow","pls","cold_process",28,1,"success",
"tcga_brca","complete_workflow","pls","cold_process",29,1,"success",
"tcga_brca","complete_workflow","pls","cold_process",30,1,"success",
"tcga_brca","complete_workflow","pls","cold_process",31,1,"success",
"tcga_brca","complete_workflow","pls","cold_process",32,1,"success",
"tcga_brca","complete_workflow","pls","cold_process",33,1,"success",
"tcga_brca","complete_workflow","pls","cold_process",34,1,"success",
"tcga_brca","complete_workflow","pls","cold_process",35,1,"success",
"tcga_brca","complete_workflow","pls","cold_process",36,1,"success",
"tcga_brca","complete_workflow","pls","cold_process",37,1,"success",
"tcga_brca","complete_workflow","pls","cold_process",38,1,"success",
"tcga_brca","complete_workflow","pls","cold_process",39,1,"success",
"tcga_brca","complete_workflow","pls","cold_process",40,1,"success",
"tcga_brca","complete_workflow","pls","cold_process",41,1,"success",
"tcga_brca","complete_workflow","pls","cold_process",42,1,"success",
"tcga_brca","complete_workflow","pls","cold_process",43,1,"success",
"tcga_brca","complete_workflow","pls","cold_process",44,1,"success",
"tcga_brca","complete_workflow","pls","cold_process",45,1,"success",
"tcga_brca","complete_workflow","pls","cold_process",46,1,"success",
"tcga_brca","complete_workflow","pls","cold_process",47,1,"success",
"tcga_brca","complete_workflow","pls","cold_process",48,1,"success",
"tcga_brca","complete_workflow","pls","cold_process",49,1,"success",
"tcga_brca","complete_workflow","pls","cold_process",50,1,"success",
"tcga_brca","estimator_kernel","fastpls","steady_process_batch",1,1,"success",
"tcga_brca","estimator_kernel","fastpls","steady_process_batch",1,2,"success",
"tcga_brca","estimator_kernel","fastpls","steady_process_batch",1,3,"success",
"tcga_brca","estimator_kernel","fastpls","steady_process_batch",1,4,"success",
"tcga_brca","estimator_kernel","fastpls","steady_process_batch",1,5,"success",
"tcga_brca","estimator_kernel","fastpls","steady_process_batch",1,6,"success",
"tcga_brca","estimator_kernel","fastpls","steady_process_batch",1,7,"success",
"tcga_brca","estimator_kernel","fastpls","steady_process_batch",1,8,"success",
"tcga_brca","estimator_kernel","fastpls","steady_process_batch",1,9,"success",
"tcga_brca","estimator_kernel","fastpls","steady_process_batch",1,10,"success",
"tcga_brca","estimator_kernel","fastpls","steady_process_batch",1,11,"success",
"tcga_brca","estimator_kernel","fastpls","steady_process_batch",1,12,"success",
"tcga_brca","estimator_kernel","fastpls","steady_process_batch",1,13,"success",
"tcga_brca","estimator_kernel","fastpls","steady_process_batch",1,14,"success",
"tcga_brca","estimator_kernel","fastpls","steady_process_batch",1,15,"success",
"tcga_brca","estimator_kernel","fastpls","steady_process_batch",1,16,"success",
"tcga_brca","estimator_kernel","fastpls","steady_process_batch",1,17,"success",
"tcga_brca","estimator_kernel","fastpls","steady_process_batch",1,18,"success",
"tcga_brca","estimator_kernel","fastpls","steady_process_batch",1,19,"success",
"tcga_brca","estimator_kernel","fastpls","steady_process_batch",1,20,"success",
"tcga_brca","estimator_kernel","fastpls","steady_process_batch",1,21,"success",
"tcga_brca","estimator_kernel","fastpls","steady_process_batch",1,22,"success",
"tcga_brca","estimator_kernel","fastpls","steady_process_batch",1,23,"success",
"tcga_brca","estimator_kernel","fastpls","steady_process_batch",1,24,"success",
"tcga_brca","estimator_kernel","fastpls","steady_process_batch",1,25,"success",
"tcga_brca","estimator_kernel","fastpls","steady_process_batch",1,26,"success",
"tcga_brca","estimator_kernel","fastpls","steady_process_batch",1,27,"success",
"tcga_brca","estimator_kernel","fastpls","steady_process_batch",1,28,"success",
"tcga_brca","estimator_kernel","fastpls","steady_process_batch",1,29,"success",
"tcga_brca","estimator_kernel","fastpls","steady_process_batch",1,30,"success",
"tcga_brca","estimator_kernel","fastpls","steady_process_batch",1,31,"success",
"tcga_brca","estimator_kernel","fastpls","steady_process_batch",1,32,"success",
"tcga_brca","estimator_kernel","fastpls","steady_process_batch",1,33,"success",
"tcga_brca","estimator_kernel","fastpls","steady_process_batch",1,34,"success",
"tcga_brca","estimator_kernel","fastpls","steady_process_batch",1,35,"success",
"tcga_brca","estimator_kernel","fastpls","steady_process_batch",1,36,"success",
"tcga_brca","estimator_kernel","fastpls","steady_process_batch",1,37,"success",
"tcga_brca","estimator_kernel","fastpls","steady_process_batch",1,38,"success",
"tcga_brca","estimator_kernel","fastpls","steady_process_batch",1,39,"success",
"tcga_brca","estimator_kernel","fastpls","steady_process_batch",1,40,"success",
"tcga_brca","estimator_kernel","fastpls","steady_process_batch",1,41,"success",
"tcga_brca","estimator_kernel","fastpls","steady_process_batch",1,42,"success",
"tcga_brca","estimator_kernel","fastpls","steady_process_batch",1,43,"success",
"tcga_brca","estimator_kernel","fastpls","steady_process_batch",1,44,"success",
"tcga_brca","estimator_kernel","fastpls","steady_process_batch",1,45,"success",
"tcga_brca","estimator_kernel","fastpls","steady_process_batch",1,46,"success",
"tcga_brca","estimator_kernel","fastpls","steady_process_batch",1,47,"success",
"tcga_brca","estimator_kernel","fastpls","steady_process_batch",1,48,"success",
"tcga_brca","estimator_kernel","fastpls","steady_process_batch",1,49,"success",
"tcga_brca","estimator_kernel","fastpls","steady_process_batch",1,50,"success",
"tcga_brca","estimator_kernel","fastpls","cold_process",1,1,"success",
"tcga_brca","estimator_kernel","fastpls","steady_process_batch",1,1,"success",
"tcga_brca","estimator_kernel","fastpls","steady_process_batch",1,2,"success",
"tcga_brca","estimator_kernel","fastpls","steady_process_batch",1,3,"success",
"tcga_brca","estimator_kernel","fastpls","steady_process_batch",1,4,"success",
"tcga_brca","estimator_kernel","fastpls","steady_process_batch",1,5,"success",
"tcga_brca","estimator_kernel","fastpls","steady_process_batch",1,6,"success",
"tcga_brca","estimator_kernel","fastpls","steady_process_batch",1,7,"success",
"tcga_brca","estimator_kernel","fastpls","steady_process_batch",1,8,"success",
"tcga_brca","estimator_kernel","fastpls","steady_process_batch",1,9,"success",
"tcga_brca","estimator_kernel","fastpls","steady_process_batch",1,10,"success",
"tcga_brca","estimator_kernel","fastpls","steady_process_batch",1,11,"success",
"tcga_brca","estimator_kernel","fastpls","steady_process_batch",1,12,"success",
"tcga_brca","estimator_kernel","fastpls","steady_process_batch",1,13,"success",
"tcga_brca","estimator_kernel","fastpls","steady_process_batch",1,14,"success",
"tcga_brca","estimator_kernel","fastpls","steady_process_batch",1,15,"success",
"tcga_brca","estimator_kernel","fastpls","steady_process_batch",1,16,"success",
"tcga_brca","estimator_kernel","fastpls","steady_process_batch",1,17,"success",
"tcga_brca","estimator_kernel","fastpls","steady_process_batch",1,18,"success",
"tcga_brca","estimator_kernel","fastpls","steady_process_batch",1,19,"success",
"tcga_brca","estimator_kernel","fastpls","steady_process_batch",1,20,"success",
"tcga_brca","estimator_kernel","fastpls","steady_process_batch",1,21,"success",
"tcga_brca","estimator_kernel","fastpls","steady_process_batch",1,22,"success",
"tcga_brca","estimator_kernel","fastpls","steady_process_batch",1,23,"success",
"tcga_brca","estimator_kernel","fastpls","steady_process_batch",1,24,"success",
"tcga_brca","estimator_kernel","fastpls","steady_process_batch",1,25,"success",
"tcga_brca","estimator_kernel","fastpls","steady_process_batch",1,26,"success",
"tcga_brca","estimator_kernel","fastpls","steady_process_batch",1,27,"success",
"tcga_brca","estimator_kernel","fastpls","steady_process_batch",1,28,"success",
"tcga_brca","estimator_kernel","fastpls","steady_process_batch",1,29,"success",
"tcga_brca","estimator_kernel","fastpls","steady_process_batch",1,30,"success",
"tcga_brca","estimator_kernel","fastpls","steady_process_batch",1,31,"success",
"tcga_brca","estimator_kernel","fastpls","steady_process_batch",1,32,"success",
"tcga_brca","estimator_kernel","fastpls","steady_process_batch",1,33,"success",
"tcga_brca","estimator_kernel","fastpls","steady_process_batch",1,34,"success",
"tcga_brca","estimator_kernel","fastpls","steady_process_batch",1,35,"success",
"tcga_brca","estimator_kernel","fastpls","steady_process_batch",1,36,"success",
"tcga_brca","estimator_kernel","fastpls","steady_process_batch",1,37,"success",
"tcga_brca","estimator_kernel","fastpls","steady_process_batch",1,38,"success",
"tcga_brca","estimator_kernel","fastpls","steady_process_batch",1,39,"success",
"tcga_brca","estimator_kernel","fastpls","steady_process_batch",1,40,"success",
"tcga_brca","estimator_kernel","fastpls","steady_process_batch",1,41,"success",
"tcga_brca","estimator_kernel","fastpls","steady_process_batch",1,42,"success",
"tcga_brca","estimator_kernel","fastpls","steady_process_batch",1,43,"success",
"tcga_brca","estimator_kernel","fastpls","steady_process_batch",1,44,"success",
"tcga_brca","estimator_kernel","fastpls","steady_process_batch",1,45,"success",
"tcga_brca","estimator_kernel","fastpls","steady_process_batch",1,46,"success",
"tcga_brca","estimator_kernel","fastpls","steady_process_batch",1,47,"success",
"tcga_brca","estimator_kernel","fastpls","steady_process_batch",1,48,"success",
"tcga_brca","estimator_kernel","fastpls","steady_process_batch",1,49,"success",
"tcga_brca","estimator_kernel","fastpls","steady_process_batch",1,50,"success",
"tcga_brca","estimator_kernel","fastpls","cold_process",2,1,"success",
"tcga_brca","estimator_kernel","fastpls","cold_process",3,1,"success",
"tcga_brca","estimator_kernel","fastpls","cold_process",4,1,"success",
"tcga_brca","estimator_kernel","fastpls","cold_process",5,1,"success",
"tcga_brca","estimator_kernel","fastpls","cold_process",6,1,"success",
"tcga_brca","estimator_kernel","fastpls","cold_process",7,1,"success",
"tcga_brca","estimator_kernel","fastpls","cold_process",8,1,"success",
"tcga_brca","estimator_kernel","fastpls","cold_process",9,1,"success",
"tcga_brca","estimator_kernel","fastpls","cold_process",10,1,"success",
"tcga_brca","estimator_kernel","fastpls","cold_process",11,1,"success",
"tcga_brca","estimator_kernel","fastpls","cold_process",12,1,"success",
"tcga_brca","estimator_kernel","fastpls","cold_process",13,1,"success",
"tcga_brca","estimator_kernel","fastpls","cold_process",14,1,"success",
"tcga_brca","estimator_kernel","fastpls","cold_process",15,1,"success",
"tcga_brca","estimator_kernel","fastpls","cold_process",16,1,"success",
"tcga_brca","estimator_kernel","fastpls","cold_process",17,1,"success",
"tcga_brca","estimator_kernel","fastpls","cold_process",18,1,"success",
"tcga_brca","estimator_kernel","fastpls","cold_process",19,1,"success",
"tcga_brca","estimator_kernel","fastpls","cold_process",20,1,"success",
"tcga_brca","estimator_kernel","fastpls","cold_process",21,1,"success",
"tcga_brca","estimator_kernel","fastpls","cold_process",22,1,"success",
"tcga_brca","estimator_kernel","fastpls","cold_process",23,1,"success",
"tcga_brca","estimator_kernel","fastpls","cold_process",24,1,"success",
"tcga_brca","estimator_kernel","fastpls","cold_process",25,1,"success",
"tcga_brca","estimator_kernel","fastpls","cold_process",26,1,"success",
"tcga_brca","estimator_kernel","fastpls","cold_process",27,1,"success",
"tcga_brca","estimator_kernel","fastpls","cold_process",28,1,"success",
"tcga_brca","estimator_kernel","fastpls","cold_process",29,1,"success",
"tcga_brca","estimator_kernel","fastpls","cold_process",30,1,"success",
"tcga_brca","estimator_kernel","fastpls","cold_process",31,1,"success",
"tcga_brca","estimator_kernel","fastpls","cold_process",32,1,"success",
"tcga_brca","estimator_kernel","fastpls","cold_process",33,1,"success",
"tcga_brca","estimator_kernel","fastpls","cold_process",34,1,"success",
"tcga_brca","estimator_kernel","fastpls","cold_process",35,1,"success",
"tcga_brca","estimator_kernel","fastpls","cold_process",36,1,"success",
"tcga_brca","estimator_kernel","fastpls","cold_process",37,1,"success",
"tcga_brca","estimator_kernel","fastpls","cold_process",38,1,"success",
"tcga_brca","estimator_kernel","fastpls","cold_process",39,1,"success",
"tcga_brca","estimator_kernel","fastpls","cold_process",40,1,"success",
"tcga_brca","estimator_kernel","fastpls","cold_process",41,1,"success",
"tcga_brca","estimator_kernel","fastpls","cold_process",42,1,"success",
"tcga_brca","estimator_kernel","fastpls","cold_process",43,1,"success",
"tcga_brca","estimator_kernel","fastpls","cold_process",44,1,"success",
"tcga_brca","estimator_kernel","fastpls","cold_process",45,1,"success",
"tcga_brca","estimator_kernel","fastpls","cold_process",46,1,"success",
"tcga_brca","estimator_kernel","fastpls","cold_process",47,1,"success",
"tcga_brca","estimator_kernel","fastpls","cold_process",48,1,"success",
"tcga_brca","estimator_kernel","fastpls","cold_process",49,1,"success",
"tcga_brca","estimator_kernel","fastpls","cold_process",50,1,"success",
"tcga_brca","estimator_kernel","pls","cold_process",1,1,"success",
"tcga_brca","estimator_kernel","pls","steady_process_batch",1,1,"success",
"tcga_brca","estimator_kernel","pls","steady_process_batch",1,2,"success",
"tcga_brca","estimator_kernel","pls","steady_process_batch",1,3,"success",
"tcga_brca","estimator_kernel","pls","steady_process_batch",1,4,"success",
"tcga_brca","estimator_kernel","pls","steady_process_batch",1,5,"success",
"tcga_brca","estimator_kernel","pls","steady_process_batch",1,6,"success",
"tcga_brca","estimator_kernel","pls","steady_process_batch",1,7,"success",
"tcga_brca","estimator_kernel","pls","steady_process_batch",1,8,"success",
"tcga_brca","estimator_kernel","pls","steady_process_batch",1,9,"success",
"tcga_brca","estimator_kernel","pls","steady_process_batch",1,10,"success",
"tcga_brca","estimator_kernel","pls","steady_process_batch",1,11,"success",
"tcga_brca","estimator_kernel","pls","steady_process_batch",1,12,"success",
"tcga_brca","estimator_kernel","pls","steady_process_batch",1,13,"success",
"tcga_brca","estimator_kernel","pls","steady_process_batch",1,14,"success",
"tcga_brca","estimator_kernel","pls","steady_process_batch",1,15,"success",
"tcga_brca","estimator_kernel","pls","steady_process_batch",1,16,"success",
"tcga_brca","estimator_kernel","pls","steady_process_batch",1,17,"success",
"tcga_brca","estimator_kernel","pls","steady_process_batch",1,18,"success",
"tcga_brca","estimator_kernel","pls","steady_process_batch",1,19,"success",
"tcga_brca","estimator_kernel","pls","steady_process_batch",1,20,"success",
"tcga_brca","estimator_kernel","pls","steady_process_batch",1,21,"success",
"tcga_brca","estimator_kernel","pls","steady_process_batch",1,22,"success",
"tcga_brca","estimator_kernel","pls","steady_process_batch",1,23,"success",
"tcga_brca","estimator_kernel","pls","steady_process_batch",1,24,"success",
"tcga_brca","estimator_kernel","pls","steady_process_batch",1,25,"success",
"tcga_brca","estimator_kernel","pls","steady_process_batch",1,26,"success",
"tcga_brca","estimator_kernel","pls","steady_process_batch",1,27,"success",
"tcga_brca","estimator_kernel","pls","steady_process_batch",1,28,"success",
"tcga_brca","estimator_kernel","pls","steady_process_batch",1,29,"success",
"tcga_brca","estimator_kernel","pls","steady_process_batch",1,30,"success",
"tcga_brca","estimator_kernel","pls","steady_process_batch",1,31,"success",
"tcga_brca","estimator_kernel","pls","steady_process_batch",1,32,"success",
"tcga_brca","estimator_kernel","pls","steady_process_batch",1,33,"success",
"tcga_brca","estimator_kernel","pls","steady_process_batch",1,34,"success",
"tcga_brca","estimator_kernel","pls","steady_process_batch",1,35,"success",
"tcga_brca","estimator_kernel","pls","steady_process_batch",1,36,"success",
"tcga_brca","estimator_kernel","pls","steady_process_batch",1,37,"success",
"tcga_brca","estimator_kernel","pls","steady_process_batch",1,38,"success",
"tcga_brca","estimator_kernel","pls","steady_process_batch",1,39,"success",
"tcga_brca","estimator_kernel","pls","steady_process_batch",1,40,"success",
"tcga_brca","estimator_kernel","pls","steady_process_batch",1,41,"success",
"tcga_brca","estimator_kernel","pls","steady_process_batch",1,42,"success",
"tcga_brca","estimator_kernel","pls","steady_process_batch",1,43,"success",
"tcga_brca","estimator_kernel","pls","steady_process_batch",1,44,"success",
"tcga_brca","estimator_kernel","pls","steady_process_batch",1,45,"success",
"tcga_brca","estimator_kernel","pls","steady_process_batch",1,46,"success",
"tcga_brca","estimator_kernel","pls","steady_process_batch",1,47,"success",
"tcga_brca","estimator_kernel","pls","steady_process_batch",1,48,"success",
"tcga_brca","estimator_kernel","pls","steady_process_batch",1,49,"success",
"tcga_brca","estimator_kernel","pls","steady_process_batch",1,50,"success",
"tcga_brca","estimator_kernel","pls","cold_process",2,1,"success",
"tcga_brca","estimator_kernel","pls","cold_process",3,1,"success",
"tcga_brca","estimator_kernel","pls","cold_process",4,1,"success",
"tcga_brca","estimator_kernel","pls","cold_process",5,1,"success",
"tcga_brca","estimator_kernel","pls","cold_process",6,1,"success",
"tcga_brca","estimator_kernel","pls","cold_process",7,1,"success",
"tcga_brca","estimator_kernel","pls","cold_process",8,1,"success",
"tcga_brca","estimator_kernel","pls","cold_process",9,1,"success",
"tcga_brca","estimator_kernel","pls","cold_process",10,1,"success",
"tcga_brca","estimator_kernel","pls","cold_process",11,1,"success",
"tcga_brca","estimator_kernel","pls","cold_process",12,1,"success",
"tcga_brca","estimator_kernel","pls","cold_process",13,1,"success",
"tcga_brca","estimator_kernel","pls","cold_process",14,1,"success",
"tcga_brca","estimator_kernel","pls","cold_process",15,1,"success",
"tcga_brca","estimator_kernel","pls","cold_process",16,1,"success",
"tcga_brca","estimator_kernel","pls","cold_process",17,1,"success",
"tcga_brca","estimator_kernel","pls","cold_process",18,1,"success",
"tcga_brca","estimator_kernel","pls","cold_process",19,1,"success",
"tcga_brca","estimator_kernel","pls","cold_process",20,1,"success",
"tcga_brca","estimator_kernel","pls","cold_process",21,1,"success",
"tcga_brca","estimator_kernel","pls","cold_process",22,1,"success",
"tcga_brca","estimator_kernel","pls","cold_process",23,1,"success",
"tcga_brca","estimator_kernel","pls","cold_process",24,1,"success",
"tcga_brca","estimator_kernel","pls","cold_process",25,1,"success",
"tcga_brca","estimator_kernel","pls","cold_process",26,1,"success",
"tcga_brca","estimator_kernel","pls","cold_process",27,1,"success",
"tcga_brca","estimator_kernel","pls","cold_process",28,1,"success",
"tcga_brca","estimator_kernel","pls","cold_process",29,1,"success",
"tcga_brca","estimator_kernel","pls","cold_process",30,1,"success",
"tcga_brca","estimator_kernel","pls","cold_process",31,1,"success",
"tcga_brca","estimator_kernel","pls","cold_process",32,1,"success",
"tcga_brca","estimator_kernel","pls","cold_process",33,1,"success",
"tcga_brca","estimator_kernel","pls","cold_process",34,1,"success",
"tcga_brca","estimator_kernel","pls","cold_process",35,1,"success",
"tcga_brca","estimator_kernel","pls","cold_process",36,1,"success",
"tcga_brca","estimator_kernel","pls","cold_process",37,1,"success",
"tcga_brca","estimator_kernel","pls","cold_process",38,1,"success",
"tcga_brca","estimator_kernel","pls","cold_process",39,1,"success",
"tcga_brca","estimator_kernel","pls","cold_process",40,1,"success",
"tcga_brca","estimator_kernel","pls","cold_process",41,1,"success",
"tcga_brca","estimator_kernel","pls","cold_process",42,1,"success",
"tcga_brca","estimator_kernel","pls","cold_process",43,1,"success",
"tcga_brca","estimator_kernel","pls","cold_process",44,1,"success",
"tcga_brca","estimator_kernel","pls","cold_process",45,1,"success",
"tcga_brca","estimator_kernel","pls","cold_process",46,1,"success",
"tcga_brca","estimator_kernel","pls","cold_process",47,1,"success",
"tcga_brca","estimator_kernel","pls","cold_process",48,1,"success",
"tcga_brca","estimator_kernel","pls","cold_process",49,1,"success",
"tcga_brca","estimator_kernel","pls","cold_process",50,1,"success",
"tcga_hnsc_methylation","complete_workflow","fastpls","steady_process_batch",1,1,"success",
"tcga_hnsc_methylation","complete_workflow","fastpls","steady_process_batch",1,2,"success",
"tcga_hnsc_methylation","complete_workflow","fastpls","steady_process_batch",1,3,"success",
"tcga_hnsc_methylation","complete_workflow","fastpls","steady_process_batch",1,4,"success",
"tcga_hnsc_methylation","complete_workflow","fastpls","steady_process_batch",1,5,"success",
"tcga_hnsc_methylation","complete_workflow","fastpls","steady_process_batch",1,6,"success",
"tcga_hnsc_methylation","complete_workflow","fastpls","steady_process_batch",1,7,"success",
"tcga_hnsc_methylation","complete_workflow","fastpls","steady_process_batch",1,8,"success",
"tcga_hnsc_methylation","complete_workflow","fastpls","steady_process_batch",1,9,"success",
"tcga_hnsc_methylation","complete_workflow","fastpls","steady_process_batch",1,10,"success",
"tcga_hnsc_methylation","complete_workflow","fastpls","steady_process_batch",1,11,"success",
"tcga_hnsc_methylation","complete_workflow","fastpls","steady_process_batch",1,12,"success",
"tcga_hnsc_methylation","complete_workflow","fastpls","steady_process_batch",1,13,"success",
"tcga_hnsc_methylation","complete_workflow","fastpls","steady_process_batch",1,14,"success",
"tcga_hnsc_methylation","complete_workflow","fastpls","steady_process_batch",1,15,"success",
"tcga_hnsc_methylation","complete_workflow","fastpls","steady_process_batch",1,16,"success",
"tcga_hnsc_methylation","complete_workflow","fastpls","steady_process_batch",1,17,"success",
"tcga_hnsc_methylation","complete_workflow","fastpls","steady_process_batch",1,18,"success",
"tcga_hnsc_methylation","complete_workflow","fastpls","steady_process_batch",1,19,"success",
"tcga_hnsc_methylation","complete_workflow","fastpls","steady_process_batch",1,20,"success",
"tcga_hnsc_methylation","complete_workflow","fastpls","steady_process_batch",1,21,"success",
"tcga_hnsc_methylation","complete_workflow","fastpls","steady_process_batch",1,22,"success",
"tcga_hnsc_methylation","complete_workflow","fastpls","steady_process_batch",1,23,"success",
"tcga_hnsc_methylation","complete_workflow","fastpls","steady_process_batch",1,24,"success",
"tcga_hnsc_methylation","complete_workflow","fastpls","steady_process_batch",1,25,"success",
"tcga_hnsc_methylation","complete_workflow","fastpls","steady_process_batch",1,26,"success",
"tcga_hnsc_methylation","complete_workflow","fastpls","steady_process_batch",1,27,"success",
"tcga_hnsc_methylation","complete_workflow","fastpls","steady_process_batch",1,28,"success",
"tcga_hnsc_methylation","complete_workflow","fastpls","steady_process_batch",1,29,"success",
"tcga_hnsc_methylation","complete_workflow","fastpls","steady_process_batch",1,30,"success",
"tcga_hnsc_methylation","complete_workflow","fastpls","steady_process_batch",1,31,"success",
"tcga_hnsc_methylation","complete_workflow","fastpls","steady_process_batch",1,32,"success",
"tcga_hnsc_methylation","complete_workflow","fastpls","steady_process_batch",1,33,"success",
"tcga_hnsc_methylation","complete_workflow","fastpls","steady_process_batch",1,34,"success",
"tcga_hnsc_methylation","complete_workflow","fastpls","steady_process_batch",1,35,"success",
"tcga_hnsc_methylation","complete_workflow","fastpls","steady_process_batch",1,36,"success",
"tcga_hnsc_methylation","complete_workflow","fastpls","steady_process_batch",1,37,"success",
"tcga_hnsc_methylation","complete_workflow","fastpls","steady_process_batch",1,38,"success",
"tcga_hnsc_methylation","complete_workflow","fastpls","steady_process_batch",1,39,"success",
"tcga_hnsc_methylation","complete_workflow","fastpls","steady_process_batch",1,40,"success",
"tcga_hnsc_methylation","complete_workflow","fastpls","steady_process_batch",1,41,"success",
"tcga_hnsc_methylation","complete_workflow","fastpls","steady_process_batch",1,42,"success",
"tcga_hnsc_methylation","complete_workflow","fastpls","steady_process_batch",1,43,"success",
"tcga_hnsc_methylation","complete_workflow","fastpls","steady_process_batch",1,44,"success",
"tcga_hnsc_methylation","complete_workflow","fastpls","steady_process_batch",1,45,"success",
"tcga_hnsc_methylation","complete_workflow","fastpls","steady_process_batch",1,46,"success",
"tcga_hnsc_methylation","complete_workflow","fastpls","steady_process_batch",1,47,"success",
"tcga_hnsc_methylation","complete_workflow","fastpls","steady_process_batch",1,48,"success",
"tcga_hnsc_methylation","complete_workflow","fastpls","steady_process_batch",1,49,"success",
"tcga_hnsc_methylation","complete_workflow","fastpls","steady_process_batch",1,50,"success",
"tcga_hnsc_methylation","complete_workflow","fastpls","cold_process",1,1,"success",
"tcga_hnsc_methylation","complete_workflow","fastpls","steady_process_batch",1,1,"success",
"tcga_hnsc_methylation","complete_workflow","fastpls","steady_process_batch",1,2,"success",
"tcga_hnsc_methylation","complete_workflow","fastpls","steady_process_batch",1,3,"success",
"tcga_hnsc_methylation","complete_workflow","fastpls","steady_process_batch",1,4,"success",
"tcga_hnsc_methylation","complete_workflow","fastpls","steady_process_batch",1,5,"success",
"tcga_hnsc_methylation","complete_workflow","fastpls","steady_process_batch",1,6,"success",
"tcga_hnsc_methylation","complete_workflow","fastpls","steady_process_batch",1,7,"success",
"tcga_hnsc_methylation","complete_workflow","fastpls","steady_process_batch",1,8,"success",
"tcga_hnsc_methylation","complete_workflow","fastpls","steady_process_batch",1,9,"success",
"tcga_hnsc_methylation","complete_workflow","fastpls","steady_process_batch",1,10,"success",
"tcga_hnsc_methylation","complete_workflow","fastpls","steady_process_batch",1,11,"success",
"tcga_hnsc_methylation","complete_workflow","fastpls","steady_process_batch",1,12,"success",
"tcga_hnsc_methylation","complete_workflow","fastpls","steady_process_batch",1,13,"success",
"tcga_hnsc_methylation","complete_workflow","fastpls","steady_process_batch",1,14,"success",
"tcga_hnsc_methylation","complete_workflow","fastpls","steady_process_batch",1,15,"success",
"tcga_hnsc_methylation","complete_workflow","fastpls","steady_process_batch",1,16,"success",
"tcga_hnsc_methylation","complete_workflow","fastpls","steady_process_batch",1,17,"success",
"tcga_hnsc_methylation","complete_workflow","fastpls","steady_process_batch",1,18,"success",
"tcga_hnsc_methylation","complete_workflow","fastpls","steady_process_batch",1,19,"success",
"tcga_hnsc_methylation","complete_workflow","fastpls","steady_process_batch",1,20,"success",
"tcga_hnsc_methylation","complete_workflow","fastpls","steady_process_batch",1,21,"success",
"tcga_hnsc_methylation","complete_workflow","fastpls","steady_process_batch",1,22,"success",
"tcga_hnsc_methylation","complete_workflow","fastpls","steady_process_batch",1,23,"success",
"tcga_hnsc_methylation","complete_workflow","fastpls","steady_process_batch",1,24,"success",
"tcga_hnsc_methylation","complete_workflow","fastpls","steady_process_batch",1,25,"success",
"tcga_hnsc_methylation","complete_workflow","fastpls","steady_process_batch",1,26,"success",
"tcga_hnsc_methylation","complete_workflow","fastpls","steady_process_batch",1,27,"success",
"tcga_hnsc_methylation","complete_workflow","fastpls","steady_process_batch",1,28,"success",
"tcga_hnsc_methylation","complete_workflow","fastpls","steady_process_batch",1,29,"success",
"tcga_hnsc_methylation","complete_workflow","fastpls","steady_process_batch",1,30,"success",
"tcga_hnsc_methylation","complete_workflow","fastpls","steady_process_batch",1,31,"success",
"tcga_hnsc_methylation","complete_workflow","fastpls","steady_process_batch",1,32,"success",
"tcga_hnsc_methylation","complete_workflow","fastpls","steady_process_batch",1,33,"success",
"tcga_hnsc_methylation","complete_workflow","fastpls","steady_process_batch",1,34,"success",
"tcga_hnsc_methylation","complete_workflow","fastpls","steady_process_batch",1,35,"success",
"tcga_hnsc_methylation","complete_workflow","fastpls","steady_process_batch",1,36,"success",
"tcga_hnsc_methylation","complete_workflow","fastpls","steady_process_batch",1,37,"success",
"tcga_hnsc_methylation","complete_workflow","fastpls","steady_process_batch",1,38,"success",
"tcga_hnsc_methylation","complete_workflow","fastpls","steady_process_batch",1,39,"success",
"tcga_hnsc_methylation","complete_workflow","fastpls","steady_process_batch",1,40,"success",
"tcga_hnsc_methylation","complete_workflow","fastpls","steady_process_batch",1,41,"success",
"tcga_hnsc_methylation","complete_workflow","fastpls","steady_process_batch",1,42,"success",
"tcga_hnsc_methylation","complete_workflow","fastpls","steady_process_batch",1,43,"success",
"tcga_hnsc_methylation","complete_workflow","fastpls","steady_process_batch",1,44,"success",
"tcga_hnsc_methylation","complete_workflow","fastpls","steady_process_batch",1,45,"success",
"tcga_hnsc_methylation","complete_workflow","fastpls","steady_process_batch",1,46,"success",
"tcga_hnsc_methylation","complete_workflow","fastpls","steady_process_batch",1,47,"success",
"tcga_hnsc_methylation","complete_workflow","fastpls","steady_process_batch",1,48,"success",
"tcga_hnsc_methylation","complete_workflow","fastpls","steady_process_batch",1,49,"success",
"tcga_hnsc_methylation","complete_workflow","fastpls","steady_process_batch",1,50,"success",
"tcga_hnsc_methylation","complete_workflow","fastpls","cold_process",2,1,"success",
"tcga_hnsc_methylation","complete_workflow","fastpls","cold_process",3,1,"success",
"tcga_hnsc_methylation","complete_workflow","fastpls","cold_process",4,1,"success",
"tcga_hnsc_methylation","complete_workflow","fastpls","cold_process",5,1,"success",
"tcga_hnsc_methylation","complete_workflow","fastpls","cold_process",6,1,"success",
"tcga_hnsc_methylation","complete_workflow","fastpls","cold_process",7,1,"success",
"tcga_hnsc_methylation","complete_workflow","fastpls","cold_process",8,1,"success",
"tcga_hnsc_methylation","complete_workflow","fastpls","cold_process",9,1,"success",
"tcga_hnsc_methylation","complete_workflow","fastpls","cold_process",10,1,"success",
"tcga_hnsc_methylation","complete_workflow","fastpls","cold_process",11,1,"success",
"tcga_hnsc_methylation","complete_workflow","fastpls","cold_process",12,1,"success",
"tcga_hnsc_methylation","complete_workflow","fastpls","cold_process",13,1,"success",
"tcga_hnsc_methylation","complete_workflow","fastpls","cold_process",14,1,"success",
"tcga_hnsc_methylation","complete_workflow","fastpls","cold_process",15,1,"success",
"tcga_hnsc_methylation","complete_workflow","fastpls","cold_process",16,1,"success",
"tcga_hnsc_methylation","complete_workflow","fastpls","cold_process",17,1,"success",
"tcga_hnsc_methylation","complete_workflow","fastpls","cold_process",18,1,"success",
"tcga_hnsc_methylation","complete_workflow","fastpls","cold_process",19,1,"success",
"tcga_hnsc_methylation","complete_workflow","fastpls","cold_process",20,1,"success",
"tcga_hnsc_methylation","complete_workflow","fastpls","cold_process",21,1,"success",
"tcga_hnsc_methylation","complete_workflow","fastpls","cold_process",22,1,"success",
"tcga_hnsc_methylation","complete_workflow","fastpls","cold_process",23,1,"success",
"tcga_hnsc_methylation","complete_workflow","fastpls","cold_process",24,1,"success",
"tcga_hnsc_methylation","complete_workflow","fastpls","cold_process",25,1,"success",
"tcga_hnsc_methylation","complete_workflow","fastpls","cold_process",26,1,"success",
"tcga_hnsc_methylation","complete_workflow","fastpls","cold_process",27,1,"success",
"tcga_hnsc_methylation","complete_workflow","fastpls","cold_process",28,1,"success",
"tcga_hnsc_methylation","complete_workflow","fastpls","cold_process",29,1,"success",
"tcga_hnsc_methylation","complete_workflow","fastpls","cold_process",30,1,"success",
"tcga_hnsc_methylation","complete_workflow","fastpls","cold_process",31,1,"success",
"tcga_hnsc_methylation","complete_workflow","fastpls","cold_process",32,1,"success",
"tcga_hnsc_methylation","complete_workflow","fastpls","cold_process",33,1,"success",
"tcga_hnsc_methylation","complete_workflow","fastpls","cold_process",34,1,"success",
"tcga_hnsc_methylation","complete_workflow","fastpls","cold_process",35,1,"success",
"tcga_hnsc_methylation","complete_workflow","fastpls","cold_process",36,1,"success",
"tcga_hnsc_methylation","complete_workflow","fastpls","cold_process",37,1,"success",
"tcga_hnsc_methylation","complete_workflow","fastpls","cold_process",38,1,"success",
"tcga_hnsc_methylation","complete_workflow","fastpls","cold_process",39,1,"success",
"tcga_hnsc_methylation","complete_workflow","fastpls","cold_process",40,1,"success",
"tcga_hnsc_methylation","complete_workflow","fastpls","cold_process",41,1,"success",
"tcga_hnsc_methylation","complete_workflow","fastpls","cold_process",42,1,"success",
"tcga_hnsc_methylation","complete_workflow","fastpls","cold_process",43,1,"success",
"tcga_hnsc_methylation","complete_workflow","fastpls","cold_process",44,1,"success",
"tcga_hnsc_methylation","complete_workflow","fastpls","cold_process",45,1,"success",
"tcga_hnsc_methylation","complete_workflow","fastpls","cold_process",46,1,"success",
"tcga_hnsc_methylation","complete_workflow","fastpls","cold_process",47,1,"success",
"tcga_hnsc_methylation","complete_workflow","fastpls","cold_process",48,1,"success",
"tcga_hnsc_methylation","complete_workflow","fastpls","cold_process",49,1,"success",
"tcga_hnsc_methylation","complete_workflow","fastpls","cold_process",50,1,"success",
"tcga_hnsc_methylation","complete_workflow","pls","cold_process",1,1,"success",
"tcga_hnsc_methylation","complete_workflow","pls","steady_process_batch",1,1,"success",
"tcga_hnsc_methylation","complete_workflow","pls","steady_process_batch",1,2,"success",
"tcga_hnsc_methylation","complete_workflow","pls","steady_process_batch",1,3,"success",
"tcga_hnsc_methylation","complete_workflow","pls","steady_process_batch",1,4,"success",
"tcga_hnsc_methylation","complete_workflow","pls","steady_process_batch",1,5,"success",
"tcga_hnsc_methylation","complete_workflow","pls","steady_process_batch",1,6,"success",
"tcga_hnsc_methylation","complete_workflow","pls","steady_process_batch",1,7,"success",
"tcga_hnsc_methylation","complete_workflow","pls","steady_process_batch",1,8,"success",
"tcga_hnsc_methylation","complete_workflow","pls","steady_process_batch",1,9,"success",
"tcga_hnsc_methylation","complete_workflow","pls","steady_process_batch",1,10,"success",
"tcga_hnsc_methylation","complete_workflow","pls","steady_process_batch",1,11,"success",
"tcga_hnsc_methylation","complete_workflow","pls","steady_process_batch",1,12,"success",
"tcga_hnsc_methylation","complete_workflow","pls","steady_process_batch",1,13,"success",
"tcga_hnsc_methylation","complete_workflow","pls","steady_process_batch",1,14,"success",
"tcga_hnsc_methylation","complete_workflow","pls","steady_process_batch",1,15,"success",
"tcga_hnsc_methylation","complete_workflow","pls","steady_process_batch",1,16,"success",
"tcga_hnsc_methylation","complete_workflow","pls","steady_process_batch",1,17,"success",
"tcga_hnsc_methylation","complete_workflow","pls","steady_process_batch",1,18,"success",
"tcga_hnsc_methylation","complete_workflow","pls","steady_process_batch",1,19,"success",
"tcga_hnsc_methylation","complete_workflow","pls","steady_process_batch",1,20,"success",
"tcga_hnsc_methylation","complete_workflow","pls","steady_process_batch",1,21,"success",
"tcga_hnsc_methylation","complete_workflow","pls","steady_process_batch",1,22,"success",
"tcga_hnsc_methylation","complete_workflow","pls","steady_process_batch",1,23,"success",
"tcga_hnsc_methylation","complete_workflow","pls","steady_process_batch",1,24,"success",
"tcga_hnsc_methylation","complete_workflow","pls","steady_process_batch",1,25,"success",
"tcga_hnsc_methylation","complete_workflow","pls","steady_process_batch",1,26,"success",
"tcga_hnsc_methylation","complete_workflow","pls","steady_process_batch",1,27,"success",
"tcga_hnsc_methylation","complete_workflow","pls","steady_process_batch",1,28,"success",
"tcga_hnsc_methylation","complete_workflow","pls","steady_process_batch",1,29,"success",
"tcga_hnsc_methylation","complete_workflow","pls","steady_process_batch",1,30,"success",
"tcga_hnsc_methylation","complete_workflow","pls","steady_process_batch",1,31,"success",
"tcga_hnsc_methylation","complete_workflow","pls","steady_process_batch",1,32,"success",
"tcga_hnsc_methylation","complete_workflow","pls","steady_process_batch",1,33,"success",
"tcga_hnsc_methylation","complete_workflow","pls","steady_process_batch",1,34,"success",
"tcga_hnsc_methylation","complete_workflow","pls","steady_process_batch",1,35,"success",
"tcga_hnsc_methylation","complete_workflow","pls","steady_process_batch",1,36,"success",
"tcga_hnsc_methylation","complete_workflow","pls","steady_process_batch",1,37,"success",
"tcga_hnsc_methylation","complete_workflow","pls","steady_process_batch",1,38,"success",
"tcga_hnsc_methylation","complete_workflow","pls","steady_process_batch",1,39,"success",
"tcga_hnsc_methylation","complete_workflow","pls","steady_process_batch",1,40,"success",
"tcga_hnsc_methylation","complete_workflow","pls","steady_process_batch",1,41,"success",
"tcga_hnsc_methylation","complete_workflow","pls","steady_process_batch",1,42,"success",
"tcga_hnsc_methylation","complete_workflow","pls","steady_process_batch",1,43,"success",
"tcga_hnsc_methylation","complete_workflow","pls","steady_process_batch",1,44,"success",
"tcga_hnsc_methylation","complete_workflow","pls","steady_process_batch",1,45,"success",
"tcga_hnsc_methylation","complete_workflow","pls","steady_process_batch",1,46,"success",
"tcga_hnsc_methylation","complete_workflow","pls","steady_process_batch",1,47,"success",
"tcga_hnsc_methylation","complete_workflow","pls","steady_process_batch",1,48,"success",
"tcga_hnsc_methylation","complete_workflow","pls","steady_process_batch",1,49,"success",
"tcga_hnsc_methylation","complete_workflow","pls","steady_process_batch",1,50,"success",
"tcga_hnsc_methylation","complete_workflow","pls","cold_process",2,1,"success",
"tcga_hnsc_methylation","complete_workflow","pls","cold_process",3,1,"success",
"tcga_hnsc_methylation","complete_workflow","pls","cold_process",4,1,"success",
"tcga_hnsc_methylation","complete_workflow","pls","cold_process",5,1,"success",
"tcga_hnsc_methylation","complete_workflow","pls","cold_process",6,1,"success",
"tcga_hnsc_methylation","complete_workflow","pls","cold_process",7,1,"success",
"tcga_hnsc_methylation","complete_workflow","pls","cold_process",8,1,"success",
"tcga_hnsc_methylation","complete_workflow","pls","cold_process",9,1,"success",
"tcga_hnsc_methylation","complete_workflow","pls","cold_process",10,1,"success",
"tcga_hnsc_methylation","complete_workflow","pls","cold_process",11,1,"success",
"tcga_hnsc_methylation","complete_workflow","pls","cold_process",12,1,"success",
"tcga_hnsc_methylation","complete_workflow","pls","cold_process",13,1,"success",
"tcga_hnsc_methylation","complete_workflow","pls","cold_process",14,1,"success",
"tcga_hnsc_methylation","complete_workflow","pls","cold_process",15,1,"success",
"tcga_hnsc_methylation","complete_workflow","pls","cold_process",16,1,"success",
"tcga_hnsc_methylation","complete_workflow","pls","cold_process",17,1,"success",
"tcga_hnsc_methylation","complete_workflow","pls","cold_process",18,1,"success",
"tcga_hnsc_methylation","complete_workflow","pls","cold_process",19,1,"success",
"tcga_hnsc_methylation","complete_workflow","pls","cold_process",20,1,"success",
"tcga_hnsc_methylation","complete_workflow","pls","cold_process",21,1,"success",
"tcga_hnsc_methylation","complete_workflow","pls","cold_process",22,1,"success",
"tcga_hnsc_methylation","complete_workflow","pls","cold_process",23,1,"success",
"tcga_hnsc_methylation","complete_workflow","pls","cold_process",24,1,"success",
"tcga_hnsc_methylation","complete_workflow","pls","cold_process",25,1,"success",
"tcga_hnsc_methylation","complete_workflow","pls","cold_process",26,1,"success",
"tcga_hnsc_methylation","complete_workflow","pls","cold_process",27,1,"success",
"tcga_hnsc_methylation","complete_workflow","pls","cold_process",28,1,"success",
"tcga_hnsc_methylation","complete_workflow","pls","cold_process",29,1,"success",
"tcga_hnsc_methylation","complete_workflow","pls","cold_process",30,1,"success",
"tcga_hnsc_methylation","complete_workflow","pls","cold_process",31,1,"success",
"tcga_hnsc_methylation","complete_workflow","pls","cold_process",32,1,"success",
"tcga_hnsc_methylation","complete_workflow","pls","cold_process",33,1,"success",
"tcga_hnsc_methylation","complete_workflow","pls","cold_process",34,1,"success",
"tcga_hnsc_methylation","complete_workflow","pls","cold_process",35,1,"success",
"tcga_hnsc_methylation","complete_workflow","pls","cold_process",36,1,"success",
"tcga_hnsc_methylation","complete_workflow","pls","cold_process",37,1,"success",
"tcga_hnsc_methylation","complete_workflow","pls","cold_process",38,1,"success",
"tcga_hnsc_methylation","complete_workflow","pls","cold_process",39,1,"success",
"tcga_hnsc_methylation","complete_workflow","pls","cold_process",40,1,"success",
"tcga_hnsc_methylation","complete_workflow","pls","cold_process",41,1,"success",
"tcga_hnsc_methylation","complete_workflow","pls","cold_process",42,1,"success",
"tcga_hnsc_methylation","complete_workflow","pls","cold_process",43,1,"success",
"tcga_hnsc_methylation","complete_workflow","pls","cold_process",44,1,"success",
"tcga_hnsc_methylation","complete_workflow","pls","cold_process",45,1,"success",
"tcga_hnsc_methylation","complete_workflow","pls","cold_process",46,1,"success",
"tcga_hnsc_methylation","complete_workflow","pls","cold_process",47,1,"success",
"tcga_hnsc_methylation","complete_workflow","pls","cold_process",48,1,"success",
"tcga_hnsc_methylation","complete_workflow","pls","cold_process",49,1,"success",
"tcga_hnsc_methylation","complete_workflow","pls","cold_process",50,1,"success",
"tcga_hnsc_methylation","estimator_kernel","fastpls","steady_process_batch",1,1,"success",
"tcga_hnsc_methylation","estimator_kernel","fastpls","steady_process_batch",1,2,"success",
"tcga_hnsc_methylation","estimator_kernel","fastpls","steady_process_batch",1,3,"success",
"tcga_hnsc_methylation","estimator_kernel","fastpls","steady_process_batch",1,4,"success",
"tcga_hnsc_methylation","estimator_kernel","fastpls","steady_process_batch",1,5,"success",
"tcga_hnsc_methylation","estimator_kernel","fastpls","steady_process_batch",1,6,"success",
"tcga_hnsc_methylation","estimator_kernel","fastpls","steady_process_batch",1,7,"success",
"tcga_hnsc_methylation","estimator_kernel","fastpls","steady_process_batch",1,8,"success",
"tcga_hnsc_methylation","estimator_kernel","fastpls","steady_process_batch",1,9,"success",
"tcga_hnsc_methylation","estimator_kernel","fastpls","steady_process_batch",1,10,"success",
"tcga_hnsc_methylation","estimator_kernel","fastpls","steady_process_batch",1,11,"success",
"tcga_hnsc_methylation","estimator_kernel","fastpls","steady_process_batch",1,12,"success",
"tcga_hnsc_methylation","estimator_kernel","fastpls","steady_process_batch",1,13,"success",
"tcga_hnsc_methylation","estimator_kernel","fastpls","steady_process_batch",1,14,"success",
"tcga_hnsc_methylation","estimator_kernel","fastpls","steady_process_batch",1,15,"success",
"tcga_hnsc_methylation","estimator_kernel","fastpls","steady_process_batch",1,16,"success",
"tcga_hnsc_methylation","estimator_kernel","fastpls","steady_process_batch",1,17,"success",
"tcga_hnsc_methylation","estimator_kernel","fastpls","steady_process_batch",1,18,"success",
"tcga_hnsc_methylation","estimator_kernel","fastpls","steady_process_batch",1,19,"success",
"tcga_hnsc_methylation","estimator_kernel","fastpls","steady_process_batch",1,20,"success",
"tcga_hnsc_methylation","estimator_kernel","fastpls","steady_process_batch",1,21,"success",
"tcga_hnsc_methylation","estimator_kernel","fastpls","steady_process_batch",1,22,"success",
"tcga_hnsc_methylation","estimator_kernel","fastpls","steady_process_batch",1,23,"success",
"tcga_hnsc_methylation","estimator_kernel","fastpls","steady_process_batch",1,24,"success",
"tcga_hnsc_methylation","estimator_kernel","fastpls","steady_process_batch",1,25,"success",
"tcga_hnsc_methylation","estimator_kernel","fastpls","steady_process_batch",1,26,"success",
"tcga_hnsc_methylation","estimator_kernel","fastpls","steady_process_batch",1,27,"success",
"tcga_hnsc_methylation","estimator_kernel","fastpls","steady_process_batch",1,28,"success",
"tcga_hnsc_methylation","estimator_kernel","fastpls","steady_process_batch",1,29,"success",
"tcga_hnsc_methylation","estimator_kernel","fastpls","steady_process_batch",1,30,"success",
"tcga_hnsc_methylation","estimator_kernel","fastpls","steady_process_batch",1,31,"success",
"tcga_hnsc_methylation","estimator_kernel","fastpls","steady_process_batch",1,32,"success",
"tcga_hnsc_methylation","estimator_kernel","fastpls","steady_process_batch",1,33,"success",
"tcga_hnsc_methylation","estimator_kernel","fastpls","steady_process_batch",1,34,"success",
"tcga_hnsc_methylation","estimator_kernel","fastpls","steady_process_batch",1,35,"success",
"tcga_hnsc_methylation","estimator_kernel","fastpls","steady_process_batch",1,36,"success",
"tcga_hnsc_methylation","estimator_kernel","fastpls","steady_process_batch",1,37,"success",
"tcga_hnsc_methylation","estimator_kernel","fastpls","steady_process_batch",1,38,"success",
"tcga_hnsc_methylation","estimator_kernel","fastpls","steady_process_batch",1,39,"success",
"tcga_hnsc_methylation","estimator_kernel","fastpls","steady_process_batch",1,40,"success",
"tcga_hnsc_methylation","estimator_kernel","fastpls","steady_process_batch",1,41,"success",
"tcga_hnsc_methylation","estimator_kernel","fastpls","steady_process_batch",1,42,"success",
"tcga_hnsc_methylation","estimator_kernel","fastpls","steady_process_batch",1,43,"success",
"tcga_hnsc_methylation","estimator_kernel","fastpls","steady_process_batch",1,44,"success",
"tcga_hnsc_methylation","estimator_kernel","fastpls","steady_process_batch",1,45,"success",
"tcga_hnsc_methylation","estimator_kernel","fastpls","steady_process_batch",1,46,"success",
"tcga_hnsc_methylation","estimator_kernel","fastpls","steady_process_batch",1,47,"success",
"tcga_hnsc_methylation","estimator_kernel","fastpls","steady_process_batch",1,48,"success",
"tcga_hnsc_methylation","estimator_kernel","fastpls","steady_process_batch",1,49,"success",
"tcga_hnsc_methylation","estimator_kernel","fastpls","steady_process_batch",1,50,"success",
"tcga_hnsc_methylation","estimator_kernel","fastpls","cold_process",1,1,"success",
"tcga_hnsc_methylation","estimator_kernel","fastpls","steady_process_batch",1,1,"success",
"tcga_hnsc_methylation","estimator_kernel","fastpls","steady_process_batch",1,2,"success",
"tcga_hnsc_methylation","estimator_kernel","fastpls","steady_process_batch",1,3,"success",
"tcga_hnsc_methylation","estimator_kernel","fastpls","steady_process_batch",1,4,"success",
"tcga_hnsc_methylation","estimator_kernel","fastpls","steady_process_batch",1,5,"success",
"tcga_hnsc_methylation","estimator_kernel","fastpls","steady_process_batch",1,6,"success",
"tcga_hnsc_methylation","estimator_kernel","fastpls","steady_process_batch",1,7,"success",
"tcga_hnsc_methylation","estimator_kernel","fastpls","steady_process_batch",1,8,"success",
"tcga_hnsc_methylation","estimator_kernel","fastpls","steady_process_batch",1,9,"success",
"tcga_hnsc_methylation","estimator_kernel","fastpls","steady_process_batch",1,10,"success",
"tcga_hnsc_methylation","estimator_kernel","fastpls","steady_process_batch",1,11,"success",
"tcga_hnsc_methylation","estimator_kernel","fastpls","steady_process_batch",1,12,"success",
"tcga_hnsc_methylation","estimator_kernel","fastpls","steady_process_batch",1,13,"success",
"tcga_hnsc_methylation","estimator_kernel","fastpls","steady_process_batch",1,14,"success",
"tcga_hnsc_methylation","estimator_kernel","fastpls","steady_process_batch",1,15,"success",
"tcga_hnsc_methylation","estimator_kernel","fastpls","steady_process_batch",1,16,"success",
"tcga_hnsc_methylation","estimator_kernel","fastpls","steady_process_batch",1,17,"success",
"tcga_hnsc_methylation","estimator_kernel","fastpls","steady_process_batch",1,18,"success",
"tcga_hnsc_methylation","estimator_kernel","fastpls","steady_process_batch",1,19,"success",
"tcga_hnsc_methylation","estimator_kernel","fastpls","steady_process_batch",1,20,"success",
"tcga_hnsc_methylation","estimator_kernel","fastpls","steady_process_batch",1,21,"success",
"tcga_hnsc_methylation","estimator_kernel","fastpls","steady_process_batch",1,22,"success",
"tcga_hnsc_methylation","estimator_kernel","fastpls","steady_process_batch",1,23,"success",
"tcga_hnsc_methylation","estimator_kernel","fastpls","steady_process_batch",1,24,"success",
"tcga_hnsc_methylation","estimator_kernel","fastpls","steady_process_batch",1,25,"success",
"tcga_hnsc_methylation","estimator_kernel","fastpls","steady_process_batch",1,26,"success",
"tcga_hnsc_methylation","estimator_kernel","fastpls","steady_process_batch",1,27,"success",
"tcga_hnsc_methylation","estimator_kernel","fastpls","steady_process_batch",1,28,"success",
"tcga_hnsc_methylation","estimator_kernel","fastpls","steady_process_batch",1,29,"success",
"tcga_hnsc_methylation","estimator_kernel","fastpls","steady_process_batch",1,30,"success",
"tcga_hnsc_methylation","estimator_kernel","fastpls","steady_process_batch",1,31,"success",
"tcga_hnsc_methylation","estimator_kernel","fastpls","steady_process_batch",1,32,"success",
"tcga_hnsc_methylation","estimator_kernel","fastpls","steady_process_batch",1,33,"success",
"tcga_hnsc_methylation","estimator_kernel","fastpls","steady_process_batch",1,34,"success",
"tcga_hnsc_methylation","estimator_kernel","fastpls","steady_process_batch",1,35,"success",
"tcga_hnsc_methylation","estimator_kernel","fastpls","steady_process_batch",1,36,"success",
"tcga_hnsc_methylation","estimator_kernel","fastpls","steady_process_batch",1,37,"success",
"tcga_hnsc_methylation","estimator_kernel","fastpls","steady_process_batch",1,38,"success",
"tcga_hnsc_methylation","estimator_kernel","fastpls","steady_process_batch",1,39,"success",
"tcga_hnsc_methylation","estimator_kernel","fastpls","steady_process_batch",1,40,"success",
"tcga_hnsc_methylation","estimator_kernel","fastpls","steady_process_batch",1,41,"success",
"tcga_hnsc_methylation","estimator_kernel","fastpls","steady_process_batch",1,42,"success",
"tcga_hnsc_methylation","estimator_kernel","fastpls","steady_process_batch",1,43,"success",
"tcga_hnsc_methylation","estimator_kernel","fastpls","steady_process_batch",1,44,"success",
"tcga_hnsc_methylation","estimator_kernel","fastpls","steady_process_batch",1,45,"success",
"tcga_hnsc_methylation","estimator_kernel","fastpls","steady_process_batch",1,46,"success",
"tcga_hnsc_methylation","estimator_kernel","fastpls","steady_process_batch",1,47,"success",
"tcga_hnsc_methylation","estimator_kernel","fastpls","steady_process_batch",1,48,"success",
"tcga_hnsc_methylation","estimator_kernel","fastpls","steady_process_batch",1,49,"success",
"tcga_hnsc_methylation","estimator_kernel","fastpls","steady_process_batch",1,50,"success",
"tcga_hnsc_methylation","estimator_kernel","fastpls","cold_process",2,1,"success",
"tcga_hnsc_methylation","estimator_kernel","fastpls","cold_process",3,1,"success",
"tcga_hnsc_methylation","estimator_kernel","fastpls","cold_process",4,1,"success",
"tcga_hnsc_methylation","estimator_kernel","fastpls","cold_process",5,1,"success",
"tcga_hnsc_methylation","estimator_kernel","fastpls","cold_process",6,1,"success",
"tcga_hnsc_methylation","estimator_kernel","fastpls","cold_process",7,1,"success",
"tcga_hnsc_methylation","estimator_kernel","fastpls","cold_process",8,1,"success",
"tcga_hnsc_methylation","estimator_kernel","fastpls","cold_process",9,1,"success",
"tcga_hnsc_methylation","estimator_kernel","fastpls","cold_process",10,1,"success",
"tcga_hnsc_methylation","estimator_kernel","fastpls","cold_process",11,1,"success",
"tcga_hnsc_methylation","estimator_kernel","fastpls","cold_process",12,1,"success",
"tcga_hnsc_methylation","estimator_kernel","fastpls","cold_process",13,1,"success",
"tcga_hnsc_methylation","estimator_kernel","fastpls","cold_process",14,1,"success",
"tcga_hnsc_methylation","estimator_kernel","fastpls","cold_process",15,1,"success",
"tcga_hnsc_methylation","estimator_kernel","fastpls","cold_process",16,1,"success",
"tcga_hnsc_methylation","estimator_kernel","fastpls","cold_process",17,1,"success",
"tcga_hnsc_methylation","estimator_kernel","fastpls","cold_process",18,1,"success",
"tcga_hnsc_methylation","estimator_kernel","fastpls","cold_process",19,1,"success",
"tcga_hnsc_methylation","estimator_kernel","fastpls","cold_process",20,1,"success",
"tcga_hnsc_methylation","estimator_kernel","fastpls","cold_process",21,1,"success",
"tcga_hnsc_methylation","estimator_kernel","fastpls","cold_process",22,1,"success",
"tcga_hnsc_methylation","estimator_kernel","fastpls","cold_process",23,1,"success",
"tcga_hnsc_methylation","estimator_kernel","fastpls","cold_process",24,1,"success",
"tcga_hnsc_methylation","estimator_kernel","fastpls","cold_process",25,1,"success",
"tcga_hnsc_methylation","estimator_kernel","fastpls","cold_process",26,1,"success",
"tcga_hnsc_methylation","estimator_kernel","fastpls","cold_process",27,1,"success",
"tcga_hnsc_methylation","estimator_kernel","fastpls","cold_process",28,1,"success",
"tcga_hnsc_methylation","estimator_kernel","fastpls","cold_process",29,1,"success",
"tcga_hnsc_methylation","estimator_kernel","fastpls","cold_process",30,1,"success",
"tcga_hnsc_methylation","estimator_kernel","fastpls","cold_process",31,1,"success",
"tcga_hnsc_methylation","estimator_kernel","fastpls","cold_process",32,1,"success",
"tcga_hnsc_methylation","estimator_kernel","fastpls","cold_process",33,1,"success",
"tcga_hnsc_methylation","estimator_kernel","fastpls","cold_process",34,1,"success",
"tcga_hnsc_methylation","estimator_kernel","fastpls","cold_process",35,1,"success",
"tcga_hnsc_methylation","estimator_kernel","fastpls","cold_process",36,1,"success",
"tcga_hnsc_methylation","estimator_kernel","fastpls","cold_process",37,1,"success",
"tcga_hnsc_methylation","estimator_kernel","fastpls","cold_process",38,1,"success",
"tcga_hnsc_methylation","estimator_kernel","fastpls","cold_process",39,1,"success",
"tcga_hnsc_methylation","estimator_kernel","fastpls","cold_process",40,1,"success",
"tcga_hnsc_methylation","estimator_kernel","fastpls","cold_process",41,1,"success",
"tcga_hnsc_methylation","estimator_kernel","fastpls","cold_process",42,1,"success",
"tcga_hnsc_methylation","estimator_kernel","fastpls","cold_process",43,1,"success",
"tcga_hnsc_methylation","estimator_kernel","fastpls","cold_process",44,1,"success",
"tcga_hnsc_methylation","estimator_kernel","fastpls","cold_process",45,1,"success",
"tcga_hnsc_methylation","estimator_kernel","fastpls","cold_process",46,1,"success",
"tcga_hnsc_methylation","estimator_kernel","fastpls","cold_process",47,1,"success",
"tcga_hnsc_methylation","estimator_kernel","fastpls","cold_process",48,1,"success",
"tcga_hnsc_methylation","estimator_kernel","fastpls","cold_process",49,1,"success",
"tcga_hnsc_methylation","estimator_kernel","fastpls","cold_process",50,1,"success",
"tcga_hnsc_methylation","estimator_kernel","pls","cold_process",1,1,"success",
"tcga_hnsc_methylation","estimator_kernel","pls","steady_process_batch",1,1,"success",
"tcga_hnsc_methylation","estimator_kernel","pls","steady_process_batch",1,2,"success",
"tcga_hnsc_methylation","estimator_kernel","pls","steady_process_batch",1,3,"success",
"tcga_hnsc_methylation","estimator_kernel","pls","steady_process_batch",1,4,"success",
"tcga_hnsc_methylation","estimator_kernel","pls","steady_process_batch",1,5,"success",
"tcga_hnsc_methylation","estimator_kernel","pls","steady_process_batch",1,6,"success",
"tcga_hnsc_methylation","estimator_kernel","pls","steady_process_batch",1,7,"success",
"tcga_hnsc_methylation","estimator_kernel","pls","steady_process_batch",1,8,"success",
"tcga_hnsc_methylation","estimator_kernel","pls","steady_process_batch",1,9,"success",
"tcga_hnsc_methylation","estimator_kernel","pls","steady_process_batch",1,10,"success",
"tcga_hnsc_methylation","estimator_kernel","pls","steady_process_batch",1,11,"success",
"tcga_hnsc_methylation","estimator_kernel","pls","steady_process_batch",1,12,"success",
"tcga_hnsc_methylation","estimator_kernel","pls","steady_process_batch",1,13,"success",
"tcga_hnsc_methylation","estimator_kernel","pls","steady_process_batch",1,14,"success",
"tcga_hnsc_methylation","estimator_kernel","pls","steady_process_batch",1,15,"success",
"tcga_hnsc_methylation","estimator_kernel","pls","steady_process_batch",1,16,"success",
"tcga_hnsc_methylation","estimator_kernel","pls","steady_process_batch",1,17,"success",
"tcga_hnsc_methylation","estimator_kernel","pls","steady_process_batch",1,18,"success",
"tcga_hnsc_methylation","estimator_kernel","pls","steady_process_batch",1,19,"success",
"tcga_hnsc_methylation","estimator_kernel","pls","steady_process_batch",1,20,"success",
"tcga_hnsc_methylation","estimator_kernel","pls","steady_process_batch",1,21,"success",
"tcga_hnsc_methylation","estimator_kernel","pls","steady_process_batch",1,22,"success",
"tcga_hnsc_methylation","estimator_kernel","pls","steady_process_batch",1,23,"success",
"tcga_hnsc_methylation","estimator_kernel","pls","steady_process_batch",1,24,"success",
"tcga_hnsc_methylation","estimator_kernel","pls","steady_process_batch",1,25,"success",
"tcga_hnsc_methylation","estimator_kernel","pls","steady_process_batch",1,26,"success",
"tcga_hnsc_methylation","estimator_kernel","pls","steady_process_batch",1,27,"success",
"tcga_hnsc_methylation","estimator_kernel","pls","steady_process_batch",1,28,"success",
"tcga_hnsc_methylation","estimator_kernel","pls","steady_process_batch",1,29,"success",
"tcga_hnsc_methylation","estimator_kernel","pls","steady_process_batch",1,30,"success",
"tcga_hnsc_methylation","estimator_kernel","pls","steady_process_batch",1,31,"success",
"tcga_hnsc_methylation","estimator_kernel","pls","steady_process_batch",1,32,"success",
"tcga_hnsc_methylation","estimator_kernel","pls","steady_process_batch",1,33,"success",
"tcga_hnsc_methylation","estimator_kernel","pls","steady_process_batch",1,34,"success",
"tcga_hnsc_methylation","estimator_kernel","pls","steady_process_batch",1,35,"success",
"tcga_hnsc_methylation","estimator_kernel","pls","steady_process_batch",1,36,"success",
"tcga_hnsc_methylation","estimator_kernel","pls","steady_process_batch",1,37,"success",
"tcga_hnsc_methylation","estimator_kernel","pls","steady_process_batch",1,38,"success",
"tcga_hnsc_methylation","estimator_kernel","pls","steady_process_batch",1,39,"success",
"tcga_hnsc_methylation","estimator_kernel","pls","steady_process_batch",1,40,"success",
"tcga_hnsc_methylation","estimator_kernel","pls","steady_process_batch",1,41,"success",
"tcga_hnsc_methylation","estimator_kernel","pls","steady_process_batch",1,42,"success",
"tcga_hnsc_methylation","estimator_kernel","pls","steady_process_batch",1,43,"success",
"tcga_hnsc_methylation","estimator_kernel","pls","steady_process_batch",1,44,"success",
"tcga_hnsc_methylation","estimator_kernel","pls","steady_process_batch",1,45,"success",
"tcga_hnsc_methylation","estimator_kernel","pls","steady_process_batch",1,46,"success",
"tcga_hnsc_methylation","estimator_kernel","pls","steady_process_batch",1,47,"success",
"tcga_hnsc_methylation","estimator_kernel","pls","steady_process_batch",1,48,"success",
"tcga_hnsc_methylation","estimator_kernel","pls","steady_process_batch",1,49,"success",
"tcga_hnsc_methylation","estimator_kernel","pls","steady_process_batch",1,50,"success",
"tcga_hnsc_methylation","estimator_kernel","pls","cold_process",2,1,"success",
"tcga_hnsc_methylation","estimator_kernel","pls","cold_process",3,1,"success",
"tcga_hnsc_methylation","estimator_kernel","pls","cold_process",4,1,"success",
"tcga_hnsc_methylation","estimator_kernel","pls","cold_process",5,1,"success",
"tcga_hnsc_methylation","estimator_kernel","pls","cold_process",6,1,"success",
"tcga_hnsc_methylation","estimator_kernel","pls","cold_process",7,1,"success",
"tcga_hnsc_methylation","estimator_kernel","pls","cold_process",8,1,"success",
"tcga_hnsc_methylation","estimator_kernel","pls","cold_process",9,1,"success",
"tcga_hnsc_methylation","estimator_kernel","pls","cold_process",10,1,"success",
"tcga_hnsc_methylation","estimator_kernel","pls","cold_process",11,1,"success",
"tcga_hnsc_methylation","estimator_kernel","pls","cold_process",12,1,"success",
"tcga_hnsc_methylation","estimator_kernel","pls","cold_process",13,1,"success",
"tcga_hnsc_methylation","estimator_kernel","pls","cold_process",14,1,"success",
"tcga_hnsc_methylation","estimator_kernel","pls","cold_process",15,1,"success",
"tcga_hnsc_methylation","estimator_kernel","pls","cold_process",16,1,"success",
"tcga_hnsc_methylation","estimator_kernel","pls","cold_process",17,1,"success",
"tcga_hnsc_methylation","estimator_kernel","pls","cold_process",18,1,"success",
"tcga_hnsc_methylation","estimator_kernel","pls","cold_process",19,1,"success",
"tcga_hnsc_methylation","estimator_kernel","pls","cold_process",20,1,"success",
"tcga_hnsc_methylation","estimator_kernel","pls","cold_process",21,1,"success",
"tcga_hnsc_methylation","estimator_kernel","pls","cold_process",22,1,"success",
"tcga_hnsc_methylation","estimator_kernel","pls","cold_process",23,1,"success",
"tcga_hnsc_methylation","estimator_kernel","pls","cold_process",24,1,"success",
"tcga_hnsc_methylation","estimator_kernel","pls","cold_process",25,1,"success",
"tcga_hnsc_methylation","estimator_kernel","pls","cold_process",26,1,"success",
"tcga_hnsc_methylation","estimator_kernel","pls","cold_process",27,1,"success",
"tcga_hnsc_methylation","estimator_kernel","pls","cold_process",28,1,"success",
"tcga_hnsc_methylation","estimator_kernel","pls","cold_process",29,1,"success",
"tcga_hnsc_methylation","estimator_kernel","pls","cold_process",30,1,"success",
"tcga_hnsc_methylation","estimator_kernel","pls","cold_process",31,1,"success",
"tcga_hnsc_methylation","estimator_kernel","pls","cold_process",32,1,"success",
"tcga_hnsc_methylation","estimator_kernel","pls","cold_process",33,1,"success",
"tcga_hnsc_methylation","estimator_kernel","pls","cold_process",34,1,"success",
"tcga_hnsc_methylation","estimator_kernel","pls","cold_process",35,1,"success",
"tcga_hnsc_methylation","estimator_kernel","pls","cold_process",36,1,"success",
"tcga_hnsc_methylation","estimator_kernel","pls","cold_process",37,1,"success",
"tcga_hnsc_methylation","estimator_kernel","pls","cold_process",38,1,"success",
"tcga_hnsc_methylation","estimator_kernel","pls","cold_process",39,1,"success",
"tcga_hnsc_methylation","estimator_kernel","pls","cold_process",40,1,"success",
"tcga_hnsc_methylation","estimator_kernel","pls","cold_process",41,1,"success",
"tcga_hnsc_methylation","estimator_kernel","pls","cold_process",42,1,"success",
"tcga_hnsc_methylation","estimator_kernel","pls","cold_process",43,1,"success",
"tcga_hnsc_methylation","estimator_kernel","pls","cold_process",44,1,"success",
"tcga_hnsc_methylation","estimator_kernel","pls","cold_process",45,1,"success",
"tcga_hnsc_methylation","estimator_kernel","pls","cold_process",46,1,"success",
"tcga_hnsc_methylation","estimator_kernel","pls","cold_process",47,1,"success",
"tcga_hnsc_methylation","estimator_kernel","pls","cold_process",48,1,"success",
"tcga_hnsc_methylation","estimator_kernel","pls","cold_process",49,1,"success",
"tcga_hnsc_methylation","estimator_kernel","pls","cold_process",50,1,"success",
"tcga_pan_cancer","complete_workflow","fastpls","steady_process_batch",1,1,"success",
"tcga_pan_cancer","complete_workflow","fastpls","steady_process_batch",1,2,"success",
"tcga_pan_cancer","complete_workflow","fastpls","steady_process_batch",1,3,"success",
"tcga_pan_cancer","complete_workflow","fastpls","steady_process_batch",1,4,"success",
"tcga_pan_cancer","complete_workflow","fastpls","steady_process_batch",1,5,"success",
"tcga_pan_cancer","complete_workflow","fastpls","steady_process_batch",1,6,"success",
"tcga_pan_cancer","complete_workflow","fastpls","steady_process_batch",1,7,"success",
"tcga_pan_cancer","complete_workflow","fastpls","steady_process_batch",1,8,"success",
"tcga_pan_cancer","complete_workflow","fastpls","steady_process_batch",1,9,"success",
"tcga_pan_cancer","complete_workflow","fastpls","steady_process_batch",1,10,"success",
"tcga_pan_cancer","complete_workflow","fastpls","steady_process_batch",1,11,"success",
"tcga_pan_cancer","complete_workflow","fastpls","steady_process_batch",1,12,"success",
"tcga_pan_cancer","complete_workflow","fastpls","steady_process_batch",1,13,"success",
"tcga_pan_cancer","complete_workflow","fastpls","steady_process_batch",1,14,"success",
"tcga_pan_cancer","complete_workflow","fastpls","steady_process_batch",1,15,"success",
"tcga_pan_cancer","complete_workflow","fastpls","steady_process_batch",1,16,"success",
"tcga_pan_cancer","complete_workflow","fastpls","steady_process_batch",1,17,"success",
"tcga_pan_cancer","complete_workflow","fastpls","steady_process_batch",1,18,"success",
"tcga_pan_cancer","complete_workflow","fastpls","steady_process_batch",1,19,"success",
"tcga_pan_cancer","complete_workflow","fastpls","steady_process_batch",1,20,"success",
"tcga_pan_cancer","complete_workflow","fastpls","steady_process_batch",1,21,"success",
"tcga_pan_cancer","complete_workflow","fastpls","steady_process_batch",1,22,"success",
"tcga_pan_cancer","complete_workflow","fastpls","steady_process_batch",1,23,"success",
"tcga_pan_cancer","complete_workflow","fastpls","steady_process_batch",1,24,"success",
"tcga_pan_cancer","complete_workflow","fastpls","steady_process_batch",1,25,"success",
"tcga_pan_cancer","complete_workflow","fastpls","steady_process_batch",1,26,"success",
"tcga_pan_cancer","complete_workflow","fastpls","steady_process_batch",1,27,"success",
"tcga_pan_cancer","complete_workflow","fastpls","steady_process_batch",1,28,"success",
"tcga_pan_cancer","complete_workflow","fastpls","steady_process_batch",1,29,"success",
"tcga_pan_cancer","complete_workflow","fastpls","steady_process_batch",1,30,"success",
"tcga_pan_cancer","complete_workflow","fastpls","cold_process",1,1,"success",
"tcga_pan_cancer","complete_workflow","fastpls","steady_process_batch",1,1,"success",
"tcga_pan_cancer","complete_workflow","fastpls","steady_process_batch",1,2,"success",
"tcga_pan_cancer","complete_workflow","fastpls","steady_process_batch",1,3,"success",
"tcga_pan_cancer","complete_workflow","fastpls","steady_process_batch",1,4,"success",
"tcga_pan_cancer","complete_workflow","fastpls","steady_process_batch",1,5,"success",
"tcga_pan_cancer","complete_workflow","fastpls","steady_process_batch",1,6,"success",
"tcga_pan_cancer","complete_workflow","fastpls","steady_process_batch",1,7,"success",
"tcga_pan_cancer","complete_workflow","fastpls","steady_process_batch",1,8,"success",
"tcga_pan_cancer","complete_workflow","fastpls","steady_process_batch",1,9,"success",
"tcga_pan_cancer","complete_workflow","fastpls","steady_process_batch",1,10,"success",
"tcga_pan_cancer","complete_workflow","fastpls","steady_process_batch",1,11,"success",
"tcga_pan_cancer","complete_workflow","fastpls","steady_process_batch",1,12,"success",
"tcga_pan_cancer","complete_workflow","fastpls","steady_process_batch",1,13,"success",
"tcga_pan_cancer","complete_workflow","fastpls","steady_process_batch",1,14,"success",
"tcga_pan_cancer","complete_workflow","fastpls","steady_process_batch",1,15,"success",
"tcga_pan_cancer","complete_workflow","fastpls","steady_process_batch",1,16,"success",
"tcga_pan_cancer","complete_workflow","fastpls","steady_process_batch",1,17,"success",
"tcga_pan_cancer","complete_workflow","fastpls","steady_process_batch",1,18,"success",
"tcga_pan_cancer","complete_workflow","fastpls","steady_process_batch",1,19,"success",
"tcga_pan_cancer","complete_workflow","fastpls","steady_process_batch",1,20,"success",
"tcga_pan_cancer","complete_workflow","fastpls","steady_process_batch",1,21,"success",
"tcga_pan_cancer","complete_workflow","fastpls","steady_process_batch",1,22,"success",
"tcga_pan_cancer","complete_workflow","fastpls","steady_process_batch",1,23,"success",
"tcga_pan_cancer","complete_workflow","fastpls","steady_process_batch",1,24,"success",
"tcga_pan_cancer","complete_workflow","fastpls","steady_process_batch",1,25,"success",
"tcga_pan_cancer","complete_workflow","fastpls","steady_process_batch",1,26,"success",
"tcga_pan_cancer","complete_workflow","fastpls","steady_process_batch",1,27,"success",
"tcga_pan_cancer","complete_workflow","fastpls","steady_process_batch",1,28,"success",
"tcga_pan_cancer","complete_workflow","fastpls","steady_process_batch",1,29,"success",
"tcga_pan_cancer","complete_workflow","fastpls","steady_process_batch",1,30,"success",
"tcga_pan_cancer","complete_workflow","fastpls","cold_process",2,1,"success",
"tcga_pan_cancer","complete_workflow","fastpls","cold_process",3,1,"success",
"tcga_pan_cancer","complete_workflow","fastpls","cold_process",4,1,"success",
"tcga_pan_cancer","complete_workflow","fastpls","cold_process",5,1,"success",
"tcga_pan_cancer","complete_workflow","fastpls","cold_process",6,1,"success",
"tcga_pan_cancer","complete_workflow","fastpls","cold_process",7,1,"success",
"tcga_pan_cancer","complete_workflow","fastpls","cold_process",8,1,"success",
"tcga_pan_cancer","complete_workflow","fastpls","cold_process",9,1,"success",
"tcga_pan_cancer","complete_workflow","fastpls","cold_process",10,1,"success",
"tcga_pan_cancer","complete_workflow","fastpls","cold_process",11,1,"success",
"tcga_pan_cancer","complete_workflow","fastpls","cold_process",12,1,"success",
"tcga_pan_cancer","complete_workflow","fastpls","cold_process",13,1,"success",
"tcga_pan_cancer","complete_workflow","fastpls","cold_process",14,1,"success",
"tcga_pan_cancer","complete_workflow","fastpls","cold_process",15,1,"success",
"tcga_pan_cancer","complete_workflow","fastpls","cold_process",16,1,"success",
"tcga_pan_cancer","complete_workflow","fastpls","cold_process",17,1,"success",
"tcga_pan_cancer","complete_workflow","fastpls","cold_process",18,1,"success",
"tcga_pan_cancer","complete_workflow","fastpls","cold_process",19,1,"success",
"tcga_pan_cancer","complete_workflow","fastpls","cold_process",20,1,"success",
"tcga_pan_cancer","complete_workflow","fastpls","cold_process",21,1,"success",
"tcga_pan_cancer","complete_workflow","fastpls","cold_process",22,1,"success",
"tcga_pan_cancer","complete_workflow","fastpls","cold_process",23,1,"success",
"tcga_pan_cancer","complete_workflow","fastpls","cold_process",24,1,"success",
"tcga_pan_cancer","complete_workflow","fastpls","cold_process",25,1,"success",
"tcga_pan_cancer","complete_workflow","fastpls","cold_process",26,1,"success",
"tcga_pan_cancer","complete_workflow","fastpls","cold_process",27,1,"success",
"tcga_pan_cancer","complete_workflow","fastpls","cold_process",28,1,"success",
"tcga_pan_cancer","complete_workflow","fastpls","cold_process",29,1,"success",
"tcga_pan_cancer","complete_workflow","fastpls","cold_process",30,1,"success",
"tcga_pan_cancer","complete_workflow","pls","cold_process",1,1,"success",
"tcga_pan_cancer","complete_workflow","pls","steady_process_batch",1,1,"success",
"tcga_pan_cancer","complete_workflow","pls","steady_process_batch",1,2,"success",
"tcga_pan_cancer","complete_workflow","pls","steady_process_batch",1,3,"success",
"tcga_pan_cancer","complete_workflow","pls","steady_process_batch",1,4,"success",
"tcga_pan_cancer","complete_workflow","pls","steady_process_batch",1,5,"success",
"tcga_pan_cancer","complete_workflow","pls","steady_process_batch",1,6,"success",
"tcga_pan_cancer","complete_workflow","pls","steady_process_batch",1,7,"success",
"tcga_pan_cancer","complete_workflow","pls","steady_process_batch",1,8,"success",
"tcga_pan_cancer","complete_workflow","pls","steady_process_batch",1,9,"success",
"tcga_pan_cancer","complete_workflow","pls","steady_process_batch",1,10,"success",
"tcga_pan_cancer","complete_workflow","pls","steady_process_batch",1,11,"success",
"tcga_pan_cancer","complete_workflow","pls","steady_process_batch",1,12,"success",
"tcga_pan_cancer","complete_workflow","pls","steady_process_batch",1,13,"success",
"tcga_pan_cancer","complete_workflow","pls","steady_process_batch",1,14,"success",
"tcga_pan_cancer","complete_workflow","pls","steady_process_batch",1,15,"success",
"tcga_pan_cancer","complete_workflow","pls","steady_process_batch",1,16,"success",
"tcga_pan_cancer","complete_workflow","pls","steady_process_batch",1,17,"success",
"tcga_pan_cancer","complete_workflow","pls","steady_process_batch",1,18,"success",
"tcga_pan_cancer","complete_workflow","pls","steady_process_batch",1,19,"success",
"tcga_pan_cancer","complete_workflow","pls","steady_process_batch",1,20,"success",
"tcga_pan_cancer","complete_workflow","pls","cold_process",2,1,"success",
"tcga_pan_cancer","complete_workflow","pls","cold_process",3,1,"success",
"tcga_pan_cancer","complete_workflow","pls","cold_process",4,1,"success",
"tcga_pan_cancer","complete_workflow","pls","cold_process",5,1,"success",
"tcga_pan_cancer","complete_workflow","pls","cold_process",6,1,"success",
"tcga_pan_cancer","complete_workflow","pls","cold_process",7,1,"success",
"tcga_pan_cancer","complete_workflow","pls","cold_process",8,1,"success",
"tcga_pan_cancer","complete_workflow","pls","cold_process",9,1,"success",
"tcga_pan_cancer","complete_workflow","pls","cold_process",10,1,"success",
"tcga_pan_cancer","complete_workflow","pls","cold_process",11,1,"success",
"tcga_pan_cancer","complete_workflow","pls","cold_process",12,1,"success",
"tcga_pan_cancer","complete_workflow","pls","cold_process",13,1,"success",
"tcga_pan_cancer","complete_workflow","pls","cold_process",14,1,"success",
"tcga_pan_cancer","complete_workflow","pls","cold_process",15,1,"success",
"tcga_pan_cancer","estimator_kernel","fastpls","steady_process_batch",1,1,"success",
"tcga_pan_cancer","estimator_kernel","fastpls","steady_process_batch",1,2,"success",
"tcga_pan_cancer","estimator_kernel","fastpls","steady_process_batch",1,3,"success",
"tcga_pan_cancer","estimator_kernel","fastpls","steady_process_batch",1,4,"success",
"tcga_pan_cancer","estimator_kernel","fastpls","steady_process_batch",1,5,"success",
"tcga_pan_cancer","estimator_kernel","fastpls","steady_process_batch",1,6,"success",
"tcga_pan_cancer","estimator_kernel","fastpls","steady_process_batch",1,7,"success",
"tcga_pan_cancer","estimator_kernel","fastpls","steady_process_batch",1,8,"success",
"tcga_pan_cancer","estimator_kernel","fastpls","steady_process_batch",1,9,"success",
"tcga_pan_cancer","estimator_kernel","fastpls","steady_process_batch",1,10,"success",
"tcga_pan_cancer","estimator_kernel","fastpls","steady_process_batch",1,11,"success",
"tcga_pan_cancer","estimator_kernel","fastpls","steady_process_batch",1,12,"success",
"tcga_pan_cancer","estimator_kernel","fastpls","steady_process_batch",1,13,"success",
"tcga_pan_cancer","estimator_kernel","fastpls","steady_process_batch",1,14,"success",
"tcga_pan_cancer","estimator_kernel","fastpls","steady_process_batch",1,15,"success",
"tcga_pan_cancer","estimator_kernel","fastpls","steady_process_batch",1,16,"success",
"tcga_pan_cancer","estimator_kernel","fastpls","steady_process_batch",1,17,"success",
"tcga_pan_cancer","estimator_kernel","fastpls","steady_process_batch",1,18,"success",
"tcga_pan_cancer","estimator_kernel","fastpls","steady_process_batch",1,19,"success",
"tcga_pan_cancer","estimator_kernel","fastpls","steady_process_batch",1,20,"success",
"tcga_pan_cancer","estimator_kernel","fastpls","steady_process_batch",1,21,"success",
"tcga_pan_cancer","estimator_kernel","fastpls","steady_process_batch",1,22,"success",
"tcga_pan_cancer","estimator_kernel","fastpls","steady_process_batch",1,23,"success",
"tcga_pan_cancer","estimator_kernel","fastpls","steady_process_batch",1,24,"success",
"tcga_pan_cancer","estimator_kernel","fastpls","steady_process_batch",1,25,"success",
"tcga_pan_cancer","estimator_kernel","fastpls","steady_process_batch",1,26,"success",
"tcga_pan_cancer","estimator_kernel","fastpls","steady_process_batch",1,27,"success",
"tcga_pan_cancer","estimator_kernel","fastpls","steady_process_batch",1,28,"success",
"tcga_pan_cancer","estimator_kernel","fastpls","steady_process_batch",1,29,"success",
"tcga_pan_cancer","estimator_kernel","fastpls","steady_process_batch",1,30,"success",
"tcga_pan_cancer","estimator_kernel","fastpls","cold_process",1,1,"success",
"tcga_pan_cancer","estimator_kernel","fastpls","steady_process_batch",1,1,"success",
"tcga_pan_cancer","estimator_kernel","fastpls","steady_process_batch",1,2,"success",
"tcga_pan_cancer","estimator_kernel","fastpls","steady_process_batch",1,3,"success",
"tcga_pan_cancer","estimator_kernel","fastpls","steady_process_batch",1,4,"success",
"tcga_pan_cancer","estimator_kernel","fastpls","steady_process_batch",1,5,"success",
"tcga_pan_cancer","estimator_kernel","fastpls","steady_process_batch",1,6,"success",
"tcga_pan_cancer","estimator_kernel","fastpls","steady_process_batch",1,7,"success",
"tcga_pan_cancer","estimator_kernel","fastpls","steady_process_batch",1,8,"success",
"tcga_pan_cancer","estimator_kernel","fastpls","steady_process_batch",1,9,"success",
"tcga_pan_cancer","estimator_kernel","fastpls","steady_process_batch",1,10,"success",
"tcga_pan_cancer","estimator_kernel","fastpls","steady_process_batch",1,11,"success",
"tcga_pan_cancer","estimator_kernel","fastpls","steady_process_batch",1,12,"success",
"tcga_pan_cancer","estimator_kernel","fastpls","steady_process_batch",1,13,"success",
"tcga_pan_cancer","estimator_kernel","fastpls","steady_process_batch",1,14,"success",
"tcga_pan_cancer","estimator_kernel","fastpls","steady_process_batch",1,15,"success",
"tcga_pan_cancer","estimator_kernel","fastpls","steady_process_batch",1,16,"success",
"tcga_pan_cancer","estimator_kernel","fastpls","steady_process_batch",1,17,"success",
"tcga_pan_cancer","estimator_kernel","fastpls","steady_process_batch",1,18,"success",
"tcga_pan_cancer","estimator_kernel","fastpls","steady_process_batch",1,19,"success",
"tcga_pan_cancer","estimator_kernel","fastpls","steady_process_batch",1,20,"success",
"tcga_pan_cancer","estimator_kernel","fastpls","steady_process_batch",1,21,"success",
"tcga_pan_cancer","estimator_kernel","fastpls","steady_process_batch",1,22,"success",
"tcga_pan_cancer","estimator_kernel","fastpls","steady_process_batch",1,23,"success",
"tcga_pan_cancer","estimator_kernel","fastpls","steady_process_batch",1,24,"success",
"tcga_pan_cancer","estimator_kernel","fastpls","steady_process_batch",1,25,"success",
"tcga_pan_cancer","estimator_kernel","fastpls","steady_process_batch",1,26,"success",
"tcga_pan_cancer","estimator_kernel","fastpls","steady_process_batch",1,27,"success",
"tcga_pan_cancer","estimator_kernel","fastpls","steady_process_batch",1,28,"success",
"tcga_pan_cancer","estimator_kernel","fastpls","steady_process_batch",1,29,"success",
"tcga_pan_cancer","estimator_kernel","fastpls","steady_process_batch",1,30,"success",
"tcga_pan_cancer","estimator_kernel","fastpls","cold_process",2,1,"success",
"tcga_pan_cancer","estimator_kernel","fastpls","cold_process",3,1,"success",
"tcga_pan_cancer","estimator_kernel","fastpls","cold_process",4,1,"success",
"tcga_pan_cancer","estimator_kernel","fastpls","cold_process",5,1,"success",
"tcga_pan_cancer","estimator_kernel","fastpls","cold_process",6,1,"success",
"tcga_pan_cancer","estimator_kernel","fastpls","cold_process",7,1,"success",
"tcga_pan_cancer","estimator_kernel","fastpls","cold_process",8,1,"success",
"tcga_pan_cancer","estimator_kernel","fastpls","cold_process",9,1,"success",
"tcga_pan_cancer","estimator_kernel","fastpls","cold_process",10,1,"success",
"tcga_pan_cancer","estimator_kernel","fastpls","cold_process",11,1,"success",
"tcga_pan_cancer","estimator_kernel","fastpls","cold_process",12,1,"success",
"tcga_pan_cancer","estimator_kernel","fastpls","cold_process",13,1,"success",
"tcga_pan_cancer","estimator_kernel","fastpls","cold_process",14,1,"success",
"tcga_pan_cancer","estimator_kernel","fastpls","cold_process",15,1,"success",
"tcga_pan_cancer","estimator_kernel","fastpls","cold_process",16,1,"success",
"tcga_pan_cancer","estimator_kernel","fastpls","cold_process",17,1,"success",
"tcga_pan_cancer","estimator_kernel","fastpls","cold_process",18,1,"success",
"tcga_pan_cancer","estimator_kernel","fastpls","cold_process",19,1,"success",
"tcga_pan_cancer","estimator_kernel","fastpls","cold_process",20,1,"success",
"tcga_pan_cancer","estimator_kernel","fastpls","cold_process",21,1,"success",
"tcga_pan_cancer","estimator_kernel","fastpls","cold_process",22,1,"success",
"tcga_pan_cancer","estimator_kernel","fastpls","cold_process",23,1,"success",
"tcga_pan_cancer","estimator_kernel","fastpls","cold_process",24,1,"success",
"tcga_pan_cancer","estimator_kernel","fastpls","cold_process",25,1,"success",
"tcga_pan_cancer","estimator_kernel","fastpls","cold_process",26,1,"success",
"tcga_pan_cancer","estimator_kernel","fastpls","cold_process",27,1,"success",
"tcga_pan_cancer","estimator_kernel","fastpls","cold_process",28,1,"success",
"tcga_pan_cancer","estimator_kernel","fastpls","cold_process",29,1,"success",
"tcga_pan_cancer","estimator_kernel","fastpls","cold_process",30,1,"success",
"tcga_pan_cancer","estimator_kernel","pls","cold_process",1,1,"success",
"tcga_pan_cancer","estimator_kernel","pls","steady_process_batch",1,1,"success",
"tcga_pan_cancer","estimator_kernel","pls","steady_process_batch",1,2,"success",
"tcga_pan_cancer","estimator_kernel","pls","steady_process_batch",1,3,"success",
"tcga_pan_cancer","estimator_kernel","pls","steady_process_batch",1,4,"success",
"tcga_pan_cancer","estimator_kernel","pls","steady_process_batch",1,5,"success",
"tcga_pan_cancer","estimator_kernel","pls","steady_process_batch",1,6,"success",
"tcga_pan_cancer","estimator_kernel","pls","steady_process_batch",1,7,"success",
"tcga_pan_cancer","estimator_kernel","pls","steady_process_batch",1,8,"success",
"tcga_pan_cancer","estimator_kernel","pls","steady_process_batch",1,9,"success",
"tcga_pan_cancer","estimator_kernel","pls","steady_process_batch",1,10,"success",
"tcga_pan_cancer","estimator_kernel","pls","steady_process_batch",1,11,"success",
"tcga_pan_cancer","estimator_kernel","pls","steady_process_batch",1,12,"success",
"tcga_pan_cancer","estimator_kernel","pls","steady_process_batch",1,13,"success",
"tcga_pan_cancer","estimator_kernel","pls","steady_process_batch",1,14,"success",
"tcga_pan_cancer","estimator_kernel","pls","steady_process_batch",1,15,"success",
"tcga_pan_cancer","estimator_kernel","pls","steady_process_batch",1,16,"success",
"tcga_pan_cancer","estimator_kernel","pls","steady_process_batch",1,17,"success",
"tcga_pan_cancer","estimator_kernel","pls","steady_process_batch",1,18,"success",
"tcga_pan_cancer","estimator_kernel","pls","steady_process_batch",1,19,"success",
"tcga_pan_cancer","estimator_kernel","pls","steady_process_batch",1,20,"success",
"tcga_pan_cancer","estimator_kernel","pls","steady_process_batch",1,21,"success",
"tcga_pan_cancer","estimator_kernel","pls","steady_process_batch",1,22,"success",
"tcga_pan_cancer","estimator_kernel","pls","steady_process_batch",1,23,"success",
"tcga_pan_cancer","estimator_kernel","pls","steady_process_batch",1,24,"success",
"tcga_pan_cancer","estimator_kernel","pls","steady_process_batch",1,25,"success",
"tcga_pan_cancer","estimator_kernel","pls","steady_process_batch",1,26,"success",
"tcga_pan_cancer","estimator_kernel","pls","steady_process_batch",1,27,"success",
"tcga_pan_cancer","estimator_kernel","pls","steady_process_batch",1,28,"success",
"tcga_pan_cancer","estimator_kernel","pls","steady_process_batch",1,29,"success",
"tcga_pan_cancer","estimator_kernel","pls","steady_process_batch",1,30,"success",
"tcga_pan_cancer","estimator_kernel","pls","cold_process",2,1,"success",
"tcga_pan_cancer","estimator_kernel","pls","cold_process",3,1,"success",
"tcga_pan_cancer","estimator_kernel","pls","cold_process",4,1,"success",
"tcga_pan_cancer","estimator_kernel","pls","cold_process",5,1,"success",
"tcga_pan_cancer","estimator_kernel","pls","cold_process",6,1,"success",
"tcga_pan_cancer","estimator_kernel","pls","cold_process",7,1,"success",
"tcga_pan_cancer","estimator_kernel","pls","cold_process",8,1,"success",
"tcga_pan_cancer","estimator_kernel","pls","cold_process",9,1,"success",
"tcga_pan_cancer","estimator_kernel","pls","cold_process",10,1,"success",
"tcga_pan_cancer","estimator_kernel","pls","cold_process",11,1,"success",
"tcga_pan_cancer","estimator_kernel","pls","cold_process",12,1,"success",
"tcga_pan_cancer","estimator_kernel","pls","cold_process",13,1,"success",
"tcga_pan_cancer","estimator_kernel","pls","cold_process",14,1,"success",
"tcga_pan_cancer","estimator_kernel","pls","cold_process",15,1,"success",
"tcga_pan_cancer","estimator_kernel","pls","cold_process",16,1,"success",
"tcga_pan_cancer","estimator_kernel","pls","cold_process",17,1,"success",
"tcga_pan_cancer","estimator_kernel","pls","cold_process",18,1,"success",
"tcga_pan_cancer","estimator_kernel","pls","cold_process",19,1,"success",
"tcga_pan_cancer","estimator_kernel","pls","cold_process",20,1,"success",
"tcga_pan_cancer","estimator_kernel","pls","cold_process",21,1,"success",
"tcga_pan_cancer","estimator_kernel","pls","cold_process",22,1,"success",
"tcga_pan_cancer","estimator_kernel","pls","cold_process",23,1,"success",
"tcga_pan_cancer","estimator_kernel","pls","cold_process",24,1,"success",
"tcga_pan_cancer","estimator_kernel","pls","cold_process",25,1,"success",
"tcga_pan_cancer","estimator_kernel","pls","cold_process",26,1,"success",
"tcga_pan_cancer","estimator_kernel","pls","cold_process",27,1,"success",
"tcga_pan_cancer","estimator_kernel","pls","cold_process",28,1,"success",
"tcga_pan_cancer","estimator_kernel","pls","cold_process",29,1,"success",
"tcga_pan_cancer","estimator_kernel","pls","cold_process",30,1,"success",
