"run_id","experiment","dataset","task_type","method","backend_requested","backend_reported","prediction_backend","svd_method","classifier","precision","ncomp","n_train","n_test","p","q","seed","replicate","requested_oversample","requested_power","control_profile","oversample","power","direction_rule","directions_per_solve","refresh_width","refresh_iterations","fresh_start","kernel","north","fit_sec","prediction_sec","total_sec","baseline_rss_mb","rss_after_fit_mb","rss_after_prediction_mb","peak_rss_mb","incremental_peak_rss_mb","metric_name","metric_value","accuracy","q2","rmsd","prediction_checksum","prediction_length","status","warnings","error","package_version"
"selected_backend__cbmc_citeseq__plssvd__cpu__r1","selected_component_backend_panel","cbmc_citeseq","regression","plssvd","cpu",NA,"cpu_flash","rsvd","argmax","float64",10,7755,862,1000,10,1001,1,NA,NA,"not_applicable",32,5,NA,NA,NA,NA,NA,"linear",1,0.138,0.00700000000000001,0.145,279.828125,321.828125,328.90625,336.765625,56.9375,"rmsd",1096.50042330597,NA,0.470082959556205,1096.50042330597,2368212056.68359,8620,"success","","","0.99.39"
"selected_backend__cbmc_citeseq__plssvd__cpu__r2","selected_component_backend_panel","cbmc_citeseq","regression","plssvd","cpu",NA,"cpu_flash","rsvd","argmax","float64",10,7755,862,1000,10,1002,2,NA,NA,"not_applicable",32,5,NA,NA,NA,NA,NA,"linear",1,0.134,0.004,0.138,291.203125,351.265625,357.9375,358.078125,66.875,"rmsd",1096.50042330597,NA,0.470082959556205,1096.50042330597,2368212056.68359,8620,"success","","","0.99.39"
"selected_backend__cbmc_citeseq__plssvd__cpu__r3","selected_component_backend_panel","cbmc_citeseq","regression","plssvd","cpu",NA,"cpu_flash","rsvd","argmax","float64",10,7755,862,1000,10,1003,3,NA,NA,"not_applicable",32,5,NA,NA,NA,NA,NA,"linear",1,0.123,0.004,0.127,281.75,342.40625,349.078125,349.4375,67.6875,"rmsd",1096.50042330597,NA,0.470082959556205,1096.50042330597,2368212056.68359,8620,"success","","","0.99.39"
"selected_backend__cbmc_citeseq__plssvd__metal__r1","selected_component_backend_panel","cbmc_citeseq","regression","plssvd","metal","metal","metal","rsvd","argmax","float64",10,7755,862,1000,10,1001,1,NA,NA,"not_applicable",32,5,NA,NA,NA,NA,NA,"linear",1,0.268,0.015,0.283,287.59375,414.859375,434.875,473.6875,186.09375,"rmsd",1096.50040684303,NA,0.470082975468634,1096.50040684303,2368211345.79998,8620,"success","","","0.99.39"
"selected_backend__cbmc_citeseq__plssvd__metal__r2","selected_component_backend_panel","cbmc_citeseq","regression","plssvd","metal","metal","metal","rsvd","argmax","float64",10,7755,862,1000,10,1002,2,NA,NA,"not_applicable",32,5,NA,NA,NA,NA,NA,"linear",1,0.204,0.013,0.217,287.234375,414.484375,440.859375,473.890625,186.65625,"rmsd",1096.50040684303,NA,0.470082975468634,1096.50040684303,2368211345.79998,8620,"success","","","0.99.39"
"selected_backend__cbmc_citeseq__plssvd__metal__r3","selected_component_backend_panel","cbmc_citeseq","regression","plssvd","metal","metal","metal","rsvd","argmax","float64",10,7755,862,1000,10,1003,3,NA,NA,"not_applicable",32,5,NA,NA,NA,NA,NA,"linear",1,0.202,0.015,0.217,285.859375,413.078125,439.453125,472.40625,186.546875,"rmsd",1096.50040684303,NA,0.470082975468634,1096.50040684303,2368211345.79998,8620,"success","","","0.99.39"
"selected_backend__cbmc_citeseq__simpls__cpu__r1","selected_component_backend_panel","cbmc_citeseq","regression","simpls","cpu",NA,"cpu_flash","rsvd","argmax","float64",49,7755,862,1000,10,1001,1,NA,NA,"ordinary_fast",32,5,"fresh_oversampled_sketch_per_component",1,NA,NA,TRUE,"linear",1,0.355,0.00500000000000012,0.36,286.203125,405.15625,411.828125,411.9375,125.734375,"rmsd",1050.86326616619,NA,0.513276068661223,1050.86326616619,2377403560.98199,8620,"success","","","0.99.39"
"selected_backend__cbmc_citeseq__simpls__cpu__r2","selected_component_backend_panel","cbmc_citeseq","regression","simpls","cpu",NA,"cpu_flash","rsvd","argmax","float64",49,7755,862,1000,10,1002,2,NA,NA,"ordinary_fast",32,5,"fresh_oversampled_sketch_per_component",1,NA,NA,TRUE,"linear",1,0.358,0.004,0.362,286.703125,405.71875,412.390625,412.5,125.796875,"rmsd",1050.86326616376,NA,0.513276068663474,1050.86326616376,2377403560.98391,8620,"success","","","0.99.39"
"selected_backend__cbmc_citeseq__simpls__cpu__r3","selected_component_backend_panel","cbmc_citeseq","regression","simpls","cpu",NA,"cpu_flash","rsvd","argmax","float64",49,7755,862,1000,10,1003,3,NA,NA,"ordinary_fast",32,5,"fresh_oversampled_sketch_per_component",1,NA,NA,TRUE,"linear",1,0.359,0.00499999999999989,0.364,288.015625,407.15625,407.3125,407.421875,119.40625,"rmsd",1050.86326616982,NA,0.513276068657855,1050.86326616982,2377403560.9796,8620,"success","","","0.99.39"
"selected_backend__cbmc_citeseq__simpls__metal__r1","selected_component_backend_panel","cbmc_citeseq","regression","simpls","metal","metal","metal","rsvd","argmax","float64",49,7755,862,1000,10,1001,1,NA,NA,"ordinary_fast",32,5,"fresh_oversampled_sketch_per_component",1,NA,NA,TRUE,"linear",1,1.659,0.0129999999999999,1.672,286.078125,452.796875,467.078125,511.453125,225.375,"rmsd",1050.86303425771,NA,0.513276283485352,1050.86303425771,2377402865.49314,8620,"success","","","0.99.39"
"selected_backend__cbmc_citeseq__simpls__metal__r2","selected_component_backend_panel","cbmc_citeseq","regression","simpls","metal","metal","metal","rsvd","argmax","float64",49,7755,862,1000,10,1002,2,NA,NA,"ordinary_fast",32,5,"fresh_oversampled_sketch_per_component",1,NA,NA,TRUE,"linear",1,1.666,0.0140000000000002,1.68,285.859375,455.625,464.21875,513.625,227.765625,"rmsd",1050.86303425771,NA,0.513276283485352,1050.86303425771,2377402865.49314,8620,"success","","","0.99.39"
"selected_backend__cbmc_citeseq__simpls__metal__r3","selected_component_backend_panel","cbmc_citeseq","regression","simpls","metal","metal","metal","rsvd","argmax","float64",49,7755,862,1000,10,1003,3,NA,NA,"ordinary_fast",32,5,"fresh_oversampled_sketch_per_component",1,NA,NA,TRUE,"linear",1,1.728,0.0150000000000001,1.743,285.78125,454.265625,474.65625,512.1875,226.40625,"rmsd",1050.86303425771,NA,0.513276283485352,1050.86303425771,2377402865.49314,8620,"success","","","0.99.39"
"selected_backend__cbmc_citeseq__opls__cpu__r1","selected_component_backend_panel","cbmc_citeseq","regression","opls","cpu",NA,NA,"rsvd","argmax","float64",48,7755,862,1000,10,1001,1,NA,NA,"ordinary_fast",32,5,"fresh_oversampled_sketch_per_component",1,NA,NA,TRUE,"linear",1,0.471,0.00700000000000012,0.478,288.15625,466.5,479.765625,479.953125,191.796875,"rmsd",1051.00988214797,NA,0.513140244168143,1051.00988214797,2377795338.13658,8620,"success","","","0.99.39"
"selected_backend__cbmc_citeseq__opls__cpu__r2","selected_component_backend_panel","cbmc_citeseq","regression","opls","cpu",NA,NA,"rsvd","argmax","float64",48,7755,862,1000,10,1002,2,NA,NA,"ordinary_fast",32,5,"fresh_oversampled_sketch_per_component",1,NA,NA,TRUE,"linear",1,0.466,0.006,0.472,291.25,469.609375,482.875,483,191.75,"rmsd",1051.00988214431,NA,0.513140244171533,1051.00988214431,2377795338.13895,8620,"success","","","0.99.39"
"selected_backend__cbmc_citeseq__opls__cpu__r3","selected_component_backend_panel","cbmc_citeseq","regression","opls","cpu",NA,NA,"rsvd","argmax","float64",48,7755,862,1000,10,1003,3,NA,NA,"ordinary_fast",32,5,"fresh_oversampled_sketch_per_component",1,NA,NA,TRUE,"linear",1,0.464,0.006,0.47,289.03125,467.359375,480.625,480.734375,191.703125,"rmsd",1051.00988214453,NA,0.513140244171329,1051.00988214453,2377795338.13893,8620,"success","","","0.99.39"
"selected_backend__cbmc_citeseq__opls__metal__r1","selected_component_backend_panel","cbmc_citeseq","regression","opls","metal","metal","metal","rsvd","argmax","float64",48,7755,862,1000,10,1001,1,NA,NA,"ordinary_fast",32,5,"fresh_oversampled_sketch_per_component",1,NA,NA,TRUE,"linear",1,1.825,0.0239999999999996,1.849,287.78125,459.578125,495.171875,517.65625,229.875,"rmsd",1051.01003222134,NA,0.513140105131032,1051.01003222134,2377794794.19971,8620,"success","","","0.99.39"
"selected_backend__cbmc_citeseq__opls__metal__r2","selected_component_backend_panel","cbmc_citeseq","regression","opls","metal","metal","metal","rsvd","argmax","float64",48,7755,862,1000,10,1002,2,NA,NA,"ordinary_fast",32,5,"fresh_oversampled_sketch_per_component",1,NA,NA,TRUE,"linear",1,1.81,0.0260000000000002,1.836,286.8125,452.109375,511.375,518.15625,231.34375,"rmsd",1051.01003222134,NA,0.513140105131032,1051.01003222134,2377794794.19971,8620,"success","","","0.99.39"
"selected_backend__cbmc_citeseq__opls__metal__r3","selected_component_backend_panel","cbmc_citeseq","regression","opls","metal","metal","metal","rsvd","argmax","float64",48,7755,862,1000,10,1003,3,NA,NA,"ordinary_fast",32,5,"fresh_oversampled_sketch_per_component",1,NA,NA,TRUE,"linear",1,1.699,0.0229999999999997,1.722,290.34375,459.984375,483.140625,515.203125,224.859375,"rmsd",1051.01003222134,NA,0.513140105131032,1051.01003222134,2377794794.19971,8620,"success","","","0.99.39"
"selected_backend__cbmc_citeseq__kernelpls__cpu__r1","selected_component_backend_panel","cbmc_citeseq","regression","kernelpls","cpu",NA,"cpu_flash","rsvd","argmax","float64",49,7755,862,1000,10,1001,1,NA,NA,"ordinary_fast",32,5,"fresh_oversampled_sketch_per_component",1,NA,NA,TRUE,"linear",1,0.359,0.00500000000000012,0.364,289.21875,408.234375,414.90625,415.21875,126,"rmsd",1050.86326616619,NA,0.513276068661223,1050.86326616619,2377403560.98199,8620,"success","","","0.99.39"
"selected_backend__cbmc_citeseq__kernelpls__cpu__r2","selected_component_backend_panel","cbmc_citeseq","regression","kernelpls","cpu",NA,"cpu_flash","rsvd","argmax","float64",49,7755,862,1000,10,1002,2,NA,NA,"ordinary_fast",32,5,"fresh_oversampled_sketch_per_component",1,NA,NA,TRUE,"linear",1,0.354,0.00500000000000012,0.359,287.4375,406.421875,413.09375,413.28125,125.84375,"rmsd",1050.86326616376,NA,0.513276068663474,1050.86326616376,2377403560.98391,8620,"success","","","0.99.39"
"selected_backend__cbmc_citeseq__kernelpls__cpu__r3","selected_component_backend_panel","cbmc_citeseq","regression","kernelpls","cpu",NA,"cpu_flash","rsvd","argmax","float64",49,7755,862,1000,10,1003,3,NA,NA,"ordinary_fast",32,5,"fresh_oversampled_sketch_per_component",1,NA,NA,TRUE,"linear",1,0.353,0.004,0.357,283.65625,402.625,409.296875,409.40625,125.75,"rmsd",1050.86326616982,NA,0.513276068657855,1050.86326616982,2377403560.9796,8620,"success","","","0.99.39"
"selected_backend__cbmc_citeseq__kernelpls__metal__r1","selected_component_backend_panel","cbmc_citeseq","regression","kernelpls","metal","metal","metal","rsvd","argmax","float64",49,7755,862,1000,10,1001,1,NA,NA,"ordinary_fast",32,5,"fresh_oversampled_sketch_per_component",1,NA,NA,TRUE,"linear",1,1.512,0.016,1.528,284.015625,452.484375,466.515625,510.703125,226.6875,"rmsd",1050.86303425771,NA,0.513276283485352,1050.86303425771,2377402865.49314,8620,"success","","","0.99.39"
"selected_backend__cbmc_citeseq__kernelpls__metal__r2","selected_component_backend_panel","cbmc_citeseq","regression","kernelpls","metal","metal","metal","rsvd","argmax","float64",49,7755,862,1000,10,1002,2,NA,NA,"ordinary_fast",32,5,"fresh_oversampled_sketch_per_component",1,NA,NA,TRUE,"linear",1,1.578,0.0130000000000003,1.591,288.109375,458.59375,460.75,516.59375,228.484375,"rmsd",1050.86303425771,NA,0.513276283485352,1050.86303425771,2377402865.49314,8620,"success","","","0.99.39"
"selected_backend__cbmc_citeseq__kernelpls__metal__r3","selected_component_backend_panel","cbmc_citeseq","regression","kernelpls","metal","metal","metal","rsvd","argmax","float64",49,7755,862,1000,10,1003,3,NA,NA,"ordinary_fast",32,5,"fresh_oversampled_sketch_per_component",1,NA,NA,TRUE,"linear",1,1.677,0.0139999999999998,1.691,289.578125,460.53125,468.6875,516.5,226.921875,"rmsd",1050.86303425771,NA,0.513276283485352,1050.86303425771,2377402865.49314,8620,"success","","","0.99.39"
"selected_backend__ccle__plssvd__cpu__r1","selected_component_backend_panel","ccle","classification","plssvd","cpu",NA,"cpu_flash","rsvd","argmax","float64",17,547,71,1000,18,1001,1,NA,NA,"not_applicable",32,5,NA,NA,NA,NA,NA,"linear",1,0.0229999999999999,0.002,0.0249999999999999,223.671875,228.875,228.984375,229.03125,5.359375,"accuracy",0.647887323943662,0.647887323943662,0.39590315439428,NA,24516,71,"success","","","0.99.39"
"selected_backend__ccle__plssvd__cpu__r2","selected_component_backend_panel","ccle","classification","plssvd","cpu",NA,"cpu_flash","rsvd","argmax","float64",17,547,71,1000,18,1002,2,NA,NA,"not_applicable",32,5,NA,NA,NA,NA,NA,"linear",1,0.0169999999999999,0.002,0.0189999999999999,227.265625,232.375,232.484375,232.53125,5.265625,"accuracy",0.647887323943662,0.647887323943662,0.39590315439428,NA,24516,71,"success","","","0.99.39"
"selected_backend__ccle__plssvd__cpu__r3","selected_component_backend_panel","ccle","classification","plssvd","cpu",NA,"cpu_flash","rsvd","argmax","float64",17,547,71,1000,18,1003,3,NA,NA,"not_applicable",32,5,NA,NA,NA,NA,NA,"linear",1,0.0169999999999999,0.002,0.0189999999999999,220.65625,221.578125,221.6875,221.734375,1.078125,"accuracy",0.647887323943662,0.647887323943662,0.39590315439428,NA,24516,71,"success","","","0.99.39"
"selected_backend__ccle__plssvd__metal__r1","selected_component_backend_panel","ccle","classification","plssvd","metal","metal","metal","rsvd","argmax","float64",17,547,71,1000,18,1001,1,NA,NA,"not_applicable",32,5,NA,NA,NA,NA,NA,"linear",1,0.071,0.004,0.075,223.546875,240,240.25,244.171875,20.625,"accuracy",0.647887323943662,0.647887323943662,0.395903239472745,NA,24516,71,"success","","","0.99.39"
"selected_backend__ccle__plssvd__metal__r2","selected_component_backend_panel","ccle","classification","plssvd","metal","metal","metal","rsvd","argmax","float64",17,547,71,1000,18,1002,2,NA,NA,"not_applicable",32,5,NA,NA,NA,NA,NA,"linear",1,0.0609999999999999,0.00800000000000001,0.069,227.6875,240.234375,241.078125,244.328125,16.640625,"accuracy",0.647887323943662,0.647887323943662,0.395903239472745,NA,24516,71,"success","","","0.99.39"
"selected_backend__ccle__plssvd__metal__r3","selected_component_backend_panel","ccle","classification","plssvd","metal","metal","metal","rsvd","argmax","float64",17,547,71,1000,18,1003,3,NA,NA,"not_applicable",32,5,NA,NA,NA,NA,NA,"linear",1,0.0599999999999999,0.005,0.065,223.984375,237.859375,237.8125,241.8125,17.828125,"accuracy",0.647887323943662,0.647887323943662,0.395903239472745,NA,24516,71,"success","","","0.99.39"
"selected_backend__ccle__simpls__cpu__r1","selected_component_backend_panel","ccle","classification","simpls","cpu",NA,"cpu_flash","rsvd","argmax","float64",26,547,71,1000,18,1001,1,NA,NA,"ordinary_fast",32,5,"fresh_oversampled_sketch_per_component",1,NA,NA,TRUE,"linear",1,0.153,0.002,0.155,226.015625,235.015625,235.265625,235.359375,9.34375,"accuracy",0.71830985915493,0.71830985915493,0.404626414454975,NA,23556,71,"success","","","0.99.39"
"selected_backend__ccle__simpls__cpu__r2","selected_component_backend_panel","ccle","classification","simpls","cpu",NA,"cpu_flash","rsvd","argmax","float64",26,547,71,1000,18,1002,2,NA,NA,"ordinary_fast",32,5,"fresh_oversampled_sketch_per_component",1,NA,NA,TRUE,"linear",1,0.153,0.002,0.155,229.21875,234.0625,234.171875,234.21875,5,"accuracy",0.71830985915493,0.71830985915493,0.404626414454975,NA,23556,71,"success","","","0.99.39"
"selected_backend__ccle__simpls__cpu__r3","selected_component_backend_panel","ccle","classification","simpls","cpu",NA,"cpu_flash","rsvd","argmax","float64",26,547,71,1000,18,1003,3,NA,NA,"ordinary_fast",32,5,"fresh_oversampled_sketch_per_component",1,NA,NA,TRUE,"linear",1,0.153,0.002,0.155,227.5625,236.5625,236.671875,236.71875,9.15625,"accuracy",0.71830985915493,0.71830985915493,0.404626414454975,NA,23556,71,"success","","","0.99.39"
"selected_backend__ccle__simpls__metal__r1","selected_component_backend_panel","ccle","classification","simpls","metal","metal","metal","rsvd","argmax","float64",26,547,71,1000,18,1001,1,NA,NA,"ordinary_fast",32,5,"fresh_oversampled_sketch_per_component",1,NA,NA,TRUE,"linear",1,0.224,0.00800000000000001,0.232,233.5,263.671875,263.859375,267.09375,33.59375,"accuracy",0.71830985915493,0.71830985915493,0.404626394197711,NA,23556,71,"success","","","0.99.39"
"selected_backend__ccle__simpls__metal__r2","selected_component_backend_panel","ccle","classification","simpls","metal","metal","metal","rsvd","argmax","float64",26,547,71,1000,18,1002,2,NA,NA,"ordinary_fast",32,5,"fresh_oversampled_sketch_per_component",1,NA,NA,TRUE,"linear",1,0.234,0.003,0.237,223.875,260.703125,261.078125,262.40625,38.53125,"accuracy",0.71830985915493,0.71830985915493,0.404626394197711,NA,23556,71,"success","","","0.99.39"
"selected_backend__ccle__simpls__metal__r3","selected_component_backend_panel","ccle","classification","simpls","metal","metal","metal","rsvd","argmax","float64",26,547,71,1000,18,1003,3,NA,NA,"ordinary_fast",32,5,"fresh_oversampled_sketch_per_component",1,NA,NA,TRUE,"linear",1,0.238,0.005,0.243,227.796875,260.5,260.6875,262.453125,34.65625,"accuracy",0.71830985915493,0.71830985915493,0.404626394197711,NA,23556,71,"success","","","0.99.39"
"selected_backend__ccle__opls__cpu__r1","selected_component_backend_panel","ccle","classification","opls","cpu",NA,NA,"rsvd","argmax","float64",25,547,71,1000,18,1001,1,NA,NA,"ordinary_fast",32,5,"fresh_oversampled_sketch_per_component",1,NA,NA,TRUE,"linear",1,0.162,0.002,0.164,228.484375,242.421875,242.578125,242.625,14.140625,"accuracy",0.676056338028169,0.676056338028169,0.382902066511388,NA,23468,71,"success","","","0.99.39"
"selected_backend__ccle__opls__cpu__r2","selected_component_backend_panel","ccle","classification","opls","cpu",NA,NA,"rsvd","argmax","float64",25,547,71,1000,18,1002,2,NA,NA,"ordinary_fast",32,5,"fresh_oversampled_sketch_per_component",1,NA,NA,TRUE,"linear",1,0.16,0.002,0.162,227.34375,240.921875,241.046875,241.09375,13.75,"accuracy",0.676056338028169,0.676056338028169,0.382902066511388,NA,23468,71,"success","","","0.99.39"
"selected_backend__ccle__opls__cpu__r3","selected_component_backend_panel","ccle","classification","opls","cpu",NA,NA,"rsvd","argmax","float64",25,547,71,1000,18,1003,3,NA,NA,"ordinary_fast",32,5,"fresh_oversampled_sketch_per_component",1,NA,NA,TRUE,"linear",1,0.161,0.003,0.164,223.6875,241.328125,241.46875,241.65625,17.96875,"accuracy",0.676056338028169,0.676056338028169,0.382902066511388,NA,23468,71,"success","","","0.99.39"
"selected_backend__ccle__opls__metal__r1","selected_component_backend_panel","ccle","classification","opls","metal","metal","metal","rsvd","argmax","float64",25,547,71,1000,18,1001,1,NA,NA,"ordinary_fast",32,5,"fresh_oversampled_sketch_per_component",1,NA,NA,TRUE,"linear",1,0.264,0.00700000000000001,0.271,221.890625,260.59375,260.84375,262.921875,41.03125,"accuracy",0.676056338028169,0.676056338028169,0.382902071935521,NA,23468,71,"success","","","0.99.39"
"selected_backend__ccle__opls__metal__r2","selected_component_backend_panel","ccle","classification","opls","metal","metal","metal","rsvd","argmax","float64",25,547,71,1000,18,1002,2,NA,NA,"ordinary_fast",32,5,"fresh_oversampled_sketch_per_component",1,NA,NA,TRUE,"linear",1,0.291,0.006,0.297,229.5,258.15625,258.375,261.1875,31.6875,"accuracy",0.676056338028169,0.676056338028169,0.382902071935521,NA,23468,71,"success","","","0.99.39"
"selected_backend__ccle__opls__metal__r3","selected_component_backend_panel","ccle","classification","opls","metal","metal","metal","rsvd","argmax","float64",25,547,71,1000,18,1003,3,NA,NA,"ordinary_fast",32,5,"fresh_oversampled_sketch_per_component",1,NA,NA,TRUE,"linear",1,0.276,0.00900000000000001,0.285,221.828125,254.8125,255.0625,256.734375,34.90625,"accuracy",0.676056338028169,0.676056338028169,0.382902071935521,NA,23468,71,"success","","","0.99.39"
"selected_backend__ccle__kernelpls__cpu__r1","selected_component_backend_panel","ccle","classification","kernelpls","cpu",NA,"cpu_flash","rsvd","argmax","float64",26,547,71,1000,18,1001,1,NA,NA,"ordinary_fast",32,5,"fresh_oversampled_sketch_per_component",1,NA,NA,TRUE,"linear",1,0.153,0.002,0.155,227.84375,236.84375,236.953125,237,9.15625,"accuracy",0.71830985915493,0.71830985915493,0.404626414454975,NA,23556,71,"success","","","0.99.39"
"selected_backend__ccle__kernelpls__cpu__r2","selected_component_backend_panel","ccle","classification","kernelpls","cpu",NA,"cpu_flash","rsvd","argmax","float64",26,547,71,1000,18,1002,2,NA,NA,"ordinary_fast",32,5,"fresh_oversampled_sketch_per_component",1,NA,NA,TRUE,"linear",1,0.153,0.002,0.155,222.796875,227.703125,227.8125,227.9375,5.140625,"accuracy",0.71830985915493,0.71830985915493,0.404626414454975,NA,23556,71,"success","","","0.99.39"
"selected_backend__ccle__kernelpls__cpu__r3","selected_component_backend_panel","ccle","classification","kernelpls","cpu",NA,"cpu_flash","rsvd","argmax","float64",26,547,71,1000,18,1003,3,NA,NA,"ordinary_fast",32,5,"fresh_oversampled_sketch_per_component",1,NA,NA,TRUE,"linear",1,0.154,0.002,0.156,226.125,235.140625,235.25,235.296875,9.171875,"accuracy",0.71830985915493,0.71830985915493,0.404626414454975,NA,23556,71,"success","","","0.99.39"
"selected_backend__ccle__kernelpls__metal__r1","selected_component_backend_panel","ccle","classification","kernelpls","metal","metal","metal","rsvd","argmax","float64",26,547,71,1000,18,1001,1,NA,NA,"ordinary_fast",32,5,"fresh_oversampled_sketch_per_component",1,NA,NA,TRUE,"linear",1,0.203,0.003,0.206,228.28125,260.28125,260.46875,262.9375,34.65625,"accuracy",0.71830985915493,0.71830985915493,0.404626394197711,NA,23556,71,"success","","","0.99.39"
"selected_backend__ccle__kernelpls__metal__r2","selected_component_backend_panel","ccle","classification","kernelpls","metal","metal","metal","rsvd","argmax","float64",26,547,71,1000,18,1002,2,NA,NA,"ordinary_fast",32,5,"fresh_oversampled_sketch_per_component",1,NA,NA,TRUE,"linear",1,0.215,0.00800000000000001,0.223,223.453125,256.171875,256.359375,257.8125,34.359375,"accuracy",0.71830985915493,0.71830985915493,0.404626394197711,NA,23556,71,"success","","","0.99.39"
"selected_backend__ccle__kernelpls__metal__r3","selected_component_backend_panel","ccle","classification","kernelpls","metal","metal","metal","rsvd","argmax","float64",26,547,71,1000,18,1003,3,NA,NA,"ordinary_fast",32,5,"fresh_oversampled_sketch_per_component",1,NA,NA,TRUE,"linear",1,0.214,0.00800000000000001,0.222,230.96875,261.828125,262.015625,264.078125,33.109375,"accuracy",0.71830985915493,0.71830985915493,0.404626394197711,NA,23556,71,"success","","","0.99.39"
"selected_backend__cifar100__plssvd__cpu__r1","selected_component_backend_panel","cifar100","classification","plssvd","cpu",NA,"cpu_flash","rsvd","argmax","float64",99,50000,10000,768,100,1001,1,NA,NA,"not_applicable",32,5,NA,NA,NA,NA,NA,"linear",1,5.823,0.271,6.094,266.53125,179.046875,500.875,857.6875,591.15625,"accuracy",0.874,0.874,0.553537714379427,NA,258916663,10000,"success","","","0.99.39"
"selected_backend__cifar100__plssvd__cpu__r2","selected_component_backend_panel","cifar100","classification","plssvd","cpu",NA,"cpu_flash","rsvd","argmax","float64",99,50000,10000,768,100,1002,2,NA,NA,"not_applicable",32,5,NA,NA,NA,NA,NA,"linear",1,6.051,0.278,6.329,572.171875,168.6875,486.09375,745.265625,173.09375,"accuracy",0.874,0.874,0.553537714379427,NA,258916663,10000,"success","","","0.99.39"
"selected_backend__cifar100__plssvd__cpu__r3","selected_component_backend_panel","cifar100","classification","plssvd","cpu",NA,"cpu_flash","rsvd","argmax","float64",99,50000,10000,768,100,1003,3,NA,NA,"not_applicable",32,5,NA,NA,NA,NA,NA,"linear",1,5.809,0.272,6.081,508.34375,175.6875,492.1875,857.4375,349.09375,"accuracy",0.874,0.874,0.553537714379427,NA,258916663,10000,"success","","","0.99.39"
"selected_backend__cifar100__plssvd__metal__r1","selected_component_backend_panel","cifar100","classification","plssvd","metal","metal","metal","rsvd","argmax","float64",99,50000,10000,768,100,1001,1,NA,NA,"not_applicable",32,5,NA,NA,NA,NA,NA,"linear",1,1.5,0.207,1.707,372.109375,784.5625,791.265625,987.53125,615.421875,"accuracy",0.874,0.874,0.553537709544743,NA,258916663,10000,"success","","","0.99.39"
"selected_backend__cifar100__plssvd__metal__r2","selected_component_backend_panel","cifar100","classification","plssvd","metal","metal","metal","rsvd","argmax","float64",99,50000,10000,768,100,1002,2,NA,NA,"not_applicable",32,5,NA,NA,NA,NA,NA,"linear",1,1.226,0.202,1.428,575.578125,855.75,1012.21875,1313.390625,737.8125,"accuracy",0.874,0.874,0.553537709544743,NA,258916663,10000,"success","","","0.99.39"
"selected_backend__cifar100__plssvd__metal__r3","selected_component_backend_panel","cifar100","classification","plssvd","metal","metal","metal","rsvd","argmax","float64",99,50000,10000,768,100,1003,3,NA,NA,"not_applicable",32,5,NA,NA,NA,NA,NA,"linear",1,1.13,0.197,1.327,575.875,1204.765625,1087.9375,1377.265625,801.390625,"accuracy",0.874,0.874,0.553537709544743,NA,258916663,10000,"success","","","0.99.39"
"selected_backend__cifar100__simpls__cpu__r1","selected_component_backend_panel","cifar100","classification","simpls","cpu",NA,"cpu_flash","rsvd","argmax","float64",263,50000,10000,768,100,1001,1,NA,NA,"ordinary_fast",32,5,"fresh_oversampled_sketch_per_component",1,NA,NA,TRUE,"linear",1,14.958,0.273,15.231,573.078125,101.203125,417.203125,1273.71875,700.640625,"accuracy",0.8911,0.8911,0.603823360954734,NA,259260892,10000,"success","","","0.99.39"
"selected_backend__cifar100__simpls__cpu__r2","selected_component_backend_panel","cifar100","classification","simpls","cpu",NA,"cpu_flash","rsvd","argmax","float64",263,50000,10000,768,100,1002,2,NA,NA,"ordinary_fast",32,5,"fresh_oversampled_sketch_per_component",1,NA,NA,TRUE,"linear",1,15.05,0.276,15.326,573.34375,104.203125,416.21875,1098.28125,524.9375,"accuracy",0.8911,0.8911,0.603819508146108,NA,259320790,10000,"success","","","0.99.39"
"selected_backend__cifar100__simpls__cpu__r3","selected_component_backend_panel","cifar100","classification","simpls","cpu",NA,"cpu_flash","rsvd","argmax","float64",263,50000,10000,768,100,1003,3,NA,NA,"ordinary_fast",32,5,"fresh_oversampled_sketch_per_component",1,NA,NA,TRUE,"linear",1,15.004,0.272000000000002,15.276,570.765625,104.703125,418.75,1002.625,431.859375,"accuracy",0.8911,0.8911,0.603823192579352,NA,259296544,10000,"success","","","0.99.39"
"selected_backend__cifar100__simpls__metal__r1","selected_component_backend_panel","cifar100","classification","simpls","metal","metal","metal","rsvd","argmax","float64",263,50000,10000,768,100,1001,1,NA,NA,"ordinary_fast",32,5,"fresh_oversampled_sketch_per_component",1,NA,NA,TRUE,"linear",1,34.955,0.234000000000002,35.189,575.84375,942.09375,1032.328125,1375.90625,800.0625,"accuracy",0.8912,0.8912,0.60382570903342,NA,259386592,10000,"success","","","0.99.39"
"selected_backend__cifar100__simpls__metal__r2","selected_component_backend_panel","cifar100","classification","simpls","metal","metal","metal","rsvd","argmax","float64",263,50000,10000,768,100,1002,2,NA,NA,"ordinary_fast",32,5,"fresh_oversampled_sketch_per_component",1,NA,NA,TRUE,"linear",1,34.251,0.237000000000002,34.488,574.8125,830.046875,910.484375,1355.953125,781.140625,"accuracy",0.8912,0.8912,0.60382570903342,NA,259386592,10000,"success","","","0.99.39"
"selected_backend__cifar100__simpls__metal__r3","selected_component_backend_panel","cifar100","classification","simpls","metal","metal","metal","rsvd","argmax","float64",263,50000,10000,768,100,1003,3,NA,NA,"ordinary_fast",32,5,"fresh_oversampled_sketch_per_component",1,NA,NA,TRUE,"linear",1,35.184,0.241,35.425,582,759.796875,865.5,1346.515625,764.515625,"accuracy",0.8912,0.8912,0.60382570903342,NA,259386592,10000,"success","","","0.99.39"
"selected_backend__cifar100__opls__cpu__r1","selected_component_backend_panel","cifar100","classification","opls","cpu",NA,NA,"rsvd","argmax","float64",286,50000,10000,768,100,1001,1,NA,NA,"ordinary_fast",32,5,"fresh_oversampled_sketch_per_component",1,NA,NA,TRUE,"linear",1,20.796,0.289000000000001,21.085,571.328125,105.53125,477.90625,1179.796875,608.46875,"accuracy",0.8909,0.8909,0.602048613031462,NA,259380037,10000,"success","","","0.99.39"
"selected_backend__cifar100__opls__cpu__r2","selected_component_backend_panel","cifar100","classification","opls","cpu",NA,NA,"rsvd","argmax","float64",286,50000,10000,768,100,1002,2,NA,NA,"ordinary_fast",32,5,"fresh_oversampled_sketch_per_component",1,NA,NA,TRUE,"linear",1,20.469,0.288999999999998,20.758,573.34375,480.71875,564.609375,1236.359375,663.015625,"accuracy",0.8907,0.8907,0.602043778876977,NA,259362458,10000,"success","","","0.99.39"
"selected_backend__cifar100__opls__cpu__r3","selected_component_backend_panel","cifar100","classification","opls","cpu",NA,NA,"rsvd","argmax","float64",286,50000,10000,768,100,1003,3,NA,NA,"ordinary_fast",32,5,"fresh_oversampled_sketch_per_component",1,NA,NA,TRUE,"linear",1,20.506,0.291,20.797,575.84375,167.265625,521.1875,1277.09375,701.25,"accuracy",0.8908,0.8908,0.602040961876432,NA,259374392,10000,"success","","","0.99.39"
"selected_backend__cifar100__opls__metal__r1","selected_component_backend_panel","cifar100","classification","opls","metal","metal","metal","rsvd","argmax","float64",286,50000,10000,768,100,1001,1,NA,NA,"ordinary_fast",32,5,"fresh_oversampled_sketch_per_component",1,NA,NA,TRUE,"linear",1,38.587,0.405999999999999,38.993,572.921875,741.59375,1163.03125,1546.328125,973.40625,"accuracy",0.8908,0.8908,0.602043122714411,NA,259351797,10000,"success","","","0.99.39"
"selected_backend__cifar100__opls__metal__r2","selected_component_backend_panel","cifar100","classification","opls","metal","metal","metal","rsvd","argmax","float64",286,50000,10000,768,100,1002,2,NA,NA,"ordinary_fast",32,5,"fresh_oversampled_sketch_per_component",1,NA,NA,TRUE,"linear",1,39.229,0.411000000000001,39.64,578.546875,697.015625,1117.703125,1325.359375,746.8125,"accuracy",0.8908,0.8908,0.602043122714411,NA,259351797,10000,"success","","","0.99.39"
"selected_backend__cifar100__opls__metal__r3","selected_component_backend_panel","cifar100","classification","opls","metal","metal","metal","rsvd","argmax","float64",286,50000,10000,768,100,1003,3,NA,NA,"ordinary_fast",32,5,"fresh_oversampled_sketch_per_component",1,NA,NA,TRUE,"linear",1,38.629,0.433,39.062,573.671875,900.359375,1243.265625,1355.28125,781.609375,"accuracy",0.8908,0.8908,0.602043122714411,NA,259351797,10000,"success","","","0.99.39"
"selected_backend__cifar100__kernelpls__cpu__r1","selected_component_backend_panel","cifar100","classification","kernelpls","cpu",NA,"cpu_flash","rsvd","argmax","float64",263,50000,10000,768,100,1001,1,NA,NA,"ordinary_fast",32,5,"fresh_oversampled_sketch_per_component",1,NA,NA,TRUE,"linear",1,14.745,0.271000000000001,15.016,573.109375,283.125,526.09375,1273.734375,700.625,"accuracy",0.8911,0.8911,0.603823360954734,NA,259260892,10000,"success","","","0.99.39"
"selected_backend__cifar100__kernelpls__cpu__r2","selected_component_backend_panel","cifar100","classification","kernelpls","cpu",NA,"cpu_flash","rsvd","argmax","float64",263,50000,10000,768,100,1002,2,NA,NA,"ordinary_fast",32,5,"fresh_oversampled_sketch_per_component",1,NA,NA,TRUE,"linear",1,14.953,0.268000000000001,15.221,574.640625,148.75,462.484375,1275.28125,700.640625,"accuracy",0.8911,0.8911,0.603819508146108,NA,259320790,10000,"success","","","0.99.39"
"selected_backend__cifar100__kernelpls__cpu__r3","selected_component_backend_panel","cifar100","classification","kernelpls","cpu",NA,"cpu_flash","rsvd","argmax","float64",263,50000,10000,768,100,1003,3,NA,NA,"ordinary_fast",32,5,"fresh_oversampled_sketch_per_component",1,NA,NA,TRUE,"linear",1,14.736,0.263000000000002,14.999,573.59375,658.546875,790.140625,1275,701.40625,"accuracy",0.8911,0.8911,0.603823192579352,NA,259296544,10000,"success","","","0.99.39"
"selected_backend__cifar100__kernelpls__metal__r1","selected_component_backend_panel","cifar100","classification","kernelpls","metal","metal","metal","rsvd","argmax","float64",263,50000,10000,768,100,1001,1,NA,NA,"ordinary_fast",32,5,"fresh_oversampled_sketch_per_component",1,NA,NA,TRUE,"linear",1,34.862,0.707999999999998,35.57,570.078125,1054.875,1083.953125,1306.75,736.671875,"accuracy",0.8912,0.8912,0.60382570903342,NA,259386592,10000,"success","","","0.99.39"
"selected_backend__cifar100__kernelpls__metal__r2","selected_component_backend_panel","cifar100","classification","kernelpls","metal","metal","metal","rsvd","argmax","float64",263,50000,10000,768,100,1002,2,NA,NA,"ordinary_fast",32,5,"fresh_oversampled_sketch_per_component",1,NA,NA,TRUE,"linear",1,34.439,0.235999999999997,34.675,572.328125,1090.953125,989.15625,1554.875,982.546875,"accuracy",0.8912,0.8912,0.60382570903342,NA,259386592,10000,"success","","","0.99.39"
"selected_backend__cifar100__kernelpls__metal__r3","selected_component_backend_panel","cifar100","classification","kernelpls","metal","metal","metal","rsvd","argmax","float64",263,50000,10000,768,100,1003,3,NA,NA,"ordinary_fast",32,5,"fresh_oversampled_sketch_per_component",1,NA,NA,TRUE,"linear",1,34.568,0.243000000000002,34.811,573.90625,922.765625,955.21875,1470.28125,896.375,"accuracy",0.8912,0.8912,0.60382570903342,NA,259386592,10000,"success","","","0.99.39"
"selected_backend__gtex_v8__plssvd__cpu__r1","selected_component_backend_panel","gtex_v8","classification","plssvd","cpu",NA,"cpu_flash","rsvd","argmax","float64",30,3000,797,1000,32,1001,1,NA,NA,"not_applicable",32,5,NA,NA,NA,NA,NA,"linear",1,0.144,0.011,0.155,254.375,278.9375,285.140625,285.1875,30.8125,"accuracy",0.941028858218319,0.941028858218319,0.724490389472849,NA,4453740,797,"success","","","0.99.39"
"selected_backend__gtex_v8__plssvd__cpu__r2","selected_component_backend_panel","gtex_v8","classification","plssvd","cpu",NA,"cpu_flash","rsvd","argmax","float64",30,3000,797,1000,32,1002,2,NA,NA,"not_applicable",32,5,NA,NA,NA,NA,NA,"linear",1,0.14,0.01,0.15,254,277.984375,284.8125,284.890625,30.890625,"accuracy",0.941028858218319,0.941028858218319,0.724490389472849,NA,4453740,797,"success","","","0.99.39"
"selected_backend__gtex_v8__plssvd__cpu__r3","selected_component_backend_panel","gtex_v8","classification","plssvd","cpu",NA,"cpu_flash","rsvd","argmax","float64",30,3000,797,1000,32,1003,3,NA,NA,"not_applicable",32,5,NA,NA,NA,NA,NA,"linear",1,0.141,0.011,0.152,252.921875,276.828125,283.03125,283.078125,30.15625,"accuracy",0.941028858218319,0.941028858218319,0.724490389472849,NA,4453740,797,"success","","","0.99.39"
"selected_backend__gtex_v8__plssvd__metal__r1","selected_component_backend_panel","gtex_v8","classification","plssvd","metal","metal","metal","rsvd","argmax","float64",30,3000,797,1000,32,1001,1,NA,NA,"not_applicable",32,5,NA,NA,NA,NA,NA,"linear",1,0.157,0.018,0.175,255.4375,314.40625,339.15625,342.40625,86.96875,"accuracy",0.941028858218319,0.941028858218319,0.724490562527938,NA,4453740,797,"success","","","0.99.39"
"selected_backend__gtex_v8__plssvd__metal__r2","selected_component_backend_panel","gtex_v8","classification","plssvd","metal","metal","metal","rsvd","argmax","float64",30,3000,797,1000,32,1002,2,NA,NA,"not_applicable",32,5,NA,NA,NA,NA,NA,"linear",1,0.131,0.014,0.145,248.453125,305.609375,330.09375,333.296875,84.84375,"accuracy",0.941028858218319,0.941028858218319,0.724490562527938,NA,4453740,797,"success","","","0.99.39"
"selected_backend__gtex_v8__plssvd__metal__r3","selected_component_backend_panel","gtex_v8","classification","plssvd","metal","metal","metal","rsvd","argmax","float64",30,3000,797,1000,32,1003,3,NA,NA,"not_applicable",32,5,NA,NA,NA,NA,NA,"linear",1,0.136,0.016,0.152,251.609375,306.78125,331.65625,334.484375,82.875,"accuracy",0.941028858218319,0.941028858218319,0.724490562527938,NA,4453740,797,"success","","","0.99.39"
"selected_backend__gtex_v8__simpls__cpu__r1","selected_component_backend_panel","gtex_v8","classification","simpls","cpu",NA,"cpu_flash","rsvd","argmax","float64",190,3000,797,1000,32,1001,1,NA,NA,"ordinary_fast",32,5,"fresh_oversampled_sketch_per_component",1,NA,NA,TRUE,"linear",1,3.504,0.0110000000000001,3.515,248.28125,297.71875,303.921875,304.046875,55.765625,"accuracy",0.963613550815558,0.963613550815558,0.811025787043053,NA,4568563,797,"success","","","0.99.39"
"selected_backend__gtex_v8__simpls__cpu__r2","selected_component_backend_panel","gtex_v8","classification","simpls","cpu",NA,"cpu_flash","rsvd","argmax","float64",190,3000,797,1000,32,1002,2,NA,NA,"ordinary_fast",32,5,"fresh_oversampled_sketch_per_component",1,NA,NA,TRUE,"linear",1,3.498,0.0110000000000001,3.509,252.859375,299.625,305.828125,305.875,53.015625,"accuracy",0.963613550815558,0.963613550815558,0.811025787043063,NA,4568563,797,"success","","","0.99.39"
"selected_backend__gtex_v8__simpls__cpu__r3","selected_component_backend_panel","gtex_v8","classification","simpls","cpu",NA,"cpu_flash","rsvd","argmax","float64",190,3000,797,1000,32,1003,3,NA,NA,"ordinary_fast",32,5,"fresh_oversampled_sketch_per_component",1,NA,NA,TRUE,"linear",1,3.513,0.0100000000000007,3.523,252.90625,300.953125,307.171875,307.21875,54.3125,"accuracy",0.963613550815558,0.963613550815558,0.811025787043082,NA,4568563,797,"success","","","0.99.39"
"selected_backend__gtex_v8__simpls__metal__r1","selected_component_backend_panel","gtex_v8","classification","simpls","metal","metal","metal","rsvd","argmax","float64",190,3000,797,1000,32,1001,1,NA,NA,"ordinary_fast",32,5,"fresh_oversampled_sketch_per_component",1,NA,NA,TRUE,"linear",1,3.049,0.02,3.069,254.34375,360.125,378.796875,382.84375,128.5,"accuracy",0.963613550815558,0.963613550815558,0.811026245967288,NA,4568563,797,"success","","","0.99.39"
"selected_backend__gtex_v8__simpls__metal__r2","selected_component_backend_panel","gtex_v8","classification","simpls","metal","metal","metal","rsvd","argmax","float64",190,3000,797,1000,32,1002,2,NA,NA,"ordinary_fast",32,5,"fresh_oversampled_sketch_per_component",1,NA,NA,TRUE,"linear",1,3.049,0.0150000000000001,3.064,253.53125,361.671875,379.953125,384.40625,130.875,"accuracy",0.963613550815558,0.963613550815558,0.811026245967288,NA,4568563,797,"success","","","0.99.39"
"selected_backend__gtex_v8__simpls__metal__r3","selected_component_backend_panel","gtex_v8","classification","simpls","metal","metal","metal","rsvd","argmax","float64",190,3000,797,1000,32,1003,3,NA,NA,"ordinary_fast",32,5,"fresh_oversampled_sketch_per_component",1,NA,NA,TRUE,"linear",1,3.075,0.016,3.091,250.28125,356.8125,375.078125,379.53125,129.25,"accuracy",0.963613550815558,0.963613550815558,0.811026245967288,NA,4568563,797,"success","","","0.99.39"
"selected_backend__gtex_v8__opls__cpu__r1","selected_component_backend_panel","gtex_v8","classification","opls","cpu",NA,NA,"rsvd","argmax","float64",179,3000,797,1000,32,1001,1,NA,NA,"ordinary_fast",32,5,"fresh_oversampled_sketch_per_component",1,NA,NA,TRUE,"linear",1,3.413,0.0119999999999996,3.425,253.8125,326.359375,338.671875,338.71875,84.90625,"accuracy",0.961104140526976,0.961104140526976,0.786365378531113,NA,4589483,797,"success","","","0.99.39"
"selected_backend__gtex_v8__opls__cpu__r2","selected_component_backend_panel","gtex_v8","classification","opls","cpu",NA,NA,"rsvd","argmax","float64",179,3000,797,1000,32,1002,2,NA,NA,"ordinary_fast",32,5,"fresh_oversampled_sketch_per_component",1,NA,NA,TRUE,"linear",1,3.419,0.0120000000000005,3.431,254.640625,327.40625,333.734375,333.78125,79.140625,"accuracy",0.961104140526976,0.961104140526976,0.78636537853105,NA,4589483,797,"success","","","0.99.39"
"selected_backend__gtex_v8__opls__cpu__r3","selected_component_backend_panel","gtex_v8","classification","opls","cpu",NA,NA,"rsvd","argmax","float64",179,3000,797,1000,32,1003,3,NA,NA,"ordinary_fast",32,5,"fresh_oversampled_sketch_per_component",1,NA,NA,TRUE,"linear",1,3.41,0.0130000000000008,3.423,247.703125,321.453125,339.984375,340.03125,92.328125,"accuracy",0.961104140526976,0.961104140526976,0.786365378531061,NA,4589483,797,"success","","","0.99.39"
"selected_backend__gtex_v8__opls__metal__r1","selected_component_backend_panel","gtex_v8","classification","opls","metal","metal","metal","rsvd","argmax","float64",179,3000,797,1000,32,1001,1,NA,NA,"ordinary_fast",32,5,"fresh_oversampled_sketch_per_component",1,NA,NA,TRUE,"linear",1,3.117,0.0340000000000003,3.151,255.65625,354.953125,397.625,404.328125,148.671875,"accuracy",0.961104140526976,0.961104140526976,0.78636532478022,NA,4589483,797,"success","","","0.99.39"
"selected_backend__gtex_v8__opls__metal__r2","selected_component_backend_panel","gtex_v8","classification","opls","metal","metal","metal","rsvd","argmax","float64",179,3000,797,1000,32,1002,2,NA,NA,"ordinary_fast",32,5,"fresh_oversampled_sketch_per_component",1,NA,NA,TRUE,"linear",1,3.032,0.0259999999999998,3.058,251.296875,359.125,401.78125,408.5,157.203125,"accuracy",0.961104140526976,0.961104140526976,0.78636532478022,NA,4589483,797,"success","","","0.99.39"
"selected_backend__gtex_v8__opls__metal__r3","selected_component_backend_panel","gtex_v8","classification","opls","metal","metal","metal","rsvd","argmax","float64",179,3000,797,1000,32,1003,3,NA,NA,"ordinary_fast",32,5,"fresh_oversampled_sketch_per_component",1,NA,NA,TRUE,"linear",1,2.918,0.0270000000000001,2.945,255.140625,360.84375,391.359375,398.046875,142.90625,"accuracy",0.961104140526976,0.961104140526976,0.78636532478022,NA,4589483,797,"success","","","0.99.39"
"selected_backend__gtex_v8__kernelpls__cpu__r1","selected_component_backend_panel","gtex_v8","classification","kernelpls","cpu",NA,"cpu_flash","rsvd","argmax","float64",190,3000,797,1000,32,1001,1,NA,NA,"ordinary_fast",32,5,"fresh_oversampled_sketch_per_component",1,NA,NA,TRUE,"linear",1,3.503,0.0110000000000001,3.514,253.296875,303,309.203125,309.265625,55.96875,"accuracy",0.963613550815558,0.963613550815558,0.811025787043053,NA,4568563,797,"success","","","0.99.39"
"selected_backend__gtex_v8__kernelpls__cpu__r2","selected_component_backend_panel","gtex_v8","classification","kernelpls","cpu",NA,"cpu_flash","rsvd","argmax","float64",190,3000,797,1000,32,1002,2,NA,NA,"ordinary_fast",32,5,"fresh_oversampled_sketch_per_component",1,NA,NA,TRUE,"linear",1,3.501,0.0110000000000001,3.512,254.171875,301.21875,307.421875,307.46875,53.296875,"accuracy",0.963613550815558,0.963613550815558,0.811025787043063,NA,4568563,797,"success","","","0.99.39"
"selected_backend__gtex_v8__kernelpls__cpu__r3","selected_component_backend_panel","gtex_v8","classification","kernelpls","cpu",NA,"cpu_flash","rsvd","argmax","float64",190,3000,797,1000,32,1003,3,NA,NA,"ordinary_fast",32,5,"fresh_oversampled_sketch_per_component",1,NA,NA,TRUE,"linear",1,3.496,0.00999999999999979,3.506,246.640625,294.609375,300.8125,300.921875,54.28125,"accuracy",0.963613550815558,0.963613550815558,0.811025787043082,NA,4568563,797,"success","","","0.99.39"
"selected_backend__gtex_v8__kernelpls__metal__r1","selected_component_backend_panel","gtex_v8","classification","kernelpls","metal","metal","metal","rsvd","argmax","float64",190,3000,797,1000,32,1001,1,NA,NA,"ordinary_fast",32,5,"fresh_oversampled_sketch_per_component",1,NA,NA,TRUE,"linear",1,3.079,0.016,3.095,248.296875,360.625,385,388.71875,140.421875,"accuracy",0.963613550815558,0.963613550815558,0.811026245967288,NA,4568563,797,"success","","","0.99.39"
"selected_backend__gtex_v8__kernelpls__metal__r2","selected_component_backend_panel","gtex_v8","classification","kernelpls","metal","metal","metal","rsvd","argmax","float64",190,3000,797,1000,32,1002,2,NA,NA,"ordinary_fast",32,5,"fresh_oversampled_sketch_per_component",1,NA,NA,TRUE,"linear",1,3.04,0.0150000000000001,3.055,248.15625,352.828125,365.078125,374.890625,126.734375,"accuracy",0.963613550815558,0.963613550815558,0.811026245967288,NA,4568563,797,"success","","","0.99.39"
"selected_backend__gtex_v8__kernelpls__metal__r3","selected_component_backend_panel","gtex_v8","classification","kernelpls","metal","metal","metal","rsvd","argmax","float64",190,3000,797,1000,32,1003,3,NA,NA,"ordinary_fast",32,5,"fresh_oversampled_sketch_per_component",1,NA,NA,TRUE,"linear",1,2.969,0.016,2.985,252.71875,365.078125,383.375,387.828125,135.109375,"accuracy",0.963613550815558,0.963613550815558,0.811026245967288,NA,4568563,797,"success","","","0.99.39"
"selected_backend__metref__plssvd__cpu__r1","selected_component_backend_panel","metref","classification","plssvd","cpu",NA,"cpu_flash","rsvd","argmax","float64",21,773,100,375,22,1001,1,NA,NA,"not_applicable",32,5,NA,NA,NA,NA,NA,"linear",1,0.013,0.002,0.015,225,229,229.109375,229.25,4.25,"accuracy",0.8,0.8,0.268176683850028,NA,49973,100,"success","","","0.99.39"
"selected_backend__metref__plssvd__cpu__r2","selected_component_backend_panel","metref","classification","plssvd","cpu",NA,"cpu_flash","rsvd","argmax","float64",21,773,100,375,22,1002,2,NA,NA,"not_applicable",32,5,NA,NA,NA,NA,NA,"linear",1,0.0129999999999999,0.001,0.0139999999999999,222.3125,223.296875,223.40625,223.453125,1.140625,"accuracy",0.8,0.8,0.268176683850028,NA,49973,100,"success","","","0.99.39"
"selected_backend__metref__plssvd__cpu__r3","selected_component_backend_panel","metref","classification","plssvd","cpu",NA,"cpu_flash","rsvd","argmax","float64",21,773,100,375,22,1003,3,NA,NA,"not_applicable",32,5,NA,NA,NA,NA,NA,"linear",1,0.014,0.001,0.015,224.796875,225.734375,225.84375,225.890625,1.09375,"accuracy",0.8,0.8,0.268176683850028,NA,49973,100,"success","","","0.99.39"
"selected_backend__metref__plssvd__metal__r1","selected_component_backend_panel","metref","classification","plssvd","metal","metal","metal","rsvd","argmax","float64",21,773,100,375,22,1001,1,NA,NA,"not_applicable",32,5,NA,NA,NA,NA,NA,"linear",1,0.064,0.005,0.069,220.140625,233.359375,233.515625,235.578125,15.4375,"accuracy",0.8,0.8,0.26817681658328,NA,49973,100,"success","","","0.99.39"
"selected_backend__metref__plssvd__metal__r2","selected_component_backend_panel","metref","classification","plssvd","metal","metal","metal","rsvd","argmax","float64",21,773,100,375,22,1002,2,NA,NA,"not_applicable",32,5,NA,NA,NA,NA,NA,"linear",1,0.065,0.011,0.076,225.625,234.625,234.8125,236.859375,11.234375,"accuracy",0.8,0.8,0.26817681658328,NA,49973,100,"success","","","0.99.39"
"selected_backend__metref__plssvd__metal__r3","selected_component_backend_panel","metref","classification","plssvd","metal","metal","metal","rsvd","argmax","float64",21,773,100,375,22,1003,3,NA,NA,"not_applicable",32,5,NA,NA,NA,NA,NA,"linear",1,0.0599999999999999,0.004,0.064,225.078125,235.140625,235.515625,237.09375,12.015625,"accuracy",0.8,0.8,0.26817681658328,NA,49973,100,"success","","","0.99.39"
"selected_backend__metref__simpls__cpu__r1","selected_component_backend_panel","metref","classification","simpls","cpu",NA,"cpu_flash","rsvd","argmax","float64",118,773,100,375,22,1001,1,NA,NA,"ordinary_fast",32,5,"fresh_oversampled_sketch_per_component",1,NA,NA,TRUE,"linear",1,0.351,0.002,0.353,225.34375,229.671875,229.8125,229.890625,4.546875,"accuracy",0.97,0.97,0.619137562659462,NA,52112,100,"success","","","0.99.39"
"selected_backend__metref__simpls__cpu__r2","selected_component_backend_panel","metref","classification","simpls","cpu",NA,"cpu_flash","rsvd","argmax","float64",118,773,100,375,22,1002,2,NA,NA,"ordinary_fast",32,5,"fresh_oversampled_sketch_per_component",1,NA,NA,TRUE,"linear",1,0.351,0.002,0.353,226.53125,231.75,231.859375,231.90625,5.375,"accuracy",0.97,0.97,0.619137562659453,NA,52112,100,"success","","","0.99.39"
"selected_backend__metref__simpls__cpu__r3","selected_component_backend_panel","metref","classification","simpls","cpu",NA,"cpu_flash","rsvd","argmax","float64",118,773,100,375,22,1003,3,NA,NA,"ordinary_fast",32,5,"fresh_oversampled_sketch_per_component",1,NA,NA,TRUE,"linear",1,0.351,0.00199999999999989,0.353,224.46875,225.28125,225.421875,225.46875,1,"accuracy",0.97,0.97,0.619137562659391,NA,52112,100,"success","","","0.99.39"
"selected_backend__metref__simpls__metal__r1","selected_component_backend_panel","metref","classification","simpls","metal","metal","metal","rsvd","argmax","float64",118,773,100,375,22,1001,1,NA,NA,"ordinary_fast",32,5,"fresh_oversampled_sketch_per_component",1,NA,NA,TRUE,"linear",1,0.814,0.006,0.82,226.1875,271.203125,271.09375,273,46.8125,"accuracy",0.97,0.97,0.619137923381873,NA,52112,100,"success","","","0.99.39"
"selected_backend__metref__simpls__metal__r2","selected_component_backend_panel","metref","classification","simpls","metal","metal","metal","rsvd","argmax","float64",118,773,100,375,22,1002,2,NA,NA,"ordinary_fast",32,5,"fresh_oversampled_sketch_per_component",1,NA,NA,TRUE,"linear",1,0.886,0.004,0.89,225.578125,281.171875,281.0625,282.578125,57,"accuracy",0.97,0.97,0.619137923381873,NA,52112,100,"success","","","0.99.39"
"selected_backend__metref__simpls__metal__r3","selected_component_backend_panel","metref","classification","simpls","metal","metal","metal","rsvd","argmax","float64",118,773,100,375,22,1003,3,NA,NA,"ordinary_fast",32,5,"fresh_oversampled_sketch_per_component",1,NA,NA,TRUE,"linear",1,0.888,0.004,0.892,222.859375,273.296875,273.359375,274.953125,52.09375,"accuracy",0.97,0.97,0.619137923381873,NA,52112,100,"success","","","0.99.39"
"selected_backend__metref__opls__cpu__r1","selected_component_backend_panel","metref","classification","opls","cpu",NA,NA,"rsvd","argmax","float64",118,773,100,375,22,1001,1,NA,NA,"ordinary_fast",32,5,"fresh_oversampled_sketch_per_component",1,NA,NA,TRUE,"linear",1,0.358,0.00200000000000011,0.36,222.59375,229.03125,229.15625,229.21875,6.625,"accuracy",0.97,0.97,0.60767114793621,NA,52112,100,"success","","","0.99.39"
"selected_backend__metref__opls__cpu__r2","selected_component_backend_panel","metref","classification","opls","cpu",NA,NA,"rsvd","argmax","float64",118,773,100,375,22,1002,2,NA,NA,"ordinary_fast",32,5,"fresh_oversampled_sketch_per_component",1,NA,NA,TRUE,"linear",1,0.359,0.002,0.361,218.15625,223.5,223.640625,223.6875,5.53125,"accuracy",0.97,0.97,0.60767114793611,NA,52112,100,"success","","","0.99.39"
"selected_backend__metref__opls__cpu__r3","selected_component_backend_panel","metref","classification","opls","cpu",NA,NA,"rsvd","argmax","float64",118,773,100,375,22,1003,3,NA,NA,"ordinary_fast",32,5,"fresh_oversampled_sketch_per_component",1,NA,NA,TRUE,"linear",1,0.359,0.002,0.361,225.859375,229.203125,229.375,229.421875,3.5625,"accuracy",0.97,0.97,0.607671147936033,NA,52112,100,"success","","","0.99.39"
"selected_backend__metref__opls__metal__r1","selected_component_backend_panel","metref","classification","opls","metal","metal","metal","rsvd","argmax","float64",118,773,100,375,22,1001,1,NA,NA,"ordinary_fast",32,5,"fresh_oversampled_sketch_per_component",1,NA,NA,TRUE,"linear",1,0.906,0.00500000000000012,0.911,226.125,273.015625,272.90625,274.125,48,"accuracy",0.97,0.97,0.607670841168038,NA,52112,100,"success","","","0.99.39"
"selected_backend__metref__opls__metal__r2","selected_component_backend_panel","metref","classification","opls","metal","metal","metal","rsvd","argmax","float64",118,773,100,375,22,1002,2,NA,NA,"ordinary_fast",32,5,"fresh_oversampled_sketch_per_component",1,NA,NA,TRUE,"linear",1,0.89,0.006,0.896,223.96875,279.21875,279.28125,280.75,56.78125,"accuracy",0.97,0.97,0.607670841168038,NA,52112,100,"success","","","0.99.39"
"selected_backend__metref__opls__metal__r3","selected_component_backend_panel","metref","classification","opls","metal","metal","metal","rsvd","argmax","float64",118,773,100,375,22,1003,3,NA,NA,"ordinary_fast",32,5,"fresh_oversampled_sketch_per_component",1,NA,NA,TRUE,"linear",1,0.867,0.00800000000000001,0.875,223.875,276.859375,276.75,278.578125,54.703125,"accuracy",0.97,0.97,0.607670841168038,NA,52112,100,"success","","","0.99.39"
"selected_backend__metref__kernelpls__cpu__r1","selected_component_backend_panel","metref","classification","kernelpls","cpu",NA,"cpu_flash","rsvd","argmax","float64",118,773,100,375,22,1001,1,NA,NA,"ordinary_fast",32,5,"fresh_oversampled_sketch_per_component",1,NA,NA,TRUE,"linear",1,0.352,0.002,0.354,221.421875,224.265625,224.375,224.421875,3,"accuracy",0.97,0.97,0.619137562659462,NA,52112,100,"success","","","0.99.39"
"selected_backend__metref__kernelpls__cpu__r2","selected_component_backend_panel","metref","classification","kernelpls","cpu",NA,"cpu_flash","rsvd","argmax","float64",118,773,100,375,22,1002,2,NA,NA,"ordinary_fast",32,5,"fresh_oversampled_sketch_per_component",1,NA,NA,TRUE,"linear",1,0.351,0.002,0.353,224.140625,229.265625,229.375,229.421875,5.28125,"accuracy",0.97,0.97,0.619137562659453,NA,52112,100,"success","","","0.99.39"
"selected_backend__metref__kernelpls__cpu__r3","selected_component_backend_panel","metref","classification","kernelpls","cpu",NA,"cpu_flash","rsvd","argmax","float64",118,773,100,375,22,1003,3,NA,NA,"ordinary_fast",32,5,"fresh_oversampled_sketch_per_component",1,NA,NA,TRUE,"linear",1,0.35,0.002,0.352,227.28125,232.34375,232.453125,232.59375,5.3125,"accuracy",0.97,0.97,0.619137562659391,NA,52112,100,"success","","","0.99.39"
"selected_backend__metref__kernelpls__metal__r1","selected_component_backend_panel","metref","classification","kernelpls","metal","metal","metal","rsvd","argmax","float64",118,773,100,375,22,1001,1,NA,NA,"ordinary_fast",32,5,"fresh_oversampled_sketch_per_component",1,NA,NA,TRUE,"linear",1,0.477,0.00299999999999989,0.48,225.875,270.921875,270.8125,272.46875,46.59375,"accuracy",0.97,0.97,0.619137923381873,NA,52112,100,"success","","","0.99.39"
"selected_backend__metref__kernelpls__metal__r2","selected_component_backend_panel","metref","classification","kernelpls","metal","metal","metal","rsvd","argmax","float64",118,773,100,375,22,1002,2,NA,NA,"ordinary_fast",32,5,"fresh_oversampled_sketch_per_component",1,NA,NA,TRUE,"linear",1,0.824,0.004,0.828,221.40625,269.5,269.390625,271.21875,49.8125,"accuracy",0.97,0.97,0.619137923381873,NA,52112,100,"success","","","0.99.39"
"selected_backend__metref__kernelpls__metal__r3","selected_component_backend_panel","metref","classification","kernelpls","metal","metal","metal","rsvd","argmax","float64",118,773,100,375,22,1003,3,NA,NA,"ordinary_fast",32,5,"fresh_oversampled_sketch_per_component",1,NA,NA,TRUE,"linear",1,0.889,0.0069999999999999,0.896,224.109375,275.296875,275.1875,277.078125,52.96875,"accuracy",0.97,0.97,0.619137923381873,NA,52112,100,"success","","","0.99.39"
"selected_backend__prism__plssvd__cpu__r1","selected_component_backend_panel","prism","regression","plssvd","cpu",NA,"cpu_flash","rsvd","argmax","float64",7,479,54,1000,4686,1001,1,NA,NA,"not_applicable",32,5,NA,NA,NA,NA,NA,"linear",1,0.918,0.079,0.997,240.90625,338.84375,350.5625,365.21875,124.3125,"rmsd",0.549632282859677,NA,0.0224564463994618,0.549632282859677,-29428140.4844172,253044,"success","","","0.99.39"
"selected_backend__prism__plssvd__cpu__r2","selected_component_backend_panel","prism","regression","plssvd","cpu",NA,"cpu_flash","rsvd","argmax","float64",7,479,54,1000,4686,1002,2,NA,NA,"not_applicable",32,5,NA,NA,NA,NA,NA,"linear",1,0.917,0.077,0.994,244.875,341.1875,350.984375,369.625,124.75,"rmsd",0.549632279584925,NA,0.0224564580480178,0.549632279584925,-29428140.490442,253044,"success","","","0.99.39"
"selected_backend__prism__plssvd__cpu__r3","selected_component_backend_panel","prism","regression","plssvd","cpu",NA,"cpu_flash","rsvd","argmax","float64",7,479,54,1000,4686,1003,3,NA,NA,"not_applicable",32,5,NA,NA,NA,NA,NA,"linear",1,0.924,0.081,1.005,243.78125,342.953125,347.953125,366.359375,122.578125,"rmsd",0.549632283383086,NA,0.0224564445376318,0.549632283383086,-29428140.5720208,253044,"success","","","0.99.39"
"selected_backend__prism__plssvd__metal__r1","selected_component_backend_panel","prism","regression","plssvd","metal","metal","metal","rsvd","argmax","float64",7,479,54,1000,4686,1001,1,NA,NA,"not_applicable",32,5,NA,NA,NA,NA,NA,"linear",1,0.419,0.0109999999999999,0.43,245.046875,440.796875,446.625,461.296875,216.25,"rmsd",0.549632280721997,NA,0.022456454003357,0.549632280721997,-29428140.3395544,253044,"success","","","0.99.39"
"selected_backend__prism__plssvd__metal__r2","selected_component_backend_panel","prism","regression","plssvd","metal","metal","metal","rsvd","argmax","float64",7,479,54,1000,4686,1002,2,NA,NA,"not_applicable",32,5,NA,NA,NA,NA,NA,"linear",1,0.39,0.01,0.4,243.125,454.3125,454.46875,460.40625,217.28125,"rmsd",0.549632287860962,NA,0.0224564286094875,0.549632287860962,-29428140.6523825,253044,"success","","","0.99.39"
"selected_backend__prism__plssvd__metal__r3","selected_component_backend_panel","prism","regression","plssvd","metal","metal","metal","rsvd","argmax","float64",7,479,54,1000,4686,1003,3,NA,NA,"not_applicable",32,5,NA,NA,NA,NA,NA,"linear",1,0.427,0.00800000000000001,0.435,249.453125,450.28125,450.5625,470.21875,220.765625,"rmsd",0.549632285311472,NA,0.0224564376782477,0.549632285311472,-29428140.4833339,253044,"success","","","0.99.39"
"selected_backend__prism__simpls__cpu__r1","selected_component_backend_panel","prism","regression","simpls","cpu",NA,"cpu_flash","rsvd","argmax","float64",6,479,54,1000,4686,1001,1,NA,NA,"high_response_stable",48,6,"fresh_oversampled_sketch_per_component",1,NA,NA,TRUE,"linear",1,7.574,0.077,7.651,244.734375,382.65625,388.5625,402.234375,157.5,"rmsd",0.547758816210452,NA,0.0291091633977342,0.547758816210452,-29673124.606221,253044,"success","","","0.99.39"
"selected_backend__prism__simpls__cpu__r2","selected_component_backend_panel","prism","regression","simpls","cpu",NA,"cpu_flash","rsvd","argmax","float64",6,479,54,1000,4686,1002,2,NA,NA,"high_response_stable",48,6,"fresh_oversampled_sketch_per_component",1,NA,NA,TRUE,"linear",1,7.581,0.0790000000000006,7.66,246.703125,384.9375,388.984375,406.53125,159.828125,"rmsd",0.547758816210634,NA,0.0291091633970807,0.547758816210634,-29673124.6062244,253044,"success","","","0.99.39"
"selected_backend__prism__simpls__cpu__r3","selected_component_backend_panel","prism","regression","simpls","cpu",NA,"cpu_flash","rsvd","argmax","float64",6,479,54,1000,4686,1003,3,NA,NA,"high_response_stable",48,6,"fresh_oversampled_sketch_per_component",1,NA,NA,TRUE,"linear",1,7.613,0.0790000000000006,7.692,241.078125,278.015625,357.453125,380.40625,139.328125,"rmsd",0.547758816210537,NA,0.0291091633974276,0.547758816210537,-29673124.6062271,253044,"success","","","0.99.39"
"selected_backend__prism__simpls__metal__r1","selected_component_backend_panel","prism","regression","simpls","metal","metal","metal","rsvd","argmax","float64",6,479,54,1000,4686,1001,1,NA,NA,"high_response_stable",48,6,"fresh_oversampled_sketch_per_component",1,NA,NA,TRUE,"linear",1,2.361,0.0129999999999999,2.374,252.671875,507.328125,510,575.90625,323.234375,"rmsd",0.547758816460513,NA,0.0291091625113011,0.547758816460513,-29673124.6174982,253044,"success","","","0.99.39"
"selected_backend__prism__simpls__metal__r2","selected_component_backend_panel","prism","regression","simpls","metal","metal","metal","rsvd","argmax","float64",6,479,54,1000,4686,1002,2,NA,NA,"high_response_stable",48,6,"fresh_oversampled_sketch_per_component",1,NA,NA,TRUE,"linear",1,2.36,0.0100000000000002,2.37,244.078125,593.453125,593.578125,630.1875,386.109375,"rmsd",0.547758815895721,NA,0.0291091645134524,0.547758815895721,-29673124.404271,253044,"success","","","0.99.39"
"selected_backend__prism__simpls__metal__r3","selected_component_backend_panel","prism","regression","simpls","metal","metal","metal","rsvd","argmax","float64",6,479,54,1000,4686,1003,3,NA,NA,"high_response_stable",48,6,"fresh_oversampled_sketch_per_component",1,NA,NA,TRUE,"linear",1,2.349,0.0139999999999998,2.363,243.390625,576.15625,576.265625,612.796875,369.40625,"rmsd",0.547758816619907,NA,0.0291091619462481,0.547758816619907,-29673124.6863826,253044,"success","","","0.99.39"
"selected_backend__prism__opls__cpu__r1","selected_component_backend_panel","prism","regression","opls","cpu",NA,NA,"rsvd","argmax","float64",5,479,54,1000,4686,1001,1,NA,NA,"high_response_stable",48,6,"fresh_oversampled_sketch_per_component",1,NA,NA,TRUE,"linear",1,14.326,0.0780000000000012,14.404,245.375,437.0625,437.171875,452.78125,207.40625,"rmsd",0.549646861460087,NA,0.0224045884344236,0.549646861460087,-29528515.7224776,253044,"success","","","0.99.39"
"selected_backend__prism__opls__cpu__r2","selected_component_backend_panel","prism","regression","opls","cpu",NA,NA,"rsvd","argmax","float64",5,479,54,1000,4686,1002,2,NA,NA,"high_response_stable",48,6,"fresh_oversampled_sketch_per_component",1,NA,NA,TRUE,"linear",1,14.317,0.077,14.394,244.140625,445.125,452.984375,458.9375,214.796875,"rmsd",0.549646861459965,NA,0.0224045884348624,0.549646861459965,-29528515.722492,253044,"success","","","0.99.39"
"selected_backend__prism__opls__cpu__r3","selected_component_backend_panel","prism","regression","opls","cpu",NA,NA,"rsvd","argmax","float64",5,479,54,1000,4686,1003,3,NA,NA,"high_response_stable",48,6,"fresh_oversampled_sketch_per_component",1,NA,NA,TRUE,"linear",1,14.447,0.077,14.524,237.640625,442.078125,449.9375,463.625,225.984375,"rmsd",0.549646861460106,NA,0.0224045884343479,0.549646861460106,-29528515.7224827,253044,"success","","","0.99.39"
"selected_backend__prism__opls__metal__r1","selected_component_backend_panel","prism","regression","opls","metal","metal","metal","rsvd","argmax","float64",5,479,54,1000,4686,1001,1,NA,NA,"high_response_stable",48,6,"fresh_oversampled_sketch_per_component",1,NA,NA,TRUE,"linear",1,2.407,0.0110000000000001,2.418,239.109375,618.140625,618.234375,636.078125,396.96875,"rmsd",0.549646863588802,NA,0.0224045808622012,0.549646863588802,-29528515.765632,253044,"success","","","0.99.39"
"selected_backend__prism__opls__metal__r2","selected_component_backend_panel","prism","regression","opls","metal","metal","metal","rsvd","argmax","float64",5,479,54,1000,4686,1002,2,NA,NA,"high_response_stable",48,6,"fresh_oversampled_sketch_per_component",1,NA,NA,TRUE,"linear",1,2.363,0.00999999999999979,2.373,240.953125,621.265625,621.40625,639.171875,398.21875,"rmsd",0.549646861993778,NA,0.0224045865359769,0.549646861993778,-29528515.8319531,253044,"success","","","0.99.39"
"selected_backend__prism__opls__metal__r3","selected_component_backend_panel","prism","regression","opls","metal","metal","metal","rsvd","argmax","float64",5,479,54,1000,4686,1003,3,NA,NA,"high_response_stable",48,6,"fresh_oversampled_sketch_per_component",1,NA,NA,TRUE,"linear",1,2.406,0.012,2.418,241.265625,587.640625,587.765625,605.5625,364.296875,"rmsd",0.549646862524272,NA,0.02240458464894,0.549646862524272,-29528515.8572834,253044,"success","","","0.99.39"
"selected_backend__prism__kernelpls__cpu__r1","selected_component_backend_panel","prism","regression","kernelpls","cpu",NA,"cpu_flash","rsvd","argmax","float64",6,479,54,1000,4686,1001,1,NA,NA,"high_response_stable",48,6,"fresh_oversampled_sketch_per_component",1,NA,NA,TRUE,"linear",1,7.723,0.0790000000000006,7.802,247.859375,288.03125,353.921875,377.828125,129.96875,"rmsd",0.547758816210452,NA,0.0291091633977342,0.547758816210452,-29673124.606221,253044,"success","","","0.99.39"
"selected_backend__prism__kernelpls__cpu__r2","selected_component_backend_panel","prism","regression","kernelpls","cpu",NA,"cpu_flash","rsvd","argmax","float64",6,479,54,1000,4686,1002,2,NA,NA,"high_response_stable",48,6,"fresh_oversampled_sketch_per_component",1,NA,NA,TRUE,"linear",1,7.711,0.077,7.788,245.40625,289.84375,351.796875,368.265625,122.859375,"rmsd",0.547758816210634,NA,0.0291091633970807,0.547758816210634,-29673124.6062244,253044,"success","","","0.99.39"
"selected_backend__prism__kernelpls__cpu__r3","selected_component_backend_panel","prism","regression","kernelpls","cpu",NA,"cpu_flash","rsvd","argmax","float64",6,479,54,1000,4686,1003,3,NA,NA,"high_response_stable",48,6,"fresh_oversampled_sketch_per_component",1,NA,NA,TRUE,"linear",1,7.908,0.0779999999999994,7.986,244.390625,295.0625,354.84375,372.234375,127.84375,"rmsd",0.547758816210537,NA,0.0291091633974276,0.547758816210537,-29673124.6062271,253044,"success","","","0.99.39"
"selected_backend__prism__kernelpls__metal__r1","selected_component_backend_panel","prism","regression","kernelpls","metal","metal","metal","rsvd","argmax","float64",6,479,54,1000,4686,1001,1,NA,NA,"high_response_stable",48,6,"fresh_oversampled_sketch_per_component",1,NA,NA,TRUE,"linear",1,2.423,0.0110000000000001,2.434,241.90625,497.5625,497.78125,541.9375,300.03125,"rmsd",0.547758816460513,NA,0.0291091625113011,0.547758816460513,-29673124.6174982,253044,"success","","","0.99.39"
"selected_backend__prism__kernelpls__metal__r2","selected_component_backend_panel","prism","regression","kernelpls","metal","metal","metal","rsvd","argmax","float64",6,479,54,1000,4686,1002,2,NA,NA,"high_response_stable",48,6,"fresh_oversampled_sketch_per_component",1,NA,NA,TRUE,"linear",1,2.361,0.0109999999999997,2.372,243.59375,550.453125,550.5625,587.078125,343.484375,"rmsd",0.547758815895721,NA,0.0291091645134524,0.547758815895721,-29673124.404271,253044,"success","","","0.99.39"
"selected_backend__prism__kernelpls__metal__r3","selected_component_backend_panel","prism","regression","kernelpls","metal","metal","metal","rsvd","argmax","float64",6,479,54,1000,4686,1003,3,NA,NA,"high_response_stable",48,6,"fresh_oversampled_sketch_per_component",1,NA,NA,TRUE,"linear",1,2.365,0.012,2.377,242.96875,563.5,563.609375,600.15625,357.1875,"rmsd",0.547758816619907,NA,0.0291091619462481,0.547758816619907,-29673124.6863826,253044,"success","","","0.99.39"
"selected_backend__retina__plssvd__cpu__r1","selected_component_backend_panel","retina","classification","plssvd","cpu",NA,"cpu_flash","rsvd","argmax","float64",11,22402,22406,50,12,1001,1,NA,NA,"not_applicable",32,5,NA,NA,NA,NA,NA,"linear",1,0.03,0.016,0.046,264.875,278.484375,303.203125,303.734375,38.859375,"accuracy",0.927251629027939,0.927251629027939,0.742581320589626,NA,101666295,22406,"success","","","0.99.39"
"selected_backend__retina__plssvd__cpu__r2","selected_component_backend_panel","retina","classification","plssvd","cpu",NA,"cpu_flash","rsvd","argmax","float64",11,22402,22406,50,12,1002,2,NA,NA,"not_applicable",32,5,NA,NA,NA,NA,NA,"linear",1,0.0279999999999999,0.016,0.0439999999999999,266.703125,280.1875,308.46875,308.515625,41.8125,"accuracy",0.927251629027939,0.927251629027939,0.742581320589626,NA,101666295,22406,"success","","","0.99.39"
"selected_backend__retina__plssvd__cpu__r3","selected_component_backend_panel","retina","classification","plssvd","cpu",NA,"cpu_flash","rsvd","argmax","float64",11,22402,22406,50,12,1003,3,NA,NA,"not_applicable",32,5,NA,NA,NA,NA,NA,"linear",1,0.029,0.016,0.045,267.859375,284.265625,309.015625,309.234375,41.375,"accuracy",0.927251629027939,0.927251629027939,0.742581320589626,NA,101666295,22406,"success","","","0.99.39"
"selected_backend__retina__plssvd__metal__r1","selected_component_backend_panel","retina","classification","plssvd","metal","metal","metal","rsvd","argmax","float64",11,22402,22406,50,12,1001,1,NA,NA,"not_applicable",32,5,NA,NA,NA,NA,NA,"linear",1,0.079,0.036,0.115,260.734375,293.1875,347.96875,348.875,88.140625,"accuracy",0.927251629027939,0.927251629027939,0.742581319153734,NA,101666295,22406,"success","","","0.99.39"
"selected_backend__retina__plssvd__metal__r2","selected_component_backend_panel","retina","classification","plssvd","metal","metal","metal","rsvd","argmax","float64",11,22402,22406,50,12,1002,2,NA,NA,"not_applicable",32,5,NA,NA,NA,NA,NA,"linear",1,0.076,0.038,0.114,265.234375,296.3125,344.171875,347.125,81.890625,"accuracy",0.927251629027939,0.927251629027939,0.742581319153734,NA,101666295,22406,"success","","","0.99.39"
"selected_backend__retina__plssvd__metal__r3","selected_component_backend_panel","retina","classification","plssvd","metal","metal","metal","rsvd","argmax","float64",11,22402,22406,50,12,1003,3,NA,NA,"not_applicable",32,5,NA,NA,NA,NA,NA,"linear",1,0.08,0.0409999999999999,0.121,267.296875,296.203125,348.09375,348.46875,81.171875,"accuracy",0.927251629027939,0.927251629027939,0.742581319153734,NA,101666295,22406,"success","","","0.99.39"
"selected_backend__retina__simpls__cpu__r1","selected_component_backend_panel","retina","classification","simpls","cpu",NA,"cpu_flash","rsvd","argmax","float64",30,22402,22406,50,12,1001,1,NA,NA,"ordinary_fast",32,5,"fresh_oversampled_sketch_per_component",1,NA,NA,TRUE,"linear",1,0.034,0.016,0.05,269.453125,291.328125,314.4375,315.328125,45.875,"accuracy",0.967776488440596,0.967776488440596,0.844510816808059,NA,98087061,22406,"success","","","0.99.39"
"selected_backend__retina__simpls__cpu__r2","selected_component_backend_panel","retina","classification","simpls","cpu",NA,"cpu_flash","rsvd","argmax","float64",30,22402,22406,50,12,1002,2,NA,NA,"ordinary_fast",32,5,"fresh_oversampled_sketch_per_component",1,NA,NA,TRUE,"linear",1,0.0329999999999999,0.016,0.0489999999999999,263.390625,287.359375,313.078125,313.125,49.734375,"accuracy",0.967776488440596,0.967776488440596,0.844510816808059,NA,98087061,22406,"success","","","0.99.39"
"selected_backend__retina__simpls__cpu__r3","selected_component_backend_panel","retina","classification","simpls","cpu",NA,"cpu_flash","rsvd","argmax","float64",30,22402,22406,50,12,1003,3,NA,NA,"ordinary_fast",32,5,"fresh_oversampled_sketch_per_component",1,NA,NA,TRUE,"linear",1,0.033,0.016,0.049,264.734375,286.609375,318.28125,321.515625,56.78125,"accuracy",0.967776488440596,0.967776488440596,0.844510816808058,NA,98087061,22406,"success","","","0.99.39"
"selected_backend__retina__simpls__metal__r1","selected_component_backend_panel","retina","classification","simpls","metal","metal","metal","rsvd","argmax","float64",30,22402,22406,50,12,1001,1,NA,NA,"ordinary_fast",32,5,"fresh_oversampled_sketch_per_component",1,NA,NA,TRUE,"linear",1,0.398,0.0429999999999999,0.441,258.6875,307.5625,361.3125,361.484375,102.796875,"accuracy",0.967776488440596,0.967776488440596,0.844510817232249,NA,98087061,22406,"success","","","0.99.39"
"selected_backend__retina__simpls__metal__r2","selected_component_backend_panel","retina","classification","simpls","metal","metal","metal","rsvd","argmax","float64",30,22402,22406,50,12,1002,2,NA,NA,"ordinary_fast",32,5,"fresh_oversampled_sketch_per_component",1,NA,NA,TRUE,"linear",1,0.403,0.0449999999999999,0.448,264.875,313.296875,369.8125,369.859375,104.984375,"accuracy",0.967776488440596,0.967776488440596,0.844510817232249,NA,98087061,22406,"success","","","0.99.39"
"selected_backend__retina__simpls__metal__r3","selected_component_backend_panel","retina","classification","simpls","metal","metal","metal","rsvd","argmax","float64",30,22402,22406,50,12,1003,3,NA,NA,"ordinary_fast",32,5,"fresh_oversampled_sketch_per_component",1,NA,NA,TRUE,"linear",1,0.389,0.0429999999999999,0.432,265.875,315.75,376.828125,376.953125,111.078125,"accuracy",0.967776488440596,0.967776488440596,0.844510817232249,NA,98087061,22406,"success","","","0.99.39"
"selected_backend__retina__opls__cpu__r1","selected_component_backend_panel","retina","classification","opls","cpu",NA,NA,"rsvd","argmax","float64",22,22402,22406,50,12,1001,1,NA,NA,"ordinary_fast",32,5,"fresh_oversampled_sketch_per_component",1,NA,NA,TRUE,"linear",1,0.0549999999999999,0.019,0.074,268.375,296.953125,330.140625,330.265625,61.890625,"accuracy",0.94974560385611,0.94974560385611,0.751088740300973,NA,98403185,22406,"success","","","0.99.39"
"selected_backend__retina__opls__cpu__r2","selected_component_backend_panel","retina","classification","opls","cpu",NA,NA,"rsvd","argmax","float64",22,22402,22406,50,12,1002,2,NA,NA,"ordinary_fast",32,5,"fresh_oversampled_sketch_per_component",1,NA,NA,TRUE,"linear",1,0.0539999999999999,0.018,0.072,262.0625,290.703125,324.265625,324.390625,62.328125,"accuracy",0.94974560385611,0.94974560385611,0.751088740300973,NA,98403185,22406,"success","","","0.99.39"
"selected_backend__retina__opls__cpu__r3","selected_component_backend_panel","retina","classification","opls","cpu",NA,NA,"rsvd","argmax","float64",22,22402,22406,50,12,1003,3,NA,NA,"ordinary_fast",32,5,"fresh_oversampled_sketch_per_component",1,NA,NA,TRUE,"linear",1,0.0539999999999999,0.019,0.073,267.375,300.984375,330.6875,331.828125,64.453125,"accuracy",0.94974560385611,0.94974560385611,0.751088740300973,NA,98403185,22406,"success","","","0.99.39"
"selected_backend__retina__opls__metal__r1","selected_component_backend_panel","retina","classification","opls","metal","metal","metal","rsvd","argmax","float64",22,22402,22406,50,12,1001,1,NA,NA,"ordinary_fast",32,5,"fresh_oversampled_sketch_per_component",1,NA,NA,TRUE,"linear",1,0.397,0.071,0.468,262.28125,312.15625,364.671875,368.15625,105.875,"accuracy",0.94974560385611,0.94974560385611,0.751088728837379,NA,98403185,22406,"success","","","0.99.39"
"selected_backend__retina__opls__metal__r2","selected_component_backend_panel","retina","classification","opls","metal","metal","metal","rsvd","argmax","float64",22,22402,22406,50,12,1002,2,NA,NA,"ordinary_fast",32,5,"fresh_oversampled_sketch_per_component",1,NA,NA,TRUE,"linear",1,0.385,0.0660000000000001,0.451,268.125,321.25,374.1875,374.703125,106.578125,"accuracy",0.94974560385611,0.94974560385611,0.751088728837379,NA,98403185,22406,"success","","","0.99.39"
"selected_backend__retina__opls__metal__r3","selected_component_backend_panel","retina","classification","opls","metal","metal","metal","rsvd","argmax","float64",22,22402,22406,50,12,1003,3,NA,NA,"ordinary_fast",32,5,"fresh_oversampled_sketch_per_component",1,NA,NA,TRUE,"linear",1,0.378,0.0699999999999998,0.448,261.125,314.359375,374.484375,374.484375,113.359375,"accuracy",0.94974560385611,0.94974560385611,0.751088728837379,NA,98403185,22406,"success","","","0.99.39"
"selected_backend__retina__kernelpls__cpu__r1","selected_component_backend_panel","retina","classification","kernelpls","cpu",NA,"cpu_flash","rsvd","argmax","float64",30,22402,22406,50,12,1001,1,NA,NA,"ordinary_fast",32,5,"fresh_oversampled_sketch_per_component",1,NA,NA,TRUE,"linear",1,0.0349999999999999,0.015,0.0499999999999999,267.40625,289.328125,314,314.0625,46.65625,"accuracy",0.967776488440596,0.967776488440596,0.844510816808059,NA,98087061,22406,"success","","","0.99.39"
"selected_backend__retina__kernelpls__cpu__r2","selected_component_backend_panel","retina","classification","kernelpls","cpu",NA,"cpu_flash","rsvd","argmax","float64",30,22402,22406,50,12,1002,2,NA,NA,"ordinary_fast",32,5,"fresh_oversampled_sketch_per_component",1,NA,NA,TRUE,"linear",1,0.036,0.016,0.052,264.46875,284.28125,309.453125,311.28125,46.8125,"accuracy",0.967776488440596,0.967776488440596,0.844510816808059,NA,98087061,22406,"success","","","0.99.39"
"selected_backend__retina__kernelpls__cpu__r3","selected_component_backend_panel","retina","classification","kernelpls","cpu",NA,"cpu_flash","rsvd","argmax","float64",30,22402,22406,50,12,1003,3,NA,NA,"ordinary_fast",32,5,"fresh_oversampled_sketch_per_component",1,NA,NA,TRUE,"linear",1,0.034,0.016,0.05,262.96875,282.84375,313.84375,314.109375,51.140625,"accuracy",0.967776488440596,0.967776488440596,0.844510816808058,NA,98087061,22406,"success","","","0.99.39"
"selected_backend__retina__kernelpls__metal__r1","selected_component_backend_panel","retina","classification","kernelpls","metal","metal","metal","rsvd","argmax","float64",30,22402,22406,50,12,1001,1,NA,NA,"ordinary_fast",32,5,"fresh_oversampled_sketch_per_component",1,NA,NA,TRUE,"linear",1,0.403,0.0479999999999998,0.451,258.703125,304.578125,373.75,373.765625,115.0625,"accuracy",0.967776488440596,0.967776488440596,0.844510817232249,NA,98087061,22406,"success","","","0.99.39"
"selected_backend__retina__kernelpls__metal__r2","selected_component_backend_panel","retina","classification","kernelpls","metal","metal","metal","rsvd","argmax","float64",30,22402,22406,50,12,1002,2,NA,NA,"ordinary_fast",32,5,"fresh_oversampled_sketch_per_component",1,NA,NA,TRUE,"linear",1,0.397,0.0409999999999999,0.438,265.96875,311.890625,375.453125,375.609375,109.640625,"accuracy",0.967776488440596,0.967776488440596,0.844510817232249,NA,98087061,22406,"success","","","0.99.39"
"selected_backend__retina__kernelpls__metal__r3","selected_component_backend_panel","retina","classification","kernelpls","metal","metal","metal","rsvd","argmax","float64",30,22402,22406,50,12,1003,3,NA,NA,"ordinary_fast",32,5,"fresh_oversampled_sketch_per_component",1,NA,NA,TRUE,"linear",1,0.366,0.0429999999999999,0.409,262.046875,311.234375,370.875,372.453125,110.40625,"accuracy",0.967776488440596,0.967776488440596,0.844510817232249,NA,98087061,22406,"success","","","0.99.39"
"selected_backend__tabula__plssvd__cpu__r1","selected_component_backend_panel","tabula","classification","plssvd","cpu",NA,"cpu_flash","rsvd","argmax","float64",31,50043,50059,50,32,1001,1,NA,NA,"not_applicable",32,5,NA,NA,NA,NA,NA,"linear",1,0.16,0.143,0.303,303.484375,383.5625,466.625,467.1875,163.703125,"accuracy",0.779999600471444,0.779999600471444,0.552303340242217,NA,332417096,50059,"success","","","0.99.39"
"selected_backend__tabula__plssvd__cpu__r2","selected_component_backend_panel","tabula","classification","plssvd","cpu",NA,"cpu_flash","rsvd","argmax","float64",31,50043,50059,50,32,1002,2,NA,NA,"not_applicable",32,5,NA,NA,NA,NA,NA,"linear",1,0.156,0.126,0.282,303,383.46875,467.125,468.953125,165.953125,"accuracy",0.779999600471444,0.779999600471444,0.552303340242217,NA,332417096,50059,"success","","","0.99.39"
"selected_backend__tabula__plssvd__cpu__r3","selected_component_backend_panel","tabula","classification","plssvd","cpu",NA,"cpu_flash","rsvd","argmax","float64",31,50043,50059,50,32,1003,3,NA,NA,"not_applicable",32,5,NA,NA,NA,NA,NA,"linear",1,0.156,0.131,0.287,303.546875,384.46875,469.140625,475.890625,172.34375,"accuracy",0.779999600471444,0.779999600471444,0.552303340242217,NA,332417096,50059,"success","","","0.99.39"
"selected_backend__tabula__plssvd__metal__r1","selected_component_backend_panel","tabula","classification","plssvd","metal","metal","metal","rsvd","argmax","float64",31,50043,50059,50,32,1001,1,NA,NA,"not_applicable",32,5,NA,NA,NA,NA,NA,"linear",1,0.185,0.273,0.458,301.453125,414.640625,503.484375,510.703125,209.25,"accuracy",0.779999600471444,0.779999600471444,0.552303337044777,NA,332417096,50059,"success","","","0.99.39"
"selected_backend__tabula__plssvd__metal__r2","selected_component_backend_panel","tabula","classification","plssvd","metal","metal","metal","rsvd","argmax","float64",31,50043,50059,50,32,1002,2,NA,NA,"not_applicable",32,5,NA,NA,NA,NA,NA,"linear",1,0.172,0.246,0.418,303.546875,416.71875,523.890625,525,221.453125,"accuracy",0.779999600471444,0.779999600471444,0.552303337044777,NA,332417096,50059,"success","","","0.99.39"
"selected_backend__tabula__plssvd__metal__r3","selected_component_backend_panel","tabula","classification","plssvd","metal","metal","metal","rsvd","argmax","float64",31,50043,50059,50,32,1003,3,NA,NA,"not_applicable",32,5,NA,NA,NA,NA,NA,"linear",1,0.172,0.235,0.407,302.3125,416.046875,520.78125,524.578125,222.265625,"accuracy",0.779999600471444,0.779999600471444,0.552303337044777,NA,332417096,50059,"success","","","0.99.39"
"selected_backend__tabula__simpls__cpu__r1","selected_component_backend_panel","tabula","classification","simpls","cpu",NA,"cpu_flash","rsvd","argmax","float64",44,50043,50059,50,32,1001,1,NA,NA,"ordinary_fast",32,5,"fresh_oversampled_sketch_per_component",1,NA,NA,TRUE,"linear",1,0.111,0.129,0.24,305.328125,380.859375,453.609375,460.234375,154.90625,"accuracy",0.800435486126371,0.800435486126371,0.591760704775242,NA,332127760,50059,"success","","","0.99.39"
"selected_backend__tabula__simpls__cpu__r2","selected_component_backend_panel","tabula","classification","simpls","cpu",NA,"cpu_flash","rsvd","argmax","float64",44,50043,50059,50,32,1002,2,NA,NA,"ordinary_fast",32,5,"fresh_oversampled_sketch_per_component",1,NA,NA,TRUE,"linear",1,0.109,0.128,0.237,301.984375,377.515625,451.734375,456.015625,154.03125,"accuracy",0.800435486126371,0.800435486126371,0.591760704775242,NA,332127760,50059,"success","","","0.99.39"
"selected_backend__tabula__simpls__cpu__r3","selected_component_backend_panel","tabula","classification","simpls","cpu",NA,"cpu_flash","rsvd","argmax","float64",44,50043,50059,50,32,1003,3,NA,NA,"ordinary_fast",32,5,"fresh_oversampled_sketch_per_component",1,NA,NA,TRUE,"linear",1,0.109,0.129,0.238,304.546875,380.09375,452.25,455.875,151.328125,"accuracy",0.800435486126371,0.800435486126371,0.591760704775242,NA,332127760,50059,"success","","","0.99.39"
"selected_backend__tabula__simpls__metal__r1","selected_component_backend_panel","tabula","classification","simpls","metal","metal","metal","rsvd","argmax","float64",44,50043,50059,50,32,1001,1,NA,NA,"ordinary_fast",32,5,"fresh_oversampled_sketch_per_component",1,NA,NA,TRUE,"linear",1,1.157,0.166,1.323,304.90625,432.5625,524.296875,527.953125,223.046875,"accuracy",0.800435486126371,0.800435486126371,0.591760705503219,NA,332127760,50059,"success","","","0.99.39"
"selected_backend__tabula__simpls__metal__r2","selected_component_backend_panel","tabula","classification","simpls","metal","metal","metal","rsvd","argmax","float64",44,50043,50059,50,32,1002,2,NA,NA,"ordinary_fast",32,5,"fresh_oversampled_sketch_per_component",1,NA,NA,TRUE,"linear",1,1.096,0.152,1.248,304.71875,424.265625,522.15625,525.234375,220.515625,"accuracy",0.800435486126371,0.800435486126371,0.591760705503219,NA,332127760,50059,"success","","","0.99.39"
"selected_backend__tabula__simpls__metal__r3","selected_component_backend_panel","tabula","classification","simpls","metal","metal","metal","rsvd","argmax","float64",44,50043,50059,50,32,1003,3,NA,NA,"ordinary_fast",32,5,"fresh_oversampled_sketch_per_component",1,NA,NA,TRUE,"linear",1,1.144,0.157,1.301,302.796875,436.484375,524,531.265625,228.46875,"accuracy",0.800435486126371,0.800435486126371,0.591760705503219,NA,332127760,50059,"success","","","0.99.39"
"selected_backend__tabula__opls__cpu__r1","selected_component_backend_panel","tabula","classification","opls","cpu",NA,NA,"rsvd","argmax","float64",47,50043,50059,50,32,1001,1,NA,NA,"ordinary_fast",32,5,"fresh_oversampled_sketch_per_component",1,NA,NA,TRUE,"linear",1,0.219,0.132,0.351,302.8125,417.171875,458.71875,463.171875,160.359375,"accuracy",0.798138196927625,0.798138196927625,0.562897495863248,NA,331988495,50059,"success","","","0.99.39"
"selected_backend__tabula__opls__cpu__r2","selected_component_backend_panel","tabula","classification","opls","cpu",NA,NA,"rsvd","argmax","float64",47,50043,50059,50,32,1002,2,NA,NA,"ordinary_fast",32,5,"fresh_oversampled_sketch_per_component",1,NA,NA,TRUE,"linear",1,0.22,0.133,0.353,304.265625,418.265625,462.5625,469.25,164.984375,"accuracy",0.798138196927625,0.798138196927625,0.562897495863248,NA,331988495,50059,"success","","","0.99.39"
"selected_backend__tabula__opls__cpu__r3","selected_component_backend_panel","tabula","classification","opls","cpu",NA,NA,"rsvd","argmax","float64",47,50043,50059,50,32,1003,3,NA,NA,"ordinary_fast",32,5,"fresh_oversampled_sketch_per_component",1,NA,NA,TRUE,"linear",1,0.219,0.131,0.35,299.296875,414.875,460.59375,465.140625,165.84375,"accuracy",0.798138196927625,0.798138196927625,0.562897495863248,NA,331988495,50059,"success","","","0.99.39"
"selected_backend__tabula__opls__metal__r1","selected_component_backend_panel","tabula","classification","opls","metal","metal","metal","rsvd","argmax","float64",47,50043,50059,50,32,1001,1,NA,NA,"ordinary_fast",32,5,"fresh_oversampled_sketch_per_component",1,NA,NA,TRUE,"linear",1,1.252,0.337,1.589,305.0625,469.21875,505.203125,542.109375,237.046875,"accuracy",0.798138196927625,0.798138196927625,0.562897480936466,NA,331988495,50059,"success","","","0.99.39"
"selected_backend__tabula__opls__metal__r2","selected_component_backend_panel","tabula","classification","opls","metal","metal","metal","rsvd","argmax","float64",47,50043,50059,50,32,1002,2,NA,NA,"ordinary_fast",32,5,"fresh_oversampled_sketch_per_component",1,NA,NA,TRUE,"linear",1,1.254,0.322,1.576,308.875,469.875,592.34375,601.5,292.625,"accuracy",0.798138196927625,0.798138196927625,0.562897480936466,NA,331988495,50059,"success","","","0.99.39"
"selected_backend__tabula__opls__metal__r3","selected_component_backend_panel","tabula","classification","opls","metal","metal","metal","rsvd","argmax","float64",47,50043,50059,50,32,1003,3,NA,NA,"ordinary_fast",32,5,"fresh_oversampled_sketch_per_component",1,NA,NA,TRUE,"linear",1,1.31,0.313,1.623,307.96875,471.8125,598.5625,605.296875,297.328125,"accuracy",0.798138196927625,0.798138196927625,0.562897480936466,NA,331988495,50059,"success","","","0.99.39"
"selected_backend__tabula__kernelpls__cpu__r1","selected_component_backend_panel","tabula","classification","kernelpls","cpu",NA,"cpu_flash","rsvd","argmax","float64",44,50043,50059,50,32,1001,1,NA,NA,"ordinary_fast",32,5,"fresh_oversampled_sketch_per_component",1,NA,NA,TRUE,"linear",1,0.113,0.145,0.258,305.328125,381.21875,439.484375,443.1875,137.859375,"accuracy",0.800435486126371,0.800435486126371,0.591760704775242,NA,332127760,50059,"success","","","0.99.39"
"selected_backend__tabula__kernelpls__cpu__r2","selected_component_backend_panel","tabula","classification","kernelpls","cpu",NA,"cpu_flash","rsvd","argmax","float64",44,50043,50059,50,32,1002,2,NA,NA,"ordinary_fast",32,5,"fresh_oversampled_sketch_per_component",1,NA,NA,TRUE,"linear",1,0.11,0.125,0.235,306.6875,384.421875,440.421875,440.890625,134.203125,"accuracy",0.800435486126371,0.800435486126371,0.591760704775242,NA,332127760,50059,"success","","","0.99.39"
"selected_backend__tabula__kernelpls__cpu__r3","selected_component_backend_panel","tabula","classification","kernelpls","cpu",NA,"cpu_flash","rsvd","argmax","float64",44,50043,50059,50,32,1003,3,NA,NA,"ordinary_fast",32,5,"fresh_oversampled_sketch_per_component",1,NA,NA,TRUE,"linear",1,0.109,0.128,0.237,300.984375,376.828125,434.640625,439.671875,138.6875,"accuracy",0.800435486126371,0.800435486126371,0.591760704775242,NA,332127760,50059,"success","","","0.99.39"
"selected_backend__tabula__kernelpls__metal__r1","selected_component_backend_panel","tabula","classification","kernelpls","metal","metal","metal","rsvd","argmax","float64",44,50043,50059,50,32,1001,1,NA,NA,"ordinary_fast",32,5,"fresh_oversampled_sketch_per_component",1,NA,NA,TRUE,"linear",1,1.109,0.149,1.258,301.09375,431.953125,519.21875,523.40625,222.3125,"accuracy",0.800435486126371,0.800435486126371,0.591760705503219,NA,332127760,50059,"success","","","0.99.39"
"selected_backend__tabula__kernelpls__metal__r2","selected_component_backend_panel","tabula","classification","kernelpls","metal","metal","metal","rsvd","argmax","float64",44,50043,50059,50,32,1002,2,NA,NA,"ordinary_fast",32,5,"fresh_oversampled_sketch_per_component",1,NA,NA,TRUE,"linear",1,1.136,0.156,1.292,303.53125,436.046875,523.5,527.09375,223.5625,"accuracy",0.800435486126371,0.800435486126371,0.591760705503219,NA,332127760,50059,"success","","","0.99.39"
"selected_backend__tabula__kernelpls__metal__r3","selected_component_backend_panel","tabula","classification","kernelpls","metal","metal","metal","rsvd","argmax","float64",44,50043,50059,50,32,1003,3,NA,NA,"ordinary_fast",32,5,"fresh_oversampled_sketch_per_component",1,NA,NA,TRUE,"linear",1,1.082,0.147,1.229,301.4375,432,519.65625,523.03125,221.59375,"accuracy",0.800435486126371,0.800435486126371,0.591760705503219,NA,332127760,50059,"success","","","0.99.39"
"selected_backend__tcga_brca__plssvd__cpu__r1","selected_component_backend_panel","tcga_brca","classification","plssvd","cpu",NA,"cpu_flash","rsvd","argmax","float64",3,756,88,1000,5,1001,1,NA,NA,"not_applicable",32,5,NA,NA,NA,NA,NA,"linear",1,0.01,0.002,0.012,228.796875,235.484375,235.59375,235.640625,6.84375,"accuracy",0.840909090909091,0.840909090909091,0.519556187648062,NA,10882,88,"success","","","0.99.39"
"selected_backend__tcga_brca__plssvd__cpu__r2","selected_component_backend_panel","tcga_brca","classification","plssvd","cpu",NA,"cpu_flash","rsvd","argmax","float64",3,756,88,1000,5,1002,2,NA,NA,"not_applicable",32,5,NA,NA,NA,NA,NA,"linear",1,0.01,0.001,0.011,222.15625,228.84375,228.953125,229.140625,6.984375,"accuracy",0.840909090909091,0.840909090909091,0.519556187648062,NA,10882,88,"success","","","0.99.39"
"selected_backend__tcga_brca__plssvd__cpu__r3","selected_component_backend_panel","tcga_brca","classification","plssvd","cpu",NA,"cpu_flash","rsvd","argmax","float64",3,756,88,1000,5,1003,3,NA,NA,"not_applicable",32,5,NA,NA,NA,NA,NA,"linear",1,0.0099999999999999,0.002,0.0119999999999999,232.296875,239,239.125,239.171875,6.875,"accuracy",0.840909090909091,0.840909090909091,0.519556187648062,NA,10882,88,"success","","","0.99.39"
"selected_backend__tcga_brca__plssvd__metal__r1","selected_component_backend_panel","tcga_brca","classification","plssvd","metal","metal","metal","rsvd","argmax","float64",3,756,88,1000,5,1001,1,NA,NA,"not_applicable",32,5,NA,NA,NA,NA,NA,"linear",1,0.0700000000000001,0.00599999999999989,0.076,227.359375,247.84375,250.1875,253.359375,26,"accuracy",0.840909090909091,0.840909090909091,0.519556187402614,NA,10882,88,"success","","","0.99.39"
"selected_backend__tcga_brca__plssvd__metal__r2","selected_component_backend_panel","tcga_brca","classification","plssvd","metal","metal","metal","rsvd","argmax","float64",3,756,88,1000,5,1002,2,NA,NA,"not_applicable",32,5,NA,NA,NA,NA,NA,"linear",1,0.0700000000000001,0.004,0.0740000000000001,226.46875,246.71875,247.0625,252.234375,25.765625,"accuracy",0.840909090909091,0.840909090909091,0.519556187402614,NA,10882,88,"success","","","0.99.39"
"selected_backend__tcga_brca__plssvd__metal__r3","selected_component_backend_panel","tcga_brca","classification","plssvd","metal","metal","metal","rsvd","argmax","float64",3,756,88,1000,5,1003,3,NA,NA,"not_applicable",32,5,NA,NA,NA,NA,NA,"linear",1,0.0700000000000001,0.0069999999999999,0.077,231.171875,251.078125,251.421875,256.609375,25.4375,"accuracy",0.840909090909091,0.840909090909091,0.519556187402614,NA,10882,88,"success","","","0.99.39"
"selected_backend__tcga_brca__simpls__cpu__r1","selected_component_backend_panel","tcga_brca","classification","simpls","cpu",NA,"cpu_flash","rsvd","argmax","float64",7,756,88,1000,5,1001,1,NA,NA,"ordinary_fast",32,5,"fresh_oversampled_sketch_per_component",1,NA,NA,TRUE,"linear",1,0.014,0.002,0.016,229.0625,241.25,241.359375,241.46875,12.40625,"accuracy",0.852272727272727,0.852272727272727,0.573632132978152,NA,11655,88,"success","","","0.99.39"
"selected_backend__tcga_brca__simpls__cpu__r2","selected_component_backend_panel","tcga_brca","classification","simpls","cpu",NA,"cpu_flash","rsvd","argmax","float64",7,756,88,1000,5,1002,2,NA,NA,"ordinary_fast",32,5,"fresh_oversampled_sketch_per_component",1,NA,NA,TRUE,"linear",1,0.014,0.001,0.015,228.9375,241.328125,241.4375,241.484375,12.546875,"accuracy",0.852272727272727,0.852272727272727,0.573632132978152,NA,11655,88,"success","","","0.99.39"
"selected_backend__tcga_brca__simpls__cpu__r3","selected_component_backend_panel","tcga_brca","classification","simpls","cpu",NA,"cpu_flash","rsvd","argmax","float64",7,756,88,1000,5,1003,3,NA,NA,"ordinary_fast",32,5,"fresh_oversampled_sketch_per_component",1,NA,NA,TRUE,"linear",1,0.014,0.002,0.016,231.859375,238.3125,238.421875,238.46875,6.609375,"accuracy",0.852272727272727,0.852272727272727,0.573632132978153,NA,11655,88,"success","","","0.99.39"
"selected_backend__tcga_brca__simpls__metal__r1","selected_component_backend_panel","tcga_brca","classification","simpls","metal","metal","metal","rsvd","argmax","float64",7,756,88,1000,5,1001,1,NA,NA,"ordinary_fast",32,5,"fresh_oversampled_sketch_per_component",1,NA,NA,TRUE,"linear",1,0.113,0.006,0.119,233.359375,254.71875,255.046875,260.125,26.765625,"accuracy",0.852272727272727,0.852272727272727,0.573632142854051,NA,11655,88,"success","","","0.99.39"
"selected_backend__tcga_brca__simpls__metal__r2","selected_component_backend_panel","tcga_brca","classification","simpls","metal","metal","metal","rsvd","argmax","float64",7,756,88,1000,5,1002,2,NA,NA,"ordinary_fast",32,5,"fresh_oversampled_sketch_per_component",1,NA,NA,TRUE,"linear",1,0.101,0.004,0.105,220.84375,241.578125,241.578125,246.609375,25.765625,"accuracy",0.852272727272727,0.852272727272727,0.573632142854051,NA,11655,88,"success","","","0.99.39"
"selected_backend__tcga_brca__simpls__metal__r3","selected_component_backend_panel","tcga_brca","classification","simpls","metal","metal","metal","rsvd","argmax","float64",7,756,88,1000,5,1003,3,NA,NA,"ordinary_fast",32,5,"fresh_oversampled_sketch_per_component",1,NA,NA,TRUE,"linear",1,0.114,0.003,0.117,223.890625,244.03125,245.71875,249.640625,25.75,"accuracy",0.852272727272727,0.852272727272727,0.573632142854051,NA,11655,88,"success","","","0.99.39"
"selected_backend__tcga_brca__opls__cpu__r1","selected_component_backend_panel","tcga_brca","classification","opls","cpu",NA,NA,"rsvd","argmax","float64",5,756,88,1000,5,1001,1,NA,NA,"ordinary_fast",32,5,"fresh_oversampled_sketch_per_component",1,NA,NA,TRUE,"linear",1,0.021,0.002,0.023,226.515625,250.59375,250.71875,250.765625,24.25,"accuracy",0.818181818181818,0.818181818181818,0.505048743245043,NA,11364,88,"success","","","0.99.39"
"selected_backend__tcga_brca__opls__cpu__r2","selected_component_backend_panel","tcga_brca","classification","opls","cpu",NA,NA,"rsvd","argmax","float64",5,756,88,1000,5,1002,2,NA,NA,"ordinary_fast",32,5,"fresh_oversampled_sketch_per_component",1,NA,NA,TRUE,"linear",1,0.02,0.002,0.022,224.96875,243.25,243.390625,243.4375,18.46875,"accuracy",0.818181818181818,0.818181818181818,0.505048743245043,NA,11364,88,"success","","","0.99.39"
"selected_backend__tcga_brca__opls__cpu__r3","selected_component_backend_panel","tcga_brca","classification","opls","cpu",NA,NA,"rsvd","argmax","float64",5,756,88,1000,5,1003,3,NA,NA,"ordinary_fast",32,5,"fresh_oversampled_sketch_per_component",1,NA,NA,TRUE,"linear",1,0.021,0.002,0.023,234.515625,253.140625,253.28125,253.328125,18.8125,"accuracy",0.818181818181818,0.818181818181818,0.505048743245043,NA,11364,88,"success","","","0.99.39"
"selected_backend__tcga_brca__opls__metal__r1","selected_component_backend_panel","tcga_brca","classification","opls","metal","metal","metal","rsvd","argmax","float64",5,756,88,1000,5,1001,1,NA,NA,"ordinary_fast",32,5,"fresh_oversampled_sketch_per_component",1,NA,NA,TRUE,"linear",1,0.154,0.00900000000000001,0.163,230.59375,250.84375,251.890625,256.484375,25.890625,"accuracy",0.818181818181818,0.818181818181818,0.505048743989922,NA,11364,88,"success","","","0.99.39"
"selected_backend__tcga_brca__opls__metal__r2","selected_component_backend_panel","tcga_brca","classification","opls","metal","metal","metal","rsvd","argmax","float64",5,756,88,1000,5,1002,2,NA,NA,"ordinary_fast",32,5,"fresh_oversampled_sketch_per_component",1,NA,NA,TRUE,"linear",1,0.158,0.005,0.163,226.53125,247.25,247.578125,252.84375,26.3125,"accuracy",0.818181818181818,0.818181818181818,0.505048743989922,NA,11364,88,"success","","","0.99.39"
"selected_backend__tcga_brca__opls__metal__r3","selected_component_backend_panel","tcga_brca","classification","opls","metal","metal","metal","rsvd","argmax","float64",5,756,88,1000,5,1003,3,NA,NA,"ordinary_fast",32,5,"fresh_oversampled_sketch_per_component",1,NA,NA,TRUE,"linear",1,0.174,0.00700000000000001,0.181,227.375,247.515625,251.875,253.203125,25.828125,"accuracy",0.818181818181818,0.818181818181818,0.505048743989922,NA,11364,88,"success","","","0.99.39"
"selected_backend__tcga_brca__kernelpls__cpu__r1","selected_component_backend_panel","tcga_brca","classification","kernelpls","cpu",NA,"cpu_flash","rsvd","argmax","float64",7,756,88,1000,5,1001,1,NA,NA,"ordinary_fast",32,5,"fresh_oversampled_sketch_per_component",1,NA,NA,TRUE,"linear",1,0.015,0.002,0.017,235.09375,241.5,241.625,241.671875,6.578125,"accuracy",0.852272727272727,0.852272727272727,0.573632132978152,NA,11655,88,"success","","","0.99.39"
"selected_backend__tcga_brca__kernelpls__cpu__r2","selected_component_backend_panel","tcga_brca","classification","kernelpls","cpu",NA,"cpu_flash","rsvd","argmax","float64",7,756,88,1000,5,1002,2,NA,NA,"ordinary_fast",32,5,"fresh_oversampled_sketch_per_component",1,NA,NA,TRUE,"linear",1,0.0149999999999999,0.002,0.0169999999999999,227.90625,240.203125,240.3125,240.390625,12.484375,"accuracy",0.852272727272727,0.852272727272727,0.573632132978152,NA,11655,88,"success","","","0.99.39"
"selected_backend__tcga_brca__kernelpls__cpu__r3","selected_component_backend_panel","tcga_brca","classification","kernelpls","cpu",NA,"cpu_flash","rsvd","argmax","float64",7,756,88,1000,5,1003,3,NA,NA,"ordinary_fast",32,5,"fresh_oversampled_sketch_per_component",1,NA,NA,TRUE,"linear",1,0.015,0.002,0.017,232.859375,245.125,245.359375,245.40625,12.546875,"accuracy",0.852272727272727,0.852272727272727,0.573632132978153,NA,11655,88,"success","","","0.99.39"
"selected_backend__tcga_brca__kernelpls__metal__r1","selected_component_backend_panel","tcga_brca","classification","kernelpls","metal","metal","metal","rsvd","argmax","float64",7,756,88,1000,5,1001,1,NA,NA,"ordinary_fast",32,5,"fresh_oversampled_sketch_per_component",1,NA,NA,TRUE,"linear",1,0.11,0.005,0.115,226,246.921875,247.25,252.546875,26.546875,"accuracy",0.852272727272727,0.852272727272727,0.573632142854051,NA,11655,88,"success","","","0.99.39"
"selected_backend__tcga_brca__kernelpls__metal__r2","selected_component_backend_panel","tcga_brca","classification","kernelpls","metal","metal","metal","rsvd","argmax","float64",7,756,88,1000,5,1002,2,NA,NA,"ordinary_fast",32,5,"fresh_oversampled_sketch_per_component",1,NA,NA,TRUE,"linear",1,0.119,0.004,0.123,226.40625,246.6875,247.015625,252.140625,25.734375,"accuracy",0.852272727272727,0.852272727272727,0.573632142854051,NA,11655,88,"success","","","0.99.39"
"selected_backend__tcga_brca__kernelpls__metal__r3","selected_component_backend_panel","tcga_brca","classification","kernelpls","metal","metal","metal","rsvd","argmax","float64",7,756,88,1000,5,1003,3,NA,NA,"ordinary_fast",32,5,"fresh_oversampled_sketch_per_component",1,NA,NA,TRUE,"linear",1,0.117,0.003,0.12,227.8125,242.84375,243.359375,248.1875,20.375,"accuracy",0.852272727272727,0.852272727272727,0.573632142854051,NA,11655,88,"success","","","0.99.39"
"selected_backend__tcga_hnsc_methylation__plssvd__cpu__r1","selected_component_backend_panel","tcga_hnsc_methylation","classification","plssvd","cpu",NA,"cpu_flash","rsvd","argmax","float64",1,520,58,782,2,1001,1,NA,NA,"not_applicable",32,5,NA,NA,NA,NA,NA,"linear",1,0.006,0.002,0.00800000000000001,222.359375,226.328125,226.453125,226.5,4.140625,"accuracy",1,1,0.582664261796768,NA,2054,58,"success","","","0.99.39"
"selected_backend__tcga_hnsc_methylation__plssvd__cpu__r2","selected_component_backend_panel","tcga_hnsc_methylation","classification","plssvd","cpu",NA,"cpu_flash","rsvd","argmax","float64",1,520,58,782,2,1002,2,NA,NA,"not_applicable",32,5,NA,NA,NA,NA,NA,"linear",1,0.00499999999999989,0.002,0.0069999999999999,224.078125,228.0625,228.171875,228.3125,4.234375,"accuracy",1,1,0.582664261796768,NA,2054,58,"success","","","0.99.39"
"selected_backend__tcga_hnsc_methylation__plssvd__cpu__r3","selected_component_backend_panel","tcga_hnsc_methylation","classification","plssvd","cpu",NA,"cpu_flash","rsvd","argmax","float64",1,520,58,782,2,1003,3,NA,NA,"not_applicable",32,5,NA,NA,NA,NA,NA,"linear",1,0.00499999999999989,0.001,0.00599999999999989,229.125,233.125,233.234375,233.28125,4.15625,"accuracy",1,1,0.582664261796768,NA,2054,58,"success","","","0.99.39"
"selected_backend__tcga_hnsc_methylation__plssvd__metal__r1","selected_component_backend_panel","tcga_hnsc_methylation","classification","plssvd","metal","metal","metal","rsvd","argmax","float64",1,520,58,782,2,1001,1,NA,NA,"not_applicable",32,5,NA,NA,NA,NA,NA,"linear",1,0.0730000000000001,0.005,0.0780000000000001,228.625,245.109375,243.78125,246.375,17.75,"accuracy",1,1,0.58266427110013,NA,2054,58,"success","","","0.99.39"
"selected_backend__tcga_hnsc_methylation__plssvd__metal__r2","selected_component_backend_panel","tcga_hnsc_methylation","classification","plssvd","metal","metal","metal","rsvd","argmax","float64",1,520,58,782,2,1002,2,NA,NA,"not_applicable",32,5,NA,NA,NA,NA,NA,"linear",1,0.068,0.005,0.073,223.03125,240.78125,239.4375,241.734375,18.703125,"accuracy",1,1,0.58266427110013,NA,2054,58,"success","","","0.99.39"
"selected_backend__tcga_hnsc_methylation__plssvd__metal__r3","selected_component_backend_panel","tcga_hnsc_methylation","classification","plssvd","metal","metal","metal","rsvd","argmax","float64",1,520,58,782,2,1003,3,NA,NA,"not_applicable",32,5,NA,NA,NA,NA,NA,"linear",1,0.063,0.004,0.067,224.46875,240.984375,239.65625,242.171875,17.703125,"accuracy",1,1,0.58266427110013,NA,2054,58,"success","","","0.99.39"
"selected_backend__tcga_hnsc_methylation__simpls__cpu__r1","selected_component_backend_panel","tcga_hnsc_methylation","classification","simpls","cpu",NA,"cpu_flash","rsvd","argmax","float64",2,520,58,782,2,1001,1,NA,NA,"ordinary_fast",32,5,"fresh_oversampled_sketch_per_component",1,NA,NA,TRUE,"linear",1,0.00599999999999989,0.001,0.0069999999999999,222.765625,229.640625,229.75,229.828125,7.0625,"accuracy",1,1,0.596094839188675,NA,2054,58,"success","","","0.99.39"
"selected_backend__tcga_hnsc_methylation__simpls__cpu__r2","selected_component_backend_panel","tcga_hnsc_methylation","classification","simpls","cpu",NA,"cpu_flash","rsvd","argmax","float64",2,520,58,782,2,1002,2,NA,NA,"ordinary_fast",32,5,"fresh_oversampled_sketch_per_component",1,NA,NA,TRUE,"linear",1,0.00700000000000001,0.002,0.00900000000000001,228.40625,235.28125,235.390625,235.4375,7.03125,"accuracy",1,1,0.596094839188675,NA,2054,58,"success","","","0.99.39"
"selected_backend__tcga_hnsc_methylation__simpls__cpu__r3","selected_component_backend_panel","tcga_hnsc_methylation","classification","simpls","cpu",NA,"cpu_flash","rsvd","argmax","float64",2,520,58,782,2,1003,3,NA,NA,"ordinary_fast",32,5,"fresh_oversampled_sketch_per_component",1,NA,NA,TRUE,"linear",1,0.006,0.001,0.00700000000000001,219.59375,220.53125,220.703125,221.09375,1.5,"accuracy",1,1,0.596094839188675,NA,2054,58,"success","","","0.99.39"
"selected_backend__tcga_hnsc_methylation__simpls__metal__r1","selected_component_backend_panel","tcga_hnsc_methylation","classification","simpls","metal","metal","metal","rsvd","argmax","float64",2,520,58,782,2,1001,1,NA,NA,"ordinary_fast",32,5,"fresh_oversampled_sketch_per_component",1,NA,NA,TRUE,"linear",1,0.0810000000000001,0.003,0.0840000000000001,222.625,235.71875,234.375,237.125,14.5,"accuracy",1,1,0.596094837365503,NA,2054,58,"success","","","0.99.39"
"selected_backend__tcga_hnsc_methylation__simpls__metal__r2","selected_component_backend_panel","tcga_hnsc_methylation","classification","simpls","metal","metal","metal","rsvd","argmax","float64",2,520,58,782,2,1002,2,NA,NA,"ordinary_fast",32,5,"fresh_oversampled_sketch_per_component",1,NA,NA,TRUE,"linear",1,0.093,0.006,0.099,231,244.8125,243.265625,246.28125,15.28125,"accuracy",1,1,0.596094837365503,NA,2054,58,"success","","","0.99.39"
"selected_backend__tcga_hnsc_methylation__simpls__metal__r3","selected_component_backend_panel","tcga_hnsc_methylation","classification","simpls","metal","metal","metal","rsvd","argmax","float64",2,520,58,782,2,1003,3,NA,NA,"ordinary_fast",32,5,"fresh_oversampled_sketch_per_component",1,NA,NA,TRUE,"linear",1,0.071,0.005,0.076,224.59375,241.53125,240.171875,242.984375,18.390625,"accuracy",1,1,0.596094837365503,NA,2054,58,"success","","","0.99.39"
"selected_backend__tcga_hnsc_methylation__opls__cpu__r1","selected_component_backend_panel","tcga_hnsc_methylation","classification","opls","cpu",NA,NA,"rsvd","argmax","float64",1,520,58,782,2,1001,1,NA,NA,"ordinary_fast",32,5,"fresh_oversampled_sketch_per_component",1,NA,NA,TRUE,"linear",1,0.0089999999999999,0.002,0.0109999999999999,225.578125,232.546875,232.703125,232.75,7.171875,"accuracy",1,1,0.596094839188673,NA,2054,58,"success","","","0.99.39"
"selected_backend__tcga_hnsc_methylation__opls__cpu__r2","selected_component_backend_panel","tcga_hnsc_methylation","classification","opls","cpu",NA,NA,"rsvd","argmax","float64",1,520,58,782,2,1002,2,NA,NA,"ordinary_fast",32,5,"fresh_oversampled_sketch_per_component",1,NA,NA,TRUE,"linear",1,0.0089999999999999,0.002,0.0109999999999999,223.703125,230.71875,230.84375,230.890625,7.1875,"accuracy",1,1,0.596094839188673,NA,2054,58,"success","","","0.99.39"
"selected_backend__tcga_hnsc_methylation__opls__cpu__r3","selected_component_backend_panel","tcga_hnsc_methylation","classification","opls","cpu",NA,NA,"rsvd","argmax","float64",1,520,58,782,2,1003,3,NA,NA,"ordinary_fast",32,5,"fresh_oversampled_sketch_per_component",1,NA,NA,TRUE,"linear",1,0.00900000000000001,0.002,0.011,224.203125,231.1875,231.3125,231.359375,7.15625,"accuracy",1,1,0.596094839188673,NA,2054,58,"success","","","0.99.39"
"selected_backend__tcga_hnsc_methylation__opls__metal__r1","selected_component_backend_panel","tcga_hnsc_methylation","classification","opls","metal","metal","metal","rsvd","argmax","float64",1,520,58,782,2,1001,1,NA,NA,"ordinary_fast",32,5,"fresh_oversampled_sketch_per_component",1,NA,NA,TRUE,"linear",1,0.128,0.00900000000000001,0.137,224.609375,243.953125,242.953125,245.28125,20.671875,"accuracy",1,1,0.596094832340672,NA,2054,58,"success","","","0.99.39"
"selected_backend__tcga_hnsc_methylation__opls__metal__r2","selected_component_backend_panel","tcga_hnsc_methylation","classification","opls","metal","metal","metal","rsvd","argmax","float64",1,520,58,782,2,1002,2,NA,NA,"ordinary_fast",32,5,"fresh_oversampled_sketch_per_component",1,NA,NA,TRUE,"linear",1,0.124,0.013,0.137,227.453125,241.09375,240.859375,242.359375,14.90625,"accuracy",1,1,0.596094832340672,NA,2054,58,"success","","","0.99.39"
"selected_backend__tcga_hnsc_methylation__opls__metal__r3","selected_component_backend_panel","tcga_hnsc_methylation","classification","opls","metal","metal","metal","rsvd","argmax","float64",1,520,58,782,2,1003,3,NA,NA,"ordinary_fast",32,5,"fresh_oversampled_sketch_per_component",1,NA,NA,TRUE,"linear",1,0.122,0.00700000000000001,0.129,225.09375,235.75,236.3125,236.953125,11.859375,"accuracy",1,1,0.596094832340672,NA,2054,58,"success","","","0.99.39"
"selected_backend__tcga_hnsc_methylation__kernelpls__cpu__r1","selected_component_backend_panel","tcga_hnsc_methylation","classification","kernelpls","cpu",NA,"cpu_flash","rsvd","argmax","float64",2,520,58,782,2,1001,1,NA,NA,"ordinary_fast",32,5,"fresh_oversampled_sketch_per_component",1,NA,NA,TRUE,"linear",1,0.00700000000000001,0.002,0.00900000000000001,225.046875,228.828125,228.9375,229.15625,4.109375,"accuracy",1,1,0.596094839188675,NA,2054,58,"success","","","0.99.39"
"selected_backend__tcga_hnsc_methylation__kernelpls__cpu__r2","selected_component_backend_panel","tcga_hnsc_methylation","classification","kernelpls","cpu",NA,"cpu_flash","rsvd","argmax","float64",2,520,58,782,2,1002,2,NA,NA,"ordinary_fast",32,5,"fresh_oversampled_sketch_per_component",1,NA,NA,TRUE,"linear",1,0.0069999999999999,0.002,0.0089999999999999,224,230.875,230.984375,231.03125,7.03125,"accuracy",1,1,0.596094839188675,NA,2054,58,"success","","","0.99.39"
"selected_backend__tcga_hnsc_methylation__kernelpls__cpu__r3","selected_component_backend_panel","tcga_hnsc_methylation","classification","kernelpls","cpu",NA,"cpu_flash","rsvd","argmax","float64",2,520,58,782,2,1003,3,NA,NA,"ordinary_fast",32,5,"fresh_oversampled_sketch_per_component",1,NA,NA,TRUE,"linear",1,0.0069999999999999,0.002,0.0089999999999999,225.390625,229.15625,229.265625,229.3125,3.921875,"accuracy",1,1,0.596094839188675,NA,2054,58,"success","","","0.99.39"
"selected_backend__tcga_hnsc_methylation__kernelpls__metal__r1","selected_component_backend_panel","tcga_hnsc_methylation","classification","kernelpls","metal","metal","metal","rsvd","argmax","float64",2,520,58,782,2,1001,1,NA,NA,"ordinary_fast",32,5,"fresh_oversampled_sketch_per_component",1,NA,NA,TRUE,"linear",1,0.0730000000000001,0.003,0.0760000000000001,224.359375,241.859375,240.5,242.984375,18.625,"accuracy",1,1,0.596094837365503,NA,2054,58,"success","","","0.99.39"
"selected_backend__tcga_hnsc_methylation__kernelpls__metal__r2","selected_component_backend_panel","tcga_hnsc_methylation","classification","kernelpls","metal","metal","metal","rsvd","argmax","float64",2,520,58,782,2,1002,2,NA,NA,"ordinary_fast",32,5,"fresh_oversampled_sketch_per_component",1,NA,NA,TRUE,"linear",1,0.069,0.006,0.075,224.15625,240.59375,239.234375,241.921875,17.765625,"accuracy",1,1,0.596094837365503,NA,2054,58,"success","","","0.99.39"
"selected_backend__tcga_hnsc_methylation__kernelpls__metal__r3","selected_component_backend_panel","tcga_hnsc_methylation","classification","kernelpls","metal","metal","metal","rsvd","argmax","float64",2,520,58,782,2,1003,3,NA,NA,"ordinary_fast",32,5,"fresh_oversampled_sketch_per_component",1,NA,NA,TRUE,"linear",1,0.073,0.006,0.079,225.234375,241.578125,240.28125,243.046875,17.8125,"accuracy",1,1,0.596094837365503,NA,2054,58,"success","","","0.99.39"
"selected_backend__tcga_pan_cancer__plssvd__cpu__r1","selected_component_backend_panel","tcga_pan_cancer","classification","plssvd","cpu",NA,"cpu_flash","rsvd","argmax","float64",30,3000,982,850,32,1001,1,NA,NA,"not_applicable",32,5,NA,NA,NA,NA,NA,"linear",1,0.121,0.011,0.132,246.484375,268.359375,275.34375,275.40625,28.921875,"accuracy",0.882892057026477,0.882892057026477,0.667330227833402,NA,5538227,982,"success","","","0.99.39"
"selected_backend__tcga_pan_cancer__plssvd__cpu__r2","selected_component_backend_panel","tcga_pan_cancer","classification","plssvd","cpu",NA,"cpu_flash","rsvd","argmax","float64",30,3000,982,850,32,1002,2,NA,NA,"not_applicable",32,5,NA,NA,NA,NA,NA,"linear",1,0.121,0.011,0.132,244.375,264.890625,271.375,271.421875,27.046875,"accuracy",0.882892057026477,0.882892057026477,0.667330227833402,NA,5538227,982,"success","","","0.99.39"
"selected_backend__tcga_pan_cancer__plssvd__cpu__r3","selected_component_backend_panel","tcga_pan_cancer","classification","plssvd","cpu",NA,"cpu_flash","rsvd","argmax","float64",30,3000,982,850,32,1003,3,NA,NA,"not_applicable",32,5,NA,NA,NA,NA,NA,"linear",1,0.119,0.012,0.131,247.609375,268.796875,275.3125,275.359375,27.75,"accuracy",0.882892057026477,0.882892057026477,0.667330227833402,NA,5538227,982,"success","","","0.99.39"
"selected_backend__tcga_pan_cancer__plssvd__metal__r1","selected_component_backend_panel","tcga_pan_cancer","classification","plssvd","metal","metal","metal","rsvd","argmax","float64",30,3000,982,850,32,1001,1,NA,NA,"not_applicable",32,5,NA,NA,NA,NA,NA,"linear",1,0.0970000000000001,0.015,0.112,250.859375,299.0625,324.671875,328.078125,77.21875,"accuracy",0.882892057026477,0.882892057026477,0.667330218079594,NA,5538227,982,"success","","","0.99.39"
"selected_backend__tcga_pan_cancer__plssvd__metal__r2","selected_component_backend_panel","tcga_pan_cancer","classification","plssvd","metal","metal","metal","rsvd","argmax","float64",30,3000,982,850,32,1002,2,NA,NA,"not_applicable",32,5,NA,NA,NA,NA,NA,"linear",1,0.0850000000000001,0.019,0.104,249.0625,297.0625,323.921875,325.984375,76.921875,"accuracy",0.882892057026477,0.882892057026477,0.667330218079594,NA,5538227,982,"success","","","0.99.39"
"selected_backend__tcga_pan_cancer__plssvd__metal__r3","selected_component_backend_panel","tcga_pan_cancer","classification","plssvd","metal","metal","metal","rsvd","argmax","float64",30,3000,982,850,32,1003,3,NA,NA,"not_applicable",32,5,NA,NA,NA,NA,NA,"linear",1,0.09,0.015,0.105,246.9375,294.921875,320.5,323.90625,76.96875,"accuracy",0.882892057026477,0.882892057026477,0.667330218079594,NA,5538227,982,"success","","","0.99.39"
"selected_backend__tcga_pan_cancer__simpls__cpu__r1","selected_component_backend_panel","tcga_pan_cancer","classification","simpls","cpu",NA,"cpu_flash","rsvd","argmax","float64",185,3000,982,850,32,1001,1,NA,NA,"ordinary_fast",32,5,"fresh_oversampled_sketch_per_component",1,NA,NA,TRUE,"linear",1,2.875,0.0109999999999997,2.886,241.765625,282.140625,288.625,288.671875,46.90625,"accuracy",0.940936863543788,0.940936863543788,0.73887642031337,NA,5336842,982,"success","","","0.99.39"
"selected_backend__tcga_pan_cancer__simpls__cpu__r2","selected_component_backend_panel","tcga_pan_cancer","classification","simpls","cpu",NA,"cpu_flash","rsvd","argmax","float64",185,3000,982,850,32,1002,2,NA,NA,"ordinary_fast",32,5,"fresh_oversampled_sketch_per_component",1,NA,NA,TRUE,"linear",1,2.879,0.0110000000000001,2.89,247.515625,289.84375,290.015625,290.078125,42.5625,"accuracy",0.940936863543788,0.940936863543788,0.738876420313337,NA,5336842,982,"success","","","0.99.39"
"selected_backend__tcga_pan_cancer__simpls__cpu__r3","selected_component_backend_panel","tcga_pan_cancer","classification","simpls","cpu",NA,"cpu_flash","rsvd","argmax","float64",185,3000,982,850,32,1003,3,NA,NA,"ordinary_fast",32,5,"fresh_oversampled_sketch_per_component",1,NA,NA,TRUE,"linear",1,2.897,0.012,2.909,249.765625,292.078125,298.5625,298.609375,48.84375,"accuracy",0.940936863543788,0.940936863543788,0.738876420313431,NA,5336842,982,"success","","","0.99.39"
"selected_backend__tcga_pan_cancer__simpls__metal__r1","selected_component_backend_panel","tcga_pan_cancer","classification","simpls","metal","metal","metal","rsvd","argmax","float64",185,3000,982,850,32,1001,1,NA,NA,"ordinary_fast",32,5,"fresh_oversampled_sketch_per_component",1,NA,NA,TRUE,"linear",1,2.649,0.0190000000000001,2.668,244.65625,331.9375,357.59375,361.40625,116.75,"accuracy",0.940936863543788,0.940936863543788,0.738876140430084,NA,5336842,982,"success","","","0.99.39"
"selected_backend__tcga_pan_cancer__simpls__metal__r2","selected_component_backend_panel","tcga_pan_cancer","classification","simpls","metal","metal","metal","rsvd","argmax","float64",185,3000,982,850,32,1002,2,NA,NA,"ordinary_fast",32,5,"fresh_oversampled_sketch_per_component",1,NA,NA,TRUE,"linear",1,2.607,0.0169999999999999,2.624,250.59375,335.953125,355.234375,359.65625,109.0625,"accuracy",0.940936863543788,0.940936863543788,0.738876140430084,NA,5336842,982,"success","","","0.99.39"
"selected_backend__tcga_pan_cancer__simpls__metal__r3","selected_component_backend_panel","tcga_pan_cancer","classification","simpls","metal","metal","metal","rsvd","argmax","float64",185,3000,982,850,32,1003,3,NA,NA,"ordinary_fast",32,5,"fresh_oversampled_sketch_per_component",1,NA,NA,TRUE,"linear",1,2.697,0.0169999999999999,2.714,235.15625,296.921875,315.921875,320.3125,85.15625,"accuracy",0.940936863543788,0.940936863543788,0.738876140430084,NA,5336842,982,"success","","","0.99.39"
"selected_backend__tcga_pan_cancer__opls__cpu__r1","selected_component_backend_panel","tcga_pan_cancer","classification","opls","cpu",NA,NA,"rsvd","argmax","float64",182,3000,982,850,32,1001,1,NA,NA,"ordinary_fast",32,5,"fresh_oversampled_sketch_per_component",1,NA,NA,TRUE,"linear",1,2.93,0.0159999999999996,2.946,250.234375,310.84375,323.71875,323.890625,73.65625,"accuracy",0.938900203665988,0.938900203665988,0.71010054967724,NA,5347851,982,"success","","","0.99.39"
"selected_backend__tcga_pan_cancer__opls__cpu__r2","selected_component_backend_panel","tcga_pan_cancer","classification","opls","cpu",NA,NA,"rsvd","argmax","float64",182,3000,982,850,32,1002,2,NA,NA,"ordinary_fast",32,5,"fresh_oversampled_sketch_per_component",1,NA,NA,TRUE,"linear",1,2.933,0.0129999999999999,2.946,248.578125,310.828125,323.703125,323.890625,75.3125,"accuracy",0.938900203665988,0.938900203665988,0.710100549677303,NA,5347851,982,"success","","","0.99.39"
"selected_backend__tcga_pan_cancer__opls__cpu__r3","selected_component_backend_panel","tcga_pan_cancer","classification","opls","cpu",NA,NA,"rsvd","argmax","float64",182,3000,982,850,32,1003,3,NA,NA,"ordinary_fast",32,5,"fresh_oversampled_sketch_per_component",1,NA,NA,TRUE,"linear",1,2.962,0.0140000000000002,2.976,249.171875,309.109375,321.984375,322.03125,72.859375,"accuracy",0.938900203665988,0.938900203665988,0.710100549677191,NA,5347851,982,"success","","","0.99.39"
"selected_backend__tcga_pan_cancer__opls__metal__r1","selected_component_backend_panel","tcga_pan_cancer","classification","opls","metal","metal","metal","rsvd","argmax","float64",182,3000,982,850,32,1001,1,NA,NA,"ordinary_fast",32,5,"fresh_oversampled_sketch_per_component",1,NA,NA,TRUE,"linear",1,2.671,0.0299999999999998,2.701,246.453125,355.28125,381.03125,388,141.546875,"accuracy",0.938900203665988,0.938900203665988,0.710100530455819,NA,5347851,982,"success","","","0.99.39"
"selected_backend__tcga_pan_cancer__opls__metal__r2","selected_component_backend_panel","tcga_pan_cancer","classification","opls","metal","metal","metal","rsvd","argmax","float64",182,3000,982,850,32,1002,2,NA,NA,"ordinary_fast",32,5,"fresh_oversampled_sketch_per_component",1,NA,NA,TRUE,"linear",1,2.718,0.0270000000000001,2.745,250.375,339.78125,362.40625,370.171875,119.796875,"accuracy",0.938900203665988,0.938900203665988,0.710100530455819,NA,5347851,982,"success","","","0.99.39"
"selected_backend__tcga_pan_cancer__opls__metal__r3","selected_component_backend_panel","tcga_pan_cancer","classification","opls","metal","metal","metal","rsvd","argmax","float64",182,3000,982,850,32,1003,3,NA,NA,"ordinary_fast",32,5,"fresh_oversampled_sketch_per_component",1,NA,NA,TRUE,"linear",1,2.641,0.0379999999999998,2.679,249.296875,353.8125,392.234375,399.203125,149.90625,"accuracy",0.938900203665988,0.938900203665988,0.710100530455819,NA,5347851,982,"success","","","0.99.39"
"selected_backend__tcga_pan_cancer__kernelpls__cpu__r1","selected_component_backend_panel","tcga_pan_cancer","classification","kernelpls","cpu",NA,"cpu_flash","rsvd","argmax","float64",185,3000,982,850,32,1001,1,NA,NA,"ordinary_fast",32,5,"fresh_oversampled_sketch_per_component",1,NA,NA,TRUE,"linear",1,2.924,0.0149999999999997,2.939,250.515625,138.953125,239.25,290.28125,39.765625,"accuracy",0.940936863543788,0.940936863543788,0.73887642031337,NA,5336842,982,"success","","","0.99.39"
"selected_backend__tcga_pan_cancer__kernelpls__cpu__r2","selected_component_backend_panel","tcga_pan_cancer","classification","kernelpls","cpu",NA,"cpu_flash","rsvd","argmax","float64",185,3000,982,850,32,1002,2,NA,NA,"ordinary_fast",32,5,"fresh_oversampled_sketch_per_component",1,NA,NA,TRUE,"linear",1,2.897,0.012,2.909,246.828125,288.421875,294.921875,294.96875,48.140625,"accuracy",0.940936863543788,0.940936863543788,0.738876420313337,NA,5336842,982,"success","","","0.99.39"
"selected_backend__tcga_pan_cancer__kernelpls__cpu__r3","selected_component_backend_panel","tcga_pan_cancer","classification","kernelpls","cpu",NA,"cpu_flash","rsvd","argmax","float64",185,3000,982,850,32,1003,3,NA,NA,"ordinary_fast",32,5,"fresh_oversampled_sketch_per_component",1,NA,NA,TRUE,"linear",1,2.951,0.012,2.963,247.375,223.515625,266.3125,287.984375,40.609375,"accuracy",0.940936863543788,0.940936863543788,0.738876420313431,NA,5336842,982,"success","","","0.99.39"
"selected_backend__tcga_pan_cancer__kernelpls__metal__r1","selected_component_backend_panel","tcga_pan_cancer","classification","kernelpls","metal","metal","metal","rsvd","argmax","float64",185,3000,982,850,32,1001,1,NA,NA,"ordinary_fast",32,5,"fresh_oversampled_sketch_per_component",1,NA,NA,TRUE,"linear",1,2.67,0.0309999999999997,2.701,251.296875,226.953125,282.859375,331.375,80.078125,"accuracy",0.940936863543788,0.940936863543788,0.738876140430084,NA,5336842,982,"success","","","0.99.39"
"selected_backend__tcga_pan_cancer__kernelpls__metal__r2","selected_component_backend_panel","tcga_pan_cancer","classification","kernelpls","metal","metal","metal","rsvd","argmax","float64",185,3000,982,850,32,1002,2,NA,NA,"ordinary_fast",32,5,"fresh_oversampled_sketch_per_component",1,NA,NA,TRUE,"linear",1,2.728,0.0220000000000002,2.75,252.046875,208.890625,282.75,324.375,72.328125,"accuracy",0.940936863543788,0.940936863543788,0.738876140430084,NA,5336842,982,"success","","","0.99.39"
"selected_backend__tcga_pan_cancer__kernelpls__metal__r3","selected_component_backend_panel","tcga_pan_cancer","classification","kernelpls","metal","metal","metal","rsvd","argmax","float64",185,3000,982,850,32,1003,3,NA,NA,"ordinary_fast",32,5,"fresh_oversampled_sketch_per_component",1,NA,NA,TRUE,"linear",1,2.664,0.024,2.688,247.71875,222.203125,312.203125,316.5,68.78125,"accuracy",0.940936863543788,0.940936863543788,0.738876140430084,NA,5336842,982,"success","","","0.99.39"
