"run_id","package_version","source_archive_sha256","cpu_profile","requested_blas_threads","reported_blas_threads","loaded_blas_library","scenario_id","design_partition","factor_name","factor_value","factor_label","task_type","method","route","backend","svd_method","xprod_requested","xprod_used","precision","n_train","n_test","p","q","class_count","latent_rank","max_ncomp","requested_prefixes","crosscov_mb","replicate","data_seed","fit_seed","oversample","power","rsvd_control_profile","rsvd_case_audit_available","rsvd_case_audit_certified","rsvd_deterministic_fallbacks","rsvd_audit_max_attempts","rsvd_effective_oversample","rsvd_effective_power","rsvd_max_triplet_residual","rsvd_max_omitted_direction_ratio","direction_rule","directions_per_solve","candidate_block_refresh","fresh_start","refresh_width","refresh_iterations","baseline_rss_mb","rss_after_fit_mb","rss_after_prediction_mb","process_peak_rss_mb","incremental_peak_rss_mb","gpu_process_peak_mb","gpu_total_baseline_mb","gpu_total_peak_mb","gpu_total_incremental_mb","fit_sec","prediction_sec","total_sec","model_size_mb","input_size_mb","rmsd","q2","accuracy","prediction_relative_error","prediction_correlation","label_agreement","score_relative_error","score_correlation","metric_absolute_difference","numerical_status","status","warnings","error"
"35_class_count_5__cpu_irlba_explicit__rep1","0.99.39",NA,"reference_1",1,1,"/Library/Frameworks/R.framework/Versions/4.6/Resources/lib/libRblas.0.dylib","35_class_count_5","one_factor","class_count",5,5,"classification","simpls","cpu_irlba_explicit","cpu","irlba","explicit",FALSE,"float64",2000,400,400,5,5,20,4,1,0.0152587890625,1,10035,124,32,5,NA,NA,NA,NA,NA,NA,NA,NA,NA,"fresh_per_component",1,FALSE,TRUE,NA,NA,225.375,232.15625,232.234375,232.156,6.78100000000001,NA,NA,NA,NA,0.011,0.002,0.013,0.0528106689453125,7.33570861816406,NA,NA,0.67,0,1,1,0,1,0,"deterministic_reference","success",NA,NA
"35_class_count_5__cpu_irlba_explicit__rep2","0.99.39",NA,"reference_1",1,1,"/Library/Frameworks/R.framework/Versions/4.6/Resources/lib/libRblas.0.dylib","35_class_count_5","one_factor","class_count",5,5,"classification","simpls","cpu_irlba_explicit","cpu","irlba","explicit",FALSE,"float64",2000,400,400,5,5,20,4,1,0.0152587890625,2,10035,125,32,5,NA,NA,NA,NA,NA,NA,NA,NA,NA,"fresh_per_component",1,FALSE,TRUE,NA,NA,225.765625,232.515625,232.59375,232.594,6.82837499999999,NA,NA,NA,NA,0.01,0.002,0.012,0.0528106689453125,7.33570861816406,NA,NA,0.67,0,1,1,0,1,0,"deterministic_reference","success",NA,NA
"35_class_count_5__cpu_irlba_explicit__rep3","0.99.39",NA,"reference_1",1,1,"/Library/Frameworks/R.framework/Versions/4.6/Resources/lib/libRblas.0.dylib","35_class_count_5","one_factor","class_count",5,5,"classification","simpls","cpu_irlba_explicit","cpu","irlba","explicit",FALSE,"float64",2000,400,400,5,5,20,4,1,0.0152587890625,3,10035,126,32,5,NA,NA,NA,NA,NA,NA,NA,NA,NA,"fresh_per_component",1,FALSE,TRUE,NA,NA,218.875,225.59375,225.6875,225.609,6.73400000000001,NA,NA,NA,NA,0.01,0.002,0.012,0.0528106689453125,7.33570861816406,NA,NA,0.67,0,1,1,0,1,0,"deterministic_reference","success",NA,NA
"35_class_count_5__cpu_rsvd_auto__rep1","0.99.39",NA,"reference_1",1,1,"/Library/Frameworks/R.framework/Versions/4.6/Resources/lib/libRblas.0.dylib","35_class_count_5","one_factor","class_count",5,5,"classification","simpls","cpu_rsvd_auto","cpu","rsvd","auto",FALSE,"float64",2000,400,400,5,5,20,4,1,0.0152587890625,1,10035,124,NA,NA,"ordinary_fast",FALSE,NA,NA,NA,32,5,NA,NA,"fresh_oversampled_sketch_per_component",1,FALSE,TRUE,NA,NA,228.1875,234.9375,235.09375,234.953,6.7655,NA,NA,NA,NA,0.011,0.002,0.013,0.0578994750976562,7.33570861816406,NA,NA,0.67,NA,NA,1,8.34525124799768e-16,1,0,"within_tolerance","success",NA,NA
"35_class_count_5__cpu_rsvd_auto__rep2","0.99.39",NA,"reference_1",1,1,"/Library/Frameworks/R.framework/Versions/4.6/Resources/lib/libRblas.0.dylib","35_class_count_5","one_factor","class_count",5,5,"classification","simpls","cpu_rsvd_auto","cpu","rsvd","auto",FALSE,"float64",2000,400,400,5,5,20,4,1,0.0152587890625,2,10035,125,NA,NA,"ordinary_fast",FALSE,NA,NA,NA,32,5,NA,NA,"fresh_oversampled_sketch_per_component",1,FALSE,TRUE,NA,NA,222.796875,223.59375,223.671875,223.594,0.797124999999994,NA,NA,NA,NA,0.01,0.002,0.012,0.0578994750976562,7.33570861816406,NA,NA,0.67,NA,NA,1,9.47368351141833e-16,1,0,"within_tolerance","success",NA,NA
"35_class_count_5__cpu_rsvd_auto__rep3","0.99.39",NA,"reference_1",1,1,"/Library/Frameworks/R.framework/Versions/4.6/Resources/lib/libRblas.0.dylib","35_class_count_5","one_factor","class_count",5,5,"classification","simpls","cpu_rsvd_auto","cpu","rsvd","auto",FALSE,"float64",2000,400,400,5,5,20,4,1,0.0152587890625,3,10035,126,NA,NA,"ordinary_fast",FALSE,NA,NA,NA,32,5,NA,NA,"fresh_oversampled_sketch_per_component",1,FALSE,TRUE,NA,NA,220.328125,227.03125,227.1875,227.031,6.70287500000001,NA,NA,NA,NA,0.011,0.002,0.013,0.0578994750976562,7.33570861816406,NA,NA,0.67,NA,NA,1,1.14458383781717e-15,1,0,"within_tolerance","success",NA,NA
"35_class_count_5__metal_rsvd_auto__rep1","0.99.39",NA,"reference_1",1,1,"/Library/Frameworks/R.framework/Versions/4.6/Resources/lib/libRblas.0.dylib","35_class_count_5","one_factor","class_count",5,5,"classification","simpls","metal_rsvd_auto","metal","rsvd","auto",FALSE,"float64",2000,400,400,5,5,20,4,1,0.0152587890625,1,10035,124,NA,NA,"ordinary_fast",FALSE,NA,NA,NA,32,5,NA,NA,"fresh_oversampled_sketch_per_component",1,FALSE,TRUE,NA,NA,229.515625,244.671875,242.234375,244.672,15.156375,NA,NA,NA,NA,0.065,0.004,0.069,0.12506103515625,7.33570861816406,NA,NA,0.67,NA,NA,1,9.48601721218445e-08,0.999999999999992,0,"within_tolerance","success",NA,NA
"35_class_count_5__metal_rsvd_auto__rep2","0.99.39",NA,"reference_1",1,1,"/Library/Frameworks/R.framework/Versions/4.6/Resources/lib/libRblas.0.dylib","35_class_count_5","one_factor","class_count",5,5,"classification","simpls","metal_rsvd_auto","metal","rsvd","auto",FALSE,"float64",2000,400,400,5,5,20,4,1,0.0152587890625,2,10035,125,NA,NA,"ordinary_fast",FALSE,NA,NA,NA,32,5,NA,NA,"fresh_oversampled_sketch_per_component",1,FALSE,TRUE,NA,NA,227.390625,249.65625,247.25,249.656,22.265375,NA,NA,NA,NA,0.0479999999999999,0.005,0.0529999999999999,0.12506103515625,7.33570861816406,NA,NA,0.67,NA,NA,1,9.48601721218445e-08,0.999999999999992,0,"within_tolerance","success",NA,NA
"35_class_count_5__metal_rsvd_auto__rep3","0.99.39",NA,"reference_1",1,1,"/Library/Frameworks/R.framework/Versions/4.6/Resources/lib/libRblas.0.dylib","35_class_count_5","one_factor","class_count",5,5,"classification","simpls","metal_rsvd_auto","metal","rsvd","auto",FALSE,"float64",2000,400,400,5,5,20,4,1,0.0152587890625,3,10035,126,NA,NA,"ordinary_fast",FALSE,NA,NA,NA,32,5,NA,NA,"fresh_oversampled_sketch_per_component",1,FALSE,TRUE,NA,NA,226.96875,248.140625,245.703125,248.141,21.17225,NA,NA,NA,NA,0.0589999999999999,0.005,0.064,0.12506103515625,7.33570861816406,NA,NA,0.67,NA,NA,1,9.48601721218445e-08,0.999999999999992,0,"within_tolerance","success",NA,NA
"36_class_count_10__cpu_irlba_explicit__rep1","0.99.39",NA,"reference_1",1,1,"/Library/Frameworks/R.framework/Versions/4.6/Resources/lib/libRblas.0.dylib","36_class_count_10","one_factor","class_count",10,10,"classification","simpls","cpu_irlba_explicit","cpu","irlba","explicit",FALSE,"float64",2000,400,400,10,10,20,4,1,0.030517578125,1,10036,124,32,5,NA,NA,NA,NA,NA,NA,NA,NA,NA,"fresh_per_component",1,FALSE,TRUE,NA,NA,226.4375,233.25,233.328125,233.328,6.8905,NA,NA,NA,NA,0.012,0.001,0.013,0.0701751708984375,7.33639526367188,NA,NA,0.4575,0,1,1,0,1,0,"deterministic_reference","success",NA,NA
"36_class_count_10__cpu_irlba_explicit__rep2","0.99.39",NA,"reference_1",1,1,"/Library/Frameworks/R.framework/Versions/4.6/Resources/lib/libRblas.0.dylib","36_class_count_10","one_factor","class_count",10,10,"classification","simpls","cpu_irlba_explicit","cpu","irlba","explicit",FALSE,"float64",2000,400,400,10,10,20,4,1,0.030517578125,2,10036,125,32,5,NA,NA,NA,NA,NA,NA,NA,NA,NA,"fresh_per_component",1,FALSE,TRUE,NA,NA,230.0625,236.890625,236.96875,236.969,6.90649999999999,NA,NA,NA,NA,0.011,0.002,0.013,0.0701751708984375,7.33639526367188,NA,NA,0.4575,0,1,1,0,1,0,"deterministic_reference","success",NA,NA
"36_class_count_10__cpu_irlba_explicit__rep3","0.99.39",NA,"reference_1",1,1,"/Library/Frameworks/R.framework/Versions/4.6/Resources/lib/libRblas.0.dylib","36_class_count_10","one_factor","class_count",10,10,"classification","simpls","cpu_irlba_explicit","cpu","irlba","explicit",FALSE,"float64",2000,400,400,10,10,20,4,1,0.030517578125,3,10036,126,32,5,NA,NA,NA,NA,NA,NA,NA,NA,NA,"fresh_per_component",1,FALSE,TRUE,NA,NA,223.703125,236.609375,237.9375,237.938,14.234875,NA,NA,NA,NA,0.012,0.002,0.014,0.0701751708984375,7.33639526367188,NA,NA,0.4575,0,1,1,0,1,0,"deterministic_reference","success",NA,NA
"36_class_count_10__cpu_rsvd_auto__rep1","0.99.39",NA,"reference_1",1,1,"/Library/Frameworks/R.framework/Versions/4.6/Resources/lib/libRblas.0.dylib","36_class_count_10","one_factor","class_count",10,10,"classification","simpls","cpu_rsvd_auto","cpu","rsvd","auto",FALSE,"float64",2000,400,400,10,10,20,4,1,0.030517578125,1,10036,124,NA,NA,"ordinary_fast",FALSE,NA,NA,NA,32,5,NA,NA,"fresh_oversampled_sketch_per_component",1,FALSE,TRUE,NA,NA,227.375,240.25,240.34375,240.25,12.875,NA,NA,NA,NA,0.015,0.001,0.016,0.0752639770507812,7.33639526367188,NA,NA,0.4575,NA,NA,1,3.0812082659399e-06,0.999999999992631,0,"within_tolerance","success",NA,NA
"36_class_count_10__cpu_rsvd_auto__rep2","0.99.39",NA,"reference_1",1,1,"/Library/Frameworks/R.framework/Versions/4.6/Resources/lib/libRblas.0.dylib","36_class_count_10","one_factor","class_count",10,10,"classification","simpls","cpu_rsvd_auto","cpu","rsvd","auto",FALSE,"float64",2000,400,400,10,10,20,4,1,0.030517578125,2,10036,125,NA,NA,"ordinary_fast",FALSE,NA,NA,NA,32,5,NA,NA,"fresh_oversampled_sketch_per_component",1,FALSE,TRUE,NA,NA,233.609375,240.5,240.59375,240.5,6.890625,NA,NA,NA,NA,0.014,0.002,0.016,0.0752639770507812,7.33639526367188,NA,NA,0.4575,NA,NA,1,3.08120826582543e-06,0.999999999992632,0,"within_tolerance","success",NA,NA
"36_class_count_10__cpu_rsvd_auto__rep3","0.99.39",NA,"reference_1",1,1,"/Library/Frameworks/R.framework/Versions/4.6/Resources/lib/libRblas.0.dylib","36_class_count_10","one_factor","class_count",10,10,"classification","simpls","cpu_rsvd_auto","cpu","rsvd","auto",FALSE,"float64",2000,400,400,10,10,20,4,1,0.030517578125,3,10036,126,NA,NA,"ordinary_fast",FALSE,NA,NA,NA,32,5,NA,NA,"fresh_oversampled_sketch_per_component",1,FALSE,TRUE,NA,NA,224.6875,238.21875,238.3125,238.391,13.7035,NA,NA,NA,NA,0.015,0.002,0.017,0.0752639770507812,7.33639526367188,NA,NA,0.4575,NA,NA,1,3.08120826560941e-06,0.999999999992631,0,"within_tolerance","success",NA,NA
"36_class_count_10__metal_rsvd_auto__rep1","0.99.39",NA,"reference_1",1,1,"/Library/Frameworks/R.framework/Versions/4.6/Resources/lib/libRblas.0.dylib","36_class_count_10","one_factor","class_count",10,10,"classification","simpls","metal_rsvd_auto","metal","rsvd","auto",FALSE,"float64",2000,400,400,10,10,20,4,1,0.030517578125,1,10036,124,NA,NA,"ordinary_fast",FALSE,NA,NA,NA,32,5,NA,NA,"fresh_oversampled_sketch_per_component",1,FALSE,TRUE,NA,NA,230.40625,242.5,242.5,243.719,13.31275,NA,NA,NA,NA,0.0589999999999999,0.004,0.063,0.141044616699219,7.33639526367188,NA,NA,0.4575,NA,NA,1,3.10765227705416e-06,0.999999999992505,0,"within_tolerance","success",NA,NA
"36_class_count_10__metal_rsvd_auto__rep2","0.99.39",NA,"reference_1",1,1,"/Library/Frameworks/R.framework/Versions/4.6/Resources/lib/libRblas.0.dylib","36_class_count_10","one_factor","class_count",10,10,"classification","simpls","metal_rsvd_auto","metal","rsvd","auto",FALSE,"float64",2000,400,400,10,10,20,4,1,0.030517578125,2,10036,125,NA,NA,"ordinary_fast",FALSE,NA,NA,NA,32,5,NA,NA,"fresh_oversampled_sketch_per_component",1,FALSE,TRUE,NA,NA,222.171875,234.84375,234.84375,240.703,18.531125,NA,NA,NA,NA,0.0579999999999999,0.006,0.064,0.141044616699219,7.33639526367188,NA,NA,0.4575,NA,NA,1,3.10765227705416e-06,0.999999999992505,0,"within_tolerance","success",NA,NA
"36_class_count_10__metal_rsvd_auto__rep3","0.99.39",NA,"reference_1",1,1,"/Library/Frameworks/R.framework/Versions/4.6/Resources/lib/libRblas.0.dylib","36_class_count_10","one_factor","class_count",10,10,"classification","simpls","metal_rsvd_auto","metal","rsvd","auto",FALSE,"float64",2000,400,400,10,10,20,4,1,0.030517578125,3,10036,126,NA,NA,"ordinary_fast",FALSE,NA,NA,NA,32,5,NA,NA,"fresh_oversampled_sketch_per_component",1,FALSE,TRUE,NA,NA,227.046875,246.921875,246.921875,248.969,21.922125,NA,NA,NA,NA,0.0539999999999999,0.006,0.0599999999999999,0.141044616699219,7.33639526367188,NA,NA,0.4575,NA,NA,1,3.10765227705416e-06,0.999999999992505,0,"within_tolerance","success",NA,NA
"37_class_count_25__cpu_irlba_explicit__rep1","0.99.39",NA,"reference_1",1,1,"/Library/Frameworks/R.framework/Versions/4.6/Resources/lib/libRblas.0.dylib","37_class_count_25","one_factor","class_count",25,25,"classification","simpls","cpu_irlba_explicit","cpu","irlba","explicit",FALSE,"float64",2000,400,400,25,25,20,4,1,0.0762939453125,1,10037,124,32,5,NA,NA,NA,NA,NA,NA,NA,NA,NA,"fresh_per_component",1,FALSE,TRUE,NA,NA,229.78125,242.703125,244.015625,244.016,14.23475,NA,NA,NA,NA,0.016,0.003,0.019,0.122245788574219,7.338134765625,NA,NA,0.23,0,1,1,0,1,0,"deterministic_reference","success",NA,NA
"37_class_count_25__cpu_irlba_explicit__rep2","0.99.39",NA,"reference_1",1,1,"/Library/Frameworks/R.framework/Versions/4.6/Resources/lib/libRblas.0.dylib","37_class_count_25","one_factor","class_count",25,25,"classification","simpls","cpu_irlba_explicit","cpu","irlba","explicit",FALSE,"float64",2000,400,400,25,25,20,4,1,0.0762939453125,2,10037,125,32,5,NA,NA,NA,NA,NA,NA,NA,NA,NA,"fresh_per_component",1,FALSE,TRUE,NA,NA,224.015625,237.265625,237.34375,237.344,13.328375,NA,NA,NA,NA,0.016,0.002,0.018,0.122245788574219,7.338134765625,NA,NA,0.23,0,1,1,0,1,0,"deterministic_reference","success",NA,NA
"37_class_count_25__cpu_irlba_explicit__rep3","0.99.39",NA,"reference_1",1,1,"/Library/Frameworks/R.framework/Versions/4.6/Resources/lib/libRblas.0.dylib","37_class_count_25","one_factor","class_count",25,25,"classification","simpls","cpu_irlba_explicit","cpu","irlba","explicit",FALSE,"float64",2000,400,400,25,25,20,4,1,0.0762939453125,3,10037,126,32,5,NA,NA,NA,NA,NA,NA,NA,NA,NA,"fresh_per_component",1,FALSE,TRUE,NA,NA,225.296875,232.1875,232.265625,232.266,6.96912499999999,NA,NA,NA,NA,0.017,0.003,0.02,0.122245788574219,7.338134765625,NA,NA,0.23,0,1,1,0,1,0,"deterministic_reference","success",NA,NA
"37_class_count_25__cpu_rsvd_auto__rep1","0.99.39",NA,"reference_1",1,1,"/Library/Frameworks/R.framework/Versions/4.6/Resources/lib/libRblas.0.dylib","37_class_count_25","one_factor","class_count",25,25,"classification","simpls","cpu_rsvd_auto","cpu","rsvd","auto",FALSE,"float64",2000,400,400,25,25,20,4,1,0.0762939453125,1,10037,124,NA,NA,"ordinary_fast",FALSE,NA,NA,NA,32,5,NA,NA,"fresh_oversampled_sketch_per_component",1,FALSE,TRUE,NA,NA,227.484375,234.1875,234.28125,234.375,6.890625,NA,NA,NA,NA,0.03,0.002,0.032,0.127334594726562,7.338134765625,NA,NA,0.23,NA,NA,1,6.12148097612592e-07,0.999999999999742,0,"within_tolerance","success",NA,NA
"37_class_count_25__cpu_rsvd_auto__rep2","0.99.39",NA,"reference_1",1,1,"/Library/Frameworks/R.framework/Versions/4.6/Resources/lib/libRblas.0.dylib","37_class_count_25","one_factor","class_count",25,25,"classification","simpls","cpu_rsvd_auto","cpu","rsvd","auto",FALSE,"float64",2000,400,400,25,25,20,4,1,0.0762939453125,2,10037,125,NA,NA,"ordinary_fast",FALSE,NA,NA,NA,32,5,NA,NA,"fresh_oversampled_sketch_per_component",1,FALSE,TRUE,NA,NA,223.625,236.625,236.703125,236.781,13.156,NA,NA,NA,NA,0.031,0.002,0.033,0.127334594726562,7.338134765625,NA,NA,0.23,NA,NA,1,6.12148097632579e-07,0.999999999999743,0,"within_tolerance","success",NA,NA
"37_class_count_25__cpu_rsvd_auto__rep3","0.99.39",NA,"reference_1",1,1,"/Library/Frameworks/R.framework/Versions/4.6/Resources/lib/libRblas.0.dylib","37_class_count_25","one_factor","class_count",25,25,"classification","simpls","cpu_rsvd_auto","cpu","rsvd","auto",FALSE,"float64",2000,400,400,25,25,20,4,1,0.0762939453125,3,10037,126,NA,NA,"ordinary_fast",FALSE,NA,NA,NA,32,5,NA,NA,"fresh_oversampled_sketch_per_component",1,FALSE,TRUE,NA,NA,224.421875,231.140625,231.21875,231.141,6.71912499999999,NA,NA,NA,NA,0.029,0.003,0.032,0.127334594726562,7.338134765625,NA,NA,0.23,NA,NA,1,6.12148097311116e-07,0.999999999999742,0,"within_tolerance","success",NA,NA
"37_class_count_25__metal_rsvd_auto__rep1","0.99.39",NA,"reference_1",1,1,"/Library/Frameworks/R.framework/Versions/4.6/Resources/lib/libRblas.0.dylib","37_class_count_25","one_factor","class_count",25,25,"classification","simpls","metal_rsvd_auto","metal","rsvd","auto",FALSE,"float64",2000,400,400,25,25,20,4,1,0.0762939453125,1,10037,124,NA,NA,"ordinary_fast",FALSE,NA,NA,NA,32,5,NA,NA,"fresh_oversampled_sketch_per_component",1,FALSE,TRUE,NA,NA,226.609375,244.84375,244.90625,247.594,20.984625,NA,NA,NA,NA,0.065,0.004,0.069,0.188674926757812,7.338134765625,NA,NA,0.23,NA,NA,1,8.07086398366492e-07,0.999999999999549,0,"within_tolerance","success",NA,NA
"37_class_count_25__metal_rsvd_auto__rep2","0.99.39",NA,"reference_1",1,1,"/Library/Frameworks/R.framework/Versions/4.6/Resources/lib/libRblas.0.dylib","37_class_count_25","one_factor","class_count",25,25,"classification","simpls","metal_rsvd_auto","metal","rsvd","auto",FALSE,"float64",2000,400,400,25,25,20,4,1,0.0762939453125,2,10037,125,NA,NA,"ordinary_fast",FALSE,NA,NA,NA,32,5,NA,NA,"fresh_oversampled_sketch_per_component",1,FALSE,TRUE,NA,NA,226.375,244.46875,248.171875,250.203,23.828,NA,NA,NA,NA,0.07,0.003,0.073,0.188674926757812,7.338134765625,NA,NA,0.23,NA,NA,1,8.07086398366492e-07,0.999999999999549,0,"within_tolerance","success",NA,NA
"37_class_count_25__metal_rsvd_auto__rep3","0.99.39",NA,"reference_1",1,1,"/Library/Frameworks/R.framework/Versions/4.6/Resources/lib/libRblas.0.dylib","37_class_count_25","one_factor","class_count",25,25,"classification","simpls","metal_rsvd_auto","metal","rsvd","auto",FALSE,"float64",2000,400,400,25,25,20,4,1,0.0762939453125,3,10037,126,NA,NA,"ordinary_fast",FALSE,NA,NA,NA,32,5,NA,NA,"fresh_oversampled_sketch_per_component",1,FALSE,TRUE,NA,NA,226.984375,245.203125,245.234375,245.859,18.874625,NA,NA,NA,NA,0.063,0.004,0.067,0.188674926757812,7.338134765625,NA,NA,0.23,NA,NA,1,8.07086398366492e-07,0.999999999999549,0,"within_tolerance","success",NA,NA
"38_class_count_50__cpu_irlba_explicit__rep1","0.99.39",NA,"reference_1",1,1,"/Library/Frameworks/R.framework/Versions/4.6/Resources/lib/libRblas.0.dylib","38_class_count_50","one_factor","class_count",50,50,"classification","simpls","cpu_irlba_explicit","cpu","irlba","explicit",FALSE,"float64",2000,400,400,50,50,20,4,1,0.152587890625,1,10038,124,32,5,NA,NA,NA,NA,NA,NA,NA,NA,NA,"fresh_per_component",1,FALSE,TRUE,NA,NA,225.96875,240.828125,240.90625,240.828,14.85925,NA,NA,NA,NA,0.026,0.004,0.03,0.213386535644531,7.3411865234375,NA,NA,0.1425,0,1,1,0,1,0,"deterministic_reference","success",NA,NA
"38_class_count_50__cpu_irlba_explicit__rep2","0.99.39",NA,"reference_1",1,1,"/Library/Frameworks/R.framework/Versions/4.6/Resources/lib/libRblas.0.dylib","38_class_count_50","one_factor","class_count",50,50,"classification","simpls","cpu_irlba_explicit","cpu","irlba","explicit",FALSE,"float64",2000,400,400,50,50,20,4,1,0.152587890625,2,10038,125,32,5,NA,NA,NA,NA,NA,NA,NA,NA,NA,"fresh_per_component",1,FALSE,TRUE,NA,NA,225.859375,238.875,238.984375,238.891,13.031625,NA,NA,NA,NA,0.024,0.004,0.028,0.213386535644531,7.3411865234375,NA,NA,0.1425,0,1,1,0,1,0,"deterministic_reference","success",NA,NA
"38_class_count_50__cpu_irlba_explicit__rep3","0.99.39",NA,"reference_1",1,1,"/Library/Frameworks/R.framework/Versions/4.6/Resources/lib/libRblas.0.dylib","38_class_count_50","one_factor","class_count",50,50,"classification","simpls","cpu_irlba_explicit","cpu","irlba","explicit",FALSE,"float64",2000,400,400,50,50,20,4,1,0.152587890625,3,10038,126,32,5,NA,NA,NA,NA,NA,NA,NA,NA,NA,"fresh_per_component",1,FALSE,TRUE,NA,NA,224.734375,231.625,231.703125,231.625,6.890625,NA,NA,NA,NA,0.025,0.004,0.029,0.213386535644531,7.3411865234375,NA,NA,0.1425,0,1,1,0,1,0,"deterministic_reference","success",NA,NA
"38_class_count_50__cpu_rsvd_auto__rep1","0.99.39",NA,"reference_1",1,1,"/Library/Frameworks/R.framework/Versions/4.6/Resources/lib/libRblas.0.dylib","38_class_count_50","one_factor","class_count",50,50,"classification","simpls","cpu_rsvd_auto","cpu","rsvd","auto",FALSE,"float64",2000,400,400,50,50,20,4,1,0.152587890625,1,10038,124,NA,NA,"ordinary_fast",FALSE,NA,NA,NA,32,5,NA,NA,"fresh_oversampled_sketch_per_component",1,FALSE,TRUE,NA,NA,231.671875,238.65625,238.75,238.859,7.18712500000001,NA,NA,NA,NA,0.056,0.004,0.06,0.218475341796875,7.3411865234375,NA,NA,0.1425,NA,NA,1,0.000381999152880756,0.99999990030327,0,"within_tolerance","success",NA,NA
"38_class_count_50__cpu_rsvd_auto__rep2","0.99.39",NA,"reference_1",1,1,"/Library/Frameworks/R.framework/Versions/4.6/Resources/lib/libRblas.0.dylib","38_class_count_50","one_factor","class_count",50,50,"classification","simpls","cpu_rsvd_auto","cpu","rsvd","auto",FALSE,"float64",2000,400,400,50,50,20,4,1,0.152587890625,2,10038,125,NA,NA,"ordinary_fast",FALSE,NA,NA,NA,32,5,NA,NA,"fresh_oversampled_sketch_per_component",1,FALSE,TRUE,NA,NA,225.140625,238.765625,238.84375,238.766,13.625375,NA,NA,NA,NA,0.055,0.004,0.059,0.218475341796875,7.3411865234375,NA,NA,0.1425,NA,NA,1,0.00038198402036678,0.999999900311239,0,"within_tolerance","success",NA,NA
"38_class_count_50__cpu_rsvd_auto__rep3","0.99.39",NA,"reference_1",1,1,"/Library/Frameworks/R.framework/Versions/4.6/Resources/lib/libRblas.0.dylib","38_class_count_50","one_factor","class_count",50,50,"classification","simpls","cpu_rsvd_auto","cpu","rsvd","auto",FALSE,"float64",2000,400,400,50,50,20,4,1,0.152587890625,3,10038,126,NA,NA,"ordinary_fast",FALSE,NA,NA,NA,32,5,NA,NA,"fresh_oversampled_sketch_per_component",1,FALSE,TRUE,NA,NA,222.59375,235.59375,235.671875,235.656,13.06225,NA,NA,NA,NA,0.0559999999999999,0.003,0.0589999999999999,0.218475341796875,7.3411865234375,NA,NA,0.1425,NA,NA,1,0.000381997168403516,0.999999900304354,0,"within_tolerance","success",NA,NA
"38_class_count_50__metal_rsvd_auto__rep1","0.99.39",NA,"reference_1",1,1,"/Library/Frameworks/R.framework/Versions/4.6/Resources/lib/libRblas.0.dylib","38_class_count_50","one_factor","class_count",50,50,"classification","simpls","metal_rsvd_auto","metal","rsvd","auto",FALSE,"float64",2000,400,400,50,50,20,4,1,0.152587890625,1,10038,124,NA,NA,"ordinary_fast",FALSE,NA,NA,NA,32,5,NA,NA,"fresh_oversampled_sketch_per_component",1,FALSE,TRUE,NA,NA,230.9375,249.6875,249.796875,250.594,19.6565,NA,NA,NA,NA,0.062,0.00700000000000001,0.069,0.268211364746094,7.3411865234375,NA,NA,0.1425,NA,NA,1,0.000389946204116181,0.999999896111972,0,"within_tolerance","success",NA,NA
"38_class_count_50__metal_rsvd_auto__rep2","0.99.39",NA,"reference_1",1,1,"/Library/Frameworks/R.framework/Versions/4.6/Resources/lib/libRblas.0.dylib","38_class_count_50","one_factor","class_count",50,50,"classification","simpls","metal_rsvd_auto","metal","rsvd","auto",FALSE,"float64",2000,400,400,50,50,20,4,1,0.152587890625,2,10038,125,NA,NA,"ordinary_fast",FALSE,NA,NA,NA,32,5,NA,NA,"fresh_oversampled_sketch_per_component",1,FALSE,TRUE,NA,NA,227.46875,240.171875,243.875,245.422,17.95325,NA,NA,NA,NA,0.073,0.006,0.079,0.268211364746094,7.3411865234375,NA,NA,0.1425,NA,NA,1,0.000389946204116181,0.999999896111972,0,"within_tolerance","success",NA,NA
"38_class_count_50__metal_rsvd_auto__rep3","0.99.39",NA,"reference_1",1,1,"/Library/Frameworks/R.framework/Versions/4.6/Resources/lib/libRblas.0.dylib","38_class_count_50","one_factor","class_count",50,50,"classification","simpls","metal_rsvd_auto","metal","rsvd","auto",FALSE,"float64",2000,400,400,50,50,20,4,1,0.152587890625,3,10038,126,NA,NA,"ordinary_fast",FALSE,NA,NA,NA,32,5,NA,NA,"fresh_oversampled_sketch_per_component",1,FALSE,TRUE,NA,NA,231.078125,244.453125,246.921875,247.547,16.468875,NA,NA,NA,NA,0.0660000000000001,0.00900000000000001,0.0750000000000001,0.268211364746094,7.3411865234375,NA,NA,0.1425,NA,NA,1,0.000389946204116181,0.999999896111972,0,"within_tolerance","success",NA,NA
"39_class_count_100__cpu_irlba_explicit__rep1","0.99.39",NA,"reference_1",1,1,"/Library/Frameworks/R.framework/Versions/4.6/Resources/lib/libRblas.0.dylib","39_class_count_100","one_factor","class_count",100,100,"classification","simpls","cpu_irlba_explicit","cpu","irlba","explicit",FALSE,"float64",2000,400,400,100,100,20,4,1,0.30517578125,1,10039,124,32,5,NA,NA,NA,NA,NA,NA,NA,NA,NA,"fresh_per_component",1,FALSE,TRUE,NA,NA,229.375,236.875,228.046875,236.875,7.5,NA,NA,NA,NA,0.041,0.00700000000000001,0.048,0.4100341796875,7.3472900390625,NA,NA,0.1,0,1,1,0,1,0,"deterministic_reference","success",NA,NA
"39_class_count_100__cpu_irlba_explicit__rep2","0.99.39",NA,"reference_1",1,1,"/Library/Frameworks/R.framework/Versions/4.6/Resources/lib/libRblas.0.dylib","39_class_count_100","one_factor","class_count",100,100,"classification","simpls","cpu_irlba_explicit","cpu","irlba","explicit",FALSE,"float64",2000,400,400,100,100,20,4,1,0.30517578125,2,10039,125,32,5,NA,NA,NA,NA,NA,NA,NA,NA,NA,"fresh_per_component",1,FALSE,TRUE,NA,NA,229.671875,245.640625,245.734375,245.641,15.969125,NA,NA,NA,NA,0.039,0.006,0.045,0.4100341796875,7.3472900390625,NA,NA,0.1,0,1,1,0,1,0,"deterministic_reference","success",NA,NA
"39_class_count_100__cpu_irlba_explicit__rep3","0.99.39",NA,"reference_1",1,1,"/Library/Frameworks/R.framework/Versions/4.6/Resources/lib/libRblas.0.dylib","39_class_count_100","one_factor","class_count",100,100,"classification","simpls","cpu_irlba_explicit","cpu","irlba","explicit",FALSE,"float64",2000,400,400,100,100,20,4,1,0.30517578125,3,10039,126,32,5,NA,NA,NA,NA,NA,NA,NA,NA,NA,"fresh_per_component",1,FALSE,TRUE,NA,NA,231.828125,244.828125,244.90625,244.891,13.062875,NA,NA,NA,NA,0.039,0.00700000000000001,0.046,0.4100341796875,7.3472900390625,NA,NA,0.1,0,1,1,0,1,0,"deterministic_reference","success",NA,NA
"39_class_count_100__cpu_rsvd_auto__rep1","0.99.39",NA,"reference_1",1,1,"/Library/Frameworks/R.framework/Versions/4.6/Resources/lib/libRblas.0.dylib","39_class_count_100","one_factor","class_count",100,100,"classification","simpls","cpu_rsvd_auto","cpu","rsvd","auto",FALSE,"float64",2000,400,400,100,100,20,4,1,0.30517578125,1,10039,124,NA,NA,"sparse_high_class_stable",FALSE,NA,NA,NA,64,7,NA,NA,"fresh_oversampled_sketch_per_component",1,FALSE,TRUE,NA,NA,227.15625,234.109375,234.203125,234.172,7.01575,NA,NA,NA,NA,0.21,0.006,0.216,0.415138244628906,7.3472900390625,NA,NA,0.1,NA,NA,1,5.53660236696277e-06,0.999999999980418,0,"within_tolerance","success",NA,NA
"39_class_count_100__cpu_rsvd_auto__rep2","0.99.39",NA,"reference_1",1,1,"/Library/Frameworks/R.framework/Versions/4.6/Resources/lib/libRblas.0.dylib","39_class_count_100","one_factor","class_count",100,100,"classification","simpls","cpu_rsvd_auto","cpu","rsvd","auto",FALSE,"float64",2000,400,400,100,100,20,4,1,0.30517578125,2,10039,125,NA,NA,"sparse_high_class_stable",FALSE,NA,NA,NA,64,7,NA,NA,"fresh_oversampled_sketch_per_component",1,FALSE,TRUE,NA,NA,231.0625,246.21875,246.296875,246.219,15.1565,NA,NA,NA,NA,0.211,0.00700000000000001,0.218,0.415138244628906,7.3472900390625,NA,NA,0.1,NA,NA,1,5.53657405982783e-06,0.999999999980421,0,"within_tolerance","success",NA,NA
"39_class_count_100__cpu_rsvd_auto__rep3","0.99.39",NA,"reference_1",1,1,"/Library/Frameworks/R.framework/Versions/4.6/Resources/lib/libRblas.0.dylib","39_class_count_100","one_factor","class_count",100,100,"classification","simpls","cpu_rsvd_auto","cpu","rsvd","auto",FALSE,"float64",2000,400,400,100,100,20,4,1,0.30517578125,3,10039,126,NA,NA,"sparse_high_class_stable",FALSE,NA,NA,NA,64,7,NA,NA,"fresh_oversampled_sketch_per_component",1,FALSE,TRUE,NA,NA,229.484375,236.28125,236.359375,236.281,6.79662500000001,NA,NA,NA,NA,0.208,0.006,0.214,0.415138244628906,7.3472900390625,NA,NA,0.1,NA,NA,1,5.53657516456016e-06,0.99999999998042,0,"within_tolerance","success",NA,NA
"39_class_count_100__metal_rsvd_auto__rep1","0.99.39",NA,"reference_1",1,1,"/Library/Frameworks/R.framework/Versions/4.6/Resources/lib/libRblas.0.dylib","39_class_count_100","one_factor","class_count",100,100,"classification","simpls","metal_rsvd_auto","metal","rsvd","auto",FALSE,"float64",2000,400,400,100,100,20,4,1,0.30517578125,1,10039,124,NA,NA,"sparse_high_class_stable",FALSE,NA,NA,NA,64,7,NA,NA,"fresh_oversampled_sketch_per_component",1,FALSE,TRUE,NA,NA,232.1875,236.28125,237.703125,252.375,20.1875,NA,NA,NA,NA,0.107,0.011,0.118,0.427299499511719,7.3472900390625,NA,NA,0.1,NA,NA,1,5.35329673026537e-06,0.9999999999817,0,"within_tolerance","success",NA,NA
"39_class_count_100__metal_rsvd_auto__rep2","0.99.39",NA,"reference_1",1,1,"/Library/Frameworks/R.framework/Versions/4.6/Resources/lib/libRblas.0.dylib","39_class_count_100","one_factor","class_count",100,100,"classification","simpls","metal_rsvd_auto","metal","rsvd","auto",FALSE,"float64",2000,400,400,100,100,20,4,1,0.30517578125,2,10039,125,NA,NA,"sparse_high_class_stable",FALSE,NA,NA,NA,64,7,NA,NA,"fresh_oversampled_sketch_per_component",1,FALSE,TRUE,NA,NA,237.140625,255.71875,255.71875,258.516,21.375375,NA,NA,NA,NA,0.094,0.00700000000000001,0.101,0.427299499511719,7.3472900390625,NA,NA,0.1,NA,NA,1,5.35329673026537e-06,0.9999999999817,0,"within_tolerance","success",NA,NA
"39_class_count_100__metal_rsvd_auto__rep3","0.99.39",NA,"reference_1",1,1,"/Library/Frameworks/R.framework/Versions/4.6/Resources/lib/libRblas.0.dylib","39_class_count_100","one_factor","class_count",100,100,"classification","simpls","metal_rsvd_auto","metal","rsvd","auto",FALSE,"float64",2000,400,400,100,100,20,4,1,0.30517578125,3,10039,126,NA,NA,"sparse_high_class_stable",FALSE,NA,NA,NA,64,7,NA,NA,"fresh_oversampled_sketch_per_component",1,FALSE,TRUE,NA,NA,231.3125,243.171875,243.1875,243.172,11.8595,NA,NA,NA,NA,0.092,0.00399999999999989,0.0959999999999999,0.427299499511719,7.3472900390625,NA,NA,0.1,NA,NA,1,5.35329673026537e-06,0.9999999999817,0,"within_tolerance","success",NA,NA
"40_class_count_200__cpu_irlba_explicit__rep1","0.99.39",NA,"reference_1",1,1,"/Library/Frameworks/R.framework/Versions/4.6/Resources/lib/libRblas.0.dylib","40_class_count_200","one_factor","class_count",200,200,"classification","simpls","cpu_irlba_explicit","cpu","irlba","explicit",FALSE,"float64",4000,800,400,200,200,20,4,1,0.6103515625,1,10040,124,32,5,NA,NA,NA,NA,NA,NA,NA,NA,NA,"fresh_per_component",1,FALSE,TRUE,NA,NA,249.875,260.953125,262.875,275.875,26,NA,NA,NA,NA,0.133,0.02,0.153,0.860549926757812,14.69287109375,NA,NA,0.09125,0,1,1,0,1,0,"deterministic_reference","success",NA,NA
"40_class_count_200__cpu_irlba_explicit__rep2","0.99.39",NA,"reference_1",1,1,"/Library/Frameworks/R.framework/Versions/4.6/Resources/lib/libRblas.0.dylib","40_class_count_200","one_factor","class_count",200,200,"classification","simpls","cpu_irlba_explicit","cpu","irlba","explicit",FALSE,"float64",4000,800,400,200,200,20,4,1,0.6103515625,2,10040,125,32,5,NA,NA,NA,NA,NA,NA,NA,NA,NA,"fresh_per_component",1,FALSE,TRUE,NA,NA,257.125,288.359375,288.53125,288.359,31.234,NA,NA,NA,NA,0.126,0.021,0.147,0.860549926757812,14.69287109375,NA,NA,0.09125,0,1,1,0,1,0,"deterministic_reference","success",NA,NA
"40_class_count_200__cpu_irlba_explicit__rep3","0.99.39",NA,"reference_1",1,1,"/Library/Frameworks/R.framework/Versions/4.6/Resources/lib/libRblas.0.dylib","40_class_count_200","one_factor","class_count",200,200,"classification","simpls","cpu_irlba_explicit","cpu","irlba","explicit",FALSE,"float64",4000,800,400,200,200,20,4,1,0.6103515625,3,10040,126,32,5,NA,NA,NA,NA,NA,NA,NA,NA,NA,"fresh_per_component",1,FALSE,TRUE,NA,NA,253.296875,290.71875,290.828125,290.797,37.500125,NA,NA,NA,NA,0.129,0.021,0.15,0.860549926757812,14.69287109375,NA,NA,0.09125,0,1,1,0,1,0,"deterministic_reference","success",NA,NA
"40_class_count_200__cpu_rsvd_auto__rep1","0.99.39",NA,"reference_1",1,1,"/Library/Frameworks/R.framework/Versions/4.6/Resources/lib/libRblas.0.dylib","40_class_count_200","one_factor","class_count",200,200,"classification","simpls","cpu_rsvd_auto","cpu","rsvd","auto",FALSE,"float64",4000,800,400,200,200,20,4,1,0.6103515625,1,10040,124,NA,NA,"sparse_high_class_stable",FALSE,NA,NA,NA,64,7,NA,NA,"fresh_oversampled_sketch_per_component",1,FALSE,TRUE,NA,NA,260.578125,279.734375,279.984375,279.969,19.390875,NA,NA,NA,NA,0.405,0.022,0.427,0.865653991699219,14.69287109375,NA,NA,0.09125,NA,NA,1,3.05675988691447e-06,0.999999999994346,0,"within_tolerance","success",NA,NA
"40_class_count_200__cpu_rsvd_auto__rep2","0.99.39",NA,"reference_1",1,1,"/Library/Frameworks/R.framework/Versions/4.6/Resources/lib/libRblas.0.dylib","40_class_count_200","one_factor","class_count",200,200,"classification","simpls","cpu_rsvd_auto","cpu","rsvd","auto",FALSE,"float64",4000,800,400,200,200,20,4,1,0.6103515625,2,10040,125,NA,NA,"sparse_high_class_stable",FALSE,NA,NA,NA,64,7,NA,NA,"fresh_oversampled_sketch_per_component",1,FALSE,TRUE,NA,NA,258.09375,277.21875,278.546875,277.219,19.12525,NA,NA,NA,NA,0.403,0.0210000000000001,0.424,0.865653991699219,14.69287109375,NA,NA,0.09125,NA,NA,1,3.05708954291652e-06,0.999999999994334,0,"within_tolerance","success",NA,NA
"40_class_count_200__cpu_rsvd_auto__rep3","0.99.39",NA,"reference_1",1,1,"/Library/Frameworks/R.framework/Versions/4.6/Resources/lib/libRblas.0.dylib","40_class_count_200","one_factor","class_count",200,200,"classification","simpls","cpu_rsvd_auto","cpu","rsvd","auto",FALSE,"float64",4000,800,400,200,200,20,4,1,0.6103515625,3,10040,126,NA,NA,"sparse_high_class_stable",FALSE,NA,NA,NA,64,7,NA,NA,"fresh_oversampled_sketch_per_component",1,FALSE,TRUE,NA,NA,249.78125,281.96875,284.515625,284.516,34.73475,NA,NA,NA,NA,0.407,0.0210000000000001,0.428,0.865653991699219,14.69287109375,NA,NA,0.09125,NA,NA,1,3.05713165294379e-06,0.999999999994358,0,"within_tolerance","success",NA,NA
"40_class_count_200__metal_rsvd_auto__rep1","0.99.39",NA,"reference_1",1,1,"/Library/Frameworks/R.framework/Versions/4.6/Resources/lib/libRblas.0.dylib","40_class_count_200","one_factor","class_count",200,200,"classification","simpls","metal_rsvd_auto","metal","rsvd","auto",FALSE,"float64",4000,800,400,200,200,20,4,1,0.6103515625,1,10040,124,NA,NA,"sparse_high_class_stable",FALSE,NA,NA,NA,64,7,NA,NA,"fresh_oversampled_sketch_per_component",1,FALSE,TRUE,NA,NA,243.0625,261.53125,263.75,278.625,35.5625,NA,NA,NA,NA,0.263,0.0110000000000001,0.274,0.806480407714844,14.69287109375,NA,NA,0.09125,NA,NA,1,3.33647077546559e-06,0.999999999993288,0,"within_tolerance","success",NA,NA
"40_class_count_200__metal_rsvd_auto__rep2","0.99.39",NA,"reference_1",1,1,"/Library/Frameworks/R.framework/Versions/4.6/Resources/lib/libRblas.0.dylib","40_class_count_200","one_factor","class_count",200,200,"classification","simpls","metal_rsvd_auto","metal","rsvd","auto",FALSE,"float64",4000,800,400,200,200,20,4,1,0.6103515625,2,10040,125,NA,NA,"sparse_high_class_stable",FALSE,NA,NA,NA,64,7,NA,NA,"fresh_oversampled_sketch_per_component",1,FALSE,TRUE,NA,NA,258.140625,296.390625,299.328125,301.984,43.843375,NA,NA,NA,NA,0.257,0.0089999999999999,0.266,0.806480407714844,14.69287109375,NA,NA,0.09125,NA,NA,1,3.33647077546559e-06,0.999999999993288,0,"within_tolerance","success",NA,NA
"40_class_count_200__metal_rsvd_auto__rep3","0.99.39",NA,"reference_1",1,1,"/Library/Frameworks/R.framework/Versions/4.6/Resources/lib/libRblas.0.dylib","40_class_count_200","one_factor","class_count",200,200,"classification","simpls","metal_rsvd_auto","metal","rsvd","auto",FALSE,"float64",4000,800,400,200,200,20,4,1,0.6103515625,3,10040,126,NA,NA,"sparse_high_class_stable",FALSE,NA,NA,NA,64,7,NA,NA,"fresh_oversampled_sketch_per_component",1,FALSE,TRUE,NA,NA,259.359375,305.078125,305.5,316.438,57.078625,NA,NA,NA,NA,0.251,0.01,0.261,0.806480407714844,14.69287109375,NA,NA,0.09125,NA,NA,1,3.33647077546559e-06,0.999999999993288,0,"within_tolerance","success",NA,NA
"41_crosscov_mb_2_0__cpu_irlba_explicit__rep1","0.99.39",NA,"reference_1",1,1,"/Library/Frameworks/R.framework/Versions/4.6/Resources/lib/libRblas.0.dylib","41_crosscov_mb_2_0","one_factor","crosscov_mb",1.9989013671875,2,"regression","simpls","cpu_irlba_explicit","cpu","irlba","explicit",FALSE,"float64",1500,300,1000,262,NA,20,10,1,1.9989013671875,1,10041,124,32,5,NA,NA,NA,NA,NA,NA,NA,NA,NA,"fresh_per_component",1,FALSE,TRUE,NA,NA,238.171875,262.0625,262.171875,262.078,23.906125,NA,NA,NA,NA,0.234,0.026,0.26,2.12502288818359,17.3322296142578,0.795635014652537,0.362044310936978,NA,0,1,NA,NA,NA,0,"deterministic_reference","success",NA,NA
"41_crosscov_mb_2_0__cpu_irlba_explicit__rep2","0.99.39",NA,"reference_1",1,1,"/Library/Frameworks/R.framework/Versions/4.6/Resources/lib/libRblas.0.dylib","41_crosscov_mb_2_0","one_factor","crosscov_mb",1.9989013671875,2,"regression","simpls","cpu_irlba_explicit","cpu","irlba","explicit",FALSE,"float64",1500,300,1000,262,NA,20,10,1,1.9989013671875,2,10041,125,32,5,NA,NA,NA,NA,NA,NA,NA,NA,NA,"fresh_per_component",1,FALSE,TRUE,NA,NA,245.265625,267.8125,267.890625,267.875,22.609375,NA,NA,NA,NA,0.269,0.036,0.305,2.12502288818359,17.3322296142578,0.795635014652537,0.362044310936978,NA,0,1,NA,NA,NA,0,"deterministic_reference","success",NA,NA
"41_crosscov_mb_2_0__cpu_irlba_explicit__rep3","0.99.39",NA,"reference_1",1,1,"/Library/Frameworks/R.framework/Versions/4.6/Resources/lib/libRblas.0.dylib","41_crosscov_mb_2_0","one_factor","crosscov_mb",1.9989013671875,2,"regression","simpls","cpu_irlba_explicit","cpu","irlba","explicit",FALSE,"float64",1500,300,1000,262,NA,20,10,1,1.9989013671875,3,10041,126,32,5,NA,NA,NA,NA,NA,NA,NA,NA,NA,"fresh_per_component",1,FALSE,TRUE,NA,NA,240.46875,264.65625,264.734375,264.719,24.25025,NA,NA,NA,NA,0.224,0.0249999999999999,0.249,2.12502288818359,17.3322296142578,0.795635014652537,0.362044310936978,NA,0,1,NA,NA,NA,0,"deterministic_reference","success",NA,NA
"41_crosscov_mb_2_0__cpu_rsvd_auto__rep1","0.99.39",NA,"reference_1",1,1,"/Library/Frameworks/R.framework/Versions/4.6/Resources/lib/libRblas.0.dylib","41_crosscov_mb_2_0","one_factor","crosscov_mb",1.9989013671875,2,"regression","simpls","cpu_rsvd_auto","cpu","rsvd","auto",FALSE,"float64",1500,300,1000,262,NA,20,10,1,1.9989013671875,1,10041,124,NA,NA,"ordinary_fast",FALSE,NA,NA,NA,32,5,NA,NA,"fresh_oversampled_sketch_per_component",1,FALSE,TRUE,NA,NA,241.359375,262.796875,262.875,262.859,21.499625,NA,NA,NA,NA,0.92,0.024,0.944,2.13011169433594,17.3322296142578,0.795635005414985,0.362044325750678,NA,5.10348347011139e-06,0.99999999998698,NA,NA,NA,9.23755238968482e-09,"within_tolerance","success",NA,NA
"41_crosscov_mb_2_0__cpu_rsvd_auto__rep2","0.99.39",NA,"reference_1",1,1,"/Library/Frameworks/R.framework/Versions/4.6/Resources/lib/libRblas.0.dylib","41_crosscov_mb_2_0","one_factor","crosscov_mb",1.9989013671875,2,"regression","simpls","cpu_rsvd_auto","cpu","rsvd","auto",FALSE,"float64",1500,300,1000,262,NA,20,10,1,1.9989013671875,2,10041,125,NA,NA,"ordinary_fast",FALSE,NA,NA,NA,32,5,NA,NA,"fresh_oversampled_sketch_per_component",1,FALSE,TRUE,NA,NA,247.359375,270.734375,270.8125,270.797,23.437625,NA,NA,NA,NA,0.917,0.0250000000000001,0.942,2.13011169433594,17.3322296142578,0.795635005414985,0.362044325750678,NA,5.10348347151733e-06,0.99999999998698,NA,NA,NA,9.23755250070712e-09,"within_tolerance","success",NA,NA
"41_crosscov_mb_2_0__cpu_rsvd_auto__rep3","0.99.39",NA,"reference_1",1,1,"/Library/Frameworks/R.framework/Versions/4.6/Resources/lib/libRblas.0.dylib","41_crosscov_mb_2_0","one_factor","crosscov_mb",1.9989013671875,2,"regression","simpls","cpu_rsvd_auto","cpu","rsvd","auto",FALSE,"float64",1500,300,1000,262,NA,20,10,1,1.9989013671875,3,10041,126,NA,NA,"ordinary_fast",FALSE,NA,NA,NA,32,5,NA,NA,"fresh_oversampled_sketch_per_component",1,FALSE,TRUE,NA,NA,241.859375,261,261.078125,261.125,19.265625,NA,NA,NA,NA,0.947,0.026,0.973,2.13011169433594,17.3322296142578,0.795635005414985,0.362044325750678,NA,5.10348346907609e-06,0.99999999998698,NA,NA,NA,9.23755238968482e-09,"within_tolerance","success",NA,NA
"41_crosscov_mb_2_0__cpu_rsvd_explicit__rep1","0.99.39",NA,"reference_1",1,1,"/Library/Frameworks/R.framework/Versions/4.6/Resources/lib/libRblas.0.dylib","41_crosscov_mb_2_0","one_factor","crosscov_mb",1.9989013671875,2,"regression","simpls","cpu_rsvd_explicit","cpu","rsvd","explicit",FALSE,"float64",1500,300,1000,262,NA,20,10,1,1.9989013671875,1,10041,124,32,5,"explicit",FALSE,NA,NA,NA,32,5,NA,NA,"fresh_oversampled_sketch_per_component",1,FALSE,TRUE,NA,NA,246.828125,266,266.109375,266.094,19.265875,NA,NA,NA,NA,0.918,0.0249999999999999,0.943,2.13011169433594,17.3322296142578,0.795635005414985,0.362044325750678,NA,5.10348347011139e-06,0.99999999998698,NA,NA,NA,9.23755238968482e-09,"within_tolerance","success",NA,NA
"41_crosscov_mb_2_0__cpu_rsvd_explicit__rep2","0.99.39",NA,"reference_1",1,1,"/Library/Frameworks/R.framework/Versions/4.6/Resources/lib/libRblas.0.dylib","41_crosscov_mb_2_0","one_factor","crosscov_mb",1.9989013671875,2,"regression","simpls","cpu_rsvd_explicit","cpu","rsvd","explicit",FALSE,"float64",1500,300,1000,262,NA,20,10,1,1.9989013671875,2,10041,125,32,5,"explicit",FALSE,NA,NA,NA,32,5,NA,NA,"fresh_oversampled_sketch_per_component",1,FALSE,TRUE,NA,NA,244.5625,265.734375,268.109375,265.734,21.1715,NA,NA,NA,NA,0.919,0.024,0.943,2.13011169433594,17.3322296142578,0.795635005414985,0.362044325750678,NA,5.10348347151733e-06,0.99999999998698,NA,NA,NA,9.23755250070712e-09,"within_tolerance","success",NA,NA
"41_crosscov_mb_2_0__cpu_rsvd_explicit__rep3","0.99.39",NA,"reference_1",1,1,"/Library/Frameworks/R.framework/Versions/4.6/Resources/lib/libRblas.0.dylib","41_crosscov_mb_2_0","one_factor","crosscov_mb",1.9989013671875,2,"regression","simpls","cpu_rsvd_explicit","cpu","rsvd","explicit",FALSE,"float64",1500,300,1000,262,NA,20,10,1,1.9989013671875,3,10041,126,32,5,"explicit",FALSE,NA,NA,NA,32,5,NA,NA,"fresh_oversampled_sketch_per_component",1,FALSE,TRUE,NA,NA,250.234375,262.71875,262.796875,268.234,17.999625,NA,NA,NA,NA,0.924,0.026,0.95,2.13011169433594,17.3322296142578,0.795635005414985,0.362044325750678,NA,5.10348346907609e-06,0.99999999998698,NA,NA,NA,9.23755238968482e-09,"within_tolerance","success",NA,NA
"41_crosscov_mb_2_0__cpu_rsvd_implicit__rep1","0.99.39",NA,"reference_1",1,1,"/Library/Frameworks/R.framework/Versions/4.6/Resources/lib/libRblas.0.dylib","41_crosscov_mb_2_0","one_factor","crosscov_mb",1.9989013671875,2,"regression","simpls","cpu_rsvd_implicit","cpu","rsvd","implicit",TRUE,"float64",1500,300,1000,262,NA,20,10,1,1.9989013671875,1,10041,124,32,5,"explicit",FALSE,NA,NA,NA,32,5,NA,NA,"fresh_oversampled_sketch_per_component",1,FALSE,TRUE,NA,NA,243.65625,171.59375,225.40625,246.359,2.70275000000001,NA,NA,NA,NA,5.306,0.0249999999999995,5.331,2.13040161132812,17.3322296142578,0.795635005414985,0.362044325750678,NA,5.10348346940724e-06,0.999999999986982,NA,NA,NA,9.23755250070712e-09,"within_tolerance","success",NA,NA
"41_crosscov_mb_2_0__cpu_rsvd_implicit__rep2","0.99.39",NA,"reference_1",1,1,"/Library/Frameworks/R.framework/Versions/4.6/Resources/lib/libRblas.0.dylib","41_crosscov_mb_2_0","one_factor","crosscov_mb",1.9989013671875,2,"regression","simpls","cpu_rsvd_implicit","cpu","rsvd","implicit",TRUE,"float64",1500,300,1000,262,NA,20,10,1,1.9989013671875,2,10041,125,32,5,"explicit",FALSE,NA,NA,NA,32,5,NA,NA,"fresh_oversampled_sketch_per_component",1,FALSE,TRUE,NA,NA,241.28125,150.5625,209.421875,246.188,4.90674999999999,NA,NA,NA,NA,5.165,0.0270000000000001,5.192,2.13040161132812,17.3322296142578,0.795635005414985,0.362044325750678,NA,5.10348347094826e-06,0.999999999986979,NA,NA,NA,9.23755250070712e-09,"within_tolerance","success",NA,NA
"41_crosscov_mb_2_0__cpu_rsvd_implicit__rep3","0.99.39",NA,"reference_1",1,1,"/Library/Frameworks/R.framework/Versions/4.6/Resources/lib/libRblas.0.dylib","41_crosscov_mb_2_0","one_factor","crosscov_mb",1.9989013671875,2,"regression","simpls","cpu_rsvd_implicit","cpu","rsvd","implicit",TRUE,"float64",1500,300,1000,262,NA,20,10,1,1.9989013671875,3,10041,126,32,5,"explicit",FALSE,NA,NA,NA,32,5,NA,NA,"fresh_oversampled_sketch_per_component",1,FALSE,TRUE,NA,NA,246.421875,254.28125,254.359375,254.344,7.92212499999999,NA,NA,NA,NA,5.129,0.0250000000000004,5.154,2.13040161132812,17.3322296142578,0.795635005414985,0.362044325750678,NA,5.10348347012964e-06,0.99999999998698,NA,NA,NA,9.23755250070712e-09,"within_tolerance","success",NA,NA
"41_crosscov_mb_2_0__metal_rsvd_auto__rep1","0.99.39",NA,"reference_1",1,1,"/Library/Frameworks/R.framework/Versions/4.6/Resources/lib/libRblas.0.dylib","41_crosscov_mb_2_0","one_factor","crosscov_mb",1.9989013671875,2,"regression","simpls","metal_rsvd_auto","metal","rsvd","auto",FALSE,"float64",1500,300,1000,262,NA,20,10,1,1.9989013671875,1,10041,124,NA,NA,"ordinary_fast",FALSE,NA,NA,NA,32,5,NA,NA,"fresh_oversampled_sketch_per_component",1,FALSE,TRUE,NA,NA,246.140625,273.09375,276.53125,301,54.859375,NA,NA,NA,NA,0.603,0.00900000000000012,0.612,2.34064483642578,17.3322296142578,0.795635004889027,0.362044326594126,NA,5.15519522324446e-06,0.999999999986718,NA,NA,NA,9.76351055559377e-09,"within_tolerance","success",NA,NA
"41_crosscov_mb_2_0__metal_rsvd_auto__rep2","0.99.39",NA,"reference_1",1,1,"/Library/Frameworks/R.framework/Versions/4.6/Resources/lib/libRblas.0.dylib","41_crosscov_mb_2_0","one_factor","crosscov_mb",1.9989013671875,2,"regression","simpls","metal_rsvd_auto","metal","rsvd","auto",FALSE,"float64",1500,300,1000,262,NA,20,10,1,1.9989013671875,2,10041,125,NA,NA,"ordinary_fast",FALSE,NA,NA,NA,32,5,NA,NA,"fresh_oversampled_sketch_per_component",1,FALSE,TRUE,NA,NA,244.84375,289.53125,294.46875,289.531,44.68725,NA,NA,NA,NA,0.567,0.00900000000000012,0.576,2.34064483642578,17.3322296142578,0.795635008239412,0.362044321221317,NA,5.06173808310642e-06,0.999999999987198,NA,NA,NA,6.4131258081801e-09,"within_tolerance","success",NA,NA
"41_crosscov_mb_2_0__metal_rsvd_auto__rep3","0.99.39",NA,"reference_1",1,1,"/Library/Frameworks/R.framework/Versions/4.6/Resources/lib/libRblas.0.dylib","41_crosscov_mb_2_0","one_factor","crosscov_mb",1.9989013671875,2,"regression","simpls","metal_rsvd_auto","metal","rsvd","auto",FALSE,"float64",1500,300,1000,262,NA,20,10,1,1.9989013671875,3,10041,126,NA,NA,"ordinary_fast",FALSE,NA,NA,NA,32,5,NA,NA,"fresh_oversampled_sketch_per_component",1,FALSE,TRUE,NA,NA,245.546875,310.109375,310.578125,310.578,65.031125,NA,NA,NA,NA,0.57,0.0129999999999999,0.583,2.34064483642578,17.3322296142578,0.795635006196576,0.362044324497282,NA,5.20654610151831e-06,0.999999999986444,NA,NA,NA,8.45596115350844e-09,"within_tolerance","success",NA,NA
"41_crosscov_mb_2_0__metal_rsvd_explicit__rep1","0.99.39",NA,"reference_1",1,1,"/Library/Frameworks/R.framework/Versions/4.6/Resources/lib/libRblas.0.dylib","41_crosscov_mb_2_0","one_factor","crosscov_mb",1.9989013671875,2,"regression","simpls","metal_rsvd_explicit","metal","rsvd","explicit",FALSE,"float64",1500,300,1000,262,NA,20,10,1,1.9989013671875,1,10041,124,32,5,"explicit",FALSE,NA,NA,NA,32,5,NA,NA,"fresh_oversampled_sketch_per_component",1,FALSE,TRUE,NA,NA,251.640625,315.015625,315.453125,317.938,66.297375,NA,NA,NA,NA,0.588,0.01,0.598,2.34064483642578,17.3322296142578,0.795635004889027,0.362044326594126,NA,5.15519522324446e-06,0.999999999986718,NA,NA,NA,9.76351055559377e-09,"within_tolerance","success",NA,NA
"41_crosscov_mb_2_0__metal_rsvd_explicit__rep2","0.99.39",NA,"reference_1",1,1,"/Library/Frameworks/R.framework/Versions/4.6/Resources/lib/libRblas.0.dylib","41_crosscov_mb_2_0","one_factor","crosscov_mb",1.9989013671875,2,"regression","simpls","metal_rsvd_explicit","metal","rsvd","explicit",FALSE,"float64",1500,300,1000,262,NA,20,10,1,1.9989013671875,2,10041,125,32,5,"explicit",FALSE,NA,NA,NA,32,5,NA,NA,"fresh_oversampled_sketch_per_component",1,FALSE,TRUE,NA,NA,250.5,293.421875,281.546875,299.375,48.875,NA,NA,NA,NA,0.573,0.00800000000000001,0.581,2.34064483642578,17.3322296142578,0.795635008239412,0.362044321221317,NA,5.06173808310642e-06,0.999999999987198,NA,NA,NA,6.4131258081801e-09,"within_tolerance","success",NA,NA
"41_crosscov_mb_2_0__metal_rsvd_explicit__rep3","0.99.39",NA,"reference_1",1,1,"/Library/Frameworks/R.framework/Versions/4.6/Resources/lib/libRblas.0.dylib","41_crosscov_mb_2_0","one_factor","crosscov_mb",1.9989013671875,2,"regression","simpls","metal_rsvd_explicit","metal","rsvd","explicit",FALSE,"float64",1500,300,1000,262,NA,20,10,1,1.9989013671875,3,10041,126,32,5,"explicit",FALSE,NA,NA,NA,32,5,NA,NA,"fresh_oversampled_sketch_per_component",1,FALSE,TRUE,NA,NA,248.015625,320.703125,323.484375,326.094,78.078375,NA,NA,NA,NA,0.564,0.0089999999999999,0.573,2.34064483642578,17.3322296142578,0.795635006196576,0.362044324497282,NA,5.20654610151831e-06,0.999999999986444,NA,NA,NA,8.45596115350844e-09,"within_tolerance","success",NA,NA
"41_crosscov_mb_2_0__metal_rsvd_implicit__rep1","0.99.39",NA,"reference_1",1,1,"/Library/Frameworks/R.framework/Versions/4.6/Resources/lib/libRblas.0.dylib","41_crosscov_mb_2_0","one_factor","crosscov_mb",1.9989013671875,2,"regression","simpls","metal_rsvd_implicit","metal","rsvd","implicit",FALSE,"float64",1500,300,1000,262,NA,20,10,1,1.9989013671875,1,10041,124,32,5,"explicit",FALSE,NA,NA,NA,32,5,NA,NA,"fresh_oversampled_sketch_per_component",1,FALSE,TRUE,NA,NA,249.28125,320.671875,321.28125,321.406,72.12475,NA,NA,NA,NA,0.573,0.00800000000000001,0.581,2.34064483642578,17.3322296142578,0.795635004889027,0.362044326594126,NA,5.15519522324446e-06,0.999999999986718,NA,NA,NA,9.76351055559377e-09,"within_tolerance","success",NA,NA
"41_crosscov_mb_2_0__metal_rsvd_implicit__rep2","0.99.39",NA,"reference_1",1,1,"/Library/Frameworks/R.framework/Versions/4.6/Resources/lib/libRblas.0.dylib","41_crosscov_mb_2_0","one_factor","crosscov_mb",1.9989013671875,2,"regression","simpls","metal_rsvd_implicit","metal","rsvd","implicit",FALSE,"float64",1500,300,1000,262,NA,20,10,1,1.9989013671875,2,10041,125,32,5,"explicit",FALSE,NA,NA,NA,32,5,NA,NA,"fresh_oversampled_sketch_per_component",1,FALSE,TRUE,NA,NA,244.390625,273.96875,275.171875,283.172,38.781375,NA,NA,NA,NA,0.622,0.01,0.632,2.34064483642578,17.3322296142578,0.795635008239412,0.362044321221317,NA,5.06173808310642e-06,0.999999999987198,NA,NA,NA,6.4131258081801e-09,"within_tolerance","success",NA,NA
"41_crosscov_mb_2_0__metal_rsvd_implicit__rep3","0.99.39",NA,"reference_1",1,1,"/Library/Frameworks/R.framework/Versions/4.6/Resources/lib/libRblas.0.dylib","41_crosscov_mb_2_0","one_factor","crosscov_mb",1.9989013671875,2,"regression","simpls","metal_rsvd_implicit","metal","rsvd","implicit",FALSE,"float64",1500,300,1000,262,NA,20,10,1,1.9989013671875,3,10041,126,32,5,"explicit",FALSE,NA,NA,NA,32,5,NA,NA,"fresh_oversampled_sketch_per_component",1,FALSE,TRUE,NA,NA,244.96875,310.296875,313.1875,313.938,68.96925,NA,NA,NA,NA,0.57,0.00800000000000001,0.578,2.34064483642578,17.3322296142578,0.795635006196576,0.362044324497282,NA,5.20654610151831e-06,0.999999999986444,NA,NA,NA,8.45596115350844e-09,"within_tolerance","success",NA,NA
"42_crosscov_mb_4_0__cpu_irlba_explicit__rep1","0.99.39",NA,"reference_1",1,1,"/Library/Frameworks/R.framework/Versions/4.6/Resources/lib/libRblas.0.dylib","42_crosscov_mb_4_0","one_factor","crosscov_mb",3.997802734375,4,"regression","simpls","cpu_irlba_explicit","cpu","irlba","explicit",FALSE,"float64",1500,300,1000,524,NA,20,10,1,3.997802734375,1,10042,124,32,5,NA,NA,NA,NA,NA,NA,NA,NA,NA,"fresh_per_component",1,FALSE,TRUE,NA,NA,262.296875,302.53125,302.78125,302.672,40.375125,NA,NA,NA,NA,0.453,0.0489999999999999,0.502,4.14591217041016,20.9302520751953,0.844192242784201,0.322917898095581,NA,0,1,NA,NA,NA,0,"deterministic_reference","success",NA,NA
"42_crosscov_mb_4_0__cpu_irlba_explicit__rep2","0.99.39",NA,"reference_1",1,1,"/Library/Frameworks/R.framework/Versions/4.6/Resources/lib/libRblas.0.dylib","42_crosscov_mb_4_0","one_factor","crosscov_mb",3.997802734375,4,"regression","simpls","cpu_irlba_explicit","cpu","irlba","explicit",FALSE,"float64",1500,300,1000,524,NA,20,10,1,3.997802734375,2,10042,125,32,5,NA,NA,NA,NA,NA,NA,NA,NA,NA,"fresh_per_component",1,FALSE,TRUE,NA,NA,256.375,292.515625,292.59375,292.578,36.203,NA,NA,NA,NA,0.453,0.048,0.501,4.14591217041016,20.9302520751953,0.844192242784201,0.322917898095581,NA,0,1,NA,NA,NA,0,"deterministic_reference","success",NA,NA
"42_crosscov_mb_4_0__cpu_irlba_explicit__rep3","0.99.39",NA,"reference_1",1,1,"/Library/Frameworks/R.framework/Versions/4.6/Resources/lib/libRblas.0.dylib","42_crosscov_mb_4_0","one_factor","crosscov_mb",3.997802734375,4,"regression","simpls","cpu_irlba_explicit","cpu","irlba","explicit",FALSE,"float64",1500,300,1000,524,NA,20,10,1,3.997802734375,3,10042,126,32,5,NA,NA,NA,NA,NA,NA,NA,NA,NA,"fresh_per_component",1,FALSE,TRUE,NA,NA,252.78125,287,288.296875,287.078,34.29675,NA,NA,NA,NA,0.452,0.0489999999999999,0.501,4.14591217041016,20.9302520751953,0.844192242784201,0.322917898095581,NA,0,1,NA,NA,NA,0,"deterministic_reference","success",NA,NA
"42_crosscov_mb_4_0__cpu_rsvd_auto__rep1","0.99.39",NA,"reference_1",1,1,"/Library/Frameworks/R.framework/Versions/4.6/Resources/lib/libRblas.0.dylib","42_crosscov_mb_4_0","one_factor","crosscov_mb",3.997802734375,4,"regression","simpls","cpu_rsvd_auto","cpu","rsvd","auto",FALSE,"float64",1500,300,1000,524,NA,20,10,1,3.997802734375,1,10042,124,NA,NA,"high_response_stable",FALSE,NA,NA,NA,48,6,NA,NA,"fresh_oversampled_sketch_per_component",1,FALSE,TRUE,NA,NA,254.453125,287.5625,287.640625,287.625,33.171875,NA,NA,NA,NA,2.912,0.0489999999999999,2.961,4.15101623535156,20.9302520751953,0.844191838556385,0.322918546515071,NA,3.82708857612817e-05,0.999999999267827,NA,NA,NA,4.04227816441782e-07,"within_tolerance","success",NA,NA
"42_crosscov_mb_4_0__cpu_rsvd_auto__rep2","0.99.39",NA,"reference_1",1,1,"/Library/Frameworks/R.framework/Versions/4.6/Resources/lib/libRblas.0.dylib","42_crosscov_mb_4_0","one_factor","crosscov_mb",3.997802734375,4,"regression","simpls","cpu_rsvd_auto","cpu","rsvd","auto",FALSE,"float64",1500,300,1000,524,NA,20,10,1,3.997802734375,2,10042,125,NA,NA,"high_response_stable",FALSE,NA,NA,NA,48,6,NA,NA,"fresh_oversampled_sketch_per_component",1,FALSE,TRUE,NA,NA,258.9375,160.828125,229.8125,295.172,36.2345,NA,NA,NA,NA,3.211,0.0499999999999998,3.261,4.15101623535156,20.9302520751953,0.844191838556385,0.322918546515071,NA,3.82708857584965e-05,0.999999999267828,NA,NA,NA,4.04227816441782e-07,"within_tolerance","success",NA,NA
"42_crosscov_mb_4_0__cpu_rsvd_auto__rep3","0.99.39",NA,"reference_1",1,1,"/Library/Frameworks/R.framework/Versions/4.6/Resources/lib/libRblas.0.dylib","42_crosscov_mb_4_0","one_factor","crosscov_mb",3.997802734375,4,"regression","simpls","cpu_rsvd_auto","cpu","rsvd","auto",FALSE,"float64",1500,300,1000,524,NA,20,10,1,3.997802734375,3,10042,126,NA,NA,"high_response_stable",FALSE,NA,NA,NA,48,6,NA,NA,"fresh_oversampled_sketch_per_component",1,FALSE,TRUE,NA,NA,260.46875,292.84375,292.9375,292.938,32.46925,NA,NA,NA,NA,2.914,0.0490000000000004,2.963,4.15101623535156,20.9302520751953,0.844191838556385,0.32291854651507,NA,3.82708857574088e-05,0.999999999267828,NA,NA,NA,4.04227816441782e-07,"within_tolerance","success",NA,NA
"42_crosscov_mb_4_0__cpu_rsvd_explicit__rep1","0.99.39",NA,"reference_1",1,1,"/Library/Frameworks/R.framework/Versions/4.6/Resources/lib/libRblas.0.dylib","42_crosscov_mb_4_0","one_factor","crosscov_mb",3.997802734375,4,"regression","simpls","cpu_rsvd_explicit","cpu","rsvd","explicit",FALSE,"float64",1500,300,1000,524,NA,20,10,1,3.997802734375,1,10042,124,32,5,"explicit",FALSE,NA,NA,NA,32,5,NA,NA,"fresh_oversampled_sketch_per_component",1,FALSE,TRUE,NA,NA,263.453125,294.125,294.21875,294.203,30.749875,NA,NA,NA,NA,1.733,0.0489999999999999,1.782,4.1510009765625,20.9302520751953,0.844191838556385,0.322918546515071,NA,3.82708857603212e-05,0.999999999267828,NA,NA,NA,4.04227816441782e-07,"within_tolerance","success",NA,NA
"42_crosscov_mb_4_0__cpu_rsvd_explicit__rep2","0.99.39",NA,"reference_1",1,1,"/Library/Frameworks/R.framework/Versions/4.6/Resources/lib/libRblas.0.dylib","42_crosscov_mb_4_0","one_factor","crosscov_mb",3.997802734375,4,"regression","simpls","cpu_rsvd_explicit","cpu","rsvd","explicit",FALSE,"float64",1500,300,1000,524,NA,20,10,1,3.997802734375,2,10042,125,32,5,"explicit",FALSE,NA,NA,NA,32,5,NA,NA,"fresh_oversampled_sketch_per_component",1,FALSE,TRUE,NA,NA,262.28125,249.78125,251.0625,290.047,27.76575,NA,NA,NA,NA,1.802,0.0489999999999999,1.851,4.1510009765625,20.9302520751953,0.844191838556385,0.322918546515071,NA,3.82708857639383e-05,0.999999999267827,NA,NA,NA,4.04227816441782e-07,"within_tolerance","success",NA,NA
"42_crosscov_mb_4_0__cpu_rsvd_explicit__rep3","0.99.39",NA,"reference_1",1,1,"/Library/Frameworks/R.framework/Versions/4.6/Resources/lib/libRblas.0.dylib","42_crosscov_mb_4_0","one_factor","crosscov_mb",3.997802734375,4,"regression","simpls","cpu_rsvd_explicit","cpu","rsvd","explicit",FALSE,"float64",1500,300,1000,524,NA,20,10,1,3.997802734375,3,10042,126,32,5,"explicit",FALSE,NA,NA,NA,32,5,NA,NA,"fresh_oversampled_sketch_per_component",1,FALSE,TRUE,NA,NA,257.921875,290.890625,291,290.953,33.031125,NA,NA,NA,NA,1.732,0.0489999999999999,1.781,4.1510009765625,20.9302520751953,0.844191838556385,0.322918546515071,NA,3.82708857576258e-05,0.999999999267827,NA,NA,NA,4.0422781633076e-07,"within_tolerance","success",NA,NA
"42_crosscov_mb_4_0__cpu_rsvd_implicit__rep1","0.99.39",NA,"reference_1",1,1,"/Library/Frameworks/R.framework/Versions/4.6/Resources/lib/libRblas.0.dylib","42_crosscov_mb_4_0","one_factor","crosscov_mb",3.997802734375,4,"regression","simpls","cpu_rsvd_implicit","cpu","rsvd","implicit",TRUE,"float64",1500,300,1000,524,NA,20,10,1,3.997802734375,1,10042,124,32,5,"explicit",FALSE,NA,NA,NA,32,5,NA,NA,"fresh_oversampled_sketch_per_component",1,FALSE,TRUE,NA,NA,252.78125,258.25,258.328125,258.312,5.53075000000001,NA,NA,NA,NA,6.176,0.0489999999999995,6.225,4.15129089355469,20.9302520751953,0.844191838556385,0.322918546515071,NA,3.82708857557155e-05,0.999999999267828,NA,NA,NA,4.0422781633076e-07,"within_tolerance","success",NA,NA
"42_crosscov_mb_4_0__cpu_rsvd_implicit__rep2","0.99.39",NA,"reference_1",1,1,"/Library/Frameworks/R.framework/Versions/4.6/Resources/lib/libRblas.0.dylib","42_crosscov_mb_4_0","one_factor","crosscov_mb",3.997802734375,4,"regression","simpls","cpu_rsvd_implicit","cpu","rsvd","implicit",TRUE,"float64",1500,300,1000,524,NA,20,10,1,3.997802734375,2,10042,125,32,5,"explicit",FALSE,NA,NA,NA,32,5,NA,NA,"fresh_oversampled_sketch_per_component",1,FALSE,TRUE,NA,NA,260.0625,271.140625,271.234375,271.219,11.1565,NA,NA,NA,NA,6.207,0.0490000000000004,6.256,4.15129089355469,20.9302520751953,0.844191838556385,0.322918546515071,NA,3.82708857596211e-05,0.999999999267827,NA,NA,NA,4.0422781633076e-07,"within_tolerance","success",NA,NA
"42_crosscov_mb_4_0__cpu_rsvd_implicit__rep3","0.99.39",NA,"reference_1",1,1,"/Library/Frameworks/R.framework/Versions/4.6/Resources/lib/libRblas.0.dylib","42_crosscov_mb_4_0","one_factor","crosscov_mb",3.997802734375,4,"regression","simpls","cpu_rsvd_implicit","cpu","rsvd","implicit",TRUE,"float64",1500,300,1000,524,NA,20,10,1,3.997802734375,3,10042,126,32,5,"explicit",FALSE,NA,NA,NA,32,5,NA,NA,"fresh_oversampled_sketch_per_component",1,FALSE,TRUE,NA,NA,257.390625,270.203125,270.296875,270.266,12.875375,NA,NA,NA,NA,6.188,0.048,6.236,4.15129089355469,20.9302520751953,0.844191838556385,0.322918546515071,NA,3.82708857654963e-05,0.999999999267829,NA,NA,NA,4.04227816441782e-07,"within_tolerance","success",NA,NA
"42_crosscov_mb_4_0__metal_rsvd_auto__rep1","0.99.39",NA,"reference_1",1,1,"/Library/Frameworks/R.framework/Versions/4.6/Resources/lib/libRblas.0.dylib","42_crosscov_mb_4_0","one_factor","crosscov_mb",3.997802734375,4,"regression","simpls","metal_rsvd_auto","metal","rsvd","auto",FALSE,"float64",1500,300,1000,524,NA,20,10,1,3.997802734375,1,10042,124,NA,NA,"high_response_stable",FALSE,NA,NA,NA,48,6,NA,NA,"fresh_oversampled_sketch_per_component",1,FALSE,TRUE,NA,NA,261.234375,333.53125,333.65625,333.703,72.468625,NA,NA,NA,NA,1.053,0.014,1.067,4.38153839111328,20.9302520751953,0.84419183922201,0.322918545447352,NA,3.87995378703943e-05,0.999999999247444,NA,NA,NA,4.03562191109152e-07,"within_tolerance","success",NA,NA
"42_crosscov_mb_4_0__metal_rsvd_auto__rep2","0.99.39",NA,"reference_1",1,1,"/Library/Frameworks/R.framework/Versions/4.6/Resources/lib/libRblas.0.dylib","42_crosscov_mb_4_0","one_factor","crosscov_mb",3.997802734375,4,"regression","simpls","metal_rsvd_auto","metal","rsvd","auto",FALSE,"float64",1500,300,1000,524,NA,20,10,1,3.997802734375,2,10042,125,NA,NA,"high_response_stable",FALSE,NA,NA,NA,48,6,NA,NA,"fresh_oversampled_sketch_per_component",1,FALSE,TRUE,NA,NA,260.75,347.859375,347.984375,347.859,87.109,NA,NA,NA,NA,1.071,0.00800000000000001,1.079,4.38153839111328,20.9302520751953,0.844191837187111,0.322918548711522,NA,3.85436598907737e-05,0.999999999257333,NA,NA,NA,4.05597089803145e-07,"within_tolerance","success",NA,NA
"42_crosscov_mb_4_0__metal_rsvd_auto__rep3","0.99.39",NA,"reference_1",1,1,"/Library/Frameworks/R.framework/Versions/4.6/Resources/lib/libRblas.0.dylib","42_crosscov_mb_4_0","one_factor","crosscov_mb",3.997802734375,4,"regression","simpls","metal_rsvd_auto","metal","rsvd","auto",FALSE,"float64",1500,300,1000,524,NA,20,10,1,3.997802734375,3,10042,126,NA,NA,"high_response_stable",FALSE,NA,NA,NA,48,6,NA,NA,"fresh_oversampled_sketch_per_component",1,FALSE,TRUE,NA,NA,259.765625,323.234375,310.890625,323.234,63.468375,NA,NA,NA,NA,1.068,0.00800000000000001,1.076,4.38153839111328,20.9302520751953,0.844191839026699,0.322918545760651,NA,3.7663883971738e-05,0.999999999290836,NA,NA,NA,4.03757502542845e-07,"within_tolerance","success",NA,NA
"42_crosscov_mb_4_0__metal_rsvd_explicit__rep1","0.99.39",NA,"reference_1",1,1,"/Library/Frameworks/R.framework/Versions/4.6/Resources/lib/libRblas.0.dylib","42_crosscov_mb_4_0","one_factor","crosscov_mb",3.997802734375,4,"regression","simpls","metal_rsvd_explicit","metal","rsvd","explicit",FALSE,"float64",1500,300,1000,524,NA,20,10,1,3.997802734375,1,10042,124,32,5,"explicit",FALSE,NA,NA,NA,32,5,NA,NA,"fresh_oversampled_sketch_per_component",1,FALSE,TRUE,NA,NA,258.21875,353.703125,353.828125,360.391,102.17225,NA,NA,NA,NA,0.861,0.00800000000000001,0.869,4.38152313232422,20.9302520751953,0.844191844216893,0.322918537435095,NA,3.76127393087118e-05,0.999999999292801,NA,NA,NA,3.98567307935416e-07,"within_tolerance","success",NA,NA
"42_crosscov_mb_4_0__metal_rsvd_explicit__rep2","0.99.39",NA,"reference_1",1,1,"/Library/Frameworks/R.framework/Versions/4.6/Resources/lib/libRblas.0.dylib","42_crosscov_mb_4_0","one_factor","crosscov_mb",3.997802734375,4,"regression","simpls","metal_rsvd_explicit","metal","rsvd","explicit",FALSE,"float64",1500,300,1000,524,NA,20,10,1,3.997802734375,2,10042,125,32,5,"explicit",FALSE,NA,NA,NA,32,5,NA,NA,"fresh_oversampled_sketch_per_component",1,FALSE,TRUE,NA,NA,271.09375,341.0625,341.25,346.406,75.31225,NA,NA,NA,NA,0.837,0.0089999999999999,0.846,4.38152313232422,20.9302520751953,0.844191844207426,0.322918537450265,NA,3.79225716716033e-05,0.999999999281075,NA,NA,NA,3.98576775362258e-07,"within_tolerance","success",NA,NA
"42_crosscov_mb_4_0__metal_rsvd_explicit__rep3","0.99.39",NA,"reference_1",1,1,"/Library/Frameworks/R.framework/Versions/4.6/Resources/lib/libRblas.0.dylib","42_crosscov_mb_4_0","one_factor","crosscov_mb",3.997802734375,4,"regression","simpls","metal_rsvd_explicit","metal","rsvd","explicit",FALSE,"float64",1500,300,1000,524,NA,20,10,1,3.997802734375,3,10042,126,32,5,"explicit",FALSE,NA,NA,NA,32,5,NA,NA,"fresh_oversampled_sketch_per_component",1,FALSE,TRUE,NA,NA,266.078125,351.34375,351.484375,357.359,91.280875,NA,NA,NA,NA,0.826,0.0109999999999999,0.837,4.38152313232422,20.9302520751953,0.844191830674909,0.322918559157695,NA,3.84333123295877e-05,0.999999999261605,NA,NA,NA,4.12109292136087e-07,"within_tolerance","success",NA,NA
"42_crosscov_mb_4_0__metal_rsvd_implicit__rep1","0.99.39",NA,"reference_1",1,1,"/Library/Frameworks/R.framework/Versions/4.6/Resources/lib/libRblas.0.dylib","42_crosscov_mb_4_0","one_factor","crosscov_mb",3.997802734375,4,"regression","simpls","metal_rsvd_implicit","metal","rsvd","implicit",FALSE,"float64",1500,300,1000,524,NA,20,10,1,3.997802734375,1,10042,124,32,5,"explicit",FALSE,NA,NA,NA,32,5,NA,NA,"fresh_oversampled_sketch_per_component",1,FALSE,TRUE,NA,NA,270.296875,338.328125,338.453125,340.766,70.469125,NA,NA,NA,NA,0.83,0.01,0.84,4.38152313232422,20.9302520751953,0.844191844216893,0.322918537435095,NA,3.76127393087118e-05,0.999999999292801,NA,NA,NA,3.98567307935416e-07,"within_tolerance","success",NA,NA
"42_crosscov_mb_4_0__metal_rsvd_implicit__rep2","0.99.39",NA,"reference_1",1,1,"/Library/Frameworks/R.framework/Versions/4.6/Resources/lib/libRblas.0.dylib","42_crosscov_mb_4_0","one_factor","crosscov_mb",3.997802734375,4,"regression","simpls","metal_rsvd_implicit","metal","rsvd","implicit",FALSE,"float64",1500,300,1000,524,NA,20,10,1,3.997802734375,2,10042,125,32,5,"explicit",FALSE,NA,NA,NA,32,5,NA,NA,"fresh_oversampled_sketch_per_component",1,FALSE,TRUE,NA,NA,262.5625,333.921875,334.359375,341.766,79.2035,NA,NA,NA,NA,0.858,0.01,0.868,4.38152313232422,20.9302520751953,0.844191844207426,0.322918537450265,NA,3.79225716716033e-05,0.999999999281075,NA,NA,NA,3.98576775362258e-07,"within_tolerance","success",NA,NA
"42_crosscov_mb_4_0__metal_rsvd_implicit__rep3","0.99.39",NA,"reference_1",1,1,"/Library/Frameworks/R.framework/Versions/4.6/Resources/lib/libRblas.0.dylib","42_crosscov_mb_4_0","one_factor","crosscov_mb",3.997802734375,4,"regression","simpls","metal_rsvd_implicit","metal","rsvd","implicit",FALSE,"float64",1500,300,1000,524,NA,20,10,1,3.997802734375,3,10042,126,32,5,"explicit",FALSE,NA,NA,NA,32,5,NA,NA,"fresh_oversampled_sketch_per_component",1,FALSE,TRUE,NA,NA,260.65625,336.03125,336.21875,337.953,77.29675,NA,NA,NA,NA,0.865,0.0129999999999999,0.878,4.38152313232422,20.9302520751953,0.844191830674909,0.322918559157695,NA,3.84333123295877e-05,0.999999999261605,NA,NA,NA,4.12109292136087e-07,"within_tolerance","success",NA,NA
"43_crosscov_mb_8_0__cpu_irlba_explicit__rep1","0.99.39",NA,"reference_1",1,1,"/Library/Frameworks/R.framework/Versions/4.6/Resources/lib/libRblas.0.dylib","43_crosscov_mb_8_0","one_factor","crosscov_mb",8.00323486328125,8,"regression","simpls","cpu_irlba_explicit","cpu","irlba","explicit",FALSE,"float64",1500,300,1000,1049,NA,20,10,1,8.00323486328125,1,10043,124,32,5,NA,NA,NA,NA,NA,NA,NA,NA,NA,"fresh_per_component",1,FALSE,TRUE,NA,NA,286.78125,319.59375,322.15625,322.906,36.12475,NA,NA,NA,NA,0.916,0.097,1.013,8.19540405273438,28.1400299072266,0.828451150476411,0.342121831375653,NA,0,1,NA,NA,NA,0,"deterministic_reference","success",NA,NA
"43_crosscov_mb_8_0__cpu_irlba_explicit__rep2","0.99.39",NA,"reference_1",1,1,"/Library/Frameworks/R.framework/Versions/4.6/Resources/lib/libRblas.0.dylib","43_crosscov_mb_8_0","one_factor","crosscov_mb",8.00323486328125,8,"regression","simpls","cpu_irlba_explicit","cpu","irlba","explicit",FALSE,"float64",1500,300,1000,1049,NA,20,10,1,8.00323486328125,2,10043,125,32,5,NA,NA,NA,NA,NA,NA,NA,NA,NA,"fresh_per_component",1,FALSE,TRUE,NA,NA,294.75,327.515625,332.40625,342.125,47.375,NA,NA,NA,NA,0.901,0.097,0.998,8.19540405273438,28.1400299072266,0.828451150476411,0.342121831375653,NA,0,1,NA,NA,NA,0,"deterministic_reference","success",NA,NA
"43_crosscov_mb_8_0__cpu_irlba_explicit__rep3","0.99.39",NA,"reference_1",1,1,"/Library/Frameworks/R.framework/Versions/4.6/Resources/lib/libRblas.0.dylib","43_crosscov_mb_8_0","one_factor","crosscov_mb",8.00323486328125,8,"regression","simpls","cpu_irlba_explicit","cpu","irlba","explicit",FALSE,"float64",1500,300,1000,1049,NA,20,10,1,8.00323486328125,3,10043,126,32,5,NA,NA,NA,NA,NA,NA,NA,NA,NA,"fresh_per_component",1,FALSE,TRUE,NA,NA,286.59375,319.5,321.984375,321.656,35.06225,NA,NA,NA,NA,0.902,0.097,0.999,8.19540405273438,28.1400299072266,0.828451150476411,0.342121831375653,NA,0,1,NA,NA,NA,0,"deterministic_reference","success",NA,NA
"43_crosscov_mb_8_0__cpu_rsvd_auto__rep1","0.99.39",NA,"reference_1",1,1,"/Library/Frameworks/R.framework/Versions/4.6/Resources/lib/libRblas.0.dylib","43_crosscov_mb_8_0","one_factor","crosscov_mb",8.00323486328125,8,"regression","simpls","cpu_rsvd_auto","cpu","rsvd","auto",FALSE,"float64",1500,300,1000,1049,NA,20,10,1,8.00323486328125,1,10043,124,NA,NA,"high_response_stable",FALSE,NA,NA,NA,48,6,NA,NA,"fresh_oversampled_sketch_per_component",1,FALSE,TRUE,NA,NA,283.921875,317.15625,324.34375,321.5,37.578125,NA,NA,NA,NA,5.618,0.0960000000000001,5.714,8.20050811767578,28.1400299072266,0.828451306599779,0.342121583418551,NA,1.86067733610853e-05,0.999999999826949,NA,NA,NA,1.56123368344474e-07,"within_tolerance","success",NA,NA
"43_crosscov_mb_8_0__cpu_rsvd_auto__rep2","0.99.39",NA,"reference_1",1,1,"/Library/Frameworks/R.framework/Versions/4.6/Resources/lib/libRblas.0.dylib","43_crosscov_mb_8_0","one_factor","crosscov_mb",8.00323486328125,8,"regression","simpls","cpu_rsvd_auto","cpu","rsvd","auto",FALSE,"float64",1500,300,1000,1049,NA,20,10,1,8.00323486328125,2,10043,125,NA,NA,"high_response_stable",FALSE,NA,NA,NA,48,6,NA,NA,"fresh_oversampled_sketch_per_component",1,FALSE,TRUE,NA,NA,289.84375,322.5625,325.046875,322.625,32.78125,NA,NA,NA,NA,5.6,0.0960000000000001,5.696,8.20050811767578,28.1400299072266,0.828451306599779,0.342121583418551,NA,1.86067733639811e-05,0.999999999826949,NA,NA,NA,1.56123368344474e-07,"within_tolerance","success",NA,NA
"43_crosscov_mb_8_0__cpu_rsvd_auto__rep3","0.99.39",NA,"reference_1",1,1,"/Library/Frameworks/R.framework/Versions/4.6/Resources/lib/libRblas.0.dylib","43_crosscov_mb_8_0","one_factor","crosscov_mb",8.00323486328125,8,"regression","simpls","cpu_rsvd_auto","cpu","rsvd","auto",FALSE,"float64",1500,300,1000,1049,NA,20,10,1,8.00323486328125,3,10043,126,NA,NA,"high_response_stable",FALSE,NA,NA,NA,48,6,NA,NA,"fresh_oversampled_sketch_per_component",1,FALSE,TRUE,NA,NA,297.234375,330.78125,330.9375,330.875,33.640625,NA,NA,NA,NA,5.611,0.0960000000000001,5.707,8.20050811767578,28.1400299072266,0.82845130659978,0.34212158341855,NA,1.8606773360852e-05,0.999999999826948,NA,NA,NA,1.56123368455496e-07,"within_tolerance","success",NA,NA
"43_crosscov_mb_8_0__cpu_rsvd_explicit__rep1","0.99.39",NA,"reference_1",1,1,"/Library/Frameworks/R.framework/Versions/4.6/Resources/lib/libRblas.0.dylib","43_crosscov_mb_8_0","one_factor","crosscov_mb",8.00323486328125,8,"regression","simpls","cpu_rsvd_explicit","cpu","rsvd","explicit",FALSE,"float64",1500,300,1000,1049,NA,20,10,1,8.00323486328125,1,10043,124,32,5,"explicit",FALSE,NA,NA,NA,32,5,NA,NA,"fresh_oversampled_sketch_per_component",1,FALSE,TRUE,NA,NA,291.859375,324.875,327.40625,324.969,33.109625,NA,NA,NA,NA,3.378,0.0960000000000001,3.474,8.20049285888672,28.1400299072266,0.828451306599779,0.342121583418551,NA,1.86067733572534e-05,0.99999999982695,NA,NA,NA,1.56123368344474e-07,"within_tolerance","success",NA,NA
"43_crosscov_mb_8_0__cpu_rsvd_explicit__rep2","0.99.39",NA,"reference_1",1,1,"/Library/Frameworks/R.framework/Versions/4.6/Resources/lib/libRblas.0.dylib","43_crosscov_mb_8_0","one_factor","crosscov_mb",8.00323486328125,8,"regression","simpls","cpu_rsvd_explicit","cpu","rsvd","explicit",FALSE,"float64",1500,300,1000,1049,NA,20,10,1,8.00323486328125,2,10043,125,32,5,"explicit",FALSE,NA,NA,NA,32,5,NA,NA,"fresh_oversampled_sketch_per_component",1,FALSE,TRUE,NA,NA,279.53125,309.46875,305.3125,313.078,33.54675,NA,NA,NA,NA,3.368,0.0960000000000001,3.464,8.20049285888672,28.1400299072266,0.82845130659978,0.342121583418551,NA,1.86067733572981e-05,0.999999999826948,NA,NA,NA,1.56123368455496e-07,"within_tolerance","success",NA,NA
"43_crosscov_mb_8_0__cpu_rsvd_explicit__rep3","0.99.39",NA,"reference_1",1,1,"/Library/Frameworks/R.framework/Versions/4.6/Resources/lib/libRblas.0.dylib","43_crosscov_mb_8_0","one_factor","crosscov_mb",8.00323486328125,8,"regression","simpls","cpu_rsvd_explicit","cpu","rsvd","explicit",FALSE,"float64",1500,300,1000,1049,NA,20,10,1,8.00323486328125,3,10043,126,32,5,"explicit",FALSE,NA,NA,NA,32,5,NA,NA,"fresh_oversampled_sketch_per_component",1,FALSE,TRUE,NA,NA,291.953125,325.046875,327.53125,326.938,34.984875,NA,NA,NA,NA,3.373,0.0969999999999995,3.47,8.20049285888672,28.1400299072266,0.82845130659978,0.342121583418551,NA,1.86067733618361e-05,0.99999999982695,NA,NA,NA,1.56123368455496e-07,"within_tolerance","success",NA,NA
"43_crosscov_mb_8_0__cpu_rsvd_implicit__rep1","0.99.39",NA,"reference_1",1,1,"/Library/Frameworks/R.framework/Versions/4.6/Resources/lib/libRblas.0.dylib","43_crosscov_mb_8_0","one_factor","crosscov_mb",8.00323486328125,8,"regression","simpls","cpu_rsvd_implicit","cpu","rsvd","implicit",TRUE,"float64",1500,300,1000,1049,NA,20,10,1,8.00323486328125,1,10043,124,32,5,"explicit",FALSE,NA,NA,NA,32,5,NA,NA,"fresh_oversampled_sketch_per_component",1,FALSE,TRUE,NA,NA,288.078125,297.859375,300.34375,299.984,11.905875,NA,NA,NA,NA,8.299,0.0969999999999995,8.396,8.20078277587891,28.1400299072266,0.82845130659978,0.342121583418551,NA,1.86067733608934e-05,0.999999999826949,NA,NA,NA,1.56123368455496e-07,"within_tolerance","success",NA,NA
"43_crosscov_mb_8_0__cpu_rsvd_implicit__rep2","0.99.39",NA,"reference_1",1,1,"/Library/Frameworks/R.framework/Versions/4.6/Resources/lib/libRblas.0.dylib","43_crosscov_mb_8_0","one_factor","crosscov_mb",8.00323486328125,8,"regression","simpls","cpu_rsvd_implicit","cpu","rsvd","implicit",TRUE,"float64",1500,300,1000,1049,NA,20,10,1,8.00323486328125,2,10043,125,32,5,"explicit",FALSE,NA,NA,NA,32,5,NA,NA,"fresh_oversampled_sketch_per_component",1,FALSE,TRUE,NA,NA,291.71875,301.140625,301.234375,301.203,9.48424999999997,NA,NA,NA,NA,8.307,0.0960000000000001,8.403,8.20078277587891,28.1400299072266,0.828451306599779,0.342121583418551,NA,1.86067733591014e-05,0.99999999982695,NA,NA,NA,1.56123368344474e-07,"within_tolerance","success",NA,NA
"43_crosscov_mb_8_0__cpu_rsvd_implicit__rep3","0.99.39",NA,"reference_1",1,1,"/Library/Frameworks/R.framework/Versions/4.6/Resources/lib/libRblas.0.dylib","43_crosscov_mb_8_0","one_factor","crosscov_mb",8.00323486328125,8,"regression","simpls","cpu_rsvd_implicit","cpu","rsvd","implicit",TRUE,"float64",1500,300,1000,1049,NA,20,10,1,8.00323486328125,3,10043,126,32,5,"explicit",FALSE,NA,NA,NA,32,5,NA,NA,"fresh_oversampled_sketch_per_component",1,FALSE,TRUE,NA,NA,287.78125,296.953125,299.4375,298.891,11.10975,NA,NA,NA,NA,8.316,0.0960000000000001,8.412,8.20078277587891,28.1400299072266,0.82845130659978,0.34212158341855,NA,1.8606773358083e-05,0.999999999826949,NA,NA,NA,1.56123368455496e-07,"within_tolerance","success",NA,NA
"43_crosscov_mb_8_0__metal_rsvd_auto__rep1","0.99.39",NA,"reference_1",1,1,"/Library/Frameworks/R.framework/Versions/4.6/Resources/lib/libRblas.0.dylib","43_crosscov_mb_8_0","one_factor","crosscov_mb",8.00323486328125,8,"regression","simpls","metal_rsvd_auto","metal","rsvd","auto",FALSE,"float64",1500,300,1000,1049,NA,20,10,1,8.00323486328125,1,10043,124,NA,NA,"high_response_stable",FALSE,NA,NA,NA,48,6,NA,NA,"fresh_oversampled_sketch_per_component",1,FALSE,TRUE,NA,NA,296.484375,414.890625,414.953125,415,118.515625,NA,NA,NA,NA,1.368,0.0089999999999999,1.377,8.47108459472656,28.1400299072266,0.828451307962593,0.342121581254117,NA,1.86682468410333e-05,0.99999999982579,NA,NA,NA,1.5748618198419e-07,"within_tolerance","success",NA,NA
"43_crosscov_mb_8_0__metal_rsvd_auto__rep2","0.99.39",NA,"reference_1",1,1,"/Library/Frameworks/R.framework/Versions/4.6/Resources/lib/libRblas.0.dylib","43_crosscov_mb_8_0","one_factor","crosscov_mb",8.00323486328125,8,"regression","simpls","metal_rsvd_auto","metal","rsvd","auto",FALSE,"float64",1500,300,1000,1049,NA,20,10,1,8.00323486328125,2,10043,125,NA,NA,"high_response_stable",FALSE,NA,NA,NA,48,6,NA,NA,"fresh_oversampled_sketch_per_component",1,FALSE,TRUE,NA,NA,292.171875,416.921875,416.96875,416.969,124.797125,NA,NA,NA,NA,1.464,0.012,1.476,8.47108459472656,28.1400299072266,0.828451310736297,0.342121576848922,NA,1.87521215789031e-05,0.999999999824218,NA,NA,NA,1.60259885806369e-07,"within_tolerance","success",NA,NA
"43_crosscov_mb_8_0__metal_rsvd_auto__rep3","0.99.39",NA,"reference_1",1,1,"/Library/Frameworks/R.framework/Versions/4.6/Resources/lib/libRblas.0.dylib","43_crosscov_mb_8_0","one_factor","crosscov_mb",8.00323486328125,8,"regression","simpls","metal_rsvd_auto","metal","rsvd","auto",FALSE,"float64",1500,300,1000,1049,NA,20,10,1,8.00323486328125,3,10043,126,NA,NA,"high_response_stable",FALSE,NA,NA,NA,48,6,NA,NA,"fresh_oversampled_sketch_per_component",1,FALSE,TRUE,NA,NA,289.3125,416.859375,416.90625,416.859,127.5465,NA,NA,NA,NA,1.373,0.0100000000000002,1.383,8.47108459472656,28.1400299072266,0.828451309932663,0.342121578125257,NA,1.84832704559359e-05,0.999999999829243,NA,NA,NA,1.59456251869194e-07,"within_tolerance","success",NA,NA
"43_crosscov_mb_8_0__metal_rsvd_explicit__rep1","0.99.39",NA,"reference_1",1,1,"/Library/Frameworks/R.framework/Versions/4.6/Resources/lib/libRblas.0.dylib","43_crosscov_mb_8_0","one_factor","crosscov_mb",8.00323486328125,8,"regression","simpls","metal_rsvd_explicit","metal","rsvd","explicit",FALSE,"float64",1500,300,1000,1049,NA,20,10,1,8.00323486328125,1,10043,124,32,5,"explicit",FALSE,NA,NA,NA,32,5,NA,NA,"fresh_oversampled_sketch_per_component",1,FALSE,TRUE,NA,NA,296.40625,355.078125,360.171875,355.078,58.67175,NA,NA,NA,NA,1.068,0.0089999999999999,1.077,8.4710693359375,28.1400299072266,0.828451304454364,0.342121586825939,NA,1.85882749441728e-05,0.999999999827265,NA,NA,NA,1.5397795272154e-07,"within_tolerance","success",NA,NA
"43_crosscov_mb_8_0__metal_rsvd_explicit__rep2","0.99.39",NA,"reference_1",1,1,"/Library/Frameworks/R.framework/Versions/4.6/Resources/lib/libRblas.0.dylib","43_crosscov_mb_8_0","one_factor","crosscov_mb",8.00323486328125,8,"regression","simpls","metal_rsvd_explicit","metal","rsvd","explicit",FALSE,"float64",1500,300,1000,1049,NA,20,10,1,8.00323486328125,2,10043,125,32,5,"explicit",FALSE,NA,NA,NA,32,5,NA,NA,"fresh_oversampled_sketch_per_component",1,FALSE,TRUE,NA,NA,288.359375,396.953125,402.0625,396.969,108.609625,NA,NA,NA,NA,0.966,0.00800000000000001,0.974,8.4710693359375,28.1400299072266,0.828451301167754,0.342121592045781,NA,1.83731147731783e-05,0.999999999831257,NA,NA,NA,1.5069134251533e-07,"within_tolerance","success",NA,NA
"43_crosscov_mb_8_0__metal_rsvd_explicit__rep3","0.99.39",NA,"reference_1",1,1,"/Library/Frameworks/R.framework/Versions/4.6/Resources/lib/libRblas.0.dylib","43_crosscov_mb_8_0","one_factor","crosscov_mb",8.00323486328125,8,"regression","simpls","metal_rsvd_explicit","metal","rsvd","explicit",FALSE,"float64",1500,300,1000,1049,NA,20,10,1,8.00323486328125,3,10043,126,32,5,"explicit",FALSE,NA,NA,NA,32,5,NA,NA,"fresh_oversampled_sketch_per_component",1,FALSE,TRUE,NA,NA,293.25,414.421875,414.640625,414.734,121.484,NA,NA,NA,NA,0.977,0.0110000000000001,0.988,8.4710693359375,28.1400299072266,0.828451304386422,0.342121586933845,NA,1.86536780079953e-05,0.99999999982608,NA,NA,NA,1.53910011180258e-07,"within_tolerance","success",NA,NA
"43_crosscov_mb_8_0__metal_rsvd_implicit__rep1","0.99.39",NA,"reference_1",1,1,"/Library/Frameworks/R.framework/Versions/4.6/Resources/lib/libRblas.0.dylib","43_crosscov_mb_8_0","one_factor","crosscov_mb",8.00323486328125,8,"regression","simpls","metal_rsvd_implicit","metal","rsvd","implicit",FALSE,"float64",1500,300,1000,1049,NA,20,10,1,8.00323486328125,1,10043,124,32,5,"explicit",FALSE,NA,NA,NA,32,5,NA,NA,"fresh_oversampled_sketch_per_component",1,FALSE,TRUE,NA,NA,294.578125,404.375,404.40625,405.562,110.983875,NA,NA,NA,NA,0.952,0.014,0.966,8.4710693359375,28.1400299072266,0.828451304454364,0.342121586825939,NA,1.85882749441728e-05,0.999999999827265,NA,NA,NA,1.5397795272154e-07,"within_tolerance","success",NA,NA
"43_crosscov_mb_8_0__metal_rsvd_implicit__rep2","0.99.39",NA,"reference_1",1,1,"/Library/Frameworks/R.framework/Versions/4.6/Resources/lib/libRblas.0.dylib","43_crosscov_mb_8_0","one_factor","crosscov_mb",8.00323486328125,8,"regression","simpls","metal_rsvd_implicit","metal","rsvd","implicit",FALSE,"float64",1500,300,1000,1049,NA,20,10,1,8.00323486328125,2,10043,125,32,5,"explicit",FALSE,NA,NA,NA,32,5,NA,NA,"fresh_oversampled_sketch_per_component",1,FALSE,TRUE,NA,NA,293.015625,401.875,401.984375,401.984,108.968375,NA,NA,NA,NA,0.955,0.01,0.965,8.4710693359375,28.1400299072266,0.828451301167754,0.342121592045781,NA,1.83731147731783e-05,0.999999999831257,NA,NA,NA,1.5069134251533e-07,"within_tolerance","success",NA,NA
"43_crosscov_mb_8_0__metal_rsvd_implicit__rep3","0.99.39",NA,"reference_1",1,1,"/Library/Frameworks/R.framework/Versions/4.6/Resources/lib/libRblas.0.dylib","43_crosscov_mb_8_0","one_factor","crosscov_mb",8.00323486328125,8,"regression","simpls","metal_rsvd_implicit","metal","rsvd","implicit",FALSE,"float64",1500,300,1000,1049,NA,20,10,1,8.00323486328125,3,10043,126,32,5,"explicit",FALSE,NA,NA,NA,32,5,NA,NA,"fresh_oversampled_sketch_per_component",1,FALSE,TRUE,NA,NA,294.015625,410.46875,410.515625,410.438,116.422375,NA,NA,NA,NA,0.984,0.01,0.994,8.4710693359375,28.1400299072266,0.828451304386422,0.342121586933845,NA,1.86536780079953e-05,0.99999999982608,NA,NA,NA,1.53910011180258e-07,"within_tolerance","success",NA,NA
"44_crosscov_mb_16_0__cpu_irlba_explicit__rep1","0.99.39",NA,"reference_1",1,1,"/Library/Frameworks/R.framework/Versions/4.6/Resources/lib/libRblas.0.dylib","44_crosscov_mb_16_0","one_factor","crosscov_mb",15.9988403320312,16,"regression","simpls","cpu_irlba_explicit","cpu","irlba","explicit",FALSE,"float64",1500,300,1000,2097,NA,20,10,1,15.9988403320312,1,10044,124,32,5,NA,NA,NA,NA,NA,NA,NA,NA,NA,"fresh_per_component",1,FALSE,TRUE,NA,NA,320.828125,396.96875,408.96875,413.781,92.952875,NA,NA,NA,NA,1.751,0.191,1.942,16.2789611816406,42.5321197509766,0.832300993081847,0.312480039080741,NA,0,1,NA,NA,NA,0,"deterministic_reference","success",NA,NA
"44_crosscov_mb_16_0__cpu_irlba_explicit__rep2","0.99.39",NA,"reference_1",1,1,"/Library/Frameworks/R.framework/Versions/4.6/Resources/lib/libRblas.0.dylib","44_crosscov_mb_16_0","one_factor","crosscov_mb",15.9988403320312,16,"regression","simpls","cpu_irlba_explicit","cpu","irlba","explicit",FALSE,"float64",1500,300,1000,2097,NA,20,10,1,15.9988403320312,2,10044,125,32,5,NA,NA,NA,NA,NA,NA,NA,NA,NA,"fresh_per_component",1,FALSE,TRUE,NA,NA,325.75,401.953125,411.671875,435.812,110.062,NA,NA,NA,NA,1.757,0.191,1.948,16.2789611816406,42.5321197509766,0.832300993081847,0.312480039080741,NA,0,1,NA,NA,NA,0,"deterministic_reference","success",NA,NA
"44_crosscov_mb_16_0__cpu_irlba_explicit__rep3","0.99.39",NA,"reference_1",1,1,"/Library/Frameworks/R.framework/Versions/4.6/Resources/lib/libRblas.0.dylib","44_crosscov_mb_16_0","one_factor","crosscov_mb",15.9988403320312,16,"regression","simpls","cpu_irlba_explicit","cpu","irlba","explicit",FALSE,"float64",1500,300,1000,2097,NA,20,10,1,15.9988403320312,3,10044,126,32,5,NA,NA,NA,NA,NA,NA,NA,NA,NA,"fresh_per_component",1,FALSE,TRUE,NA,NA,325.375,401.53125,413.53125,408.344,82.969,NA,NA,NA,NA,1.749,0.191,1.94,16.2789611816406,42.5321197509766,0.832300993081847,0.312480039080741,NA,0,1,NA,NA,NA,0,"deterministic_reference","success",NA,NA
"44_crosscov_mb_16_0__cpu_rsvd_auto__rep1","0.99.39",NA,"reference_1",1,1,"/Library/Frameworks/R.framework/Versions/4.6/Resources/lib/libRblas.0.dylib","44_crosscov_mb_16_0","one_factor","crosscov_mb",15.9988403320312,16,"regression","simpls","cpu_rsvd_auto","cpu","rsvd","auto",FALSE,"float64",1500,300,1000,2097,NA,20,10,1,15.9988403320312,1,10044,124,NA,NA,"high_response_stable",FALSE,NA,NA,NA,48,6,NA,NA,"fresh_oversampled_sketch_per_component",1,FALSE,TRUE,NA,NA,325.328125,402.3125,412.015625,406.828,81.499875,NA,NA,NA,NA,11.019,0.190999999999999,11.21,16.284065246582,42.5321197509766,0.832301344835144,0.31247945795096,NA,3.35194740267163e-05,0.999999999438492,NA,NA,NA,3.51753297378465e-07,"within_tolerance","success",NA,NA
"44_crosscov_mb_16_0__cpu_rsvd_auto__rep2","0.99.39",NA,"reference_1",1,1,"/Library/Frameworks/R.framework/Versions/4.6/Resources/lib/libRblas.0.dylib","44_crosscov_mb_16_0","one_factor","crosscov_mb",15.9988403320312,16,"regression","simpls","cpu_rsvd_auto","cpu","rsvd","auto",FALSE,"float64",1500,300,1000,2097,NA,20,10,1,15.9988403320312,2,10044,125,NA,NA,"high_response_stable",FALSE,NA,NA,NA,48,6,NA,NA,"fresh_oversampled_sketch_per_component",1,FALSE,TRUE,NA,NA,325.765625,403.90625,413.609375,408.422,82.656375,NA,NA,NA,NA,10.998,0.191000000000001,11.189,16.284065246582,42.5321197509766,0.832301344835144,0.31247945795096,NA,3.35194740247661e-05,0.999999999438492,NA,NA,NA,3.51753297267443e-07,"within_tolerance","success",NA,NA
"44_crosscov_mb_16_0__cpu_rsvd_auto__rep3","0.99.39",NA,"reference_1",1,1,"/Library/Frameworks/R.framework/Versions/4.6/Resources/lib/libRblas.0.dylib","44_crosscov_mb_16_0","one_factor","crosscov_mb",15.9988403320312,16,"regression","simpls","cpu_rsvd_auto","cpu","rsvd","auto",FALSE,"float64",1500,300,1000,2097,NA,20,10,1,15.9988403320312,3,10044,126,NA,NA,"high_response_stable",FALSE,NA,NA,NA,48,6,NA,NA,"fresh_oversampled_sketch_per_component",1,FALSE,TRUE,NA,NA,325.734375,388.484375,398.1875,412.188,86.453625,NA,NA,NA,NA,11.026,0.19,11.216,16.284065246582,42.5321197509766,0.832301344835144,0.31247945795096,NA,3.35194740235092e-05,0.999999999438492,NA,NA,NA,3.51753297156421e-07,"within_tolerance","success",NA,NA
"44_crosscov_mb_16_0__cpu_rsvd_explicit__rep1","0.99.39",NA,"reference_1",1,1,"/Library/Frameworks/R.framework/Versions/4.6/Resources/lib/libRblas.0.dylib","44_crosscov_mb_16_0","one_factor","crosscov_mb",15.9988403320312,16,"regression","simpls","cpu_rsvd_explicit","cpu","rsvd","explicit",FALSE,"float64",1500,300,1000,2097,NA,20,10,1,15.9988403320312,1,10044,124,32,5,"explicit",FALSE,NA,NA,NA,32,5,NA,NA,"fresh_oversampled_sketch_per_component",1,FALSE,TRUE,NA,NA,323.359375,399.8125,409.59375,436.062,112.702625,NA,NA,NA,NA,6.641,0.192,6.833,16.284049987793,42.5321197509766,0.832301344835144,0.31247945795096,NA,3.35194740233658e-05,0.999999999438491,NA,NA,NA,3.51753297267443e-07,"within_tolerance","success",NA,NA
"44_crosscov_mb_16_0__cpu_rsvd_explicit__rep2","0.99.39",NA,"reference_1",1,1,"/Library/Frameworks/R.framework/Versions/4.6/Resources/lib/libRblas.0.dylib","44_crosscov_mb_16_0","one_factor","crosscov_mb",15.9988403320312,16,"regression","simpls","cpu_rsvd_explicit","cpu","rsvd","explicit",FALSE,"float64",1500,300,1000,2097,NA,20,10,1,15.9988403320312,2,10044,125,32,5,"explicit",FALSE,NA,NA,NA,32,5,NA,NA,"fresh_oversampled_sketch_per_component",1,FALSE,TRUE,NA,NA,307.453125,372.5625,372.265625,372.562,65.108875,NA,NA,NA,NA,6.645,0.191999999999999,6.837,16.284049987793,42.5321197509766,0.832301344835144,0.31247945795096,NA,3.35194740253703e-05,0.999999999438491,NA,NA,NA,3.51753297267443e-07,"within_tolerance","success",NA,NA
"44_crosscov_mb_16_0__cpu_rsvd_explicit__rep3","0.99.39",NA,"reference_1",1,1,"/Library/Frameworks/R.framework/Versions/4.6/Resources/lib/libRblas.0.dylib","44_crosscov_mb_16_0","one_factor","crosscov_mb",15.9988403320312,16,"regression","simpls","cpu_rsvd_explicit","cpu","rsvd","explicit",FALSE,"float64",1500,300,1000,2097,NA,20,10,1,15.9988403320312,3,10044,126,32,5,"explicit",FALSE,NA,NA,NA,32,5,NA,NA,"fresh_oversampled_sketch_per_component",1,FALSE,TRUE,NA,NA,325.203125,401.546875,411.25,406.109,80.905875,NA,NA,NA,NA,6.644,0.191000000000001,6.835,16.284049987793,42.5321197509766,0.832301344835144,0.31247945795096,NA,3.35194740267143e-05,0.999999999438492,NA,NA,NA,3.51753297267443e-07,"within_tolerance","success",NA,NA
"44_crosscov_mb_16_0__cpu_rsvd_implicit__rep1","0.99.39",NA,"reference_1",1,1,"/Library/Frameworks/R.framework/Versions/4.6/Resources/lib/libRblas.0.dylib","44_crosscov_mb_16_0","one_factor","crosscov_mb",15.9988403320312,16,"regression","simpls","cpu_rsvd_implicit","cpu","rsvd","implicit",TRUE,"float64",1500,300,1000,2097,NA,20,10,1,15.9988403320312,1,10044,124,32,5,"explicit",FALSE,NA,NA,NA,32,5,NA,NA,"fresh_oversampled_sketch_per_component",1,FALSE,TRUE,NA,NA,322.75,357.03125,369.03125,393.234,70.484,NA,NA,NA,NA,12.545,0.191000000000001,12.736,16.2843399047852,42.5321197509766,0.832301344835144,0.31247945795096,NA,3.35194740258039e-05,0.999999999438492,NA,NA,NA,3.51753297267443e-07,"within_tolerance","success",NA,NA
"44_crosscov_mb_16_0__cpu_rsvd_implicit__rep2","0.99.39",NA,"reference_1",1,1,"/Library/Frameworks/R.framework/Versions/4.6/Resources/lib/libRblas.0.dylib","44_crosscov_mb_16_0","one_factor","crosscov_mb",15.9988403320312,16,"regression","simpls","cpu_rsvd_implicit","cpu","rsvd","implicit",TRUE,"float64",1500,300,1000,2097,NA,20,10,1,15.9988403320312,2,10044,125,32,5,"explicit",FALSE,NA,NA,NA,32,5,NA,NA,"fresh_oversampled_sketch_per_component",1,FALSE,TRUE,NA,NA,322.21875,356.6875,368.6875,387.938,65.71925,NA,NA,NA,NA,12.538,0.192,12.73,16.2843399047852,42.5321197509766,0.832301344835144,0.31247945795096,NA,3.35194740276028e-05,0.999999999438492,NA,NA,NA,3.51753297378465e-07,"within_tolerance","success",NA,NA
"44_crosscov_mb_16_0__cpu_rsvd_implicit__rep3","0.99.39",NA,"reference_1",1,1,"/Library/Frameworks/R.framework/Versions/4.6/Resources/lib/libRblas.0.dylib","44_crosscov_mb_16_0","one_factor","crosscov_mb",15.9988403320312,16,"regression","simpls","cpu_rsvd_implicit","cpu","rsvd","implicit",TRUE,"float64",1500,300,1000,2097,NA,20,10,1,15.9988403320312,3,10044,126,32,5,"explicit",FALSE,NA,NA,NA,32,5,NA,NA,"fresh_oversampled_sketch_per_component",1,FALSE,TRUE,NA,NA,326.359375,359.671875,369.390625,364.25,37.890625,NA,NA,NA,NA,12.586,0.190999999999999,12.777,16.2843399047852,42.5321197509766,0.832301344835144,0.31247945795096,NA,3.351947402907e-05,0.999999999438492,NA,NA,NA,3.51753297267443e-07,"within_tolerance","success",NA,NA
"44_crosscov_mb_16_0__metal_rsvd_auto__rep1","0.99.39",NA,"reference_1",1,1,"/Library/Frameworks/R.framework/Versions/4.6/Resources/lib/libRblas.0.dylib","44_crosscov_mb_16_0","one_factor","crosscov_mb",15.9988403320312,16,"regression","simpls","metal_rsvd_auto","metal","rsvd","auto",FALSE,"float64",1500,300,1000,2097,NA,20,10,1,15.9988403320312,1,10044,124,NA,NA,"high_response_stable",FALSE,NA,NA,NA,48,6,NA,NA,"fresh_oversampled_sketch_per_component",1,FALSE,TRUE,NA,NA,328.703125,469.765625,476.25,478.281,149.577875,NA,NA,NA,NA,2.086,0.0129999999999999,2.099,16.6345977783203,42.5321197509766,0.83230134851256,0.31247945187549,NA,3.34846978739283e-05,0.999999999439577,NA,NA,NA,3.55430713527838e-07,"within_tolerance","success",NA,NA
"44_crosscov_mb_16_0__metal_rsvd_auto__rep2","0.99.39",NA,"reference_1",1,1,"/Library/Frameworks/R.framework/Versions/4.6/Resources/lib/libRblas.0.dylib","44_crosscov_mb_16_0","one_factor","crosscov_mb",15.9988403320312,16,"regression","simpls","metal_rsvd_auto","metal","rsvd","auto",FALSE,"float64",1500,300,1000,2097,NA,20,10,1,15.9988403320312,2,10044,125,NA,NA,"high_response_stable",FALSE,NA,NA,NA,48,6,NA,NA,"fresh_oversampled_sketch_per_component",1,FALSE,TRUE,NA,NA,325.8125,552.515625,552.625,552.516,226.7035,NA,NA,NA,NA,2.117,0.0139999999999998,2.131,16.6345977783203,42.5321197509766,0.83230134409383,0.312479459175655,NA,3.35210012263352e-05,0.999999999438356,NA,NA,NA,3.51011983146243e-07,"within_tolerance","success",NA,NA
"44_crosscov_mb_16_0__metal_rsvd_auto__rep3","0.99.39",NA,"reference_1",1,1,"/Library/Frameworks/R.framework/Versions/4.6/Resources/lib/libRblas.0.dylib","44_crosscov_mb_16_0","one_factor","crosscov_mb",15.9988403320312,16,"regression","simpls","metal_rsvd_auto","metal","rsvd","auto",FALSE,"float64",1500,300,1000,2097,NA,20,10,1,15.9988403320312,3,10044,126,NA,NA,"high_response_stable",FALSE,NA,NA,NA,48,6,NA,NA,"fresh_oversampled_sketch_per_component",1,FALSE,TRUE,NA,NA,328.859375,469.453125,481.671875,494.359,165.499625,NA,NA,NA,NA,2.151,0.016,2.167,16.6345977783203,42.5321197509766,0.832301339499474,0.312479466765966,NA,3.34040879398814e-05,0.999999999442297,NA,NA,NA,3.46417627028472e-07,"within_tolerance","success",NA,NA
"44_crosscov_mb_16_0__metal_rsvd_explicit__rep1","0.99.39",NA,"reference_1",1,1,"/Library/Frameworks/R.framework/Versions/4.6/Resources/lib/libRblas.0.dylib","44_crosscov_mb_16_0","one_factor","crosscov_mb",15.9988403320312,16,"regression","simpls","metal_rsvd_explicit","metal","rsvd","explicit",FALSE,"float64",1500,300,1000,2097,NA,20,10,1,15.9988403320312,1,10044,124,32,5,"explicit",FALSE,NA,NA,NA,32,5,NA,NA,"fresh_oversampled_sketch_per_component",1,FALSE,TRUE,NA,NA,327.4375,528.71875,533.6875,528.719,201.2815,NA,NA,NA,NA,1.357,0.0139999999999998,1.371,16.6345825195312,42.5321197509766,0.832301342861337,0.312479461211843,NA,3.35788901410079e-05,0.999999999436471,NA,NA,NA,3.49779490704805e-07,"within_tolerance","success",NA,NA
"44_crosscov_mb_16_0__metal_rsvd_explicit__rep2","0.99.39",NA,"reference_1",1,1,"/Library/Frameworks/R.framework/Versions/4.6/Resources/lib/libRblas.0.dylib","44_crosscov_mb_16_0","one_factor","crosscov_mb",15.9988403320312,16,"regression","simpls","metal_rsvd_explicit","metal","rsvd","explicit",FALSE,"float64",1500,300,1000,2097,NA,20,10,1,15.9988403320312,2,10044,125,32,5,"explicit",FALSE,NA,NA,NA,32,5,NA,NA,"fresh_oversampled_sketch_per_component",1,FALSE,TRUE,NA,NA,328.28125,446.75,453.015625,462.656,134.37475,NA,NA,NA,NA,1.432,0.0169999999999999,1.449,16.6345825195312,42.5321197509766,0.832301342374146,0.31247946201673,NA,3.35861553972406e-05,0.999999999436211,NA,NA,NA,3.4929229930647e-07,"within_tolerance","success",NA,NA
"44_crosscov_mb_16_0__metal_rsvd_explicit__rep3","0.99.39",NA,"reference_1",1,1,"/Library/Frameworks/R.framework/Versions/4.6/Resources/lib/libRblas.0.dylib","44_crosscov_mb_16_0","one_factor","crosscov_mb",15.9988403320312,16,"regression","simpls","metal_rsvd_explicit","metal","rsvd","explicit",FALSE,"float64",1500,300,1000,2097,NA,20,10,1,15.9988403320312,3,10044,126,32,5,"explicit",FALSE,NA,NA,NA,32,5,NA,NA,"fresh_oversampled_sketch_per_component",1,FALSE,TRUE,NA,NA,328.09375,425.90625,444.359375,476.453,148.35925,NA,NA,NA,NA,1.403,0.0140000000000002,1.417,16.6345825195312,42.5321197509766,0.832301346810218,0.312479454687936,NA,3.35940652474989e-05,0.999999999435935,NA,NA,NA,3.53728371038642e-07,"within_tolerance","success",NA,NA
"44_crosscov_mb_16_0__metal_rsvd_implicit__rep1","0.99.39",NA,"reference_1",1,1,"/Library/Frameworks/R.framework/Versions/4.6/Resources/lib/libRblas.0.dylib","44_crosscov_mb_16_0","one_factor","crosscov_mb",15.9988403320312,16,"regression","simpls","metal_rsvd_implicit","metal","rsvd","implicit",FALSE,"float64",1500,300,1000,2097,NA,20,10,1,15.9988403320312,1,10044,124,32,5,"explicit",FALSE,NA,NA,NA,32,5,NA,NA,"fresh_oversampled_sketch_per_component",1,FALSE,TRUE,NA,NA,327.359375,527.203125,532.09375,546.641,219.281625,NA,NA,NA,NA,1.379,0.016,1.395,16.6345825195312,42.5321197509766,0.832301342861337,0.312479461211843,NA,3.35788901410079e-05,0.999999999436471,NA,NA,NA,3.49779490704805e-07,"within_tolerance","success",NA,NA
"44_crosscov_mb_16_0__metal_rsvd_implicit__rep2","0.99.39",NA,"reference_1",1,1,"/Library/Frameworks/R.framework/Versions/4.6/Resources/lib/libRblas.0.dylib","44_crosscov_mb_16_0","one_factor","crosscov_mb",15.9988403320312,16,"regression","simpls","metal_rsvd_implicit","metal","rsvd","implicit",FALSE,"float64",1500,300,1000,2097,NA,20,10,1,15.9988403320312,2,10044,125,32,5,"explicit",FALSE,NA,NA,NA,32,5,NA,NA,"fresh_oversampled_sketch_per_component",1,FALSE,TRUE,NA,NA,330.078125,518.765625,518.84375,534.516,204.437875,NA,NA,NA,NA,1.403,0.012,1.415,16.6345825195312,42.5321197509766,0.832301342374146,0.31247946201673,NA,3.35861553972406e-05,0.999999999436211,NA,NA,NA,3.4929229930647e-07,"within_tolerance","success",NA,NA
"44_crosscov_mb_16_0__metal_rsvd_implicit__rep3","0.99.39",NA,"reference_1",1,1,"/Library/Frameworks/R.framework/Versions/4.6/Resources/lib/libRblas.0.dylib","44_crosscov_mb_16_0","one_factor","crosscov_mb",15.9988403320312,16,"regression","simpls","metal_rsvd_implicit","metal","rsvd","implicit",FALSE,"float64",1500,300,1000,2097,NA,20,10,1,15.9988403320312,3,10044,126,32,5,"explicit",FALSE,NA,NA,NA,32,5,NA,NA,"fresh_oversampled_sketch_per_component",1,FALSE,TRUE,NA,NA,318.671875,510.6875,510.671875,510.688,192.016125,NA,NA,NA,NA,1.402,0.0150000000000001,1.417,16.6345825195312,42.5321197509766,0.832301346810218,0.312479454687936,NA,3.35940652474989e-05,0.999999999435935,NA,NA,NA,3.53728371038642e-07,"within_tolerance","success",NA,NA
"45_crosscov_mb_32_0__cpu_irlba_explicit__rep1","0.99.39",NA,"reference_1",1,1,"/Library/Frameworks/R.framework/Versions/4.6/Resources/lib/libRblas.0.dylib","45_crosscov_mb_32_0","one_factor","crosscov_mb",31.9976806640625,32,"regression","simpls","cpu_irlba_explicit","cpu","irlba","explicit",FALSE,"float64",1500,300,1000,4194,NA,20,10,1,31.9976806640625,1,10045,124,32,5,NA,NA,NA,NA,NA,NA,NA,NA,NA,"fresh_per_component",1,FALSE,TRUE,NA,NA,418,487.3125,491.640625,501.328,83.328,NA,NA,NA,NA,4.063,0.379,4.442,32.4537887573242,71.3300323486328,0.842800896083619,0.311432411294486,NA,0,1,NA,NA,NA,0,"deterministic_reference","success",NA,NA
"45_crosscov_mb_32_0__cpu_irlba_explicit__rep2","0.99.39",NA,"reference_1",1,1,"/Library/Frameworks/R.framework/Versions/4.6/Resources/lib/libRblas.0.dylib","45_crosscov_mb_32_0","one_factor","crosscov_mb",31.9976806640625,32,"regression","simpls","cpu_irlba_explicit","cpu","irlba","explicit",FALSE,"float64",1500,300,1000,4194,NA,20,10,1,31.9976806640625,2,10045,125,32,5,NA,NA,NA,NA,NA,NA,NA,NA,NA,"fresh_per_component",1,FALSE,TRUE,NA,NA,416.015625,516.484375,485.75,530.109,114.093375,NA,NA,NA,NA,4.051,0.383,4.434,32.4537887573242,71.3300323486328,0.842800896083619,0.311432411294486,NA,0,1,NA,NA,NA,0,"deterministic_reference","success",NA,NA
"45_crosscov_mb_32_0__cpu_irlba_explicit__rep3","0.99.39",NA,"reference_1",1,1,"/Library/Frameworks/R.framework/Versions/4.6/Resources/lib/libRblas.0.dylib","45_crosscov_mb_32_0","one_factor","crosscov_mb",31.9976806640625,32,"regression","simpls","cpu_irlba_explicit","cpu","irlba","explicit",FALSE,"float64",1500,300,1000,4194,NA,20,10,1,31.9976806640625,3,10045,126,32,5,NA,NA,NA,NA,NA,NA,NA,NA,NA,"fresh_per_component",1,FALSE,TRUE,NA,NA,417.453125,557.625,557.703125,576.922,159.468875,NA,NA,NA,NA,4.024,0.38,4.404,32.4537887573242,71.3300323486328,0.842800896083619,0.311432411294486,NA,0,1,NA,NA,NA,0,"deterministic_reference","success",NA,NA
"45_crosscov_mb_32_0__cpu_rsvd_auto__rep1","0.99.39",NA,"reference_1",1,1,"/Library/Frameworks/R.framework/Versions/4.6/Resources/lib/libRblas.0.dylib","45_crosscov_mb_32_0","one_factor","crosscov_mb",31.9976806640625,32,"regression","simpls","cpu_rsvd_auto","cpu","rsvd","auto",FALSE,"float64",1500,300,1000,4194,NA,20,10,1,31.9976806640625,1,10045,124,NA,NA,"high_response_stable",FALSE,NA,NA,NA,48,6,NA,NA,"fresh_oversampled_sketch_per_component",1,FALSE,TRUE,NA,NA,415.921875,257.046875,376.75,522.281,106.359125,NA,NA,NA,NA,21.928,0.383999999999997,22.312,32.4588928222656,71.3300323486328,0.842800987300054,0.311432262247001,NA,2.11594613391514e-05,0.999999999776179,NA,NA,NA,9.12164358490841e-08,"within_tolerance","success",NA,NA
"45_crosscov_mb_32_0__cpu_rsvd_auto__rep2","0.99.39",NA,"reference_1",1,1,"/Library/Frameworks/R.framework/Versions/4.6/Resources/lib/libRblas.0.dylib","45_crosscov_mb_32_0","one_factor","crosscov_mb",31.9976806640625,32,"regression","simpls","cpu_rsvd_auto","cpu","rsvd","auto",FALSE,"float64",1500,300,1000,4194,NA,20,10,1,31.9976806640625,2,10045,125,NA,NA,"high_response_stable",FALSE,NA,NA,NA,48,6,NA,NA,"fresh_oversampled_sketch_per_component",1,FALSE,TRUE,NA,NA,395.390625,510.546875,518.265625,518.266,122.875375,NA,NA,NA,NA,21.831,0.380000000000003,22.211,32.4588928222656,71.3300323486328,0.842800987300055,0.311432262247001,NA,2.11594613583526e-05,0.999999999776175,NA,NA,NA,9.12164359601064e-08,"within_tolerance","success",NA,NA
"45_crosscov_mb_32_0__cpu_rsvd_auto__rep3","0.99.39",NA,"reference_1",1,1,"/Library/Frameworks/R.framework/Versions/4.6/Resources/lib/libRblas.0.dylib","45_crosscov_mb_32_0","one_factor","crosscov_mb",31.9976806640625,32,"regression","simpls","cpu_rsvd_auto","cpu","rsvd","auto",FALSE,"float64",1500,300,1000,4194,NA,20,10,1,31.9976806640625,3,10045,126,NA,NA,"high_response_stable",FALSE,NA,NA,NA,48,6,NA,NA,"fresh_oversampled_sketch_per_component",1,FALSE,TRUE,NA,NA,415.359375,375.921875,430,527.031,111.671625,NA,NA,NA,NA,21.833,0.381999999999998,22.215,32.4588928222656,71.3300323486328,0.842800987300055,0.311432262247001,NA,2.11594613646677e-05,0.999999999776176,NA,NA,NA,9.12164360711287e-08,"within_tolerance","success",NA,NA
"45_crosscov_mb_32_0__cpu_rsvd_explicit__rep1","0.99.39",NA,"reference_1",1,1,"/Library/Frameworks/R.framework/Versions/4.6/Resources/lib/libRblas.0.dylib","45_crosscov_mb_32_0","one_factor","crosscov_mb",31.9976806640625,32,"regression","simpls","cpu_rsvd_explicit","cpu","rsvd","explicit",FALSE,"float64",1500,300,1000,4194,NA,20,10,1,31.9976806640625,1,10045,124,32,5,"explicit",FALSE,NA,NA,NA,32,5,NA,NA,"fresh_oversampled_sketch_per_component",1,FALSE,TRUE,NA,NA,412.21875,296.765625,416.5625,523.172,110.95325,NA,NA,NA,NA,13.284,0.381,13.665,32.4588775634766,71.3300323486328,0.842800987300054,0.311432262247001,NA,2.11594613533662e-05,0.999999999776176,NA,NA,NA,9.12164358490841e-08,"within_tolerance","success",NA,NA
"45_crosscov_mb_32_0__cpu_rsvd_explicit__rep2","0.99.39",NA,"reference_1",1,1,"/Library/Frameworks/R.framework/Versions/4.6/Resources/lib/libRblas.0.dylib","45_crosscov_mb_32_0","one_factor","crosscov_mb",31.9976806640625,32,"regression","simpls","cpu_rsvd_explicit","cpu","rsvd","explicit",FALSE,"float64",1500,300,1000,4194,NA,20,10,1,31.9976806640625,2,10045,125,32,5,"explicit",FALSE,NA,NA,NA,32,5,NA,NA,"fresh_oversampled_sketch_per_component",1,FALSE,TRUE,NA,NA,417.90625,540.828125,508.015625,527.172,109.26575,NA,NA,NA,NA,13.186,0.382,13.568,32.4588775634766,71.3300323486328,0.842800987300055,0.311432262247,NA,2.11594613488709e-05,0.999999999776176,NA,NA,NA,9.12164359601064e-08,"within_tolerance","success",NA,NA
"45_crosscov_mb_32_0__cpu_rsvd_explicit__rep3","0.99.39",NA,"reference_1",1,1,"/Library/Frameworks/R.framework/Versions/4.6/Resources/lib/libRblas.0.dylib","45_crosscov_mb_32_0","one_factor","crosscov_mb",31.9976806640625,32,"regression","simpls","cpu_rsvd_explicit","cpu","rsvd","explicit",FALSE,"float64",1500,300,1000,4194,NA,20,10,1,31.9976806640625,3,10045,126,32,5,"explicit",FALSE,NA,NA,NA,32,5,NA,NA,"fresh_oversampled_sketch_per_component",1,FALSE,TRUE,NA,NA,410.1875,245,367.984375,464.078,53.8905,NA,NA,NA,NA,13.333,0.381,13.714,32.4588775634766,71.3300323486328,0.842800987300055,0.311432262247001,NA,2.11594613676706e-05,0.999999999776175,NA,NA,NA,9.1216436182151e-08,"within_tolerance","success",NA,NA
"45_crosscov_mb_32_0__cpu_rsvd_implicit__rep1","0.99.39",NA,"reference_1",1,1,"/Library/Frameworks/R.framework/Versions/4.6/Resources/lib/libRblas.0.dylib","45_crosscov_mb_32_0","one_factor","crosscov_mb",31.9976806640625,32,"regression","simpls","cpu_rsvd_implicit","cpu","rsvd","implicit",TRUE,"float64",1500,300,1000,4194,NA,20,10,1,31.9976806640625,1,10045,124,32,5,"explicit",FALSE,NA,NA,NA,32,5,NA,NA,"fresh_oversampled_sketch_per_component",1,FALSE,TRUE,NA,NA,417.53125,486.125,485.671875,486.125,68.59375,NA,NA,NA,NA,21.021,0.381999999999998,21.403,32.4591674804688,71.3300323486328,0.842800987300055,0.311432262247001,NA,2.11594613587074e-05,0.999999999776174,NA,NA,NA,9.12164360711287e-08,"within_tolerance","success",NA,NA
"45_crosscov_mb_32_0__cpu_rsvd_implicit__rep2","0.99.39",NA,"reference_1",1,1,"/Library/Frameworks/R.framework/Versions/4.6/Resources/lib/libRblas.0.dylib","45_crosscov_mb_32_0","one_factor","crosscov_mb",31.9976806640625,32,"regression","simpls","cpu_rsvd_implicit","cpu","rsvd","implicit",TRUE,"float64",1500,300,1000,4194,NA,20,10,1,31.9976806640625,2,10045,125,32,5,"explicit",FALSE,NA,NA,NA,32,5,NA,NA,"fresh_oversampled_sketch_per_component",1,FALSE,TRUE,NA,NA,413.75,315.140625,367.40625,449.609,35.859,NA,NA,NA,NA,21.127,0.379999999999999,21.507,32.4591674804688,71.3300323486328,0.842800987300054,0.311432262247001,NA,2.11594613539533e-05,0.999999999776176,NA,NA,NA,9.12164358490841e-08,"within_tolerance","success",NA,NA
"45_crosscov_mb_32_0__cpu_rsvd_implicit__rep3","0.99.39",NA,"reference_1",1,1,"/Library/Frameworks/R.framework/Versions/4.6/Resources/lib/libRblas.0.dylib","45_crosscov_mb_32_0","one_factor","crosscov_mb",31.9976806640625,32,"regression","simpls","cpu_rsvd_implicit","cpu","rsvd","implicit",TRUE,"float64",1500,300,1000,4194,NA,20,10,1,31.9976806640625,3,10045,126,32,5,"explicit",FALSE,NA,NA,NA,32,5,NA,NA,"fresh_oversampled_sketch_per_component",1,FALSE,TRUE,NA,NA,398.203125,424.25,433.203125,424.312,26.108875,NA,NA,NA,NA,21.107,0.379999999999999,21.487,32.4591674804688,71.3300323486328,0.842800987300054,0.311432262247,NA,2.11594613391745e-05,0.999999999776179,NA,NA,NA,9.12164357380618e-08,"within_tolerance","success",NA,NA
"45_crosscov_mb_32_0__metal_rsvd_auto__rep1","0.99.39",NA,"reference_1",1,1,"/Library/Frameworks/R.framework/Versions/4.6/Resources/lib/libRblas.0.dylib","45_crosscov_mb_32_0","one_factor","crosscov_mb",31.9976806640625,32,"regression","simpls","metal_rsvd_auto","metal","rsvd","auto",FALSE,"float64",1500,300,1000,4194,NA,20,10,1,31.9976806640625,1,10045,124,NA,NA,"high_response_stable",FALSE,NA,NA,NA,48,6,NA,NA,"fresh_oversampled_sketch_per_component",1,FALSE,TRUE,NA,NA,416.859375,671.875,702.203125,710.953,294.093625,NA,NA,NA,NA,3.427,0.0209999999999999,3.448,32.9694137573242,71.3300323486328,0.842800990390255,0.311432257197598,NA,2.1006707189608e-05,0.999999999779393,NA,NA,NA,9.43066361669409e-08,"within_tolerance","success",NA,NA
"45_crosscov_mb_32_0__metal_rsvd_auto__rep2","0.99.39",NA,"reference_1",1,1,"/Library/Frameworks/R.framework/Versions/4.6/Resources/lib/libRblas.0.dylib","45_crosscov_mb_32_0","one_factor","crosscov_mb",31.9976806640625,32,"regression","simpls","metal_rsvd_auto","metal","rsvd","auto",FALSE,"float64",1500,300,1000,4194,NA,20,10,1,31.9976806640625,2,10045,125,NA,NA,"high_response_stable",FALSE,NA,NA,NA,48,6,NA,NA,"fresh_oversampled_sketch_per_component",1,FALSE,TRUE,NA,NA,420.796875,633.4375,670.53125,697.688,276.891125,NA,NA,NA,NA,3.508,0.0220000000000002,3.53,32.9694137573242,71.3300323486328,0.84280100006518,0.311432241388811,NA,2.13292903191935e-05,0.999999999772583,NA,NA,NA,1.03981561472288e-07,"within_tolerance","success",NA,NA
"45_crosscov_mb_32_0__metal_rsvd_auto__rep3","0.99.39",NA,"reference_1",1,1,"/Library/Frameworks/R.framework/Versions/4.6/Resources/lib/libRblas.0.dylib","45_crosscov_mb_32_0","one_factor","crosscov_mb",31.9976806640625,32,"regression","simpls","metal_rsvd_auto","metal","rsvd","auto",FALSE,"float64",1500,300,1000,4194,NA,20,10,1,31.9976806640625,3,10045,126,NA,NA,"high_response_stable",FALSE,NA,NA,NA,48,6,NA,NA,"fresh_oversampled_sketch_per_component",1,FALSE,TRUE,NA,NA,416.234375,634.015625,646.84375,732.156,315.921625,NA,NA,NA,NA,3.408,0.0249999999999995,3.433,32.9694137573242,71.3300323486328,0.842800983235243,0.31143226888888,NA,2.12630894413744e-05,0.999999999773996,NA,NA,NA,8.71516244727033e-08,"within_tolerance","success",NA,NA
"45_crosscov_mb_32_0__metal_rsvd_explicit__rep1","0.99.39",NA,"reference_1",1,1,"/Library/Frameworks/R.framework/Versions/4.6/Resources/lib/libRblas.0.dylib","45_crosscov_mb_32_0","one_factor","crosscov_mb",31.9976806640625,32,"regression","simpls","metal_rsvd_explicit","metal","rsvd","explicit",FALSE,"float64",1500,300,1000,4194,NA,20,10,1,31.9976806640625,1,10045,124,32,5,"explicit",FALSE,NA,NA,NA,32,5,NA,NA,"fresh_oversampled_sketch_per_component",1,FALSE,TRUE,NA,NA,422.1875,689.4375,658.75,707.594,285.4065,NA,NA,NA,NA,2.285,0.0209999999999999,2.306,32.9693984985352,71.3300323486328,0.842800991652836,0.311432255134499,NA,2.12589785145406e-05,0.999999999774077,NA,NA,NA,9.55692174287037e-08,"within_tolerance","success",NA,NA
"45_crosscov_mb_32_0__metal_rsvd_explicit__rep2","0.99.39",NA,"reference_1",1,1,"/Library/Frameworks/R.framework/Versions/4.6/Resources/lib/libRblas.0.dylib","45_crosscov_mb_32_0","one_factor","crosscov_mb",31.9976806640625,32,"regression","simpls","metal_rsvd_explicit","metal","rsvd","explicit",FALSE,"float64",1500,300,1000,4194,NA,20,10,1,31.9976806640625,2,10045,125,32,5,"explicit",FALSE,NA,NA,NA,32,5,NA,NA,"fresh_oversampled_sketch_per_component",1,FALSE,TRUE,NA,NA,415.734375,702.5,731.03125,731.031,315.296625,NA,NA,NA,NA,2.283,0.02,2.303,32.9693984985352,71.3300323486328,0.842800986735807,0.311432263168967,NA,2.10949019453186e-05,0.99999999977752,NA,NA,NA,9.06521878674127e-08,"within_tolerance","success",NA,NA
"45_crosscov_mb_32_0__metal_rsvd_explicit__rep3","0.99.39",NA,"reference_1",1,1,"/Library/Frameworks/R.framework/Versions/4.6/Resources/lib/libRblas.0.dylib","45_crosscov_mb_32_0","one_factor","crosscov_mb",31.9976806640625,32,"regression","simpls","metal_rsvd_explicit","metal","rsvd","explicit",FALSE,"float64",1500,300,1000,4194,NA,20,10,1,31.9976806640625,3,10045,126,32,5,"explicit",FALSE,NA,NA,NA,32,5,NA,NA,"fresh_oversampled_sketch_per_component",1,FALSE,TRUE,NA,NA,417.390625,583.75,645.328125,668.797,251.406375,NA,NA,NA,NA,2.261,0.0249999999999999,2.286,32.9693984985352,71.3300323486328,0.84280099057609,0.31143225689395,NA,2.15164852532043e-05,0.999999999768601,NA,NA,NA,9.44924710699624e-08,"within_tolerance","success",NA,NA
"45_crosscov_mb_32_0__metal_rsvd_implicit__rep1","0.99.39",NA,"reference_1",1,1,"/Library/Frameworks/R.framework/Versions/4.6/Resources/lib/libRblas.0.dylib","45_crosscov_mb_32_0","one_factor","crosscov_mb",31.9976806640625,32,"regression","simpls","metal_rsvd_implicit","metal","rsvd","implicit",FALSE,"float64",1500,300,1000,4194,NA,20,10,1,31.9976806640625,1,10045,124,32,5,"explicit",FALSE,NA,NA,NA,32,5,NA,NA,"fresh_oversampled_sketch_per_component",1,FALSE,TRUE,NA,NA,421.234375,559.796875,607.53125,670.438,249.203625,NA,NA,NA,NA,2.302,0.024,2.326,32.9693984985352,71.3300323486328,0.842800991652836,0.311432255134499,NA,2.12589785145406e-05,0.999999999774077,NA,NA,NA,9.55692174287037e-08,"within_tolerance","success",NA,NA
"45_crosscov_mb_32_0__metal_rsvd_implicit__rep2","0.99.39",NA,"reference_1",1,1,"/Library/Frameworks/R.framework/Versions/4.6/Resources/lib/libRblas.0.dylib","45_crosscov_mb_32_0","one_factor","crosscov_mb",31.9976806640625,32,"regression","simpls","metal_rsvd_implicit","metal","rsvd","implicit",FALSE,"float64",1500,300,1000,4194,NA,20,10,1,31.9976806640625,2,10045,125,32,5,"explicit",FALSE,NA,NA,NA,32,5,NA,NA,"fresh_oversampled_sketch_per_component",1,FALSE,TRUE,NA,NA,419.09375,621.125,617.734375,680.234,261.14025,NA,NA,NA,NA,2.255,0.0220000000000002,2.277,32.9693984985352,71.3300323486328,0.842800986735807,0.311432263168967,NA,2.10949019453186e-05,0.99999999977752,NA,NA,NA,9.06521878674127e-08,"within_tolerance","success",NA,NA
"45_crosscov_mb_32_0__metal_rsvd_implicit__rep3","0.99.39",NA,"reference_1",1,1,"/Library/Frameworks/R.framework/Versions/4.6/Resources/lib/libRblas.0.dylib","45_crosscov_mb_32_0","one_factor","crosscov_mb",31.9976806640625,32,"regression","simpls","metal_rsvd_implicit","metal","rsvd","implicit",FALSE,"float64",1500,300,1000,4194,NA,20,10,1,31.9976806640625,3,10045,126,32,5,"explicit",FALSE,NA,NA,NA,32,5,NA,NA,"fresh_oversampled_sketch_per_component",1,FALSE,TRUE,NA,NA,420.078125,704.953125,729.25,766.953,346.874875,NA,NA,NA,NA,2.282,0.0220000000000002,2.304,32.9693984985352,71.3300323486328,0.84280099057609,0.31143225689395,NA,2.15164852532043e-05,0.999999999768601,NA,NA,NA,9.44924710699624e-08,"within_tolerance","success",NA,NA
"46_crosscov_mb_64_0__cpu_irlba_explicit__rep1","0.99.39",NA,"reference_1",1,1,"/Library/Frameworks/R.framework/Versions/4.6/Resources/lib/libRblas.0.dylib","46_crosscov_mb_64_0","one_factor","crosscov_mb",64.0029907226562,64,"regression","simpls","cpu_irlba_explicit","cpu","irlba","explicit",FALSE,"float64",1500,300,1000,8389,NA,20,10,1,64.0029907226562,1,10046,124,32,5,NA,NA,NA,NA,NA,NA,NA,NA,NA,"fresh_per_component",1,FALSE,TRUE,NA,NA,599.96875,660.15625,720.109375,829.594,229.62525,NA,NA,NA,NA,7.287,0.76,8.047,64.8111572265625,128.939590454102,0.824599319203826,0.316509742882236,NA,0,1,NA,NA,NA,0,"deterministic_reference","success",NA,NA
"46_crosscov_mb_64_0__cpu_irlba_explicit__rep2","0.99.39",NA,"reference_1",1,1,"/Library/Frameworks/R.framework/Versions/4.6/Resources/lib/libRblas.0.dylib","46_crosscov_mb_64_0","one_factor","crosscov_mb",64.0029907226562,64,"regression","simpls","cpu_irlba_explicit","cpu","irlba","explicit",FALSE,"float64",1500,300,1000,8389,NA,20,10,1,64.0029907226562,2,10046,125,32,5,NA,NA,NA,NA,NA,NA,NA,NA,NA,"fresh_per_component",1,FALSE,TRUE,NA,NA,600.84375,556.09375,697.203125,830.047,229.20325,NA,NA,NA,NA,7.231,0.76,7.991,64.8111572265625,128.939590454102,0.824599319203826,0.316509742882236,NA,0,1,NA,NA,NA,0,"deterministic_reference","success",NA,NA
"46_crosscov_mb_64_0__cpu_irlba_explicit__rep3","0.99.39",NA,"reference_1",1,1,"/Library/Frameworks/R.framework/Versions/4.6/Resources/lib/libRblas.0.dylib","46_crosscov_mb_64_0","one_factor","crosscov_mb",64.0029907226562,64,"regression","simpls","cpu_irlba_explicit","cpu","irlba","explicit",FALSE,"float64",1500,300,1000,8389,NA,20,10,1,64.0029907226562,3,10046,126,32,5,NA,NA,NA,NA,NA,NA,NA,NA,NA,"fresh_per_component",1,FALSE,TRUE,NA,NA,574.890625,652.296875,727.609375,761,186.109375,NA,NA,NA,NA,7.334,0.767999999999999,8.102,64.8111572265625,128.939590454102,0.824599319203826,0.316509742882236,NA,0,1,NA,NA,NA,0,"deterministic_reference","success",NA,NA
"46_crosscov_mb_64_0__cpu_rsvd_auto__rep1","0.99.39",NA,"reference_1",1,1,"/Library/Frameworks/R.framework/Versions/4.6/Resources/lib/libRblas.0.dylib","46_crosscov_mb_64_0","one_factor","crosscov_mb",64.0029907226562,64,"regression","simpls","cpu_rsvd_auto","cpu","rsvd","auto",TRUE,"float64",1500,300,1000,8389,NA,20,10,1,64.0029907226562,1,10046,124,NA,NA,"high_response_stable",FALSE,NA,NA,NA,48,6,NA,NA,"fresh_oversampled_sketch_per_component",1,FALSE,TRUE,NA,NA,601.328125,362.984375,446.265625,670.062,68.733875,NA,NA,NA,NA,67.014,0.769000000000005,67.783,64.8165512084961,128.939590454102,0.824599331544779,0.316509722424003,NA,1.21003742466754e-05,0.999999999926817,NA,NA,NA,1.23409528152152e-08,"within_tolerance","success",NA,NA
"46_crosscov_mb_64_0__cpu_rsvd_auto__rep2","0.99.39",NA,"reference_1",1,1,"/Library/Frameworks/R.framework/Versions/4.6/Resources/lib/libRblas.0.dylib","46_crosscov_mb_64_0","one_factor","crosscov_mb",64.0029907226562,64,"regression","simpls","cpu_rsvd_auto","cpu","rsvd","auto",TRUE,"float64",1500,300,1000,8389,NA,20,10,1,64.0029907226562,2,10046,125,NA,NA,"high_response_stable",FALSE,NA,NA,NA,48,6,NA,NA,"fresh_oversampled_sketch_per_component",1,FALSE,TRUE,NA,NA,598.375,365.09375,517.96875,685.078,86.703,NA,NA,NA,NA,66.353,0.76100000000001,67.114,64.8165512084961,128.939590454102,0.824599331544779,0.316509722424002,NA,1.21003742415538e-05,0.99999999992682,NA,NA,NA,1.23409530372598e-08,"within_tolerance","success",NA,NA
"46_crosscov_mb_64_0__cpu_rsvd_auto__rep3","0.99.39",NA,"reference_1",1,1,"/Library/Frameworks/R.framework/Versions/4.6/Resources/lib/libRblas.0.dylib","46_crosscov_mb_64_0","one_factor","crosscov_mb",64.0029907226562,64,"regression","simpls","cpu_rsvd_auto","cpu","rsvd","auto",TRUE,"float64",1500,300,1000,8389,NA,20,10,1,64.0029907226562,3,10046,126,NA,NA,"high_response_stable",FALSE,NA,NA,NA,48,6,NA,NA,"fresh_oversampled_sketch_per_component",1,FALSE,TRUE,NA,NA,599.59375,377.0625,524.21875,683.656,84.06225,NA,NA,NA,NA,66.83,0.763000000000005,67.593,64.8165512084961,128.939590454102,0.824599331544779,0.316509722424004,NA,1.21003742442596e-05,0.99999999992682,NA,NA,NA,1.23409531482821e-08,"within_tolerance","success",NA,NA
"46_crosscov_mb_64_0__cpu_rsvd_explicit__rep1","0.99.39",NA,"reference_1",1,1,"/Library/Frameworks/R.framework/Versions/4.6/Resources/lib/libRblas.0.dylib","46_crosscov_mb_64_0","one_factor","crosscov_mb",64.0029907226562,64,"regression","simpls","cpu_rsvd_explicit","cpu","rsvd","explicit",FALSE,"float64",1500,300,1000,8389,NA,20,10,1,64.0029907226562,1,10046,124,32,5,"explicit",FALSE,NA,NA,NA,32,5,NA,NA,"fresh_oversampled_sketch_per_component",1,FALSE,TRUE,NA,NA,599.328125,443.984375,600.71875,733.281,133.952875,NA,NA,NA,NA,26.42,0.759,27.179,64.8162460327148,128.939590454102,0.824599331544779,0.316509722424003,NA,1.21003742447929e-05,0.999999999926818,NA,NA,NA,1.23409531482821e-08,"within_tolerance","success",NA,NA
"46_crosscov_mb_64_0__cpu_rsvd_explicit__rep2","0.99.39",NA,"reference_1",1,1,"/Library/Frameworks/R.framework/Versions/4.6/Resources/lib/libRblas.0.dylib","46_crosscov_mb_64_0","one_factor","crosscov_mb",64.0029907226562,64,"regression","simpls","cpu_rsvd_explicit","cpu","rsvd","explicit",FALSE,"float64",1500,300,1000,8389,NA,20,10,1,64.0029907226562,2,10046,125,32,5,"explicit",FALSE,NA,NA,NA,32,5,NA,NA,"fresh_oversampled_sketch_per_component",1,FALSE,TRUE,NA,NA,597.703125,646.921875,723.84375,773.484,175.780875,NA,NA,NA,NA,26.415,0.762,27.177,64.8162460327148,128.939590454102,0.824599331544779,0.316509722424003,NA,1.21003742448452e-05,0.999999999926819,NA,NA,NA,1.23409531482821e-08,"within_tolerance","success",NA,NA
"46_crosscov_mb_64_0__cpu_rsvd_explicit__rep3","0.99.39",NA,"reference_1",1,1,"/Library/Frameworks/R.framework/Versions/4.6/Resources/lib/libRblas.0.dylib","46_crosscov_mb_64_0","one_factor","crosscov_mb",64.0029907226562,64,"regression","simpls","cpu_rsvd_explicit","cpu","rsvd","explicit",FALSE,"float64",1500,300,1000,8389,NA,20,10,1,64.0029907226562,3,10046,126,32,5,"explicit",FALSE,NA,NA,NA,32,5,NA,NA,"fresh_oversampled_sketch_per_component",1,FALSE,TRUE,NA,NA,598.375,507.609375,627.265625,784.422,186.047,NA,NA,NA,NA,26.382,0.763999999999999,27.146,64.8162460327148,128.939590454102,0.824599331544779,0.316509722424003,NA,1.21003742438563e-05,0.999999999926818,NA,NA,NA,1.23409532593044e-08,"within_tolerance","success",NA,NA
"46_crosscov_mb_64_0__cpu_rsvd_implicit__rep1","0.99.39",NA,"reference_1",1,1,"/Library/Frameworks/R.framework/Versions/4.6/Resources/lib/libRblas.0.dylib","46_crosscov_mb_64_0","one_factor","crosscov_mb",64.0029907226562,64,"regression","simpls","cpu_rsvd_implicit","cpu","rsvd","implicit",TRUE,"float64",1500,300,1000,8389,NA,20,10,1,64.0029907226562,1,10046,124,32,5,"explicit",FALSE,NA,NA,NA,32,5,NA,NA,"fresh_oversampled_sketch_per_component",1,FALSE,TRUE,NA,NA,596.359375,493.234375,569.984375,712.641,116.281625,NA,NA,NA,NA,38.116,0.759999999999998,38.876,64.816535949707,128.939590454102,0.824599331544779,0.316509722424003,NA,1.21003742411118e-05,0.999999999926817,NA,NA,NA,1.23409530372598e-08,"within_tolerance","success",NA,NA
"46_crosscov_mb_64_0__cpu_rsvd_implicit__rep2","0.99.39",NA,"reference_1",1,1,"/Library/Frameworks/R.framework/Versions/4.6/Resources/lib/libRblas.0.dylib","46_crosscov_mb_64_0","one_factor","crosscov_mb",64.0029907226562,64,"regression","simpls","cpu_rsvd_implicit","cpu","rsvd","implicit",TRUE,"float64",1500,300,1000,8389,NA,20,10,1,64.0029907226562,2,10046,125,32,5,"explicit",FALSE,NA,NA,NA,32,5,NA,NA,"fresh_oversampled_sketch_per_component",1,FALSE,TRUE,NA,NA,597.640625,461.40625,565.15625,682.891,85.250375,NA,NA,NA,NA,38.185,0.760999999999996,38.946,64.816535949707,128.939590454102,0.824599331544779,0.316509722424003,NA,1.21003742426026e-05,0.999999999926818,NA,NA,NA,1.23409531482821e-08,"within_tolerance","success",NA,NA
"46_crosscov_mb_64_0__cpu_rsvd_implicit__rep3","0.99.39",NA,"reference_1",1,1,"/Library/Frameworks/R.framework/Versions/4.6/Resources/lib/libRblas.0.dylib","46_crosscov_mb_64_0","one_factor","crosscov_mb",64.0029907226562,64,"regression","simpls","cpu_rsvd_implicit","cpu","rsvd","implicit",TRUE,"float64",1500,300,1000,8389,NA,20,10,1,64.0029907226562,3,10046,126,32,5,"explicit",FALSE,NA,NA,NA,32,5,NA,NA,"fresh_oversampled_sketch_per_component",1,FALSE,TRUE,NA,NA,592.28125,423.171875,526.453125,673.203,80.92175,NA,NA,NA,NA,38.155,0.759999999999998,38.915,64.816535949707,128.939590454102,0.824599331544779,0.316509722424004,NA,1.21003742445664e-05,0.999999999926819,NA,NA,NA,1.23409532593044e-08,"within_tolerance","success",NA,NA
"46_crosscov_mb_64_0__metal_rsvd_auto__rep1","0.99.39",NA,"reference_1",1,1,"/Library/Frameworks/R.framework/Versions/4.6/Resources/lib/libRblas.0.dylib","46_crosscov_mb_64_0","one_factor","crosscov_mb",64.0029907226562,64,"regression","simpls","metal_rsvd_auto","metal","rsvd","auto",FALSE,"float64",1500,300,1000,8389,NA,20,10,1,64.0029907226562,1,10046,124,NA,NA,"high_response_stable",FALSE,NA,NA,NA,48,6,NA,NA,"fresh_oversampled_sketch_per_component",1,FALSE,TRUE,NA,NA,609.875,740.421875,793.75,953.688,343.813,NA,NA,NA,NA,8.247,0.0449999999999999,8.292,65.6468353271484,128.939590454102,0.824599328506558,0.316509727460599,NA,1.21341995877776e-05,0.999999999926431,NA,NA,NA,9.30273225119294e-09,"within_tolerance","success",NA,NA
"46_crosscov_mb_64_0__metal_rsvd_auto__rep2","0.99.39",NA,"reference_1",1,1,"/Library/Frameworks/R.framework/Versions/4.6/Resources/lib/libRblas.0.dylib","46_crosscov_mb_64_0","one_factor","crosscov_mb",64.0029907226562,64,"regression","simpls","metal_rsvd_auto","metal","rsvd","auto",FALSE,"float64",1500,300,1000,8389,NA,20,10,1,64.0029907226562,2,10046,125,NA,NA,"high_response_stable",FALSE,NA,NA,NA,48,6,NA,NA,"fresh_oversampled_sketch_per_component",1,FALSE,TRUE,NA,NA,602.484375,832.703125,906.375,986.359,383.874625,NA,NA,NA,NA,8.248,0.0350000000000001,8.283,65.6468353271484,128.939590454102,0.824599330068357,0.316509724871516,NA,1.21121175468077e-05,0.9999999999266,NA,NA,NA,1.0864531385657e-08,"within_tolerance","success",NA,NA
"46_crosscov_mb_64_0__metal_rsvd_auto__rep3","0.99.39",NA,"reference_1",1,1,"/Library/Frameworks/R.framework/Versions/4.6/Resources/lib/libRblas.0.dylib","46_crosscov_mb_64_0","one_factor","crosscov_mb",64.0029907226562,64,"regression","simpls","metal_rsvd_auto","metal","rsvd","auto",FALSE,"float64",1500,300,1000,8389,NA,20,10,1,64.0029907226562,3,10046,126,NA,NA,"high_response_stable",FALSE,NA,NA,NA,48,6,NA,NA,"fresh_oversampled_sketch_per_component",1,FALSE,TRUE,NA,NA,604.53125,877.1875,919.046875,1060,455.46875,NA,NA,NA,NA,8.159,0.0359999999999996,8.195,65.6468353271484,128.939590454102,0.824599330920137,0.316509723459491,NA,1.20900634551066e-05,0.999999999926999,NA,NA,NA,1.17163108104279e-08,"within_tolerance","success",NA,NA
"46_crosscov_mb_64_0__metal_rsvd_explicit__rep1","0.99.39",NA,"reference_1",1,1,"/Library/Frameworks/R.framework/Versions/4.6/Resources/lib/libRblas.0.dylib","46_crosscov_mb_64_0","one_factor","crosscov_mb",64.0029907226562,64,"regression","simpls","metal_rsvd_explicit","metal","rsvd","explicit",FALSE,"float64",1500,300,1000,8389,NA,20,10,1,64.0029907226562,1,10046,124,32,5,"explicit",FALSE,NA,NA,NA,32,5,NA,NA,"fresh_oversampled_sketch_per_component",1,FALSE,TRUE,NA,NA,603.328125,760.15625,845.390625,976.953,373.624875,NA,NA,NA,NA,5.61,0.0349999999999993,5.645,65.6468200683594,128.939590454102,0.824599332465123,0.316509720898302,NA,1.21532105916547e-05,0.999999999926077,NA,NA,NA,1.32612969494517e-08,"within_tolerance","success",NA,NA
"46_crosscov_mb_64_0__metal_rsvd_explicit__rep2","0.99.39",NA,"reference_1",1,1,"/Library/Frameworks/R.framework/Versions/4.6/Resources/lib/libRblas.0.dylib","46_crosscov_mb_64_0","one_factor","crosscov_mb",64.0029907226562,64,"regression","simpls","metal_rsvd_explicit","metal","rsvd","explicit",FALSE,"float64",1500,300,1000,8389,NA,20,10,1,64.0029907226562,2,10046,125,32,5,"explicit",FALSE,NA,NA,NA,32,5,NA,NA,"fresh_oversampled_sketch_per_component",1,FALSE,TRUE,NA,NA,601.984375,898.3125,941.3125,1008.39,406.405625,NA,NA,NA,NA,5.557,0.0390000000000006,5.596,65.6468200683594,128.939590454102,0.824599331654101,0.316509722242755,NA,1.21311904648368e-05,0.999999999926438,NA,NA,NA,1.24502750331601e-08,"within_tolerance","success",NA,NA
"46_crosscov_mb_64_0__metal_rsvd_explicit__rep3","0.99.39",NA,"reference_1",1,1,"/Library/Frameworks/R.framework/Versions/4.6/Resources/lib/libRblas.0.dylib","46_crosscov_mb_64_0","one_factor","crosscov_mb",64.0029907226562,64,"regression","simpls","metal_rsvd_explicit","metal","rsvd","explicit",FALSE,"float64",1500,300,1000,8389,NA,20,10,1,64.0029907226562,3,10046,126,32,5,"explicit",FALSE,NA,NA,NA,32,5,NA,NA,"fresh_oversampled_sketch_per_component",1,FALSE,TRUE,NA,NA,603.578125,903.046875,937.359375,1031.44,427.861875,NA,NA,NA,NA,5.476,0.0620000000000003,5.538,65.6468200683594,128.939590454102,0.824599331730172,0.316509722116722,NA,1.21284499604564e-05,0.999999999926541,NA,NA,NA,1.25263459604952e-08,"within_tolerance","success",NA,NA
"46_crosscov_mb_64_0__metal_rsvd_implicit__rep1","0.99.39",NA,"reference_1",1,1,"/Library/Frameworks/R.framework/Versions/4.6/Resources/lib/libRblas.0.dylib","46_crosscov_mb_64_0","one_factor","crosscov_mb",64.0029907226562,64,"regression","simpls","metal_rsvd_implicit","metal","rsvd","implicit",FALSE,"float64",1500,300,1000,8389,NA,20,10,1,64.0029907226562,1,10046,124,32,5,"explicit",FALSE,NA,NA,NA,32,5,NA,NA,"fresh_oversampled_sketch_per_component",1,FALSE,TRUE,NA,NA,601.671875,796.578125,824.84375,976.078,374.406125,NA,NA,NA,NA,5.612,0.04,5.652,65.6468200683594,128.939590454102,0.824599332465123,0.316509720898302,NA,1.21532105916547e-05,0.999999999926077,NA,NA,NA,1.32612969494517e-08,"within_tolerance","success",NA,NA
"46_crosscov_mb_64_0__metal_rsvd_implicit__rep2","0.99.39",NA,"reference_1",1,1,"/Library/Frameworks/R.framework/Versions/4.6/Resources/lib/libRblas.0.dylib","46_crosscov_mb_64_0","one_factor","crosscov_mb",64.0029907226562,64,"regression","simpls","metal_rsvd_implicit","metal","rsvd","implicit",FALSE,"float64",1500,300,1000,8389,NA,20,10,1,64.0029907226562,2,10046,125,32,5,"explicit",FALSE,NA,NA,NA,32,5,NA,NA,"fresh_oversampled_sketch_per_component",1,FALSE,TRUE,NA,NA,603.171875,893.71875,866.0625,1009.91,406.738125,NA,NA,NA,NA,5.57,0.0369999999999999,5.607,65.6468200683594,128.939590454102,0.824599331654101,0.316509722242755,NA,1.21311904648368e-05,0.999999999926438,NA,NA,NA,1.24502750331601e-08,"within_tolerance","success",NA,NA
"46_crosscov_mb_64_0__metal_rsvd_implicit__rep3","0.99.39",NA,"reference_1",1,1,"/Library/Frameworks/R.framework/Versions/4.6/Resources/lib/libRblas.0.dylib","46_crosscov_mb_64_0","one_factor","crosscov_mb",64.0029907226562,64,"regression","simpls","metal_rsvd_implicit","metal","rsvd","implicit",FALSE,"float64",1500,300,1000,8389,NA,20,10,1,64.0029907226562,3,10046,126,32,5,"explicit",FALSE,NA,NA,NA,32,5,NA,NA,"fresh_oversampled_sketch_per_component",1,FALSE,TRUE,NA,NA,600.890625,932.578125,975.65625,1060.38,459.489375,NA,NA,NA,NA,5.564,0.0430000000000001,5.607,65.6468200683594,128.939590454102,0.824599331730172,0.316509722116722,NA,1.21284499604564e-05,0.999999999926541,NA,NA,NA,1.25263459604952e-08,"within_tolerance","success",NA,NA
"01_n_500__cpu_irlba_explicit__rep1","0.99.39",NA,"reference_1",1,1,"/Library/Frameworks/R.framework/Versions/4.6/Resources/lib/libRblas.0.dylib","01_n_500","one_factor","n",500,500,"regression","simpls","cpu_irlba_explicit","cpu","irlba","explicit",FALSE,"float64",500,100,400,100,NA,30,20,1,0.30517578125,1,10001,124,32,5,NA,NA,NA,NA,NA,NA,NA,NA,NA,"fresh_per_component",1,FALSE,TRUE,NA,NA,209.71875,210.484375,210.5625,210.484,0.765250000000009,NA,NA,NA,NA,0.042,0.001,0.043,0.400917053222656,2.29011535644531,0.74069400873912,0.451673185285172,NA,0,1,NA,NA,NA,0,"deterministic_reference","success",NA,NA
"01_n_500__cpu_irlba_explicit__rep2","0.99.39",NA,"reference_1",1,1,"/Library/Frameworks/R.framework/Versions/4.6/Resources/lib/libRblas.0.dylib","01_n_500","one_factor","n",500,500,"regression","simpls","cpu_irlba_explicit","cpu","irlba","explicit",FALSE,"float64",500,100,400,100,NA,30,20,1,0.30517578125,2,10001,125,32,5,NA,NA,NA,NA,NA,NA,NA,NA,NA,"fresh_per_component",1,FALSE,TRUE,NA,NA,209.328125,210.078125,210.15625,210.078,0.749875000000003,NA,NA,NA,NA,0.04,0.002,0.042,0.400917053222656,2.29011535644531,0.74069400873912,0.451673185285172,NA,0,1,NA,NA,NA,0,"deterministic_reference","success",NA,NA
"01_n_500__cpu_irlba_explicit__rep3","0.99.39",NA,"reference_1",1,1,"/Library/Frameworks/R.framework/Versions/4.6/Resources/lib/libRblas.0.dylib","01_n_500","one_factor","n",500,500,"regression","simpls","cpu_irlba_explicit","cpu","irlba","explicit",FALSE,"float64",500,100,400,100,NA,30,20,1,0.30517578125,3,10001,126,32,5,NA,NA,NA,NA,NA,NA,NA,NA,NA,"fresh_per_component",1,FALSE,TRUE,NA,NA,213.984375,214.734375,214.8125,214.734,0.749625000000009,NA,NA,NA,NA,0.041,0.002,0.043,0.400917053222656,2.29011535644531,0.74069400873912,0.451673185285172,NA,0,1,NA,NA,NA,0,"deterministic_reference","success",NA,NA
"01_n_500__cpu_rsvd_auto__rep1","0.99.39",NA,"reference_1",1,1,"/Library/Frameworks/R.framework/Versions/4.6/Resources/lib/libRblas.0.dylib","01_n_500","one_factor","n",500,500,"regression","simpls","cpu_rsvd_auto","cpu","rsvd","auto",FALSE,"float64",500,100,400,100,NA,30,20,1,0.30517578125,1,10001,124,NA,NA,"high_response_stable",FALSE,NA,NA,NA,48,6,NA,NA,"fresh_oversampled_sketch_per_component",1,FALSE,TRUE,NA,NA,211.703125,212.59375,212.6875,212.609,0.905875000000009,NA,NA,NA,NA,0.537,0.002,0.539,0.406021118164062,2.29011535644531,0.740693943654504,0.451673281647876,NA,1.45213470111085e-05,0.999999999894447,NA,NA,NA,6.50846160299423e-08,"within_tolerance","success",NA,NA
"01_n_500__cpu_rsvd_auto__rep2","0.99.39",NA,"reference_1",1,1,"/Library/Frameworks/R.framework/Versions/4.6/Resources/lib/libRblas.0.dylib","01_n_500","one_factor","n",500,500,"regression","simpls","cpu_rsvd_auto","cpu","rsvd","auto",FALSE,"float64",500,100,400,100,NA,30,20,1,0.30517578125,2,10001,125,NA,NA,"high_response_stable",FALSE,NA,NA,NA,48,6,NA,NA,"fresh_oversampled_sketch_per_component",1,FALSE,TRUE,NA,NA,210.59375,211.375,211.453125,211.375,0.78125,NA,NA,NA,NA,0.534,0.002,0.536,0.406021118164062,2.29011535644531,0.740693943654504,0.451673281647876,NA,1.45213470123955e-05,0.999999999894447,NA,NA,NA,6.50846160299423e-08,"within_tolerance","success",NA,NA
"01_n_500__cpu_rsvd_auto__rep3","0.99.39",NA,"reference_1",1,1,"/Library/Frameworks/R.framework/Versions/4.6/Resources/lib/libRblas.0.dylib","01_n_500","one_factor","n",500,500,"regression","simpls","cpu_rsvd_auto","cpu","rsvd","auto",FALSE,"float64",500,100,400,100,NA,30,20,1,0.30517578125,3,10001,126,NA,NA,"high_response_stable",FALSE,NA,NA,NA,48,6,NA,NA,"fresh_oversampled_sketch_per_component",1,FALSE,TRUE,NA,NA,216.203125,218.015625,218.09375,218.016,1.81287499999999,NA,NA,NA,NA,0.533,0.002,0.535,0.406021118164062,2.29011535644531,0.740693943654504,0.451673281647876,NA,1.45213470151176e-05,0.999999999894447,NA,NA,NA,6.50846160299423e-08,"within_tolerance","success",NA,NA
"01_n_500__metal_rsvd_auto__rep1","0.99.39",NA,"reference_1",1,1,"/Library/Frameworks/R.framework/Versions/4.6/Resources/lib/libRblas.0.dylib","01_n_500","one_factor","n",500,500,"regression","simpls","metal_rsvd_auto","metal","rsvd","auto",FALSE,"float64",500,100,400,100,NA,30,20,1,0.30517578125,1,10001,124,NA,NA,"high_response_stable",FALSE,NA,NA,NA,48,6,NA,NA,"fresh_oversampled_sketch_per_component",1,FALSE,TRUE,NA,NA,210.640625,239.203125,239.21875,239.203,28.562375,NA,NA,NA,NA,0.292,0.002,0.294,0.558418273925781,2.29011535644531,0.740693951540879,0.451673269971498,NA,1.44206686865414e-05,0.999999999895905,NA,NA,NA,5.71982406993854e-08,"within_tolerance","success",NA,NA
"01_n_500__metal_rsvd_auto__rep2","0.99.39",NA,"reference_1",1,1,"/Library/Frameworks/R.framework/Versions/4.6/Resources/lib/libRblas.0.dylib","01_n_500","one_factor","n",500,500,"regression","simpls","metal_rsvd_auto","metal","rsvd","auto",FALSE,"float64",500,100,400,100,NA,30,20,1,0.30517578125,2,10001,125,NA,NA,"high_response_stable",FALSE,NA,NA,NA,48,6,NA,NA,"fresh_oversampled_sketch_per_component",1,FALSE,TRUE,NA,NA,208.46875,240.71875,240.75,240.859,32.39025,NA,NA,NA,NA,0.28,0.003,0.283,0.558418273925781,2.29011535644531,0.740693951540879,0.451673269971498,NA,1.44206686865414e-05,0.999999999895905,NA,NA,NA,5.71982406993854e-08,"within_tolerance","success",NA,NA
"01_n_500__metal_rsvd_auto__rep3","0.99.39",NA,"reference_1",1,1,"/Library/Frameworks/R.framework/Versions/4.6/Resources/lib/libRblas.0.dylib","01_n_500","one_factor","n",500,500,"regression","simpls","metal_rsvd_auto","metal","rsvd","auto",FALSE,"float64",500,100,400,100,NA,30,20,1,0.30517578125,3,10001,126,NA,NA,"high_response_stable",FALSE,NA,NA,NA,48,6,NA,NA,"fresh_oversampled_sketch_per_component",1,FALSE,TRUE,NA,NA,210.953125,239.828125,239.84375,240,29.046875,NA,NA,NA,NA,0.272,0.006,0.278,0.558418273925781,2.29011535644531,0.740693951540879,0.451673269971498,NA,1.44206686865414e-05,0.999999999895905,NA,NA,NA,5.71982406993854e-08,"within_tolerance","success",NA,NA
"02_n_1000__cpu_irlba_explicit__rep1","0.99.39",NA,"reference_1",1,1,"/Library/Frameworks/R.framework/Versions/4.6/Resources/lib/libRblas.0.dylib","02_n_1000","one_factor","n",1000,1000,"regression","simpls","cpu_irlba_explicit","cpu","irlba","explicit",FALSE,"float64",1000,200,400,100,NA,30,20,1,0.30517578125,1,10002,124,32,5,NA,NA,NA,NA,NA,NA,NA,NA,NA,"fresh_per_component",1,FALSE,TRUE,NA,NA,220.03125,226.828125,226.90625,226.828,6.79675,NA,NA,NA,NA,0.053,0.003,0.056,0.400917053222656,4.57893371582031,0.655524944119632,0.597056593054306,NA,0,1,NA,NA,NA,0,"deterministic_reference","success",NA,NA
"02_n_1000__cpu_irlba_explicit__rep2","0.99.39",NA,"reference_1",1,1,"/Library/Frameworks/R.framework/Versions/4.6/Resources/lib/libRblas.0.dylib","02_n_1000","one_factor","n",1000,1000,"regression","simpls","cpu_irlba_explicit","cpu","irlba","explicit",FALSE,"float64",1000,200,400,100,NA,30,20,1,0.30517578125,2,10002,125,32,5,NA,NA,NA,NA,NA,NA,NA,NA,NA,"fresh_per_component",1,FALSE,TRUE,NA,NA,213.546875,220.4375,220.515625,220.609,7.06212500000001,NA,NA,NA,NA,0.054,0.004,0.058,0.400917053222656,4.57893371582031,0.655524944119632,0.597056593054306,NA,0,1,NA,NA,NA,0,"deterministic_reference","success",NA,NA
"02_n_1000__cpu_irlba_explicit__rep3","0.99.39",NA,"reference_1",1,1,"/Library/Frameworks/R.framework/Versions/4.6/Resources/lib/libRblas.0.dylib","02_n_1000","one_factor","n",1000,1000,"regression","simpls","cpu_irlba_explicit","cpu","irlba","explicit",FALSE,"float64",1000,200,400,100,NA,30,20,1,0.30517578125,3,10002,126,32,5,NA,NA,NA,NA,NA,NA,NA,NA,NA,"fresh_per_component",1,FALSE,TRUE,NA,NA,220.625,226.90625,226.984375,226.906,6.28100000000001,NA,NA,NA,NA,0.054,0.003,0.057,0.400917053222656,4.57893371582031,0.655524944119632,0.597056593054306,NA,0,1,NA,NA,NA,0,"deterministic_reference","success",NA,NA
"02_n_1000__cpu_rsvd_auto__rep1","0.99.39",NA,"reference_1",1,1,"/Library/Frameworks/R.framework/Versions/4.6/Resources/lib/libRblas.0.dylib","02_n_1000","one_factor","n",1000,1000,"regression","simpls","cpu_rsvd_auto","cpu","rsvd","auto",FALSE,"float64",1000,200,400,100,NA,30,20,1,0.30517578125,1,10002,124,NA,NA,"ordinary_fast",FALSE,NA,NA,NA,32,5,NA,NA,"fresh_oversampled_sketch_per_component",1,FALSE,TRUE,NA,NA,213.140625,216.90625,216.984375,216.984,3.84337500000001,NA,NA,NA,NA,0.29,0.003,0.293,0.406005859375,4.57893371582031,0.655524945378283,0.597056591506949,NA,5.89907667839394e-06,0.999999999982605,NA,NA,NA,1.25865029509953e-09,"within_tolerance","success",NA,NA
"02_n_1000__cpu_rsvd_auto__rep2","0.99.39",NA,"reference_1",1,1,"/Library/Frameworks/R.framework/Versions/4.6/Resources/lib/libRblas.0.dylib","02_n_1000","one_factor","n",1000,1000,"regression","simpls","cpu_rsvd_auto","cpu","rsvd","auto",FALSE,"float64",1000,200,400,100,NA,30,20,1,0.30517578125,2,10002,125,NA,NA,"ordinary_fast",FALSE,NA,NA,NA,32,5,NA,NA,"fresh_oversampled_sketch_per_component",1,FALSE,TRUE,NA,NA,220.03125,227.28125,227.359375,227.281,7.24975000000001,NA,NA,NA,NA,0.291,0.003,0.294,0.406005859375,4.57893371582031,0.655524945378283,0.59705659150695,NA,5.89907667821835e-06,0.999999999982605,NA,NA,NA,1.25865029509953e-09,"within_tolerance","success",NA,NA
"02_n_1000__cpu_rsvd_auto__rep3","0.99.39",NA,"reference_1",1,1,"/Library/Frameworks/R.framework/Versions/4.6/Resources/lib/libRblas.0.dylib","02_n_1000","one_factor","n",1000,1000,"regression","simpls","cpu_rsvd_auto","cpu","rsvd","auto",FALSE,"float64",1000,200,400,100,NA,30,20,1,0.30517578125,3,10002,126,NA,NA,"ordinary_fast",FALSE,NA,NA,NA,32,5,NA,NA,"fresh_oversampled_sketch_per_component",1,FALSE,TRUE,NA,NA,212.546875,222.25,222.328125,222.25,9.703125,NA,NA,NA,NA,0.291,0.004,0.295,0.406005859375,4.57893371582031,0.655524945378283,0.59705659150695,NA,5.89907667906397e-06,0.999999999982605,NA,NA,NA,1.25865029509953e-09,"within_tolerance","success",NA,NA
"02_n_1000__metal_rsvd_auto__rep1","0.99.39",NA,"reference_1",1,1,"/Library/Frameworks/R.framework/Versions/4.6/Resources/lib/libRblas.0.dylib","02_n_1000","one_factor","n",1000,1000,"regression","simpls","metal_rsvd_auto","metal","rsvd","auto",FALSE,"float64",1000,200,400,100,NA,30,20,1,0.30517578125,1,10002,124,NA,NA,"ordinary_fast",FALSE,NA,NA,NA,32,5,NA,NA,"fresh_oversampled_sketch_per_component",1,FALSE,TRUE,NA,NA,222.390625,247.359375,247.421875,247.469,25.078375,NA,NA,NA,NA,0.296,0.006,0.302,0.634696960449219,4.57893371582031,0.655524950775293,0.597056584871995,NA,5.91403924036445e-06,0.999999999982521,NA,NA,NA,6.65566102231452e-09,"within_tolerance","success",NA,NA
"02_n_1000__metal_rsvd_auto__rep2","0.99.39",NA,"reference_1",1,1,"/Library/Frameworks/R.framework/Versions/4.6/Resources/lib/libRblas.0.dylib","02_n_1000","one_factor","n",1000,1000,"regression","simpls","metal_rsvd_auto","metal","rsvd","auto",FALSE,"float64",1000,200,400,100,NA,30,20,1,0.30517578125,2,10002,125,NA,NA,"ordinary_fast",FALSE,NA,NA,NA,32,5,NA,NA,"fresh_oversampled_sketch_per_component",1,FALSE,TRUE,NA,NA,215.078125,239.78125,239.90625,239.969,24.890875,NA,NA,NA,NA,0.286,0.004,0.29,0.634696960449219,4.57893371582031,0.655524950775293,0.597056584871995,NA,5.91403924036445e-06,0.999999999982521,NA,NA,NA,6.65566102231452e-09,"within_tolerance","success",NA,NA
"02_n_1000__metal_rsvd_auto__rep3","0.99.39",NA,"reference_1",1,1,"/Library/Frameworks/R.framework/Versions/4.6/Resources/lib/libRblas.0.dylib","02_n_1000","one_factor","n",1000,1000,"regression","simpls","metal_rsvd_auto","metal","rsvd","auto",FALSE,"float64",1000,200,400,100,NA,30,20,1,0.30517578125,3,10002,126,NA,NA,"ordinary_fast",FALSE,NA,NA,NA,32,5,NA,NA,"fresh_oversampled_sketch_per_component",1,FALSE,TRUE,NA,NA,221.703125,246.828125,246.890625,248.188,26.484875,NA,NA,NA,NA,0.301,0.00299999999999989,0.304,0.634696960449219,4.57893371582031,0.655524950775293,0.597056584871995,NA,5.91403924036445e-06,0.999999999982521,NA,NA,NA,6.65566102231452e-09,"within_tolerance","success",NA,NA
"03_n_2000__cpu_irlba_explicit__rep1","0.99.39",NA,"reference_1",1,1,"/Library/Frameworks/R.framework/Versions/4.6/Resources/lib/libRblas.0.dylib","03_n_2000","one_factor","n",2000,2000,"regression","simpls","cpu_irlba_explicit","cpu","irlba","explicit",FALSE,"float64",2000,400,400,100,NA,30,20,1,0.30517578125,1,10003,124,32,5,NA,NA,NA,NA,NA,NA,NA,NA,NA,"fresh_per_component",1,FALSE,TRUE,NA,NA,232.34375,239.203125,239.28125,239.203,6.85925,NA,NA,NA,NA,0.073,0.006,0.079,0.400917053222656,9.15657043457031,0.547403616295979,0.7050814621498,NA,0,1,NA,NA,NA,0,"deterministic_reference","success",NA,NA
"03_n_2000__cpu_irlba_explicit__rep2","0.99.39",NA,"reference_1",1,1,"/Library/Frameworks/R.framework/Versions/4.6/Resources/lib/libRblas.0.dylib","03_n_2000","one_factor","n",2000,2000,"regression","simpls","cpu_irlba_explicit","cpu","irlba","explicit",FALSE,"float64",2000,400,400,100,NA,30,20,1,0.30517578125,2,10003,125,32,5,NA,NA,NA,NA,NA,NA,NA,NA,NA,"fresh_per_component",1,FALSE,TRUE,NA,NA,227.671875,244.90625,245.21875,244.906,17.234125,NA,NA,NA,NA,0.0730000000000001,0.005,0.0780000000000001,0.400917053222656,9.15657043457031,0.547403616295979,0.7050814621498,NA,0,1,NA,NA,NA,0,"deterministic_reference","success",NA,NA
"03_n_2000__cpu_irlba_explicit__rep3","0.99.39",NA,"reference_1",1,1,"/Library/Frameworks/R.framework/Versions/4.6/Resources/lib/libRblas.0.dylib","03_n_2000","one_factor","n",2000,2000,"regression","simpls","cpu_irlba_explicit","cpu","irlba","explicit",FALSE,"float64",2000,400,400,100,NA,30,20,1,0.30517578125,3,10003,126,32,5,NA,NA,NA,NA,NA,NA,NA,NA,NA,"fresh_per_component",1,FALSE,TRUE,NA,NA,234.140625,251.171875,251.28125,251.172,17.031375,NA,NA,NA,NA,0.0720000000000001,0.006,0.0780000000000001,0.400917053222656,9.15657043457031,0.547403616295979,0.7050814621498,NA,0,1,NA,NA,NA,0,"deterministic_reference","success",NA,NA
"03_n_2000__cpu_rsvd_auto__rep1","0.99.39",NA,"reference_1",1,1,"/Library/Frameworks/R.framework/Versions/4.6/Resources/lib/libRblas.0.dylib","03_n_2000","one_factor","n",2000,2000,"regression","simpls","cpu_rsvd_auto","cpu","rsvd","auto",FALSE,"float64",2000,400,400,100,NA,30,20,1,0.30517578125,1,10003,124,NA,NA,"ordinary_fast",FALSE,NA,NA,NA,32,5,NA,NA,"fresh_oversampled_sketch_per_component",1,FALSE,TRUE,NA,NA,233.75,234.546875,234.625,234.75,1,NA,NA,NA,NA,0.31,0.00499999999999989,0.315,0.406005859375,9.15657043457031,0.547403643475886,0.705081432862967,NA,2.24783628114032e-06,0.99999999999748,NA,NA,NA,2.71799068807255e-08,"within_tolerance","success",NA,NA
"03_n_2000__cpu_rsvd_auto__rep2","0.99.39",NA,"reference_1",1,1,"/Library/Frameworks/R.framework/Versions/4.6/Resources/lib/libRblas.0.dylib","03_n_2000","one_factor","n",2000,2000,"regression","simpls","cpu_rsvd_auto","cpu","rsvd","auto",FALSE,"float64",2000,400,400,100,NA,30,20,1,0.30517578125,2,10003,125,NA,NA,"ordinary_fast",FALSE,NA,NA,NA,32,5,NA,NA,"fresh_oversampled_sketch_per_component",1,FALSE,TRUE,NA,NA,236.34375,243.21875,243.296875,243.219,6.87524999999999,NA,NA,NA,NA,0.31,0.00600000000000012,0.316,0.406005859375,9.15657043457031,0.547403643475886,0.705081432862967,NA,2.24783628107171e-06,0.999999999997481,NA,NA,NA,2.71799069917478e-08,"within_tolerance","success",NA,NA
"03_n_2000__cpu_rsvd_auto__rep3","0.99.39",NA,"reference_1",1,1,"/Library/Frameworks/R.framework/Versions/4.6/Resources/lib/libRblas.0.dylib","03_n_2000","one_factor","n",2000,2000,"regression","simpls","cpu_rsvd_auto","cpu","rsvd","auto",FALSE,"float64",2000,400,400,100,NA,30,20,1,0.30517578125,3,10003,126,NA,NA,"ordinary_fast",FALSE,NA,NA,NA,32,5,NA,NA,"fresh_oversampled_sketch_per_component",1,FALSE,TRUE,NA,NA,236.640625,237.765625,237.84375,237.891,1.25037499999999,NA,NA,NA,NA,0.312,0.006,0.318,0.406005859375,9.15657043457031,0.547403643475886,0.705081432862967,NA,2.24783628057166e-06,0.999999999997481,NA,NA,NA,2.71799068807255e-08,"within_tolerance","success",NA,NA
"03_n_2000__metal_rsvd_auto__rep1","0.99.39",NA,"reference_1",1,1,"/Library/Frameworks/R.framework/Versions/4.6/Resources/lib/libRblas.0.dylib","03_n_2000","one_factor","n",2000,2000,"regression","simpls","metal_rsvd_auto","metal","rsvd","auto",FALSE,"float64",2000,400,400,100,NA,30,20,1,0.30517578125,1,10003,124,NA,NA,"ordinary_fast",FALSE,NA,NA,NA,32,5,NA,NA,"fresh_oversampled_sketch_per_component",1,FALSE,TRUE,NA,NA,233.734375,264.78125,264.828125,265.859,32.124625,NA,NA,NA,NA,0.344,0.00700000000000012,0.351,0.787284851074219,9.15657043457031,0.54740363826072,0.705081438482399,NA,2.29681666361978e-06,0.999999999997378,NA,NA,NA,2.19647416921376e-08,"within_tolerance","success",NA,NA
"03_n_2000__metal_rsvd_auto__rep2","0.99.39",NA,"reference_1",1,1,"/Library/Frameworks/R.framework/Versions/4.6/Resources/lib/libRblas.0.dylib","03_n_2000","one_factor","n",2000,2000,"regression","simpls","metal_rsvd_auto","metal","rsvd","auto",FALSE,"float64",2000,400,400,100,NA,30,20,1,0.30517578125,2,10003,125,NA,NA,"ordinary_fast",FALSE,NA,NA,NA,32,5,NA,NA,"fresh_oversampled_sketch_per_component",1,FALSE,TRUE,NA,NA,233.265625,248.796875,248.984375,252.719,19.453375,NA,NA,NA,NA,0.349,0.0069999999999999,0.356,0.787284851074219,9.15657043457031,0.54740363826072,0.705081438482399,NA,2.29681666361978e-06,0.999999999997378,NA,NA,NA,2.19647416921376e-08,"within_tolerance","success",NA,NA
"03_n_2000__metal_rsvd_auto__rep3","0.99.39",NA,"reference_1",1,1,"/Library/Frameworks/R.framework/Versions/4.6/Resources/lib/libRblas.0.dylib","03_n_2000","one_factor","n",2000,2000,"regression","simpls","metal_rsvd_auto","metal","rsvd","auto",FALSE,"float64",2000,400,400,100,NA,30,20,1,0.30517578125,3,10003,126,NA,NA,"ordinary_fast",FALSE,NA,NA,NA,32,5,NA,NA,"fresh_oversampled_sketch_per_component",1,FALSE,TRUE,NA,NA,232.578125,258.484375,258.515625,261.391,28.812875,NA,NA,NA,NA,0.362,0.0069999999999999,0.369,0.787284851074219,9.15657043457031,0.54740363826072,0.705081438482399,NA,2.29681666361978e-06,0.999999999997378,NA,NA,NA,2.19647416921376e-08,"within_tolerance","success",NA,NA
"04_n_5000__cpu_irlba_explicit__rep1","0.99.39",NA,"reference_1",1,1,"/Library/Frameworks/R.framework/Versions/4.6/Resources/lib/libRblas.0.dylib","04_n_5000","one_factor","n",5000,5000,"regression","simpls","cpu_irlba_explicit","cpu","irlba","explicit",FALSE,"float64",5000,1000,400,100,NA,30,20,1,0.30517578125,1,10004,124,32,5,NA,NA,NA,NA,NA,NA,NA,NA,NA,"fresh_per_component",1,FALSE,TRUE,NA,NA,258.28125,274.484375,277.640625,274.484,16.20275,NA,NA,NA,NA,0.345,0.0129999999999999,0.358,0.400917053222656,22.8894805908203,0.441711961576397,0.805488347085989,NA,0,1,NA,NA,NA,0,"deterministic_reference","success",NA,NA
"04_n_5000__cpu_irlba_explicit__rep2","0.99.39",NA,"reference_1",1,1,"/Library/Frameworks/R.framework/Versions/4.6/Resources/lib/libRblas.0.dylib","04_n_5000","one_factor","n",5000,5000,"regression","simpls","cpu_irlba_explicit","cpu","irlba","explicit",FALSE,"float64",5000,1000,400,100,NA,30,20,1,0.30517578125,2,10004,125,32,5,NA,NA,NA,NA,NA,NA,NA,NA,NA,"fresh_per_component",1,FALSE,TRUE,NA,NA,259.09375,275.046875,275.953125,275.047,15.95325,NA,NA,NA,NA,0.349,0.0130000000000001,0.362,0.400917053222656,22.8894805908203,0.441711961576397,0.805488347085989,NA,0,1,NA,NA,NA,0,"deterministic_reference","success",NA,NA
"04_n_5000__cpu_irlba_explicit__rep3","0.99.39",NA,"reference_1",1,1,"/Library/Frameworks/R.framework/Versions/4.6/Resources/lib/libRblas.0.dylib","04_n_5000","one_factor","n",5000,5000,"regression","simpls","cpu_irlba_explicit","cpu","irlba","explicit",FALSE,"float64",5000,1000,400,100,NA,30,20,1,0.30517578125,3,10004,126,32,5,NA,NA,NA,NA,NA,NA,NA,NA,NA,"fresh_per_component",1,FALSE,TRUE,NA,NA,254.453125,274.609375,277.75,277.734,23.280875,NA,NA,NA,NA,0.344,0.0129999999999999,0.357,0.400917053222656,22.8894805908203,0.441711961576397,0.805488347085989,NA,0,1,NA,NA,NA,0,"deterministic_reference","success",NA,NA
"04_n_5000__cpu_rsvd_auto__rep1","0.99.39",NA,"reference_1",1,1,"/Library/Frameworks/R.framework/Versions/4.6/Resources/lib/libRblas.0.dylib","04_n_5000","one_factor","n",5000,5000,"regression","simpls","cpu_rsvd_auto","cpu","rsvd","auto",FALSE,"float64",5000,1000,400,100,NA,30,20,1,0.30517578125,1,10004,124,NA,NA,"ordinary_fast",FALSE,NA,NA,NA,32,5,NA,NA,"fresh_oversampled_sketch_per_component",1,FALSE,TRUE,NA,NA,265.84375,281.8125,281.890625,281.875,16.03125,NA,NA,NA,NA,0.586,0.0129999999999999,0.599,0.406005859375,22.8894805908203,0.441711977709747,0.805488332877073,NA,5.54178702973235e-06,0.999999999984654,NA,NA,NA,1.61333491011106e-08,"within_tolerance","success",NA,NA
"04_n_5000__cpu_rsvd_auto__rep2","0.99.39",NA,"reference_1",1,1,"/Library/Frameworks/R.framework/Versions/4.6/Resources/lib/libRblas.0.dylib","04_n_5000","one_factor","n",5000,5000,"regression","simpls","cpu_rsvd_auto","cpu","rsvd","auto",FALSE,"float64",5000,1000,400,100,NA,30,20,1,0.30517578125,2,10004,125,NA,NA,"ordinary_fast",FALSE,NA,NA,NA,32,5,NA,NA,"fresh_oversampled_sketch_per_component",1,FALSE,TRUE,NA,NA,255.453125,275.234375,278.390625,275.234,19.780875,NA,NA,NA,NA,0.589,0.0130000000000001,0.602,0.406005859375,22.8894805908203,0.441711977709747,0.805488332877073,NA,5.54178703121602e-06,0.999999999984654,NA,NA,NA,1.61333491011106e-08,"within_tolerance","success",NA,NA
"04_n_5000__cpu_rsvd_auto__rep3","0.99.39",NA,"reference_1",1,1,"/Library/Frameworks/R.framework/Versions/4.6/Resources/lib/libRblas.0.dylib","04_n_5000","one_factor","n",5000,5000,"regression","simpls","cpu_rsvd_auto","cpu","rsvd","auto",FALSE,"float64",5000,1000,400,100,NA,30,20,1,0.30517578125,3,10004,126,NA,NA,"ordinary_fast",FALSE,NA,NA,NA,32,5,NA,NA,"fresh_oversampled_sketch_per_component",1,FALSE,TRUE,NA,NA,259.234375,279.640625,279.75,279.734,20.499625,NA,NA,NA,NA,0.584,0.0129999999999999,0.597,0.406005859375,22.8894805908203,0.441711977709747,0.805488332877073,NA,5.54178702934199e-06,0.999999999984654,NA,NA,NA,1.61333491011106e-08,"within_tolerance","success",NA,NA
"04_n_5000__metal_rsvd_auto__rep1","0.99.39",NA,"reference_1",1,1,"/Library/Frameworks/R.framework/Versions/4.6/Resources/lib/libRblas.0.dylib","04_n_5000","one_factor","n",5000,5000,"regression","simpls","metal_rsvd_auto","metal","rsvd","auto",FALSE,"float64",5000,1000,400,100,NA,30,20,1,0.30517578125,1,10004,124,NA,NA,"ordinary_fast",FALSE,NA,NA,NA,32,5,NA,NA,"fresh_oversampled_sketch_per_component",1,FALSE,TRUE,NA,NA,259.796875,299.15625,299.40625,312.062,52.265125,NA,NA,NA,NA,0.433,0.0130000000000001,0.446,1.24504852294922,22.8894805908203,0.441711976124641,0.805488334273101,NA,5.53958737062352e-06,0.999999999984658,NA,NA,NA,1.4548243942869e-08,"within_tolerance","success",NA,NA
"04_n_5000__metal_rsvd_auto__rep2","0.99.39",NA,"reference_1",1,1,"/Library/Frameworks/R.framework/Versions/4.6/Resources/lib/libRblas.0.dylib","04_n_5000","one_factor","n",5000,5000,"regression","simpls","metal_rsvd_auto","metal","rsvd","auto",FALSE,"float64",5000,1000,400,100,NA,30,20,1,0.30517578125,2,10004,125,NA,NA,"ordinary_fast",FALSE,NA,NA,NA,32,5,NA,NA,"fresh_oversampled_sketch_per_component",1,FALSE,TRUE,NA,NA,265.28125,305.375,308.6875,309.625,44.34375,NA,NA,NA,NA,0.413,0.0110000000000001,0.424,1.24504852294922,22.8894805908203,0.441711976124641,0.805488334273101,NA,5.53958737062352e-06,0.999999999984658,NA,NA,NA,1.4548243942869e-08,"within_tolerance","success",NA,NA
"04_n_5000__metal_rsvd_auto__rep3","0.99.39",NA,"reference_1",1,1,"/Library/Frameworks/R.framework/Versions/4.6/Resources/lib/libRblas.0.dylib","04_n_5000","one_factor","n",5000,5000,"regression","simpls","metal_rsvd_auto","metal","rsvd","auto",FALSE,"float64",5000,1000,400,100,NA,30,20,1,0.30517578125,3,10004,126,NA,NA,"ordinary_fast",FALSE,NA,NA,NA,32,5,NA,NA,"fresh_oversampled_sketch_per_component",1,FALSE,TRUE,NA,NA,262.375,300.84375,310.234375,301.469,39.094,NA,NA,NA,NA,0.417,0.00900000000000012,0.426,1.24504852294922,22.8894805908203,0.441711976124641,0.805488334273101,NA,5.53958737062352e-06,0.999999999984658,NA,NA,NA,1.4548243942869e-08,"within_tolerance","success",NA,NA
"05_n_10000__cpu_irlba_explicit__rep1","0.99.39",NA,"reference_1",1,1,"/Library/Frameworks/R.framework/Versions/4.6/Resources/lib/libRblas.0.dylib","05_n_10000","one_factor","n",10000,10000,"regression","simpls","cpu_irlba_explicit","cpu","irlba","explicit",FALSE,"float64",10000,2000,400,100,NA,30,20,1,0.30517578125,1,10005,124,32,5,NA,NA,NA,NA,NA,NA,NA,NA,NA,"fresh_per_component",1,FALSE,TRUE,NA,NA,318.90625,366.203125,372.390625,372.375,53.46875,NA,NA,NA,NA,0.662,0.0249999999999999,0.687,0.400917053222656,45.7776641845703,0.418057070714247,0.824729981658621,NA,0,1,NA,NA,NA,0,"deterministic_reference","success",NA,NA
"05_n_10000__cpu_irlba_explicit__rep2","0.99.39",NA,"reference_1",1,1,"/Library/Frameworks/R.framework/Versions/4.6/Resources/lib/libRblas.0.dylib","05_n_10000","one_factor","n",10000,10000,"regression","simpls","cpu_irlba_explicit","cpu","irlba","explicit",FALSE,"float64",10000,2000,400,100,NA,30,20,1,0.30517578125,2,10005,125,32,5,NA,NA,NA,NA,NA,NA,NA,NA,NA,"fresh_per_component",1,FALSE,TRUE,NA,NA,325.25,364.3125,372.03125,364.312,39.062,NA,NA,NA,NA,0.664,0.0249999999999999,0.689,0.400917053222656,45.7776641845703,0.418057070714247,0.824729981658621,NA,0,1,NA,NA,NA,0,"deterministic_reference","success",NA,NA
"05_n_10000__cpu_irlba_explicit__rep3","0.99.39",NA,"reference_1",1,1,"/Library/Frameworks/R.framework/Versions/4.6/Resources/lib/libRblas.0.dylib","05_n_10000","one_factor","n",10000,10000,"regression","simpls","cpu_irlba_explicit","cpu","irlba","explicit",FALSE,"float64",10000,2000,400,100,NA,30,20,1,0.30517578125,3,10005,126,32,5,NA,NA,NA,NA,NA,NA,NA,NA,NA,"fresh_per_component",1,FALSE,TRUE,NA,NA,322.390625,368.890625,368.984375,369.062,46.671375,NA,NA,NA,NA,0.661,0.024,0.685,0.400917053222656,45.7776641845703,0.418057070714247,0.824729981658621,NA,0,1,NA,NA,NA,0,"deterministic_reference","success",NA,NA
"05_n_10000__cpu_rsvd_auto__rep1","0.99.39",NA,"reference_1",1,1,"/Library/Frameworks/R.framework/Versions/4.6/Resources/lib/libRblas.0.dylib","05_n_10000","one_factor","n",10000,10000,"regression","simpls","cpu_rsvd_auto","cpu","rsvd","auto",FALSE,"float64",10000,2000,400,100,NA,30,20,1,0.30517578125,1,10005,124,NA,NA,"ordinary_fast",FALSE,NA,NA,NA,32,5,NA,NA,"fresh_oversampled_sketch_per_component",1,FALSE,TRUE,NA,NA,323.09375,370.90625,374.3125,371.469,48.37525,NA,NA,NA,NA,0.901,0.0249999999999999,0.926,0.406005859375,45.7776641845703,0.418056940864677,0.824730090537215,NA,1.18447068055452e-05,0.999999999929852,NA,NA,NA,1.2984957015183e-07,"within_tolerance","success",NA,NA
"05_n_10000__cpu_rsvd_auto__rep2","0.99.39",NA,"reference_1",1,1,"/Library/Frameworks/R.framework/Versions/4.6/Resources/lib/libRblas.0.dylib","05_n_10000","one_factor","n",10000,10000,"regression","simpls","cpu_rsvd_auto","cpu","rsvd","auto",FALSE,"float64",10000,2000,400,100,NA,30,20,1,0.30517578125,2,10005,125,NA,NA,"ordinary_fast",FALSE,NA,NA,NA,32,5,NA,NA,"fresh_oversampled_sketch_per_component",1,FALSE,TRUE,NA,NA,320.625,367.125,373.34375,373.297,52.672,NA,NA,NA,NA,0.898,0.0249999999999999,0.923,0.406005859375,45.7776641845703,0.418056940864677,0.824730090537215,NA,1.18447068040893e-05,0.999999999929852,NA,NA,NA,1.2984957015183e-07,"within_tolerance","success",NA,NA
"05_n_10000__cpu_rsvd_auto__rep3","0.99.39",NA,"reference_1",1,1,"/Library/Frameworks/R.framework/Versions/4.6/Resources/lib/libRblas.0.dylib","05_n_10000","one_factor","n",10000,10000,"regression","simpls","cpu_rsvd_auto","cpu","rsvd","auto",FALSE,"float64",10000,2000,400,100,NA,30,20,1,0.30517578125,3,10005,126,NA,NA,"ordinary_fast",FALSE,NA,NA,NA,32,5,NA,NA,"fresh_oversampled_sketch_per_component",1,FALSE,TRUE,NA,NA,321.359375,367.84375,374.03125,374.016,52.656625,NA,NA,NA,NA,0.9,0.0250000000000001,0.925,0.406005859375,45.7776641845703,0.418056940864677,0.824730090537215,NA,1.18447068030339e-05,0.999999999929852,NA,NA,NA,1.2984957015183e-07,"within_tolerance","success",NA,NA
"05_n_10000__metal_rsvd_auto__rep1","0.99.39",NA,"reference_1",1,1,"/Library/Frameworks/R.framework/Versions/4.6/Resources/lib/libRblas.0.dylib","05_n_10000","one_factor","n",10000,10000,"regression","simpls","metal_rsvd_auto","metal","rsvd","auto",FALSE,"float64",10000,2000,400,100,NA,30,20,1,0.30517578125,1,10005,124,NA,NA,"ordinary_fast",FALSE,NA,NA,NA,32,5,NA,NA,"fresh_oversampled_sketch_per_component",1,FALSE,TRUE,NA,NA,323.1875,403.765625,416.78125,424.438,101.2505,NA,NA,NA,NA,0.564,0.018,0.582,2.00798797607422,45.7776641845703,0.418056941624209,0.824730089900345,NA,1.18914673466748e-05,0.999999999929306,NA,NA,NA,1.29090038603064e-07,"within_tolerance","success",NA,NA
"05_n_10000__metal_rsvd_auto__rep2","0.99.39",NA,"reference_1",1,1,"/Library/Frameworks/R.framework/Versions/4.6/Resources/lib/libRblas.0.dylib","05_n_10000","one_factor","n",10000,10000,"regression","simpls","metal_rsvd_auto","metal","rsvd","auto",FALSE,"float64",10000,2000,400,100,NA,30,20,1,0.30517578125,2,10005,125,NA,NA,"ordinary_fast",FALSE,NA,NA,NA,32,5,NA,NA,"fresh_oversampled_sketch_per_component",1,FALSE,TRUE,NA,NA,323.5625,401.125,428.890625,428.906,105.3435,NA,NA,NA,NA,0.556,0.0150000000000001,0.571,2.00798797607422,45.7776641845703,0.418056941624209,0.824730089900345,NA,1.18914673466748e-05,0.999999999929306,NA,NA,NA,1.29090038603064e-07,"within_tolerance","success",NA,NA
"05_n_10000__metal_rsvd_auto__rep3","0.99.39",NA,"reference_1",1,1,"/Library/Frameworks/R.framework/Versions/4.6/Resources/lib/libRblas.0.dylib","05_n_10000","one_factor","n",10000,10000,"regression","simpls","metal_rsvd_auto","metal","rsvd","auto",FALSE,"float64",10000,2000,400,100,NA,30,20,1,0.30517578125,3,10005,126,NA,NA,"ordinary_fast",FALSE,NA,NA,NA,32,5,NA,NA,"fresh_oversampled_sketch_per_component",1,FALSE,TRUE,NA,NA,321.328125,393.328125,411.953125,405.141,83.812875,NA,NA,NA,NA,0.559,0.02,0.579,2.00798797607422,45.7776641845703,0.418056941624209,0.824730089900345,NA,1.18914673466748e-05,0.999999999929306,NA,NA,NA,1.29090038603064e-07,"within_tolerance","success",NA,NA
"19_ncomp_2__cpu_irlba_explicit__rep1","0.99.39",NA,"reference_1",1,1,"/Library/Frameworks/R.framework/Versions/4.6/Resources/lib/libRblas.0.dylib","19_ncomp_2","one_factor","ncomp",2,2,"regression","simpls","cpu_irlba_explicit","cpu","irlba","explicit",FALSE,"float64",2000,400,500,100,NA,100,2,1,0.3814697265625,1,10019,124,32,5,NA,NA,NA,NA,NA,NA,NA,NA,NA,"fresh_per_component",1,FALSE,TRUE,NA,NA,234.625,252.515625,252.59375,252.516,17.891,NA,NA,NA,NA,0.0429999999999999,0.00700000000000001,0.0499999999999999,0.411582946777344,10.9876251220703,0.992370751198366,0.0563572940717252,NA,0,1,NA,NA,NA,0,"deterministic_reference","success",NA,NA
"19_ncomp_2__cpu_irlba_explicit__rep2","0.99.39",NA,"reference_1",1,1,"/Library/Frameworks/R.framework/Versions/4.6/Resources/lib/libRblas.0.dylib","19_ncomp_2","one_factor","ncomp",2,2,"regression","simpls","cpu_irlba_explicit","cpu","irlba","explicit",FALSE,"float64",2000,400,500,100,NA,100,2,1,0.3814697265625,2,10019,125,32,5,NA,NA,NA,NA,NA,NA,NA,NA,NA,"fresh_per_component",1,FALSE,TRUE,NA,NA,234.46875,250.421875,250.5,250.422,15.95325,NA,NA,NA,NA,0.0429999999999999,0.00700000000000001,0.0499999999999999,0.411582946777344,10.9876251220703,0.992370751198366,0.0563572940717252,NA,0,1,NA,NA,NA,0,"deterministic_reference","success",NA,NA
"19_ncomp_2__cpu_irlba_explicit__rep3","0.99.39",NA,"reference_1",1,1,"/Library/Frameworks/R.framework/Versions/4.6/Resources/lib/libRblas.0.dylib","19_ncomp_2","one_factor","ncomp",2,2,"regression","simpls","cpu_irlba_explicit","cpu","irlba","explicit",FALSE,"float64",2000,400,500,100,NA,100,2,1,0.3814697265625,3,10019,126,32,5,NA,NA,NA,NA,NA,NA,NA,NA,NA,"fresh_per_component",1,FALSE,TRUE,NA,NA,235.90625,254.375,254.5,254.391,18.48475,NA,NA,NA,NA,0.0429999999999999,0.00700000000000001,0.0499999999999999,0.411582946777344,10.9876251220703,0.992370751198366,0.0563572940717252,NA,0,1,NA,NA,NA,0,"deterministic_reference","success",NA,NA
"19_ncomp_2__cpu_rsvd_auto__rep1","0.99.39",NA,"reference_1",1,1,"/Library/Frameworks/R.framework/Versions/4.6/Resources/lib/libRblas.0.dylib","19_ncomp_2","one_factor","ncomp",2,2,"regression","simpls","cpu_rsvd_auto","cpu","rsvd","auto",FALSE,"float64",2000,400,500,100,NA,100,2,1,0.3814697265625,1,10019,124,NA,NA,"ordinary_fast",FALSE,NA,NA,NA,32,5,NA,NA,"fresh_oversampled_sketch_per_component",1,FALSE,TRUE,NA,NA,236.421875,253.859375,253.9375,253.859,17.437125,NA,NA,NA,NA,0.073,0.00700000000000001,0.08,0.416671752929688,10.9876251220703,0.992370763288254,0.0563572710792409,NA,0.00016212473304585,0.999999986894031,NA,NA,NA,1.20898884237164e-08,"within_tolerance","success",NA,NA
"19_ncomp_2__cpu_rsvd_auto__rep2","0.99.39",NA,"reference_1",1,1,"/Library/Frameworks/R.framework/Versions/4.6/Resources/lib/libRblas.0.dylib","19_ncomp_2","one_factor","ncomp",2,2,"regression","simpls","cpu_rsvd_auto","cpu","rsvd","auto",FALSE,"float64",2000,400,500,100,NA,100,2,1,0.3814697265625,2,10019,125,NA,NA,"ordinary_fast",FALSE,NA,NA,NA,32,5,NA,NA,"fresh_oversampled_sketch_per_component",1,FALSE,TRUE,NA,NA,239.0625,256.53125,256.609375,256.531,17.4685,NA,NA,NA,NA,0.073,0.006,0.079,0.416671752929688,10.9876251220703,0.992370997456452,0.0563568257393446,NA,0.000296676759933964,0.99999995600084,NA,NA,NA,2.46258086034068e-07,"within_tolerance","success",NA,NA
"19_ncomp_2__cpu_rsvd_auto__rep3","0.99.39",NA,"reference_1",1,1,"/Library/Frameworks/R.framework/Versions/4.6/Resources/lib/libRblas.0.dylib","19_ncomp_2","one_factor","ncomp",2,2,"regression","simpls","cpu_rsvd_auto","cpu","rsvd","auto",FALSE,"float64",2000,400,500,100,NA,100,2,1,0.3814697265625,3,10019,126,NA,NA,"ordinary_fast",FALSE,NA,NA,NA,32,5,NA,NA,"fresh_oversampled_sketch_per_component",1,FALSE,TRUE,NA,NA,235.625,251.53125,251.609375,251.531,15.906,NA,NA,NA,NA,0.072,0.00700000000000001,0.079,0.416671752929688,10.9876251220703,0.992370666161229,0.05635745579488,NA,0.000430862539500942,0.99999990716709,NA,NA,NA,8.50371369987002e-08,"within_tolerance","success",NA,NA
"19_ncomp_2__metal_rsvd_auto__rep1","0.99.39",NA,"reference_1",1,1,"/Library/Frameworks/R.framework/Versions/4.6/Resources/lib/libRblas.0.dylib","19_ncomp_2","one_factor","ncomp",2,2,"regression","simpls","metal_rsvd_auto","metal","rsvd","auto",FALSE,"float64",2000,400,500,100,NA,100,2,1,0.3814697265625,1,10019,124,NA,NA,"ordinary_fast",FALSE,NA,NA,NA,32,5,NA,NA,"fresh_oversampled_sketch_per_component",1,FALSE,TRUE,NA,NA,239.953125,261.578125,263.328125,264.844,24.890875,NA,NA,NA,NA,0.0740000000000001,0.01,0.0840000000000001,0.456161499023438,10.9876251220703,0.992370747741437,0.056357300646089,NA,1.7501798069046e-06,0.999999999998466,NA,NA,NA,3.45692907632866e-09,"within_tolerance","success",NA,NA
"19_ncomp_2__metal_rsvd_auto__rep2","0.99.39",NA,"reference_1",1,1,"/Library/Frameworks/R.framework/Versions/4.6/Resources/lib/libRblas.0.dylib","19_ncomp_2","one_factor","ncomp",2,2,"regression","simpls","metal_rsvd_auto","metal","rsvd","auto",FALSE,"float64",2000,400,500,100,NA,100,2,1,0.3814697265625,2,10019,125,NA,NA,"ordinary_fast",FALSE,NA,NA,NA,32,5,NA,NA,"fresh_oversampled_sketch_per_component",1,FALSE,TRUE,NA,NA,242.078125,268.765625,270.3125,268.781,26.702875,NA,NA,NA,NA,0.0720000000000001,0.005,0.0770000000000001,0.456161499023438,10.9876251220703,0.992370747741437,0.056357300646089,NA,1.7501798069046e-06,0.999999999998466,NA,NA,NA,3.45692907632866e-09,"within_tolerance","success",NA,NA
"19_ncomp_2__metal_rsvd_auto__rep3","0.99.39",NA,"reference_1",1,1,"/Library/Frameworks/R.framework/Versions/4.6/Resources/lib/libRblas.0.dylib","19_ncomp_2","one_factor","ncomp",2,2,"regression","simpls","metal_rsvd_auto","metal","rsvd","auto",FALSE,"float64",2000,400,500,100,NA,100,2,1,0.3814697265625,3,10019,126,NA,NA,"ordinary_fast",FALSE,NA,NA,NA,32,5,NA,NA,"fresh_oversampled_sketch_per_component",1,FALSE,TRUE,NA,NA,239.984375,265.9375,267.53125,266.906,26.921625,NA,NA,NA,NA,0.0690000000000001,0.012,0.0810000000000001,0.456161499023438,10.9876251220703,0.992370747741437,0.056357300646089,NA,1.7501798069046e-06,0.999999999998466,NA,NA,NA,3.45692907632866e-09,"within_tolerance","success",NA,NA
"20_ncomp_5__cpu_irlba_explicit__rep1","0.99.39",NA,"reference_1",1,1,"/Library/Frameworks/R.framework/Versions/4.6/Resources/lib/libRblas.0.dylib","20_ncomp_5","one_factor","ncomp",5,5,"regression","simpls","cpu_irlba_explicit","cpu","irlba","explicit",FALSE,"float64",2000,400,500,100,NA,100,5,1,0.3814697265625,1,10020,124,32,5,NA,NA,NA,NA,NA,NA,NA,NA,NA,"fresh_per_component",1,FALSE,TRUE,NA,NA,236.375,252.375,252.453125,252.375,16,NA,NA,NA,NA,0.0499999999999999,0.00700000000000001,0.0569999999999999,0.425315856933594,10.9876251220703,0.925946545862071,0.14036243754177,NA,0,1,NA,NA,NA,0,"deterministic_reference","success",NA,NA
"20_ncomp_5__cpu_irlba_explicit__rep2","0.99.39",NA,"reference_1",1,1,"/Library/Frameworks/R.framework/Versions/4.6/Resources/lib/libRblas.0.dylib","20_ncomp_5","one_factor","ncomp",5,5,"regression","simpls","cpu_irlba_explicit","cpu","irlba","explicit",FALSE,"float64",2000,400,500,100,NA,100,5,1,0.3814697265625,2,10020,125,32,5,NA,NA,NA,NA,NA,NA,NA,NA,NA,"fresh_per_component",1,FALSE,TRUE,NA,NA,237.90625,255.40625,255.484375,255.469,17.56275,NA,NA,NA,NA,0.0489999999999999,0.00700000000000001,0.0559999999999999,0.425315856933594,10.9876251220703,0.925946545862071,0.14036243754177,NA,0,1,NA,NA,NA,0,"deterministic_reference","success",NA,NA
"20_ncomp_5__cpu_irlba_explicit__rep3","0.99.39",NA,"reference_1",1,1,"/Library/Frameworks/R.framework/Versions/4.6/Resources/lib/libRblas.0.dylib","20_ncomp_5","one_factor","ncomp",5,5,"regression","simpls","cpu_irlba_explicit","cpu","irlba","explicit",FALSE,"float64",2000,400,500,100,NA,100,5,1,0.3814697265625,3,10020,126,32,5,NA,NA,NA,NA,NA,NA,NA,NA,NA,"fresh_per_component",1,FALSE,TRUE,NA,NA,237.421875,253.859375,253.9375,253.859,16.437125,NA,NA,NA,NA,0.0489999999999999,0.00700000000000001,0.0559999999999999,0.425315856933594,10.9876251220703,0.925946545862071,0.14036243754177,NA,0,1,NA,NA,NA,0,"deterministic_reference","success",NA,NA
"20_ncomp_5__cpu_rsvd_auto__rep1","0.99.39",NA,"reference_1",1,1,"/Library/Frameworks/R.framework/Versions/4.6/Resources/lib/libRblas.0.dylib","20_ncomp_5","one_factor","ncomp",5,5,"regression","simpls","cpu_rsvd_auto","cpu","rsvd","auto",FALSE,"float64",2000,400,500,100,NA,100,5,1,0.3814697265625,1,10020,124,NA,NA,"ordinary_fast",FALSE,NA,NA,NA,32,5,NA,NA,"fresh_oversampled_sketch_per_component",1,FALSE,TRUE,NA,NA,240.546875,256.640625,256.71875,256.641,16.094125,NA,NA,NA,NA,0.127,0.006,0.133,0.430404663085938,10.9876251220703,0.925946428888596,0.140362654735266,NA,0.000419387670012022,0.999999912154585,NA,NA,NA,1.1697347512829e-07,"within_tolerance","success",NA,NA
"20_ncomp_5__cpu_rsvd_auto__rep2","0.99.39",NA,"reference_1",1,1,"/Library/Frameworks/R.framework/Versions/4.6/Resources/lib/libRblas.0.dylib","20_ncomp_5","one_factor","ncomp",5,5,"regression","simpls","cpu_rsvd_auto","cpu","rsvd","auto",FALSE,"float64",2000,400,500,100,NA,100,5,1,0.3814697265625,2,10020,125,NA,NA,"ordinary_fast",FALSE,NA,NA,NA,32,5,NA,NA,"fresh_oversampled_sketch_per_component",1,FALSE,TRUE,NA,NA,236.265625,252.59375,252.671875,252.594,16.328375,NA,NA,NA,NA,0.125,0.00700000000000001,0.132,0.430404663085938,10.9876251220703,0.9259432446076,0.140368567220205,NA,0.000925806040409438,0.9999995715426,NA,NA,NA,3.30125447078888e-06,"within_tolerance","success",NA,NA
"20_ncomp_5__cpu_rsvd_auto__rep3","0.99.39",NA,"reference_1",1,1,"/Library/Frameworks/R.framework/Versions/4.6/Resources/lib/libRblas.0.dylib","20_ncomp_5","one_factor","ncomp",5,5,"regression","simpls","cpu_rsvd_auto","cpu","rsvd","auto",FALSE,"float64",2000,400,500,100,NA,100,5,1,0.3814697265625,3,10020,126,NA,NA,"ordinary_fast",FALSE,NA,NA,NA,32,5,NA,NA,"fresh_oversampled_sketch_per_component",1,FALSE,TRUE,NA,NA,235.5,253.078125,253.171875,253.156,17.656,NA,NA,NA,NA,0.125,0.006,0.131,0.430404663085938,10.9876251220703,0.925946271277592,0.140362947383506,NA,0.000483471149518698,0.999999883240451,NA,NA,NA,2.74584478376916e-07,"within_tolerance","success",NA,NA
"20_ncomp_5__metal_rsvd_auto__rep1","0.99.39",NA,"reference_1",1,1,"/Library/Frameworks/R.framework/Versions/4.6/Resources/lib/libRblas.0.dylib","20_ncomp_5","one_factor","ncomp",5,5,"regression","simpls","metal_rsvd_auto","metal","rsvd","auto",FALSE,"float64",2000,400,500,100,NA,100,5,1,0.3814697265625,1,10020,124,NA,NA,"ordinary_fast",FALSE,NA,NA,NA,32,5,NA,NA,"fresh_oversampled_sketch_per_component",1,FALSE,TRUE,NA,NA,240.171875,263.578125,263.609375,266.234,26.062125,NA,NA,NA,NA,0.127,0.005,0.132,0.529403686523438,10.9876251220703,0.925946562846516,0.140362406005455,NA,2.05387950993556e-05,0.999999999789204,NA,NA,NA,1.69844452946322e-08,"within_tolerance","success",NA,NA
"20_ncomp_5__metal_rsvd_auto__rep2","0.99.39",NA,"reference_1",1,1,"/Library/Frameworks/R.framework/Versions/4.6/Resources/lib/libRblas.0.dylib","20_ncomp_5","one_factor","ncomp",5,5,"regression","simpls","metal_rsvd_auto","metal","rsvd","auto",FALSE,"float64",2000,400,500,100,NA,100,5,1,0.3814697265625,2,10020,125,NA,NA,"ordinary_fast",FALSE,NA,NA,NA,32,5,NA,NA,"fresh_oversampled_sketch_per_component",1,FALSE,TRUE,NA,NA,240.25,266.21875,267.8125,269.703,29.453,NA,NA,NA,NA,0.124,0.005,0.129,0.529403686523438,10.9876251220703,0.925946562846516,0.140362406005455,NA,2.05387950993556e-05,0.999999999789204,NA,NA,NA,1.69844452946322e-08,"within_tolerance","success",NA,NA
"20_ncomp_5__metal_rsvd_auto__rep3","0.99.39",NA,"reference_1",1,1,"/Library/Frameworks/R.framework/Versions/4.6/Resources/lib/libRblas.0.dylib","20_ncomp_5","one_factor","ncomp",5,5,"regression","simpls","metal_rsvd_auto","metal","rsvd","auto",FALSE,"float64",2000,400,500,100,NA,100,5,1,0.3814697265625,3,10020,126,NA,NA,"ordinary_fast",FALSE,NA,NA,NA,32,5,NA,NA,"fresh_oversampled_sketch_per_component",1,FALSE,TRUE,NA,NA,240.03125,262.84375,262.890625,264.688,24.65675,NA,NA,NA,NA,0.121,0.005,0.126,0.529403686523438,10.9876251220703,0.925946562846516,0.140362406005455,NA,2.05387950993556e-05,0.999999999789204,NA,NA,NA,1.69844452946322e-08,"within_tolerance","success",NA,NA
"21_ncomp_10__cpu_irlba_explicit__rep1","0.99.39",NA,"reference_1",1,1,"/Library/Frameworks/R.framework/Versions/4.6/Resources/lib/libRblas.0.dylib","21_ncomp_10","one_factor","ncomp",10,10,"regression","simpls","cpu_irlba_explicit","cpu","irlba","explicit",FALSE,"float64",2000,400,500,100,NA,100,10,1,0.3814697265625,1,10021,124,32,5,NA,NA,NA,NA,NA,NA,NA,NA,NA,"fresh_per_component",1,FALSE,TRUE,NA,NA,236.03125,252,252.078125,252,15.96875,NA,NA,NA,NA,0.065,0.006,0.071,0.448219299316406,10.9876251220703,0.867436672000205,0.259461218947938,NA,0,1,NA,NA,NA,0,"deterministic_reference","success",NA,NA
"21_ncomp_10__cpu_irlba_explicit__rep2","0.99.39",NA,"reference_1",1,1,"/Library/Frameworks/R.framework/Versions/4.6/Resources/lib/libRblas.0.dylib","21_ncomp_10","one_factor","ncomp",10,10,"regression","simpls","cpu_irlba_explicit","cpu","irlba","explicit",FALSE,"float64",2000,400,500,100,NA,100,10,1,0.3814697265625,2,10021,125,32,5,NA,NA,NA,NA,NA,NA,NA,NA,NA,"fresh_per_component",1,FALSE,TRUE,NA,NA,240.421875,256.375,256.453125,256.375,15.953125,NA,NA,NA,NA,0.065,0.00700000000000001,0.072,0.448219299316406,10.9876251220703,0.867436672000205,0.259461218947938,NA,0,1,NA,NA,NA,0,"deterministic_reference","success",NA,NA
"21_ncomp_10__cpu_irlba_explicit__rep3","0.99.39",NA,"reference_1",1,1,"/Library/Frameworks/R.framework/Versions/4.6/Resources/lib/libRblas.0.dylib","21_ncomp_10","one_factor","ncomp",10,10,"regression","simpls","cpu_irlba_explicit","cpu","irlba","explicit",FALSE,"float64",2000,400,500,100,NA,100,10,1,0.3814697265625,3,10021,126,32,5,NA,NA,NA,NA,NA,NA,NA,NA,NA,"fresh_per_component",1,FALSE,TRUE,NA,NA,238.328125,254.28125,254.375,254.281,15.952875,NA,NA,NA,NA,0.065,0.00700000000000001,0.072,0.448219299316406,10.9876251220703,0.867436672000205,0.259461218947938,NA,0,1,NA,NA,NA,0,"deterministic_reference","success",NA,NA
"21_ncomp_10__cpu_rsvd_auto__rep1","0.99.39",NA,"reference_1",1,1,"/Library/Frameworks/R.framework/Versions/4.6/Resources/lib/libRblas.0.dylib","21_ncomp_10","one_factor","ncomp",10,10,"regression","simpls","cpu_rsvd_auto","cpu","rsvd","auto",FALSE,"float64",2000,400,500,100,NA,100,10,1,0.3814697265625,1,10021,124,NA,NA,"ordinary_fast",FALSE,NA,NA,NA,32,5,NA,NA,"fresh_oversampled_sketch_per_component",1,FALSE,TRUE,NA,NA,235.28125,251.1875,251.265625,251.359,16.07775,NA,NA,NA,NA,0.215,0.00700000000000001,0.222,0.45330810546875,10.9876251220703,0.867436369043189,0.259461736222314,NA,0.000386508933646236,0.999999925305024,NA,NA,NA,3.02957015696492e-07,"within_tolerance","success",NA,NA
"21_ncomp_10__cpu_rsvd_auto__rep2","0.99.39",NA,"reference_1",1,1,"/Library/Frameworks/R.framework/Versions/4.6/Resources/lib/libRblas.0.dylib","21_ncomp_10","one_factor","ncomp",10,10,"regression","simpls","cpu_rsvd_auto","cpu","rsvd","auto",FALSE,"float64",2000,400,500,100,NA,100,10,1,0.3814697265625,2,10021,125,NA,NA,"ordinary_fast",FALSE,NA,NA,NA,32,5,NA,NA,"fresh_oversampled_sketch_per_component",1,FALSE,TRUE,NA,NA,241.4375,257.375,257.453125,257.375,15.9375,NA,NA,NA,NA,0.214,0.00700000000000001,0.221,0.45330810546875,10.9876251220703,0.867437407353524,0.259459963391427,NA,0.000428968903258617,0.999999907996465,NA,NA,NA,7.35353319680776e-07,"within_tolerance","success",NA,NA
"21_ncomp_10__cpu_rsvd_auto__rep3","0.99.39",NA,"reference_1",1,1,"/Library/Frameworks/R.framework/Versions/4.6/Resources/lib/libRblas.0.dylib","21_ncomp_10","one_factor","ncomp",10,10,"regression","simpls","cpu_rsvd_auto","cpu","rsvd","auto",FALSE,"float64",2000,400,500,100,NA,100,10,1,0.3814697265625,3,10021,126,NA,NA,"ordinary_fast",FALSE,NA,NA,NA,32,5,NA,NA,"fresh_oversampled_sketch_per_component",1,FALSE,TRUE,NA,NA,235.71875,251.625,253.234375,251.625,15.90625,NA,NA,NA,NA,0.214,0.00700000000000001,0.221,0.45330810546875,10.9876251220703,0.867436258868389,0.259461924336738,NA,0.000388156325066644,0.999999924678442,NA,NA,NA,4.1313181542435e-07,"within_tolerance","success",NA,NA
"21_ncomp_10__metal_rsvd_auto__rep1","0.99.39",NA,"reference_1",1,1,"/Library/Frameworks/R.framework/Versions/4.6/Resources/lib/libRblas.0.dylib","21_ncomp_10","one_factor","ncomp",10,10,"regression","simpls","metal_rsvd_auto","metal","rsvd","auto",FALSE,"float64",2000,400,500,100,NA,100,10,1,0.3814697265625,1,10021,124,NA,NA,"ordinary_fast",FALSE,NA,NA,NA,32,5,NA,NA,"fresh_oversampled_sketch_per_component",1,FALSE,TRUE,NA,NA,237.390625,268.875,272.046875,272.812,35.421375,NA,NA,NA,NA,0.205,0.0100000000000001,0.215,0.651481628417969,10.9876251220703,0.867436722332492,0.259461133009644,NA,1.49921003178997e-05,0.999999999887621,NA,NA,NA,5.03322871159284e-08,"within_tolerance","success",NA,NA
"21_ncomp_10__metal_rsvd_auto__rep2","0.99.39",NA,"reference_1",1,1,"/Library/Frameworks/R.framework/Versions/4.6/Resources/lib/libRblas.0.dylib","21_ncomp_10","one_factor","ncomp",10,10,"regression","simpls","metal_rsvd_auto","metal","rsvd","auto",FALSE,"float64",2000,400,500,100,NA,100,10,1,0.3814697265625,2,10021,125,NA,NA,"ordinary_fast",FALSE,NA,NA,NA,32,5,NA,NA,"fresh_oversampled_sketch_per_component",1,FALSE,TRUE,NA,NA,244.578125,271.40625,271.703125,272.281,27.702875,NA,NA,NA,NA,0.201,0.006,0.207,0.651481628417969,10.9876251220703,0.867436722332492,0.259461133009644,NA,1.49921003178997e-05,0.999999999887621,NA,NA,NA,5.03322871159284e-08,"within_tolerance","success",NA,NA
"21_ncomp_10__metal_rsvd_auto__rep3","0.99.39",NA,"reference_1",1,1,"/Library/Frameworks/R.framework/Versions/4.6/Resources/lib/libRblas.0.dylib","21_ncomp_10","one_factor","ncomp",10,10,"regression","simpls","metal_rsvd_auto","metal","rsvd","auto",FALSE,"float64",2000,400,500,100,NA,100,10,1,0.3814697265625,3,10021,126,NA,NA,"ordinary_fast",FALSE,NA,NA,NA,32,5,NA,NA,"fresh_oversampled_sketch_per_component",1,FALSE,TRUE,NA,NA,238.6875,266.21875,269.390625,266.75,28.0625,NA,NA,NA,NA,0.201,0.012,0.213,0.651481628417969,10.9876251220703,0.867436722332492,0.259461133009644,NA,1.49921003178997e-05,0.999999999887621,NA,NA,NA,5.03322871159284e-08,"within_tolerance","success",NA,NA
"22_ncomp_20__cpu_irlba_explicit__rep1","0.99.39",NA,"reference_1",1,1,"/Library/Frameworks/R.framework/Versions/4.6/Resources/lib/libRblas.0.dylib","22_ncomp_20","one_factor","ncomp",20,20,"regression","simpls","cpu_irlba_explicit","cpu","irlba","explicit",FALSE,"float64",2000,400,500,100,NA,100,20,1,0.3814697265625,1,10022,124,32,5,NA,NA,NA,NA,NA,NA,NA,NA,NA,"fresh_per_component",1,FALSE,TRUE,NA,NA,239.578125,255.8125,255.890625,255.812,16.233875,NA,NA,NA,NA,0.101,0.006,0.107,0.493995666503906,10.9876251220703,0.75412574991847,0.431863098266969,NA,0,1,NA,NA,NA,0,"deterministic_reference","success",NA,NA
"22_ncomp_20__cpu_irlba_explicit__rep2","0.99.39",NA,"reference_1",1,1,"/Library/Frameworks/R.framework/Versions/4.6/Resources/lib/libRblas.0.dylib","22_ncomp_20","one_factor","ncomp",20,20,"regression","simpls","cpu_irlba_explicit","cpu","irlba","explicit",FALSE,"float64",2000,400,500,100,NA,100,20,1,0.3814697265625,2,10022,125,32,5,NA,NA,NA,NA,NA,NA,NA,NA,NA,"fresh_per_component",1,FALSE,TRUE,NA,NA,235.390625,251.4375,251.578125,251.438,16.047375,NA,NA,NA,NA,0.1,0.00700000000000001,0.107,0.493995666503906,10.9876251220703,0.75412574991847,0.431863098266969,NA,0,1,NA,NA,NA,0,"deterministic_reference","success",NA,NA
"22_ncomp_20__cpu_irlba_explicit__rep3","0.99.39",NA,"reference_1",1,1,"/Library/Frameworks/R.framework/Versions/4.6/Resources/lib/libRblas.0.dylib","22_ncomp_20","one_factor","ncomp",20,20,"regression","simpls","cpu_irlba_explicit","cpu","irlba","explicit",FALSE,"float64",2000,400,500,100,NA,100,20,1,0.3814697265625,3,10022,126,32,5,NA,NA,NA,NA,NA,NA,NA,NA,NA,"fresh_per_component",1,FALSE,TRUE,NA,NA,236.609375,256.515625,256.59375,256.516,19.906625,NA,NA,NA,NA,0.101,0.006,0.107,0.493995666503906,10.9876251220703,0.75412574991847,0.431863098266969,NA,0,1,NA,NA,NA,0,"deterministic_reference","success",NA,NA
"22_ncomp_20__cpu_rsvd_auto__rep1","0.99.39",NA,"reference_1",1,1,"/Library/Frameworks/R.framework/Versions/4.6/Resources/lib/libRblas.0.dylib","22_ncomp_20","one_factor","ncomp",20,20,"regression","simpls","cpu_rsvd_auto","cpu","rsvd","auto",FALSE,"float64",2000,400,500,100,NA,100,20,1,0.3814697265625,1,10022,124,NA,NA,"ordinary_fast",FALSE,NA,NA,NA,32,5,NA,NA,"fresh_oversampled_sketch_per_component",1,FALSE,TRUE,NA,NA,238.015625,253.953125,254.03125,254.125,16.109375,NA,NA,NA,NA,0.391,0.006,0.397,0.49908447265625,10.9876251220703,0.754121108538165,0.431870091613404,NA,0.000859286159796922,0.999999630815211,NA,NA,NA,4.6413803048706e-06,"within_tolerance","success",NA,NA
"22_ncomp_20__cpu_rsvd_auto__rep2","0.99.39",NA,"reference_1",1,1,"/Library/Frameworks/R.framework/Versions/4.6/Resources/lib/libRblas.0.dylib","22_ncomp_20","one_factor","ncomp",20,20,"regression","simpls","cpu_rsvd_auto","cpu","rsvd","auto",FALSE,"float64",2000,400,500,100,NA,100,20,1,0.3814697265625,2,10022,125,NA,NA,"ordinary_fast",FALSE,NA,NA,NA,32,5,NA,NA,"fresh_oversampled_sketch_per_component",1,FALSE,TRUE,NA,NA,234.796875,250.703125,250.78125,250.828,16.031125,NA,NA,NA,NA,0.392,0.00700000000000012,0.399,0.49908447265625,10.9876251220703,0.754124097316174,0.43186558831142,NA,0.000673255350131618,0.9999997734232,NA,NA,NA,1.65260229612052e-06,"within_tolerance","success",NA,NA
"22_ncomp_20__cpu_rsvd_auto__rep3","0.99.39",NA,"reference_1",1,1,"/Library/Frameworks/R.framework/Versions/4.6/Resources/lib/libRblas.0.dylib","22_ncomp_20","one_factor","ncomp",20,20,"regression","simpls","cpu_rsvd_auto","cpu","rsvd","auto",FALSE,"float64",2000,400,500,100,NA,100,20,1,0.3814697265625,3,10022,126,NA,NA,"ordinary_fast",FALSE,NA,NA,NA,32,5,NA,NA,"fresh_oversampled_sketch_per_component",1,FALSE,TRUE,NA,NA,242.625,258.578125,258.65625,258.641,16.016,NA,NA,NA,NA,0.391,0.00800000000000001,0.399,0.49908447265625,10.9876251220703,0.754127278427485,0.431860795194161,NA,0.000792694487795071,0.999999685827824,NA,NA,NA,1.52850901480317e-06,"within_tolerance","success",NA,NA
"22_ncomp_20__metal_rsvd_auto__rep1","0.99.39",NA,"reference_1",1,1,"/Library/Frameworks/R.framework/Versions/4.6/Resources/lib/libRblas.0.dylib","22_ncomp_20","one_factor","ncomp",20,20,"regression","simpls","metal_rsvd_auto","metal","rsvd","auto",FALSE,"float64",2000,400,500,100,NA,100,20,1,0.3814697265625,1,10022,124,NA,NA,"ordinary_fast",FALSE,NA,NA,NA,32,5,NA,NA,"fresh_oversampled_sketch_per_component",1,FALSE,TRUE,NA,NA,236.90625,271.171875,273.421875,274.75,37.84375,NA,NA,NA,NA,0.379,0.006,0.385,0.895622253417969,10.9876251220703,0.75412578249806,0.431863049177899,NA,4.52425543298668e-06,0.999999999989774,NA,NA,NA,3.25795894706715e-08,"within_tolerance","success",NA,NA
"22_ncomp_20__metal_rsvd_auto__rep2","0.99.39",NA,"reference_1",1,1,"/Library/Frameworks/R.framework/Versions/4.6/Resources/lib/libRblas.0.dylib","22_ncomp_20","one_factor","ncomp",20,20,"regression","simpls","metal_rsvd_auto","metal","rsvd","auto",FALSE,"float64",2000,400,500,100,NA,100,20,1,0.3814697265625,2,10022,125,NA,NA,"ordinary_fast",FALSE,NA,NA,NA,32,5,NA,NA,"fresh_oversampled_sketch_per_component",1,FALSE,TRUE,NA,NA,246.78125,271.453125,276.203125,275.109,28.32775,NA,NA,NA,NA,0.371,0.006,0.377,0.895622253417969,10.9876251220703,0.75412578249806,0.431863049177899,NA,4.52425543298668e-06,0.999999999989774,NA,NA,NA,3.25795894706715e-08,"within_tolerance","success",NA,NA
"22_ncomp_20__metal_rsvd_auto__rep3","0.99.39",NA,"reference_1",1,1,"/Library/Frameworks/R.framework/Versions/4.6/Resources/lib/libRblas.0.dylib","22_ncomp_20","one_factor","ncomp",20,20,"regression","simpls","metal_rsvd_auto","metal","rsvd","auto",FALSE,"float64",2000,400,500,100,NA,100,20,1,0.3814697265625,3,10022,126,NA,NA,"ordinary_fast",FALSE,NA,NA,NA,32,5,NA,NA,"fresh_oversampled_sketch_per_component",1,FALSE,TRUE,NA,NA,240.640625,273.96875,274.03125,273.969,33.328375,NA,NA,NA,NA,0.374,0.006,0.38,0.895622253417969,10.9876251220703,0.75412578249806,0.431863049177899,NA,4.52425543298668e-06,0.999999999989774,NA,NA,NA,3.25795894706715e-08,"within_tolerance","success",NA,NA
"23_ncomp_40__cpu_irlba_explicit__rep1","0.99.39",NA,"reference_1",1,1,"/Library/Frameworks/R.framework/Versions/4.6/Resources/lib/libRblas.0.dylib","23_ncomp_40","one_factor","ncomp",40,40,"regression","simpls","cpu_irlba_explicit","cpu","irlba","explicit",FALSE,"float64",2000,400,500,100,NA,100,40,1,0.3814697265625,1,10023,124,32,5,NA,NA,NA,NA,NA,NA,NA,NA,NA,"fresh_per_component",1,FALSE,TRUE,NA,NA,237.234375,254.71875,254.796875,254.719,17.484625,NA,NA,NA,NA,0.161,0.006,0.167,0.585548400878906,10.9876251220703,0.603040868008815,0.660258587819089,NA,0,1,NA,NA,NA,0,"deterministic_reference","success",NA,NA
"23_ncomp_40__cpu_irlba_explicit__rep2","0.99.39",NA,"reference_1",1,1,"/Library/Frameworks/R.framework/Versions/4.6/Resources/lib/libRblas.0.dylib","23_ncomp_40","one_factor","ncomp",40,40,"regression","simpls","cpu_irlba_explicit","cpu","irlba","explicit",FALSE,"float64",2000,400,500,100,NA,100,40,1,0.3814697265625,2,10023,125,32,5,NA,NA,NA,NA,NA,NA,NA,NA,NA,"fresh_per_component",1,FALSE,TRUE,NA,NA,233.28125,249.234375,249.3125,249.234,15.95275,NA,NA,NA,NA,0.161,0.006,0.167,0.585548400878906,10.9876251220703,0.603040868008815,0.660258587819089,NA,0,1,NA,NA,NA,0,"deterministic_reference","success",NA,NA
"23_ncomp_40__cpu_irlba_explicit__rep3","0.99.39",NA,"reference_1",1,1,"/Library/Frameworks/R.framework/Versions/4.6/Resources/lib/libRblas.0.dylib","23_ncomp_40","one_factor","ncomp",40,40,"regression","simpls","cpu_irlba_explicit","cpu","irlba","explicit",FALSE,"float64",2000,400,500,100,NA,100,40,1,0.3814697265625,3,10023,126,32,5,NA,NA,NA,NA,NA,NA,NA,NA,NA,"fresh_per_component",1,FALSE,TRUE,NA,NA,234.03125,253.078125,253.15625,253.141,19.10975,NA,NA,NA,NA,0.161,0.00700000000000001,0.168,0.585548400878906,10.9876251220703,0.603040868008815,0.660258587819089,NA,0,1,NA,NA,NA,0,"deterministic_reference","success",NA,NA
"23_ncomp_40__cpu_rsvd_auto__rep1","0.99.39",NA,"reference_1",1,1,"/Library/Frameworks/R.framework/Versions/4.6/Resources/lib/libRblas.0.dylib","23_ncomp_40","one_factor","ncomp",40,40,"regression","simpls","cpu_rsvd_auto","cpu","rsvd","auto",FALSE,"float64",2000,400,500,100,NA,100,40,1,0.3814697265625,1,10023,124,NA,NA,"ordinary_fast",FALSE,NA,NA,NA,32,5,NA,NA,"fresh_oversampled_sketch_per_component",1,FALSE,TRUE,NA,NA,238.03125,254.640625,254.71875,254.641,16.60975,NA,NA,NA,NA,0.744,0.006,0.75,0.59063720703125,10.9876251220703,0.603040795501238,0.660258669517779,NA,0.000697141106441325,0.999999756999976,NA,NA,NA,7.25075766094818e-08,"within_tolerance","success",NA,NA
"23_ncomp_40__cpu_rsvd_auto__rep2","0.99.39",NA,"reference_1",1,1,"/Library/Frameworks/R.framework/Versions/4.6/Resources/lib/libRblas.0.dylib","23_ncomp_40","one_factor","ncomp",40,40,"regression","simpls","cpu_rsvd_auto","cpu","rsvd","auto",FALSE,"float64",2000,400,500,100,NA,100,40,1,0.3814697265625,2,10023,125,NA,NA,"ordinary_fast",FALSE,NA,NA,NA,32,5,NA,NA,"fresh_oversampled_sketch_per_component",1,FALSE,TRUE,NA,NA,235.96875,254.828125,254.90625,254.828,18.85925,NA,NA,NA,NA,0.747,0.006,0.753,0.59063720703125,10.9876251220703,0.603036227017851,0.660263817085757,NA,0.000482118997399914,0.999999883820619,NA,NA,NA,4.64099096308956e-06,"within_tolerance","success",NA,NA
"23_ncomp_40__cpu_rsvd_auto__rep3","0.99.39",NA,"reference_1",1,1,"/Library/Frameworks/R.framework/Versions/4.6/Resources/lib/libRblas.0.dylib","23_ncomp_40","one_factor","ncomp",40,40,"regression","simpls","cpu_rsvd_auto","cpu","rsvd","auto",FALSE,"float64",2000,400,500,100,NA,100,40,1,0.3814697265625,3,10023,126,NA,NA,"ordinary_fast",FALSE,NA,NA,NA,32,5,NA,NA,"fresh_oversampled_sketch_per_component",1,FALSE,TRUE,NA,NA,237.046875,257.078125,257.171875,257.141,20.094125,NA,NA,NA,NA,0.745,0.0069999999999999,0.752,0.59063720703125,10.9876251220703,0.6030464240607,0.660252327448654,NA,0.000631934803587179,0.999999800344972,NA,NA,NA,5.55605188601316e-06,"within_tolerance","success",NA,NA
"23_ncomp_40__metal_rsvd_auto__rep1","0.99.39",NA,"reference_1",1,1,"/Library/Frameworks/R.framework/Versions/4.6/Resources/lib/libRblas.0.dylib","23_ncomp_40","one_factor","ncomp",40,40,"regression","simpls","metal_rsvd_auto","metal","rsvd","auto",FALSE,"float64",2000,400,500,100,NA,100,40,1,0.3814697265625,1,10023,124,NA,NA,"ordinary_fast",FALSE,NA,NA,NA,32,5,NA,NA,"fresh_oversampled_sketch_per_component",1,FALSE,TRUE,NA,NA,244.96875,279.125,279.234375,282.516,37.54725,NA,NA,NA,NA,0.722,0.01,0.732,1.38390350341797,10.9876251220703,0.60304085622616,0.66025860109532,NA,6.9811784243664e-06,0.999999999975633,NA,NA,NA,1.17826540746435e-08,"within_tolerance","success",NA,NA
"23_ncomp_40__metal_rsvd_auto__rep2","0.99.39",NA,"reference_1",1,1,"/Library/Frameworks/R.framework/Versions/4.6/Resources/lib/libRblas.0.dylib","23_ncomp_40","one_factor","ncomp",40,40,"regression","simpls","metal_rsvd_auto","metal","rsvd","auto",FALSE,"float64",2000,400,500,100,NA,100,40,1,0.3814697265625,2,10023,125,NA,NA,"ordinary_fast",FALSE,NA,NA,NA,32,5,NA,NA,"fresh_oversampled_sketch_per_component",1,FALSE,TRUE,NA,NA,245.375,279.25,279.3125,282.812,37.437,NA,NA,NA,NA,0.718,0.00800000000000001,0.726,1.38390350341797,10.9876251220703,0.60304085622616,0.66025860109532,NA,6.9811784243664e-06,0.999999999975633,NA,NA,NA,1.17826540746435e-08,"within_tolerance","success",NA,NA
"23_ncomp_40__metal_rsvd_auto__rep3","0.99.39",NA,"reference_1",1,1,"/Library/Frameworks/R.framework/Versions/4.6/Resources/lib/libRblas.0.dylib","23_ncomp_40","one_factor","ncomp",40,40,"regression","simpls","metal_rsvd_auto","metal","rsvd","auto",FALSE,"float64",2000,400,500,100,NA,100,40,1,0.3814697265625,3,10023,126,NA,NA,"ordinary_fast",FALSE,NA,NA,NA,32,5,NA,NA,"fresh_oversampled_sketch_per_component",1,FALSE,TRUE,NA,NA,235.34375,271.40625,271.53125,273,37.65625,NA,NA,NA,NA,0.728,0.006,0.734,1.38390350341797,10.9876251220703,0.60304085622616,0.66025860109532,NA,6.9811784243664e-06,0.999999999975633,NA,NA,NA,1.17826540746435e-08,"within_tolerance","success",NA,NA
"24_ncomp_80__cpu_irlba_explicit__rep1","0.99.39",NA,"reference_1",1,1,"/Library/Frameworks/R.framework/Versions/4.6/Resources/lib/libRblas.0.dylib","24_ncomp_80","one_factor","ncomp",80,80,"regression","simpls","cpu_irlba_explicit","cpu","irlba","explicit",FALSE,"float64",2000,400,500,100,NA,100,80,1,0.3814697265625,1,10024,124,32,5,NA,NA,NA,NA,NA,NA,NA,NA,NA,"fresh_per_component",1,FALSE,TRUE,NA,NA,236.453125,252.515625,252.59375,252.578,16.124875,NA,NA,NA,NA,0.304,0.0069999999999999,0.311,0.768653869628906,10.9876251220703,0.392673033119945,0.84737921639705,NA,0,1,NA,NA,NA,0,"deterministic_reference","success",NA,NA
"24_ncomp_80__cpu_irlba_explicit__rep2","0.99.39",NA,"reference_1",1,1,"/Library/Frameworks/R.framework/Versions/4.6/Resources/lib/libRblas.0.dylib","24_ncomp_80","one_factor","ncomp",80,80,"regression","simpls","cpu_irlba_explicit","cpu","irlba","explicit",FALSE,"float64",2000,400,500,100,NA,100,80,1,0.3814697265625,2,10024,125,32,5,NA,NA,NA,NA,NA,NA,NA,NA,NA,"fresh_per_component",1,FALSE,TRUE,NA,NA,230.0625,247.953125,248.140625,248.125,18.0625,NA,NA,NA,NA,0.303,0.0069999999999999,0.31,0.768653869628906,10.9876251220703,0.392673033119945,0.84737921639705,NA,0,1,NA,NA,NA,0,"deterministic_reference","success",NA,NA
"24_ncomp_80__cpu_irlba_explicit__rep3","0.99.39",NA,"reference_1",1,1,"/Library/Frameworks/R.framework/Versions/4.6/Resources/lib/libRblas.0.dylib","24_ncomp_80","one_factor","ncomp",80,80,"regression","simpls","cpu_irlba_explicit","cpu","irlba","explicit",FALSE,"float64",2000,400,500,100,NA,100,80,1,0.3814697265625,3,10024,126,32,5,NA,NA,NA,NA,NA,NA,NA,NA,NA,"fresh_per_component",1,FALSE,TRUE,NA,NA,237.390625,245.78125,245.890625,245.875,8.484375,NA,NA,NA,NA,0.304,0.0069999999999999,0.311,0.768653869628906,10.9876251220703,0.392673033119945,0.84737921639705,NA,0,1,NA,NA,NA,0,"deterministic_reference","success",NA,NA
"24_ncomp_80__cpu_rsvd_auto__rep1","0.99.39",NA,"reference_1",1,1,"/Library/Frameworks/R.framework/Versions/4.6/Resources/lib/libRblas.0.dylib","24_ncomp_80","one_factor","ncomp",80,80,"regression","simpls","cpu_rsvd_auto","cpu","rsvd","auto",FALSE,"float64",2000,400,500,100,NA,100,80,1,0.3814697265625,1,10024,124,NA,NA,"ordinary_fast",FALSE,NA,NA,NA,32,5,NA,NA,"fresh_oversampled_sketch_per_component",1,FALSE,TRUE,NA,NA,236.84375,254.5,254.578125,254.578,17.73425,NA,NA,NA,NA,1.454,0.00699999999999967,1.461,0.77374267578125,10.9876251220703,0.392679648557716,0.847374073890607,NA,0.0019525480759169,0.999998093523286,NA,NA,NA,6.61543777141782e-06,"within_tolerance","success",NA,NA
"24_ncomp_80__cpu_rsvd_auto__rep2","0.99.39",NA,"reference_1",1,1,"/Library/Frameworks/R.framework/Versions/4.6/Resources/lib/libRblas.0.dylib","24_ncomp_80","one_factor","ncomp",80,80,"regression","simpls","cpu_rsvd_auto","cpu","rsvd","auto",FALSE,"float64",2000,400,500,100,NA,100,80,1,0.3814697265625,2,10024,125,NA,NA,"ordinary_fast",FALSE,NA,NA,NA,32,5,NA,NA,"fresh_oversampled_sketch_per_component",1,FALSE,TRUE,NA,NA,238.203125,255.671875,255.75,256.75,18.546875,NA,NA,NA,NA,1.452,0.00700000000000012,1.459,0.77374267578125,10.9876251220703,0.392643285509015,0.847402339613242,NA,0.0017999256338502,0.999998380222091,NA,NA,NA,2.97476109301087e-05,"within_tolerance","success",NA,NA
"24_ncomp_80__cpu_rsvd_auto__rep3","0.99.39",NA,"reference_1",1,1,"/Library/Frameworks/R.framework/Versions/4.6/Resources/lib/libRblas.0.dylib","24_ncomp_80","one_factor","ncomp",80,80,"regression","simpls","cpu_rsvd_auto","cpu","rsvd","auto",FALSE,"float64",2000,400,500,100,NA,100,80,1,0.3814697265625,3,10024,126,NA,NA,"ordinary_fast",FALSE,NA,NA,NA,32,5,NA,NA,"fresh_oversampled_sketch_per_component",1,FALSE,TRUE,NA,NA,239.109375,255.015625,255.09375,255.016,15.906625,NA,NA,NA,NA,1.456,0.00700000000000012,1.463,0.77374267578125,10.9876251220703,0.392674879998224,0.847377780736083,NA,0.00215655705167569,0.99999767429253,NA,NA,NA,1.84687827897712e-06,"within_tolerance","success",NA,NA
"24_ncomp_80__metal_rsvd_auto__rep1","0.99.39",NA,"reference_1",1,1,"/Library/Frameworks/R.framework/Versions/4.6/Resources/lib/libRblas.0.dylib","24_ncomp_80","one_factor","ncomp",80,80,"regression","simpls","metal_rsvd_auto","metal","rsvd","auto",FALSE,"float64",2000,400,500,100,NA,100,80,1,0.3814697265625,1,10024,124,NA,NA,"ordinary_fast",FALSE,NA,NA,NA,32,5,NA,NA,"fresh_oversampled_sketch_per_component",1,FALSE,TRUE,NA,NA,236.34375,283.5,283.5625,288.109,51.76525,NA,NA,NA,NA,1.389,0.00800000000000001,1.397,2.36046600341797,10.9876251220703,0.392673006653248,0.847379236970745,NA,7.98941823968814e-06,0.999999999968067,NA,NA,NA,2.64666963345483e-08,"within_tolerance","success",NA,NA
"24_ncomp_80__metal_rsvd_auto__rep2","0.99.39",NA,"reference_1",1,1,"/Library/Frameworks/R.framework/Versions/4.6/Resources/lib/libRblas.0.dylib","24_ncomp_80","one_factor","ncomp",80,80,"regression","simpls","metal_rsvd_auto","metal","rsvd","auto",FALSE,"float64",2000,400,500,100,NA,100,80,1,0.3814697265625,2,10024,125,NA,NA,"ordinary_fast",FALSE,NA,NA,NA,32,5,NA,NA,"fresh_oversampled_sketch_per_component",1,FALSE,TRUE,NA,NA,243.828125,280.609375,280.734375,283.375,39.546875,NA,NA,NA,NA,1.41,0.00700000000000012,1.417,2.36046600341797,10.9876251220703,0.392673006653248,0.847379236970745,NA,7.98941823968814e-06,0.999999999968067,NA,NA,NA,2.64666963345483e-08,"within_tolerance","success",NA,NA
"24_ncomp_80__metal_rsvd_auto__rep3","0.99.39",NA,"reference_1",1,1,"/Library/Frameworks/R.framework/Versions/4.6/Resources/lib/libRblas.0.dylib","24_ncomp_80","one_factor","ncomp",80,80,"regression","simpls","metal_rsvd_auto","metal","rsvd","auto",FALSE,"float64",2000,400,500,100,NA,100,80,1,0.3814697265625,3,10024,126,NA,NA,"ordinary_fast",FALSE,NA,NA,NA,32,5,NA,NA,"fresh_oversampled_sketch_per_component",1,FALSE,TRUE,NA,NA,237.53125,280.984375,281.203125,288.312,50.78075,NA,NA,NA,NA,1.405,0.00700000000000012,1.412,2.36046600341797,10.9876251220703,0.392673006653248,0.847379236970745,NA,7.98941823968814e-06,0.999999999968067,NA,NA,NA,2.64666963345483e-08,"within_tolerance","success",NA,NA
"06_p_50__cpu_irlba_explicit__rep1","0.99.39",NA,"reference_1",1,1,"/Library/Frameworks/R.framework/Versions/4.6/Resources/lib/libRblas.0.dylib","06_p_50","one_factor","p",50,50,"regression","simpls","cpu_irlba_explicit","cpu","irlba","explicit",FALSE,"float64",2000,400,50,100,NA,30,20,1,0.03814697265625,1,10006,124,32,5,NA,NA,NA,NA,NA,NA,NA,NA,NA,"fresh_per_component",1,FALSE,TRUE,NA,NA,209.109375,211.9375,212.03125,211.938,2.82862499999999,NA,NA,NA,NA,0.011,0.001,0.012,0.0751419067382812,2.74787902832031,0.283173060575308,0.921942192494709,NA,0,1,NA,NA,NA,0,"deterministic_reference","success",NA,NA
"06_p_50__cpu_irlba_explicit__rep2","0.99.39",NA,"reference_1",1,1,"/Library/Frameworks/R.framework/Versions/4.6/Resources/lib/libRblas.0.dylib","06_p_50","one_factor","p",50,50,"regression","simpls","cpu_irlba_explicit","cpu","irlba","explicit",FALSE,"float64",2000,400,50,100,NA,30,20,1,0.03814697265625,2,10006,125,32,5,NA,NA,NA,NA,NA,NA,NA,NA,NA,"fresh_per_component",1,FALSE,TRUE,NA,NA,207.234375,210.203125,210.28125,210.281,3.04662500000001,NA,NA,NA,NA,0.012,0.001,0.013,0.0751419067382812,2.74787902832031,0.283173060575308,0.921942192494709,NA,0,1,NA,NA,NA,0,"deterministic_reference","success",NA,NA
"06_p_50__cpu_irlba_explicit__rep3","0.99.39",NA,"reference_1",1,1,"/Library/Frameworks/R.framework/Versions/4.6/Resources/lib/libRblas.0.dylib","06_p_50","one_factor","p",50,50,"regression","simpls","cpu_irlba_explicit","cpu","irlba","explicit",FALSE,"float64",2000,400,50,100,NA,30,20,1,0.03814697265625,3,10006,126,32,5,NA,NA,NA,NA,NA,NA,NA,NA,NA,"fresh_per_component",1,FALSE,TRUE,NA,NA,208.046875,211.78125,211.859375,211.781,3.73412500000001,NA,NA,NA,NA,0.011,0.001,0.012,0.0751419067382812,2.74787902832031,0.283173060575308,0.921942192494709,NA,0,1,NA,NA,NA,0,"deterministic_reference","success",NA,NA
"06_p_50__cpu_rsvd_auto__rep1","0.99.39",NA,"reference_1",1,1,"/Library/Frameworks/R.framework/Versions/4.6/Resources/lib/libRblas.0.dylib","06_p_50","one_factor","p",50,50,"regression","simpls","cpu_rsvd_auto","cpu","rsvd","auto",FALSE,"float64",2000,400,50,100,NA,30,20,1,0.03814697265625,1,10006,124,NA,NA,"ordinary_fast",FALSE,NA,NA,NA,32,5,NA,NA,"fresh_oversampled_sketch_per_component",1,FALSE,TRUE,NA,NA,210.703125,212.859375,212.9375,212.859,2.15587500000001,NA,NA,NA,NA,0.041,0.001,0.042,0.080230712890625,2.74787902832031,0.283173043435711,0.921942201943908,NA,6.32772413327963e-07,0.999999999999787,NA,NA,NA,1.71395970749444e-08,"within_tolerance","success",NA,NA
"06_p_50__cpu_rsvd_auto__rep2","0.99.39",NA,"reference_1",1,1,"/Library/Frameworks/R.framework/Versions/4.6/Resources/lib/libRblas.0.dylib","06_p_50","one_factor","p",50,50,"regression","simpls","cpu_rsvd_auto","cpu","rsvd","auto",FALSE,"float64",2000,400,50,100,NA,30,20,1,0.03814697265625,2,10006,125,NA,NA,"ordinary_fast",FALSE,NA,NA,NA,32,5,NA,NA,"fresh_oversampled_sketch_per_component",1,FALSE,TRUE,NA,NA,215.0625,220.296875,220.390625,220.297,5.2345,NA,NA,NA,NA,0.042,0.001,0.043,0.080230712890625,2.74787902832031,0.283173043435711,0.921942201943908,NA,6.32772413268428e-07,0.999999999999788,NA,NA,NA,1.71395970749444e-08,"within_tolerance","success",NA,NA
"06_p_50__cpu_rsvd_auto__rep3","0.99.39",NA,"reference_1",1,1,"/Library/Frameworks/R.framework/Versions/4.6/Resources/lib/libRblas.0.dylib","06_p_50","one_factor","p",50,50,"regression","simpls","cpu_rsvd_auto","cpu","rsvd","auto",FALSE,"float64",2000,400,50,100,NA,30,20,1,0.03814697265625,3,10006,126,NA,NA,"ordinary_fast",FALSE,NA,NA,NA,32,5,NA,NA,"fresh_oversampled_sketch_per_component",1,FALSE,TRUE,NA,NA,216.453125,217.84375,217.921875,218.031,1.57787500000001,NA,NA,NA,NA,0.041,0.002,0.043,0.080230712890625,2.74787902832031,0.283173043435711,0.921942201943908,NA,6.3277241335869e-07,0.999999999999787,NA,NA,NA,1.71395970749444e-08,"within_tolerance","success",NA,NA
"06_p_50__metal_rsvd_auto__rep1","0.99.39",NA,"reference_1",1,1,"/Library/Frameworks/R.framework/Versions/4.6/Resources/lib/libRblas.0.dylib","06_p_50","one_factor","p",50,50,"regression","simpls","metal_rsvd_auto","metal","rsvd","auto",FALSE,"float64",2000,400,50,100,NA,30,20,1,0.03814697265625,1,10006,124,NA,NA,"ordinary_fast",FALSE,NA,NA,NA,32,5,NA,NA,"fresh_oversampled_sketch_per_component",1,FALSE,TRUE,NA,NA,215.84375,225.109375,225.234375,225.094,9.25024999999999,NA,NA,NA,NA,0.115,0.005,0.12,0.408103942871094,2.74787902832031,0.28317304489415,0.921942201139859,NA,7.29380465347188e-07,0.999999999999719,NA,NA,NA,1.56811583718053e-08,"within_tolerance","success",NA,NA
"06_p_50__metal_rsvd_auto__rep2","0.99.39",NA,"reference_1",1,1,"/Library/Frameworks/R.framework/Versions/4.6/Resources/lib/libRblas.0.dylib","06_p_50","one_factor","p",50,50,"regression","simpls","metal_rsvd_auto","metal","rsvd","auto",FALSE,"float64",2000,400,50,100,NA,30,20,1,0.03814697265625,2,10006,125,NA,NA,"ordinary_fast",FALSE,NA,NA,NA,32,5,NA,NA,"fresh_oversampled_sketch_per_component",1,FALSE,TRUE,NA,NA,211.828125,220.84375,220.984375,221.016,9.18787499999999,NA,NA,NA,NA,0.117,0.00499999999999989,0.122,0.408103942871094,2.74787902832031,0.28317304489415,0.921942201139859,NA,7.29380465347188e-07,0.999999999999719,NA,NA,NA,1.56811583718053e-08,"within_tolerance","success",NA,NA
"06_p_50__metal_rsvd_auto__rep3","0.99.39",NA,"reference_1",1,1,"/Library/Frameworks/R.framework/Versions/4.6/Resources/lib/libRblas.0.dylib","06_p_50","one_factor","p",50,50,"regression","simpls","metal_rsvd_auto","metal","rsvd","auto",FALSE,"float64",2000,400,50,100,NA,30,20,1,0.03814697265625,3,10006,126,NA,NA,"ordinary_fast",FALSE,NA,NA,NA,32,5,NA,NA,"fresh_oversampled_sketch_per_component",1,FALSE,TRUE,NA,NA,213.765625,225.375,225.46875,225.531,11.765375,NA,NA,NA,NA,0.121,0.003,0.124,0.408103942871094,2.74787902832031,0.28317304489415,0.921942201139859,NA,7.29380465347188e-07,0.999999999999719,NA,NA,NA,1.56811583718053e-08,"within_tolerance","success",NA,NA
"07_p_100__cpu_irlba_explicit__rep1","0.99.39",NA,"reference_1",1,1,"/Library/Frameworks/R.framework/Versions/4.6/Resources/lib/libRblas.0.dylib","07_p_100","one_factor","p",100,100,"regression","simpls","cpu_irlba_explicit","cpu","irlba","explicit",FALSE,"float64",2000,400,100,100,NA,30,20,1,0.0762939453125,1,10007,124,32,5,NA,NA,NA,NA,NA,NA,NA,NA,NA,"fresh_per_component",1,FALSE,TRUE,NA,NA,215.359375,220.65625,220.734375,220.656,5.29662500000001,NA,NA,NA,NA,0.023,0.002,0.025,0.121681213378906,3.66340637207031,0.378787812227133,0.859081853234205,NA,0,1,NA,NA,NA,0,"deterministic_reference","success",NA,NA
"07_p_100__cpu_irlba_explicit__rep2","0.99.39",NA,"reference_1",1,1,"/Library/Frameworks/R.framework/Versions/4.6/Resources/lib/libRblas.0.dylib","07_p_100","one_factor","p",100,100,"regression","simpls","cpu_irlba_explicit","cpu","irlba","explicit",FALSE,"float64",2000,400,100,100,NA,30,20,1,0.0762939453125,2,10007,125,32,5,NA,NA,NA,NA,NA,NA,NA,NA,NA,"fresh_per_component",1,FALSE,TRUE,NA,NA,214.9375,216.453125,216.53125,216.609,1.67150000000001,NA,NA,NA,NA,0.023,0.002,0.025,0.121681213378906,3.66340637207031,0.378787812227133,0.859081853234205,NA,0,1,NA,NA,NA,0,"deterministic_reference","success",NA,NA
"07_p_100__cpu_irlba_explicit__rep3","0.99.39",NA,"reference_1",1,1,"/Library/Frameworks/R.framework/Versions/4.6/Resources/lib/libRblas.0.dylib","07_p_100","one_factor","p",100,100,"regression","simpls","cpu_irlba_explicit","cpu","irlba","explicit",FALSE,"float64",2000,400,100,100,NA,30,20,1,0.0762939453125,3,10007,126,32,5,NA,NA,NA,NA,NA,NA,NA,NA,NA,"fresh_per_component",1,FALSE,TRUE,NA,NA,213.734375,217.546875,217.640625,217.547,3.812625,NA,NA,NA,NA,0.023,0.002,0.025,0.121681213378906,3.66340637207031,0.378787812227133,0.859081853234205,NA,0,1,NA,NA,NA,0,"deterministic_reference","success",NA,NA
"07_p_100__cpu_rsvd_auto__rep1","0.99.39",NA,"reference_1",1,1,"/Library/Frameworks/R.framework/Versions/4.6/Resources/lib/libRblas.0.dylib","07_p_100","one_factor","p",100,100,"regression","simpls","cpu_rsvd_auto","cpu","rsvd","auto",FALSE,"float64",2000,400,100,100,NA,30,20,1,0.0762939453125,1,10007,124,NA,NA,"ordinary_fast",FALSE,NA,NA,NA,32,5,NA,NA,"fresh_oversampled_sketch_per_component",1,FALSE,TRUE,NA,NA,213.078125,218.3125,218.390625,218.312,5.23387500000001,NA,NA,NA,NA,0.078,0.001,0.079,0.12677001953125,3.66340637207031,0.378787782084532,0.859081875661746,NA,1.05841805333944e-06,0.999999999999433,NA,NA,NA,3.01426010818062e-08,"within_tolerance","success",NA,NA
"07_p_100__cpu_rsvd_auto__rep2","0.99.39",NA,"reference_1",1,1,"/Library/Frameworks/R.framework/Versions/4.6/Resources/lib/libRblas.0.dylib","07_p_100","one_factor","p",100,100,"regression","simpls","cpu_rsvd_auto","cpu","rsvd","auto",FALSE,"float64",2000,400,100,100,NA,30,20,1,0.0762939453125,2,10007,125,NA,NA,"ordinary_fast",FALSE,NA,NA,NA,32,5,NA,NA,"fresh_oversampled_sketch_per_component",1,FALSE,TRUE,NA,NA,214.78125,218.5,218.578125,218.5,3.71875,NA,NA,NA,NA,0.0770000000000001,0.001,0.0780000000000001,0.12677001953125,3.66340637207031,0.378787782084532,0.859081875661746,NA,1.05841805237824e-06,0.999999999999433,NA,NA,NA,3.01426010818062e-08,"within_tolerance","success",NA,NA
"07_p_100__cpu_rsvd_auto__rep3","0.99.39",NA,"reference_1",1,1,"/Library/Frameworks/R.framework/Versions/4.6/Resources/lib/libRblas.0.dylib","07_p_100","one_factor","p",100,100,"regression","simpls","cpu_rsvd_auto","cpu","rsvd","auto",FALSE,"float64",2000,400,100,100,NA,30,20,1,0.0762939453125,3,10007,126,NA,NA,"ordinary_fast",FALSE,NA,NA,NA,32,5,NA,NA,"fresh_oversampled_sketch_per_component",1,FALSE,TRUE,NA,NA,211.0625,211.703125,211.78125,211.703,0.640500000000003,NA,NA,NA,NA,0.077,0.002,0.079,0.12677001953125,3.66340637207031,0.378787782084532,0.859081875661746,NA,1.05841805266947e-06,0.999999999999433,NA,NA,NA,3.01426010818062e-08,"within_tolerance","success",NA,NA
"07_p_100__metal_rsvd_auto__rep1","0.99.39",NA,"reference_1",1,1,"/Library/Frameworks/R.framework/Versions/4.6/Resources/lib/libRblas.0.dylib","07_p_100","one_factor","p",100,100,"regression","simpls","metal_rsvd_auto","metal","rsvd","auto",FALSE,"float64",2000,400,100,100,NA,30,20,1,0.0762939453125,1,10007,124,NA,NA,"ordinary_fast",FALSE,NA,NA,NA,32,5,NA,NA,"fresh_oversampled_sketch_per_component",1,FALSE,TRUE,NA,NA,222.484375,233.875,233.9375,233.938,11.453625,NA,NA,NA,NA,0.164,0.006,0.17,0.462272644042969,3.66340637207031,0.378787781502547,0.859081876094773,NA,1.10545280816211e-06,0.999999999999398,NA,NA,NA,3.07245867636752e-08,"within_tolerance","success",NA,NA
"07_p_100__metal_rsvd_auto__rep2","0.99.39",NA,"reference_1",1,1,"/Library/Frameworks/R.framework/Versions/4.6/Resources/lib/libRblas.0.dylib","07_p_100","one_factor","p",100,100,"regression","simpls","metal_rsvd_auto","metal","rsvd","auto",FALSE,"float64",2000,400,100,100,NA,30,20,1,0.0762939453125,2,10007,125,NA,NA,"ordinary_fast",FALSE,NA,NA,NA,32,5,NA,NA,"fresh_oversampled_sketch_per_component",1,FALSE,TRUE,NA,NA,222.1875,234.65625,234.734375,234.656,12.4685,NA,NA,NA,NA,0.169,0.006,0.175,0.462272644042969,3.66340637207031,0.378787781502547,0.859081876094773,NA,1.10545280816211e-06,0.999999999999398,NA,NA,NA,3.07245867636752e-08,"within_tolerance","success",NA,NA
"07_p_100__metal_rsvd_auto__rep3","0.99.39",NA,"reference_1",1,1,"/Library/Frameworks/R.framework/Versions/4.6/Resources/lib/libRblas.0.dylib","07_p_100","one_factor","p",100,100,"regression","simpls","metal_rsvd_auto","metal","rsvd","auto",FALSE,"float64",2000,400,100,100,NA,30,20,1,0.0762939453125,3,10007,126,NA,NA,"ordinary_fast",FALSE,NA,NA,NA,32,5,NA,NA,"fresh_oversampled_sketch_per_component",1,FALSE,TRUE,NA,NA,219.28125,232.546875,232.640625,232.734,13.45275,NA,NA,NA,NA,0.149,0.006,0.155,0.462272644042969,3.66340637207031,0.378787781502547,0.859081876094773,NA,1.10545280816211e-06,0.999999999999398,NA,NA,NA,3.07245867636752e-08,"within_tolerance","success",NA,NA
"08_p_250__cpu_irlba_explicit__rep1","0.99.39",NA,"reference_1",1,1,"/Library/Frameworks/R.framework/Versions/4.6/Resources/lib/libRblas.0.dylib","08_p_250","one_factor","p",250,250,"regression","simpls","cpu_irlba_explicit","cpu","irlba","explicit",FALSE,"float64",2000,400,250,100,NA,30,20,1,0.19073486328125,1,10008,124,32,5,NA,NA,NA,NA,NA,NA,NA,NA,NA,"fresh_per_component",1,FALSE,TRUE,NA,NA,220.015625,228.390625,228.484375,228.469,8.45337499999999,NA,NA,NA,NA,0.078,0.004,0.082,0.261299133300781,6.40998840332031,0.479709409625629,0.775754381052818,NA,0,1,NA,NA,NA,0,"deterministic_reference","success",NA,NA
"08_p_250__cpu_irlba_explicit__rep2","0.99.39",NA,"reference_1",1,1,"/Library/Frameworks/R.framework/Versions/4.6/Resources/lib/libRblas.0.dylib","08_p_250","one_factor","p",250,250,"regression","simpls","cpu_irlba_explicit","cpu","irlba","explicit",FALSE,"float64",2000,400,250,100,NA,30,20,1,0.19073486328125,2,10008,125,32,5,NA,NA,NA,NA,NA,NA,NA,NA,NA,"fresh_per_component",1,FALSE,TRUE,NA,NA,225.1875,232.765625,232.859375,232.781,7.59350000000001,NA,NA,NA,NA,0.077,0.004,0.081,0.261299133300781,6.40998840332031,0.479709409625629,0.775754381052818,NA,0,1,NA,NA,NA,0,"deterministic_reference","success",NA,NA
"08_p_250__cpu_irlba_explicit__rep3","0.99.39",NA,"reference_1",1,1,"/Library/Frameworks/R.framework/Versions/4.6/Resources/lib/libRblas.0.dylib","08_p_250","one_factor","p",250,250,"regression","simpls","cpu_irlba_explicit","cpu","irlba","explicit",FALSE,"float64",2000,400,250,100,NA,30,20,1,0.19073486328125,3,10008,126,32,5,NA,NA,NA,NA,NA,NA,NA,NA,NA,"fresh_per_component",1,FALSE,TRUE,NA,NA,220.84375,231.15625,231.234375,231.312,10.46825,NA,NA,NA,NA,0.077,0.004,0.081,0.261299133300781,6.40998840332031,0.479709409625629,0.775754381052818,NA,0,1,NA,NA,NA,0,"deterministic_reference","success",NA,NA
"08_p_250__cpu_rsvd_auto__rep1","0.99.39",NA,"reference_1",1,1,"/Library/Frameworks/R.framework/Versions/4.6/Resources/lib/libRblas.0.dylib","08_p_250","one_factor","p",250,250,"regression","simpls","cpu_rsvd_auto","cpu","rsvd","auto",FALSE,"float64",2000,400,250,100,NA,30,20,1,0.19073486328125,1,10008,124,NA,NA,"ordinary_fast",FALSE,NA,NA,NA,32,5,NA,NA,"fresh_oversampled_sketch_per_component",1,FALSE,TRUE,NA,NA,222.6875,223.625,223.703125,223.797,1.1095,NA,NA,NA,NA,0.218,0.003,0.221,0.266387939453125,6.40998840332031,0.4797093889975,0.775754400338524,NA,7.21094123404122e-06,0.999999999973998,NA,NA,NA,2.06281283721133e-08,"within_tolerance","success",NA,NA
"08_p_250__cpu_rsvd_auto__rep2","0.99.39",NA,"reference_1",1,1,"/Library/Frameworks/R.framework/Versions/4.6/Resources/lib/libRblas.0.dylib","08_p_250","one_factor","p",250,250,"regression","simpls","cpu_rsvd_auto","cpu","rsvd","auto",FALSE,"float64",2000,400,250,100,NA,30,20,1,0.19073486328125,2,10008,125,NA,NA,"ordinary_fast",FALSE,NA,NA,NA,32,5,NA,NA,"fresh_oversampled_sketch_per_component",1,FALSE,TRUE,NA,NA,222.5625,227.109375,227.1875,227.109,4.54650000000001,NA,NA,NA,NA,0.219,0.003,0.222,0.266387939453125,6.40998840332031,0.4797093889975,0.775754400338524,NA,7.21094123413906e-06,0.999999999973998,NA,NA,NA,2.06281284276244e-08,"within_tolerance","success",NA,NA
"08_p_250__cpu_rsvd_auto__rep3","0.99.39",NA,"reference_1",1,1,"/Library/Frameworks/R.framework/Versions/4.6/Resources/lib/libRblas.0.dylib","08_p_250","one_factor","p",250,250,"regression","simpls","cpu_rsvd_auto","cpu","rsvd","auto",FALSE,"float64",2000,400,250,100,NA,30,20,1,0.19073486328125,3,10008,126,NA,NA,"ordinary_fast",FALSE,NA,NA,NA,32,5,NA,NA,"fresh_oversampled_sketch_per_component",1,FALSE,TRUE,NA,NA,224.71875,234.765625,234.84375,234.766,10.04725,NA,NA,NA,NA,0.219,0.004,0.223,0.266387939453125,6.40998840332031,0.4797093889975,0.775754400338524,NA,7.21094123412665e-06,0.999999999973998,NA,NA,NA,2.06281284276244e-08,"within_tolerance","success",NA,NA
"08_p_250__metal_rsvd_auto__rep1","0.99.39",NA,"reference_1",1,1,"/Library/Frameworks/R.framework/Versions/4.6/Resources/lib/libRblas.0.dylib","08_p_250","one_factor","p",250,250,"regression","simpls","metal_rsvd_auto","metal","rsvd","auto",FALSE,"float64",2000,400,250,100,NA,30,20,1,0.19073486328125,1,10008,124,NA,NA,"ordinary_fast",FALSE,NA,NA,NA,32,5,NA,NA,"fresh_oversampled_sketch_per_component",1,FALSE,TRUE,NA,NA,223.078125,245.484375,245.578125,247.719,24.640875,NA,NA,NA,NA,0.248,0.00800000000000001,0.256,0.624778747558594,6.40998840332031,0.479709391281674,0.775754398202999,NA,7.15718460423428e-06,0.999999999974381,NA,NA,NA,1.83439550216491e-08,"within_tolerance","success",NA,NA
"08_p_250__metal_rsvd_auto__rep2","0.99.39",NA,"reference_1",1,1,"/Library/Frameworks/R.framework/Versions/4.6/Resources/lib/libRblas.0.dylib","08_p_250","one_factor","p",250,250,"regression","simpls","metal_rsvd_auto","metal","rsvd","auto",FALSE,"float64",2000,400,250,100,NA,30,20,1,0.19073486328125,2,10008,125,NA,NA,"ordinary_fast",FALSE,NA,NA,NA,32,5,NA,NA,"fresh_oversampled_sketch_per_component",1,FALSE,TRUE,NA,NA,220.78125,240.703125,240.8125,241.281,20.49975,NA,NA,NA,NA,0.247,0.004,0.251,0.624778747558594,6.40998840332031,0.479709391281674,0.775754398202999,NA,7.15718460423428e-06,0.999999999974381,NA,NA,NA,1.83439550216491e-08,"within_tolerance","success",NA,NA
"08_p_250__metal_rsvd_auto__rep3","0.99.39",NA,"reference_1",1,1,"/Library/Frameworks/R.framework/Versions/4.6/Resources/lib/libRblas.0.dylib","08_p_250","one_factor","p",250,250,"regression","simpls","metal_rsvd_auto","metal","rsvd","auto",FALSE,"float64",2000,400,250,100,NA,30,20,1,0.19073486328125,3,10008,126,NA,NA,"ordinary_fast",FALSE,NA,NA,NA,32,5,NA,NA,"fresh_oversampled_sketch_per_component",1,FALSE,TRUE,NA,NA,228.40625,250.875,251.015625,251.453,23.04675,NA,NA,NA,NA,0.258,0.00800000000000001,0.266,0.624778747558594,6.40998840332031,0.479709391281674,0.775754398202999,NA,7.15718460423428e-06,0.999999999974381,NA,NA,NA,1.83439550216491e-08,"within_tolerance","success",NA,NA
"09_p_500__cpu_irlba_explicit__rep1","0.99.39",NA,"reference_1",1,1,"/Library/Frameworks/R.framework/Versions/4.6/Resources/lib/libRblas.0.dylib","09_p_500","one_factor","p",500,500,"regression","simpls","cpu_irlba_explicit","cpu","irlba","explicit",FALSE,"float64",2000,400,500,100,NA,30,20,1,0.3814697265625,1,10009,124,32,5,NA,NA,NA,NA,NA,NA,NA,NA,NA,"fresh_per_component",1,FALSE,TRUE,NA,NA,232.515625,250.03125,250.140625,250.094,17.578375,NA,NA,NA,NA,0.088,0.00700000000000001,0.095,0.493995666503906,10.9876251220703,0.565009949490716,0.678428314031321,NA,0,1,NA,NA,NA,0,"deterministic_reference","success",NA,NA
"09_p_500__cpu_irlba_explicit__rep2","0.99.39",NA,"reference_1",1,1,"/Library/Frameworks/R.framework/Versions/4.6/Resources/lib/libRblas.0.dylib","09_p_500","one_factor","p",500,500,"regression","simpls","cpu_irlba_explicit","cpu","irlba","explicit",FALSE,"float64",2000,400,500,100,NA,30,20,1,0.3814697265625,2,10009,125,32,5,NA,NA,NA,NA,NA,NA,NA,NA,NA,"fresh_per_component",1,FALSE,TRUE,NA,NA,235.203125,251.1875,251.28125,251.188,15.984875,NA,NA,NA,NA,0.086,0.00700000000000001,0.093,0.493995666503906,10.9876251220703,0.565009949490716,0.678428314031321,NA,0,1,NA,NA,NA,0,"deterministic_reference","success",NA,NA
"09_p_500__cpu_irlba_explicit__rep3","0.99.39",NA,"reference_1",1,1,"/Library/Frameworks/R.framework/Versions/4.6/Resources/lib/libRblas.0.dylib","09_p_500","one_factor","p",500,500,"regression","simpls","cpu_irlba_explicit","cpu","irlba","explicit",FALSE,"float64",2000,400,500,100,NA,30,20,1,0.3814697265625,3,10009,126,32,5,NA,NA,NA,NA,NA,NA,NA,NA,NA,"fresh_per_component",1,FALSE,TRUE,NA,NA,231.4375,249.859375,249.9375,249.859,18.4215,NA,NA,NA,NA,0.0880000000000001,0.00700000000000012,0.0950000000000002,0.493995666503906,10.9876251220703,0.565009949490716,0.678428314031321,NA,0,1,NA,NA,NA,0,"deterministic_reference","success",NA,NA
"09_p_500__cpu_rsvd_auto__rep1","0.99.39",NA,"reference_1",1,1,"/Library/Frameworks/R.framework/Versions/4.6/Resources/lib/libRblas.0.dylib","09_p_500","one_factor","p",500,500,"regression","simpls","cpu_rsvd_auto","cpu","rsvd","auto",FALSE,"float64",2000,400,500,100,NA,30,20,1,0.3814697265625,1,10009,124,NA,NA,"ordinary_fast",FALSE,NA,NA,NA,32,5,NA,NA,"fresh_oversampled_sketch_per_component",1,FALSE,TRUE,NA,NA,237.765625,254.171875,254.25,254.172,16.406375,NA,NA,NA,NA,0.392,0.006,0.398,0.49908447265625,10.9876251220703,0.565009924348668,0.678428342650186,NA,7.80313751673186e-06,0.999999999969555,NA,NA,NA,2.51420482211273e-08,"within_tolerance","success",NA,NA
"09_p_500__cpu_rsvd_auto__rep2","0.99.39",NA,"reference_1",1,1,"/Library/Frameworks/R.framework/Versions/4.6/Resources/lib/libRblas.0.dylib","09_p_500","one_factor","p",500,500,"regression","simpls","cpu_rsvd_auto","cpu","rsvd","auto",FALSE,"float64",2000,400,500,100,NA,30,20,1,0.3814697265625,2,10009,125,NA,NA,"ordinary_fast",FALSE,NA,NA,NA,32,5,NA,NA,"fresh_oversampled_sketch_per_component",1,FALSE,TRUE,NA,NA,237.03125,252.9375,253.0625,252.938,15.90675,NA,NA,NA,NA,0.392,0.0069999999999999,0.399,0.49908447265625,10.9876251220703,0.565009924348668,0.678428342650186,NA,7.80313751890808e-06,0.999999999969554,NA,NA,NA,2.5142048110105e-08,"within_tolerance","success",NA,NA
"09_p_500__cpu_rsvd_auto__rep3","0.99.39",NA,"reference_1",1,1,"/Library/Frameworks/R.framework/Versions/4.6/Resources/lib/libRblas.0.dylib","09_p_500","one_factor","p",500,500,"regression","simpls","cpu_rsvd_auto","cpu","rsvd","auto",FALSE,"float64",2000,400,500,100,NA,30,20,1,0.3814697265625,3,10009,126,NA,NA,"ordinary_fast",FALSE,NA,NA,NA,32,5,NA,NA,"fresh_oversampled_sketch_per_component",1,FALSE,TRUE,NA,NA,235.78125,253.515625,253.609375,253.719,17.93775,NA,NA,NA,NA,0.392,0.0069999999999999,0.399,0.49908447265625,10.9876251220703,0.565009924348668,0.678428342650186,NA,7.80313751785048e-06,0.999999999969554,NA,NA,NA,2.5142048110105e-08,"within_tolerance","success",NA,NA
"09_p_500__metal_rsvd_auto__rep1","0.99.39",NA,"reference_1",1,1,"/Library/Frameworks/R.framework/Versions/4.6/Resources/lib/libRblas.0.dylib","09_p_500","one_factor","p",500,500,"regression","simpls","metal_rsvd_auto","metal","rsvd","auto",FALSE,"float64",2000,400,500,100,NA,30,20,1,0.3814697265625,1,10009,124,NA,NA,"ordinary_fast",FALSE,NA,NA,NA,32,5,NA,NA,"fresh_oversampled_sketch_per_component",1,FALSE,TRUE,NA,NA,239.234375,274.296875,274.453125,277.203,37.968625,NA,NA,NA,NA,0.367,0.00800000000000001,0.375,0.895622253417969,10.9876251220703,0.565009929079068,0.67842833726563,NA,7.81469207379729e-06,0.999999999969452,NA,NA,NA,2.04116478164096e-08,"within_tolerance","success",NA,NA
"09_p_500__metal_rsvd_auto__rep2","0.99.39",NA,"reference_1",1,1,"/Library/Frameworks/R.framework/Versions/4.6/Resources/lib/libRblas.0.dylib","09_p_500","one_factor","p",500,500,"regression","simpls","metal_rsvd_auto","metal","rsvd","auto",FALSE,"float64",2000,400,500,100,NA,30,20,1,0.3814697265625,2,10009,125,NA,NA,"ordinary_fast",FALSE,NA,NA,NA,32,5,NA,NA,"fresh_oversampled_sketch_per_component",1,FALSE,TRUE,NA,NA,237.578125,272.453125,272.640625,273.5,35.921875,NA,NA,NA,NA,0.374,0.006,0.38,0.895622253417969,10.9876251220703,0.565009929079068,0.67842833726563,NA,7.81469207379729e-06,0.999999999969452,NA,NA,NA,2.04116478164096e-08,"within_tolerance","success",NA,NA
"09_p_500__metal_rsvd_auto__rep3","0.99.39",NA,"reference_1",1,1,"/Library/Frameworks/R.framework/Versions/4.6/Resources/lib/libRblas.0.dylib","09_p_500","one_factor","p",500,500,"regression","simpls","metal_rsvd_auto","metal","rsvd","auto",FALSE,"float64",2000,400,500,100,NA,30,20,1,0.3814697265625,3,10009,126,NA,NA,"ordinary_fast",FALSE,NA,NA,NA,32,5,NA,NA,"fresh_oversampled_sketch_per_component",1,FALSE,TRUE,NA,NA,240.75,275.8125,276.515625,279.656,38.906,NA,NA,NA,NA,0.388,0.00800000000000001,0.396,0.895622253417969,10.9876251220703,0.565009929079068,0.67842833726563,NA,7.81469207379729e-06,0.999999999969452,NA,NA,NA,2.04116478164096e-08,"within_tolerance","success",NA,NA
"10_p_1000__cpu_irlba_explicit__rep1","0.99.39",NA,"reference_1",1,1,"/Library/Frameworks/R.framework/Versions/4.6/Resources/lib/libRblas.0.dylib","10_p_1000","one_factor","p",1000,1000,"regression","simpls","cpu_irlba_explicit","cpu","irlba","explicit",FALSE,"float64",2000,400,1000,100,NA,30,20,1,0.762939453125,1,10010,124,32,5,NA,NA,NA,NA,NA,NA,NA,NA,NA,"fresh_per_component",1,FALSE,TRUE,NA,NA,242.75,259.71875,259.828125,259.719,16.969,NA,NA,NA,NA,0.169,0.013,0.182,0.959388732910156,20.1428985595703,0.677315754463947,0.564449533300732,NA,0,1,NA,NA,NA,0,"deterministic_reference","success",NA,NA
"10_p_1000__cpu_irlba_explicit__rep2","0.99.39",NA,"reference_1",1,1,"/Library/Frameworks/R.framework/Versions/4.6/Resources/lib/libRblas.0.dylib","10_p_1000","one_factor","p",1000,1000,"regression","simpls","cpu_irlba_explicit","cpu","irlba","explicit",FALSE,"float64",2000,400,1000,100,NA,30,20,1,0.762939453125,2,10010,125,32,5,NA,NA,NA,NA,NA,NA,NA,NA,NA,"fresh_per_component",1,FALSE,TRUE,NA,NA,245.484375,263.84375,263.9375,263.844,18.359625,NA,NA,NA,NA,0.167,0.013,0.18,0.959388732910156,20.1428985595703,0.677315754463947,0.564449533300732,NA,0,1,NA,NA,NA,0,"deterministic_reference","success",NA,NA
"10_p_1000__cpu_irlba_explicit__rep3","0.99.39",NA,"reference_1",1,1,"/Library/Frameworks/R.framework/Versions/4.6/Resources/lib/libRblas.0.dylib","10_p_1000","one_factor","p",1000,1000,"regression","simpls","cpu_irlba_explicit","cpu","irlba","explicit",FALSE,"float64",2000,400,1000,100,NA,30,20,1,0.762939453125,3,10010,126,32,5,NA,NA,NA,NA,NA,NA,NA,NA,NA,"fresh_per_component",1,FALSE,TRUE,NA,NA,246.703125,265.0625,265.140625,265.062,18.358875,NA,NA,NA,NA,0.168,0.013,0.181,0.959388732910156,20.1428985595703,0.677315754463947,0.564449533300732,NA,0,1,NA,NA,NA,0,"deterministic_reference","success",NA,NA
"10_p_1000__cpu_rsvd_auto__rep1","0.99.39",NA,"reference_1",1,1,"/Library/Frameworks/R.framework/Versions/4.6/Resources/lib/libRblas.0.dylib","10_p_1000","one_factor","p",1000,1000,"regression","simpls","cpu_rsvd_auto","cpu","rsvd","auto",FALSE,"float64",2000,400,1000,100,NA,30,20,1,0.762939453125,1,10010,124,NA,NA,"ordinary_fast",FALSE,NA,NA,NA,32,5,NA,NA,"fresh_oversampled_sketch_per_component",1,FALSE,TRUE,NA,NA,248.234375,269.78125,269.875,269.844,21.609625,NA,NA,NA,NA,0.801,0.014,0.815,0.9644775390625,20.1428985595703,0.677315797545895,0.564449477892707,NA,9.57123456247213e-06,0.999999999954192,NA,NA,NA,4.30819477870159e-08,"within_tolerance","success",NA,NA
"10_p_1000__cpu_rsvd_auto__rep2","0.99.39",NA,"reference_1",1,1,"/Library/Frameworks/R.framework/Versions/4.6/Resources/lib/libRblas.0.dylib","10_p_1000","one_factor","p",1000,1000,"regression","simpls","cpu_rsvd_auto","cpu","rsvd","auto",FALSE,"float64",2000,400,1000,100,NA,30,20,1,0.762939453125,2,10010,125,NA,NA,"ordinary_fast",FALSE,NA,NA,NA,32,5,NA,NA,"fresh_oversampled_sketch_per_component",1,FALSE,TRUE,NA,NA,247.734375,263.8125,266.953125,263.812,16.077625,NA,NA,NA,NA,0.8,0.0130000000000001,0.813,0.9644775390625,20.1428985595703,0.677315797545895,0.564449477892707,NA,9.5712345626479e-06,0.999999999954191,NA,NA,NA,4.30819477870159e-08,"within_tolerance","success",NA,NA
"10_p_1000__cpu_rsvd_auto__rep3","0.99.39",NA,"reference_1",1,1,"/Library/Frameworks/R.framework/Versions/4.6/Resources/lib/libRblas.0.dylib","10_p_1000","one_factor","p",1000,1000,"regression","simpls","cpu_rsvd_auto","cpu","rsvd","auto",FALSE,"float64",2000,400,1000,100,NA,30,20,1,0.762939453125,3,10010,126,NA,NA,"ordinary_fast",FALSE,NA,NA,NA,32,5,NA,NA,"fresh_oversampled_sketch_per_component",1,FALSE,TRUE,NA,NA,250.125,269.90625,269.984375,269.969,19.844,NA,NA,NA,NA,0.8,0.0129999999999999,0.813,0.9644775390625,20.1428985595703,0.677315797545895,0.564449477892707,NA,9.57123456230038e-06,0.999999999954191,NA,NA,NA,4.30819478980382e-08,"within_tolerance","success",NA,NA
"10_p_1000__metal_rsvd_auto__rep1","0.99.39",NA,"reference_1",1,1,"/Library/Frameworks/R.framework/Versions/4.6/Resources/lib/libRblas.0.dylib","10_p_1000","one_factor","p",1000,1000,"regression","simpls","metal_rsvd_auto","metal","rsvd","auto",FALSE,"float64",2000,400,1000,100,NA,30,20,1,0.762939453125,1,10010,124,NA,NA,"ordinary_fast",FALSE,NA,NA,NA,32,5,NA,NA,"fresh_oversampled_sketch_per_component",1,FALSE,TRUE,NA,NA,255.265625,292.53125,301.78125,299.875,44.609375,NA,NA,NA,NA,0.643,0.0089999999999999,0.652,1.43730926513672,20.1428985595703,0.677315802079796,0.564449472061628,NA,9.63439320713632e-06,0.999999999953589,NA,NA,NA,4.7615848264293e-08,"within_tolerance","success",NA,NA
"10_p_1000__metal_rsvd_auto__rep2","0.99.39",NA,"reference_1",1,1,"/Library/Frameworks/R.framework/Versions/4.6/Resources/lib/libRblas.0.dylib","10_p_1000","one_factor","p",1000,1000,"regression","simpls","metal_rsvd_auto","metal","rsvd","auto",FALSE,"float64",2000,400,1000,100,NA,30,20,1,0.762939453125,2,10010,125,NA,NA,"ordinary_fast",FALSE,NA,NA,NA,32,5,NA,NA,"fresh_oversampled_sketch_per_component",1,FALSE,TRUE,NA,NA,247.28125,291.375,300.625,301.844,54.56275,NA,NA,NA,NA,0.629,0.0110000000000001,0.64,1.43730926513672,20.1428985595703,0.677315802079796,0.564449472061628,NA,9.63439320713632e-06,0.999999999953589,NA,NA,NA,4.7615848264293e-08,"within_tolerance","success",NA,NA
"10_p_1000__metal_rsvd_auto__rep3","0.99.39",NA,"reference_1",1,1,"/Library/Frameworks/R.framework/Versions/4.6/Resources/lib/libRblas.0.dylib","10_p_1000","one_factor","p",1000,1000,"regression","simpls","metal_rsvd_auto","metal","rsvd","auto",FALSE,"float64",2000,400,1000,100,NA,30,20,1,0.762939453125,3,10010,126,NA,NA,"ordinary_fast",FALSE,NA,NA,NA,32,5,NA,NA,"fresh_oversampled_sketch_per_component",1,FALSE,TRUE,NA,NA,249.125,292.84375,305.140625,300.094,50.969,NA,NA,NA,NA,0.655,0.00800000000000001,0.663,1.43730926513672,20.1428985595703,0.677315802079796,0.564449472061628,NA,9.63439320713632e-06,0.999999999953589,NA,NA,NA,4.7615848264293e-08,"within_tolerance","success",NA,NA
"11_p_2000__cpu_irlba_explicit__rep1","0.99.39",NA,"reference_1",1,1,"/Library/Frameworks/R.framework/Versions/4.6/Resources/lib/libRblas.0.dylib","11_p_2000","one_factor","p",2000,2000,"regression","simpls","cpu_irlba_explicit","cpu","irlba","explicit",FALSE,"float64",2000,400,2000,100,NA,30,20,1,1.52587890625,1,10011,124,32,5,NA,NA,NA,NA,NA,NA,NA,NA,NA,"fresh_per_component",1,FALSE,TRUE,NA,NA,318.109375,320.75,326.9375,326.922,8.81262500000003,NA,NA,NA,NA,0.343,0.026,0.369,1.89017486572266,38.4534454345703,0.785652605588637,0.417589474051064,NA,0,1,NA,NA,NA,0,"deterministic_reference","success",NA,NA
"11_p_2000__cpu_irlba_explicit__rep2","0.99.39",NA,"reference_1",1,1,"/Library/Frameworks/R.framework/Versions/4.6/Resources/lib/libRblas.0.dylib","11_p_2000","one_factor","p",2000,2000,"regression","simpls","cpu_irlba_explicit","cpu","irlba","explicit",FALSE,"float64",2000,400,2000,100,NA,30,20,1,1.52587890625,2,10011,125,32,5,NA,NA,NA,NA,NA,NA,NA,NA,NA,"fresh_per_component",1,FALSE,TRUE,NA,NA,320.578125,321.515625,327.703125,327.688,7.10987499999999,NA,NA,NA,NA,0.346,0.026,0.372,1.89017486572266,38.4534454345703,0.785652605588637,0.417589474051064,NA,0,1,NA,NA,NA,0,"deterministic_reference","success",NA,NA
"11_p_2000__cpu_irlba_explicit__rep3","0.99.39",NA,"reference_1",1,1,"/Library/Frameworks/R.framework/Versions/4.6/Resources/lib/libRblas.0.dylib","11_p_2000","one_factor","p",2000,2000,"regression","simpls","cpu_irlba_explicit","cpu","irlba","explicit",FALSE,"float64",2000,400,2000,100,NA,30,20,1,1.52587890625,3,10011,126,32,5,NA,NA,NA,NA,NA,NA,NA,NA,NA,"fresh_per_component",1,FALSE,TRUE,NA,NA,320.953125,323.421875,329.609375,329.594,8.64087499999999,NA,NA,NA,NA,0.344,0.0259999999999998,0.37,1.89017486572266,38.4534454345703,0.785652605588637,0.417589474051064,NA,0,1,NA,NA,NA,0,"deterministic_reference","success",NA,NA
"11_p_2000__cpu_rsvd_auto__rep1","0.99.39",NA,"reference_1",1,1,"/Library/Frameworks/R.framework/Versions/4.6/Resources/lib/libRblas.0.dylib","11_p_2000","one_factor","p",2000,2000,"regression","simpls","cpu_rsvd_auto","cpu","rsvd","auto",FALSE,"float64",2000,400,2000,100,NA,30,20,1,1.52587890625,1,10011,124,NA,NA,"ordinary_fast",FALSE,NA,NA,NA,32,5,NA,NA,"fresh_oversampled_sketch_per_component",1,FALSE,TRUE,NA,NA,316.1875,323.109375,329.296875,329.281,13.0935,NA,NA,NA,NA,1.622,0.0259999999999998,1.648,1.895263671875,38.4534454345703,0.785652612728481,0.417589463465415,NA,1.56230005356356e-06,0.999999999998789,NA,NA,NA,7.13984404931978e-09,"within_tolerance","success",NA,NA
"11_p_2000__cpu_rsvd_auto__rep2","0.99.39",NA,"reference_1",1,1,"/Library/Frameworks/R.framework/Versions/4.6/Resources/lib/libRblas.0.dylib","11_p_2000","one_factor","p",2000,2000,"regression","simpls","cpu_rsvd_auto","cpu","rsvd","auto",FALSE,"float64",2000,400,2000,100,NA,30,20,1,1.52587890625,2,10011,125,NA,NA,"ordinary_fast",FALSE,NA,NA,NA,32,5,NA,NA,"fresh_oversampled_sketch_per_component",1,FALSE,TRUE,NA,NA,315.078125,322.46875,328.703125,328.688,13.609875,NA,NA,NA,NA,1.618,0.0270000000000001,1.645,1.895263671875,38.4534454345703,0.785652612728481,0.417589463465415,NA,1.56230005173531e-06,0.999999999998788,NA,NA,NA,7.13984393829747e-09,"within_tolerance","success",NA,NA
"11_p_2000__cpu_rsvd_auto__rep3","0.99.39",NA,"reference_1",1,1,"/Library/Frameworks/R.framework/Versions/4.6/Resources/lib/libRblas.0.dylib","11_p_2000","one_factor","p",2000,2000,"regression","simpls","cpu_rsvd_auto","cpu","rsvd","auto",FALSE,"float64",2000,400,2000,100,NA,30,20,1,1.52587890625,3,10011,126,NA,NA,"ordinary_fast",FALSE,NA,NA,NA,32,5,NA,NA,"fresh_oversampled_sketch_per_component",1,FALSE,TRUE,NA,NA,317.5,325.828125,332.015625,332,14.5,NA,NA,NA,NA,1.615,0.0260000000000002,1.641,1.895263671875,38.4534454345703,0.785652612728481,0.417589463465415,NA,1.56230005211313e-06,0.999999999998788,NA,NA,NA,7.13984393829747e-09,"within_tolerance","success",NA,NA
"11_p_2000__metal_rsvd_auto__rep1","0.99.39",NA,"reference_1",1,1,"/Library/Frameworks/R.framework/Versions/4.6/Resources/lib/libRblas.0.dylib","11_p_2000","one_factor","p",2000,2000,"regression","simpls","metal_rsvd_auto","metal","rsvd","auto",FALSE,"float64",2000,400,2000,100,NA,30,20,1,1.52587890625,1,10011,124,NA,NA,"ordinary_fast",FALSE,NA,NA,NA,32,5,NA,NA,"fresh_oversampled_sketch_per_component",1,FALSE,TRUE,NA,NA,321.359375,387.859375,394.09375,401.219,79.859625,NA,NA,NA,NA,1.099,0.0129999999999999,1.112,2.52068328857422,38.4534454345703,0.785652604972604,0.417589474964405,NA,1.79778360331372e-06,0.999999999998398,NA,NA,NA,6.16033113409742e-10,"within_tolerance","success",NA,NA
"11_p_2000__metal_rsvd_auto__rep2","0.99.39",NA,"reference_1",1,1,"/Library/Frameworks/R.framework/Versions/4.6/Resources/lib/libRblas.0.dylib","11_p_2000","one_factor","p",2000,2000,"regression","simpls","metal_rsvd_auto","metal","rsvd","auto",FALSE,"float64",2000,400,2000,100,NA,30,20,1,1.52587890625,2,10011,125,NA,NA,"ordinary_fast",FALSE,NA,NA,NA,32,5,NA,NA,"fresh_oversampled_sketch_per_component",1,FALSE,TRUE,NA,NA,318.5625,415.90625,415.953125,432.359,113.7965,NA,NA,NA,NA,1.137,0.0150000000000001,1.152,2.52068328857422,38.4534454345703,0.785652604972604,0.417589474964405,NA,1.79778360331372e-06,0.999999999998398,NA,NA,NA,6.16033113409742e-10,"within_tolerance","success",NA,NA
"11_p_2000__metal_rsvd_auto__rep3","0.99.39",NA,"reference_1",1,1,"/Library/Frameworks/R.framework/Versions/4.6/Resources/lib/libRblas.0.dylib","11_p_2000","one_factor","p",2000,2000,"regression","simpls","metal_rsvd_auto","metal","rsvd","auto",FALSE,"float64",2000,400,2000,100,NA,30,20,1,1.52587890625,3,10011,126,NA,NA,"ordinary_fast",FALSE,NA,NA,NA,32,5,NA,NA,"fresh_oversampled_sketch_per_component",1,FALSE,TRUE,NA,NA,322.65625,390.453125,402.671875,403.828,81.17175,NA,NA,NA,NA,1.097,0.0130000000000003,1.11,2.52068328857422,38.4534454345703,0.785652604972604,0.417589474964405,NA,1.79778360331372e-06,0.999999999998398,NA,NA,NA,6.16033113409742e-10,"within_tolerance","success",NA,NA
"25_prefix_count_1__cpu_irlba_explicit__rep1","0.99.39",NA,"reference_1",1,1,"/Library/Frameworks/R.framework/Versions/4.6/Resources/lib/libRblas.0.dylib","25_prefix_count_1","one_factor","prefix_count",1,1,"regression","simpls","cpu_irlba_explicit","cpu","irlba","explicit",FALSE,"float64",2000,400,400,100,NA,30,1,1,0.30517578125,1,10025,124,32,5,NA,NA,NA,NA,NA,NA,NA,NA,NA,"fresh_per_component",1,FALSE,TRUE,NA,NA,226.375,241.109375,241.21875,241.109,14.734,NA,NA,NA,NA,0.034,0.005,0.039,0.328422546386719,9.15657043457031,0.973469270026626,0.0579703376615655,NA,0,1,NA,NA,NA,0,"deterministic_reference","success",NA,NA
"25_prefix_count_1__cpu_irlba_explicit__rep2","0.99.39",NA,"reference_1",1,1,"/Library/Frameworks/R.framework/Versions/4.6/Resources/lib/libRblas.0.dylib","25_prefix_count_1","one_factor","prefix_count",1,1,"regression","simpls","cpu_irlba_explicit","cpu","irlba","explicit",FALSE,"float64",2000,400,400,100,NA,30,1,1,0.30517578125,2,10025,125,32,5,NA,NA,NA,NA,NA,NA,NA,NA,NA,"fresh_per_component",1,FALSE,TRUE,NA,NA,231.859375,238.640625,238.765625,238.641,6.78162499999999,NA,NA,NA,NA,0.033,0.006,0.039,0.328422546386719,9.15657043457031,0.973469270026626,0.0579703376615655,NA,0,1,NA,NA,NA,0,"deterministic_reference","success",NA,NA
"25_prefix_count_1__cpu_irlba_explicit__rep3","0.99.39",NA,"reference_1",1,1,"/Library/Frameworks/R.framework/Versions/4.6/Resources/lib/libRblas.0.dylib","25_prefix_count_1","one_factor","prefix_count",1,1,"regression","simpls","cpu_irlba_explicit","cpu","irlba","explicit",FALSE,"float64",2000,400,400,100,NA,30,1,1,0.30517578125,3,10025,126,32,5,NA,NA,NA,NA,NA,NA,NA,NA,NA,"fresh_per_component",1,FALSE,TRUE,NA,NA,232.6875,243.484375,243.5625,243.484,10.7965,NA,NA,NA,NA,0.033,0.006,0.039,0.328422546386719,9.15657043457031,0.973469270026626,0.0579703376615655,NA,0,1,NA,NA,NA,0,"deterministic_reference","success",NA,NA
"25_prefix_count_1__cpu_rsvd_auto__rep1","0.99.39",NA,"reference_1",1,1,"/Library/Frameworks/R.framework/Versions/4.6/Resources/lib/libRblas.0.dylib","25_prefix_count_1","one_factor","prefix_count",1,1,"regression","simpls","cpu_rsvd_auto","cpu","rsvd","auto",FALSE,"float64",2000,400,400,100,NA,30,1,1,0.30517578125,1,10025,124,NA,NA,"ordinary_fast",FALSE,NA,NA,NA,32,5,NA,NA,"fresh_oversampled_sketch_per_component",1,FALSE,TRUE,NA,NA,228.328125,241.1875,241.375,241.188,12.859875,NA,NA,NA,NA,0.045,0.005,0.05,0.333511352539062,9.15657043457031,0.973469270013712,0.0579703376865565,NA,1.38812543792692e-06,0.999999999999032,NA,NA,NA,1.29141142224398e-11,"within_tolerance","success",NA,NA
"25_prefix_count_1__cpu_rsvd_auto__rep2","0.99.39",NA,"reference_1",1,1,"/Library/Frameworks/R.framework/Versions/4.6/Resources/lib/libRblas.0.dylib","25_prefix_count_1","one_factor","prefix_count",1,1,"regression","simpls","cpu_rsvd_auto","cpu","rsvd","auto",FALSE,"float64",2000,400,400,100,NA,30,1,1,0.30517578125,2,10025,125,NA,NA,"ordinary_fast",FALSE,NA,NA,NA,32,5,NA,NA,"fresh_oversampled_sketch_per_component",1,FALSE,TRUE,NA,NA,239.984375,246.8125,246.90625,246.828,6.843625,NA,NA,NA,NA,0.045,0.005,0.05,0.333511352539062,9.15657043457031,0.973469270013712,0.057970337686556,NA,1.38812543971484e-06,0.999999999999032,NA,NA,NA,1.29141142224398e-11,"within_tolerance","success",NA,NA
"25_prefix_count_1__cpu_rsvd_auto__rep3","0.99.39",NA,"reference_1",1,1,"/Library/Frameworks/R.framework/Versions/4.6/Resources/lib/libRblas.0.dylib","25_prefix_count_1","one_factor","prefix_count",1,1,"regression","simpls","cpu_rsvd_auto","cpu","rsvd","auto",FALSE,"float64",2000,400,400,100,NA,30,1,1,0.30517578125,3,10025,126,NA,NA,"ordinary_fast",FALSE,NA,NA,NA,32,5,NA,NA,"fresh_oversampled_sketch_per_component",1,FALSE,TRUE,NA,NA,233.171875,234.671875,234.765625,234.688,1.51612499999999,NA,NA,NA,NA,0.044,0.005,0.049,0.333511352539062,9.15657043457031,0.973469270013712,0.0579703376865565,NA,1.38812543680005e-06,0.999999999999032,NA,NA,NA,1.29140032001374e-11,"within_tolerance","success",NA,NA
"25_prefix_count_1__metal_rsvd_auto__rep1","0.99.39",NA,"reference_1",1,1,"/Library/Frameworks/R.framework/Versions/4.6/Resources/lib/libRblas.0.dylib","25_prefix_count_1","one_factor","prefix_count",1,1,"regression","simpls","metal_rsvd_auto","metal","rsvd","auto",FALSE,"float64",2000,400,400,100,NA,30,1,1,0.30517578125,1,10025,124,NA,NA,"ordinary_fast",FALSE,NA,NA,NA,32,5,NA,NA,"fresh_oversampled_sketch_per_component",1,FALSE,TRUE,NA,NA,234.875,253.640625,253.640625,253.734,18.859,NA,NA,NA,NA,0.0469999999999999,0.004,0.0509999999999999,0.352401733398438,9.15657043457031,0.973469267725717,0.0579703421147537,NA,1.62651659368657e-06,0.999999999998673,NA,NA,NA,2.30090912989311e-09,"within_tolerance","success",NA,NA
"25_prefix_count_1__metal_rsvd_auto__rep2","0.99.39",NA,"reference_1",1,1,"/Library/Frameworks/R.framework/Versions/4.6/Resources/lib/libRblas.0.dylib","25_prefix_count_1","one_factor","prefix_count",1,1,"regression","simpls","metal_rsvd_auto","metal","rsvd","auto",FALSE,"float64",2000,400,400,100,NA,30,1,1,0.30517578125,2,10025,125,NA,NA,"ordinary_fast",FALSE,NA,NA,NA,32,5,NA,NA,"fresh_oversampled_sketch_per_component",1,FALSE,TRUE,NA,NA,230.65625,243.125,243.125,245.719,15.06275,NA,NA,NA,NA,0.0479999999999999,0.00800000000000001,0.0559999999999999,0.352401733398438,9.15657043457031,0.973469267725717,0.0579703421147537,NA,1.62651659368657e-06,0.999999999998673,NA,NA,NA,2.30090912989311e-09,"within_tolerance","success",NA,NA
"25_prefix_count_1__metal_rsvd_auto__rep3","0.99.39",NA,"reference_1",1,1,"/Library/Frameworks/R.framework/Versions/4.6/Resources/lib/libRblas.0.dylib","25_prefix_count_1","one_factor","prefix_count",1,1,"regression","simpls","metal_rsvd_auto","metal","rsvd","auto",FALSE,"float64",2000,400,400,100,NA,30,1,1,0.30517578125,3,10025,126,NA,NA,"ordinary_fast",FALSE,NA,NA,NA,32,5,NA,NA,"fresh_oversampled_sketch_per_component",1,FALSE,TRUE,NA,NA,235.171875,243.703125,245.25,246.172,11.000125,NA,NA,NA,NA,0.0449999999999999,0.00700000000000001,0.0519999999999999,0.352401733398438,9.15657043457031,0.973469267725717,0.0579703421147537,NA,1.62651659368657e-06,0.999999999998673,NA,NA,NA,2.30090912989311e-09,"within_tolerance","success",NA,NA
"26_prefix_count_2__cpu_irlba_explicit__rep1","0.99.39",NA,"reference_1",1,1,"/Library/Frameworks/R.framework/Versions/4.6/Resources/lib/libRblas.0.dylib","26_prefix_count_2","one_factor","prefix_count",2,2,"regression","simpls","cpu_irlba_explicit","cpu","irlba","explicit",FALSE,"float64",2000,400,400,100,NA,30,20,2,0.30517578125,1,10026,124,32,5,NA,NA,NA,NA,NA,NA,NA,NA,NA,"fresh_per_component",1,FALSE,TRUE,NA,NA,236.3125,246.34375,246.4375,246.516,10.2035,NA,NA,NA,NA,0.072,0.01,0.082,0.70562744140625,9.15657043457031,0.540980700046441,0.716237539478303,NA,0,1,NA,NA,NA,0,"deterministic_reference","success",NA,NA
"26_prefix_count_2__cpu_irlba_explicit__rep2","0.99.39",NA,"reference_1",1,1,"/Library/Frameworks/R.framework/Versions/4.6/Resources/lib/libRblas.0.dylib","26_prefix_count_2","one_factor","prefix_count",2,2,"regression","simpls","cpu_irlba_explicit","cpu","irlba","explicit",FALSE,"float64",2000,400,400,100,NA,30,20,2,0.30517578125,2,10026,125,32,5,NA,NA,NA,NA,NA,NA,NA,NA,NA,"fresh_per_component",1,FALSE,TRUE,NA,NA,235.015625,247.9375,248.09375,248.031,13.015375,NA,NA,NA,NA,0.0740000000000001,0.011,0.0850000000000001,0.70562744140625,9.15657043457031,0.540980700046441,0.716237539478303,NA,0,1,NA,NA,NA,0,"deterministic_reference","success",NA,NA
"26_prefix_count_2__cpu_irlba_explicit__rep3","0.99.39",NA,"reference_1",1,1,"/Library/Frameworks/R.framework/Versions/4.6/Resources/lib/libRblas.0.dylib","26_prefix_count_2","one_factor","prefix_count",2,2,"regression","simpls","cpu_irlba_explicit","cpu","irlba","explicit",FALSE,"float64",2000,400,400,100,NA,30,20,2,0.30517578125,3,10026,126,32,5,NA,NA,NA,NA,NA,NA,NA,NA,NA,"fresh_per_component",1,FALSE,TRUE,NA,NA,233.9375,242.28125,242.40625,242.281,8.34350000000001,NA,NA,NA,NA,0.0730000000000001,0.01,0.0830000000000001,0.70562744140625,9.15657043457031,0.540980700046441,0.716237539478303,NA,0,1,NA,NA,NA,0,"deterministic_reference","success",NA,NA
"26_prefix_count_2__cpu_rsvd_auto__rep1","0.99.39",NA,"reference_1",1,1,"/Library/Frameworks/R.framework/Versions/4.6/Resources/lib/libRblas.0.dylib","26_prefix_count_2","one_factor","prefix_count",2,2,"regression","simpls","cpu_rsvd_auto","cpu","rsvd","auto",FALSE,"float64",2000,400,400,100,NA,30,20,2,0.30517578125,1,10026,124,NA,NA,"ordinary_fast",FALSE,NA,NA,NA,32,5,NA,NA,"fresh_oversampled_sketch_per_component",1,FALSE,TRUE,NA,NA,235.671875,242.75,242.828125,242.75,7.078125,NA,NA,NA,NA,0.31,0.01,0.32,0.710716247558594,9.15657043457031,0.540980697900245,0.716237541729808,NA,2.9373333437283e-06,0.999999999995678,NA,NA,NA,2.14619588767562e-09,"within_tolerance","success",NA,NA
"26_prefix_count_2__cpu_rsvd_auto__rep2","0.99.39",NA,"reference_1",1,1,"/Library/Frameworks/R.framework/Versions/4.6/Resources/lib/libRblas.0.dylib","26_prefix_count_2","one_factor","prefix_count",2,2,"regression","simpls","cpu_rsvd_auto","cpu","rsvd","auto",FALSE,"float64",2000,400,400,100,NA,30,20,2,0.30517578125,2,10026,125,NA,NA,"ordinary_fast",FALSE,NA,NA,NA,32,5,NA,NA,"fresh_oversampled_sketch_per_component",1,FALSE,TRUE,NA,NA,233.296875,246.1875,246.265625,246.188,12.891125,NA,NA,NA,NA,0.309,0.0110000000000001,0.32,0.710716247558594,9.15657043457031,0.540980697900245,0.716237541729808,NA,2.9373333436853e-06,0.999999999995678,NA,NA,NA,2.14619588767562e-09,"within_tolerance","success",NA,NA
"26_prefix_count_2__cpu_rsvd_auto__rep3","0.99.39",NA,"reference_1",1,1,"/Library/Frameworks/R.framework/Versions/4.6/Resources/lib/libRblas.0.dylib","26_prefix_count_2","one_factor","prefix_count",2,2,"regression","simpls","cpu_rsvd_auto","cpu","rsvd","auto",FALSE,"float64",2000,400,400,100,NA,30,20,2,0.30517578125,3,10026,126,NA,NA,"ordinary_fast",FALSE,NA,NA,NA,32,5,NA,NA,"fresh_oversampled_sketch_per_component",1,FALSE,TRUE,NA,NA,226.375,240.875,240.953125,240.953,14.578,NA,NA,NA,NA,0.31,0.0110000000000001,0.321,0.710716247558594,9.15657043457031,0.540980697900245,0.716237541729808,NA,2.9373333439515e-06,0.999999999995678,NA,NA,NA,2.14619588767562e-09,"within_tolerance","success",NA,NA
"26_prefix_count_2__metal_rsvd_auto__rep1","0.99.39",NA,"reference_1",1,1,"/Library/Frameworks/R.framework/Versions/4.6/Resources/lib/libRblas.0.dylib","26_prefix_count_2","one_factor","prefix_count",2,2,"regression","simpls","metal_rsvd_auto","metal","rsvd","auto",FALSE,"float64",2000,400,400,100,NA,30,20,2,0.30517578125,1,10026,124,NA,NA,"ordinary_fast",FALSE,NA,NA,NA,32,5,NA,NA,"fresh_oversampled_sketch_per_component",1,FALSE,TRUE,NA,NA,231.9375,252.8125,255.328125,255.609,23.6715,NA,NA,NA,NA,0.335,0.00800000000000001,0.343,1.1077880859375,9.15657043457031,0.540980699693597,0.716237539848461,NA,2.87242152465642e-06,0.999999999995862,NA,NA,NA,3.5284397625901e-10,"within_tolerance","success",NA,NA
"26_prefix_count_2__metal_rsvd_auto__rep2","0.99.39",NA,"reference_1",1,1,"/Library/Frameworks/R.framework/Versions/4.6/Resources/lib/libRblas.0.dylib","26_prefix_count_2","one_factor","prefix_count",2,2,"regression","simpls","metal_rsvd_auto","metal","rsvd","auto",FALSE,"float64",2000,400,400,100,NA,30,20,2,0.30517578125,2,10026,125,NA,NA,"ordinary_fast",FALSE,NA,NA,NA,32,5,NA,NA,"fresh_oversampled_sketch_per_component",1,FALSE,TRUE,NA,NA,229,253.265625,253.625,256.812,27.812,NA,NA,NA,NA,0.353,0.00800000000000001,0.361,1.1077880859375,9.15657043457031,0.540980699693597,0.716237539848461,NA,2.87242152465642e-06,0.999999999995862,NA,NA,NA,3.5284397625901e-10,"within_tolerance","success",NA,NA
"26_prefix_count_2__metal_rsvd_auto__rep3","0.99.39",NA,"reference_1",1,1,"/Library/Frameworks/R.framework/Versions/4.6/Resources/lib/libRblas.0.dylib","26_prefix_count_2","one_factor","prefix_count",2,2,"regression","simpls","metal_rsvd_auto","metal","rsvd","auto",FALSE,"float64",2000,400,400,100,NA,30,20,2,0.30517578125,3,10026,126,NA,NA,"ordinary_fast",FALSE,NA,NA,NA,32,5,NA,NA,"fresh_oversampled_sketch_per_component",1,FALSE,TRUE,NA,NA,234.359375,263.484375,263.53125,266.422,32.062625,NA,NA,NA,NA,0.337,0.01,0.347,1.1077880859375,9.15657043457031,0.540980699693597,0.716237539848461,NA,2.87242152465642e-06,0.999999999995862,NA,NA,NA,3.5284397625901e-10,"within_tolerance","success",NA,NA
"27_prefix_count_5__cpu_irlba_explicit__rep1","0.99.39",NA,"reference_1",1,1,"/Library/Frameworks/R.framework/Versions/4.6/Resources/lib/libRblas.0.dylib","27_prefix_count_5","one_factor","prefix_count",5,5,"regression","simpls","cpu_irlba_explicit","cpu","irlba","explicit",FALSE,"float64",2000,400,400,100,NA,30,20,5,0.30517578125,1,10027,124,32,5,NA,NA,NA,NA,NA,NA,NA,NA,NA,"fresh_per_component",1,FALSE,TRUE,NA,NA,230.1875,244.625,244.703125,244.703,14.5155,NA,NA,NA,NA,0.0700000000000001,0.026,0.0960000000000001,1.62165832519531,9.15657043457031,0.539532738212033,0.711656180850694,NA,0,1,NA,NA,NA,0,"deterministic_reference","success",NA,NA
"27_prefix_count_5__cpu_irlba_explicit__rep2","0.99.39",NA,"reference_1",1,1,"/Library/Frameworks/R.framework/Versions/4.6/Resources/lib/libRblas.0.dylib","27_prefix_count_5","one_factor","prefix_count",5,5,"regression","simpls","cpu_irlba_explicit","cpu","irlba","explicit",FALSE,"float64",2000,400,400,100,NA,30,20,5,0.30517578125,2,10027,125,32,5,NA,NA,NA,NA,NA,NA,NA,NA,NA,"fresh_per_component",1,FALSE,TRUE,NA,NA,232.171875,247.34375,247.421875,247.422,15.250125,NA,NA,NA,NA,0.0700000000000001,0.025,0.0950000000000001,1.62165832519531,9.15657043457031,0.539532738212033,0.711656180850694,NA,0,1,NA,NA,NA,0,"deterministic_reference","success",NA,NA
"27_prefix_count_5__cpu_irlba_explicit__rep3","0.99.39",NA,"reference_1",1,1,"/Library/Frameworks/R.framework/Versions/4.6/Resources/lib/libRblas.0.dylib","27_prefix_count_5","one_factor","prefix_count",5,5,"regression","simpls","cpu_irlba_explicit","cpu","irlba","explicit",FALSE,"float64",2000,400,400,100,NA,30,20,5,0.30517578125,3,10027,126,32,5,NA,NA,NA,NA,NA,NA,NA,NA,NA,"fresh_per_component",1,FALSE,TRUE,NA,NA,226.84375,242.875,242.953125,242.953,16.10925,NA,NA,NA,NA,0.0710000000000001,0.024,0.0950000000000001,1.62165832519531,9.15657043457031,0.539532738212033,0.711656180850694,NA,0,1,NA,NA,NA,0,"deterministic_reference","success",NA,NA
"27_prefix_count_5__cpu_rsvd_auto__rep1","0.99.39",NA,"reference_1",1,1,"/Library/Frameworks/R.framework/Versions/4.6/Resources/lib/libRblas.0.dylib","27_prefix_count_5","one_factor","prefix_count",5,5,"regression","simpls","cpu_rsvd_auto","cpu","rsvd","auto",FALSE,"float64",2000,400,400,100,NA,30,20,5,0.30517578125,1,10027,124,NA,NA,"ordinary_fast",FALSE,NA,NA,NA,32,5,NA,NA,"fresh_oversampled_sketch_per_component",1,FALSE,TRUE,NA,NA,238.78125,245.671875,245.78125,245.766,6.98474999999999,NA,NA,NA,NA,0.309,0.0249999999999999,0.334,1.62674713134766,9.15657043457031,0.539532804463492,0.711656110036821,NA,5.36322948318793e-06,0.999999999985611,NA,NA,NA,6.62514594296226e-08,"within_tolerance","success",NA,NA
"27_prefix_count_5__cpu_rsvd_auto__rep2","0.99.39",NA,"reference_1",1,1,"/Library/Frameworks/R.framework/Versions/4.6/Resources/lib/libRblas.0.dylib","27_prefix_count_5","one_factor","prefix_count",5,5,"regression","simpls","cpu_rsvd_auto","cpu","rsvd","auto",FALSE,"float64",2000,400,400,100,NA,30,20,5,0.30517578125,2,10027,125,NA,NA,"ordinary_fast",FALSE,NA,NA,NA,32,5,NA,NA,"fresh_oversampled_sketch_per_component",1,FALSE,TRUE,NA,NA,227.890625,243.84375,243.921875,244.016,16.125375,NA,NA,NA,NA,0.311,0.024,0.335,1.62674713134766,9.15657043457031,0.539532804463492,0.711656110036821,NA,5.3632294833406e-06,0.99999999998561,NA,NA,NA,6.62514595406449e-08,"within_tolerance","success",NA,NA
"27_prefix_count_5__cpu_rsvd_auto__rep3","0.99.39",NA,"reference_1",1,1,"/Library/Frameworks/R.framework/Versions/4.6/Resources/lib/libRblas.0.dylib","27_prefix_count_5","one_factor","prefix_count",5,5,"regression","simpls","cpu_rsvd_auto","cpu","rsvd","auto",FALSE,"float64",2000,400,400,100,NA,30,20,5,0.30517578125,3,10027,126,NA,NA,"ordinary_fast",FALSE,NA,NA,NA,32,5,NA,NA,"fresh_oversampled_sketch_per_component",1,FALSE,TRUE,NA,NA,226.578125,246.1875,246.265625,246.266,19.687875,NA,NA,NA,NA,0.309,0.0249999999999999,0.334,1.62674713134766,9.15657043457031,0.539532804463492,0.711656110036821,NA,5.36322948323683e-06,0.999999999985611,NA,NA,NA,6.62514594296226e-08,"within_tolerance","success",NA,NA
"27_prefix_count_5__metal_rsvd_auto__rep1","0.99.39",NA,"reference_1",1,1,"/Library/Frameworks/R.framework/Versions/4.6/Resources/lib/libRblas.0.dylib","27_prefix_count_5","one_factor","prefix_count",5,5,"regression","simpls","metal_rsvd_auto","metal","rsvd","auto",FALSE,"float64",2000,400,400,100,NA,30,20,5,0.30517578125,1,10027,124,NA,NA,"ordinary_fast",FALSE,NA,NA,NA,32,5,NA,NA,"fresh_oversampled_sketch_per_component",1,FALSE,TRUE,NA,NA,237.90625,261.34375,265.4375,265.594,27.68775,NA,NA,NA,NA,0.351,0.0130000000000001,0.364,2.06935119628906,9.15657043457031,0.539532806583112,0.711656107771235,NA,5.38252591368287e-06,0.999999999985517,NA,NA,NA,6.8371079242624e-08,"within_tolerance","success",NA,NA
"27_prefix_count_5__metal_rsvd_auto__rep2","0.99.39",NA,"reference_1",1,1,"/Library/Frameworks/R.framework/Versions/4.6/Resources/lib/libRblas.0.dylib","27_prefix_count_5","one_factor","prefix_count",5,5,"regression","simpls","metal_rsvd_auto","metal","rsvd","auto",FALSE,"float64",2000,400,400,100,NA,30,20,5,0.30517578125,2,10027,125,NA,NA,"ordinary_fast",FALSE,NA,NA,NA,32,5,NA,NA,"fresh_oversampled_sketch_per_component",1,FALSE,TRUE,NA,NA,237.9375,259.125,260.78125,261.984,24.0465,NA,NA,NA,NA,0.346,0.012,0.358,2.06935119628906,9.15657043457031,0.539532806583112,0.711656107771235,NA,5.38252591368287e-06,0.999999999985517,NA,NA,NA,6.8371079242624e-08,"within_tolerance","success",NA,NA
"27_prefix_count_5__metal_rsvd_auto__rep3","0.99.39",NA,"reference_1",1,1,"/Library/Frameworks/R.framework/Versions/4.6/Resources/lib/libRblas.0.dylib","27_prefix_count_5","one_factor","prefix_count",5,5,"regression","simpls","metal_rsvd_auto","metal","rsvd","auto",FALSE,"float64",2000,400,400,100,NA,30,20,5,0.30517578125,3,10027,126,NA,NA,"ordinary_fast",FALSE,NA,NA,NA,32,5,NA,NA,"fresh_oversampled_sketch_per_component",1,FALSE,TRUE,NA,NA,231.546875,260.03125,260.125,263.156,31.609125,NA,NA,NA,NA,0.358,0.00800000000000001,0.366,2.06935119628906,9.15657043457031,0.539532806583112,0.711656107771235,NA,5.38252591368287e-06,0.999999999985517,NA,NA,NA,6.8371079242624e-08,"within_tolerance","success",NA,NA
"28_prefix_count_10__cpu_irlba_explicit__rep1","0.99.39",NA,"reference_1",1,1,"/Library/Frameworks/R.framework/Versions/4.6/Resources/lib/libRblas.0.dylib","28_prefix_count_10","one_factor","prefix_count",10,10,"regression","simpls","cpu_irlba_explicit","cpu","irlba","explicit",FALSE,"float64",2000,400,400,100,NA,30,20,10,0.30517578125,1,10028,124,32,5,NA,NA,NA,NA,NA,NA,NA,NA,NA,"fresh_per_component",1,FALSE,TRUE,NA,NA,230.0625,244.515625,244.625,244.594,14.5315,NA,NA,NA,NA,0.0710000000000001,0.049,0.12,3.14848327636719,9.15657043457031,0.553254905404335,0.704480897485078,NA,0,1,NA,NA,NA,0,"deterministic_reference","success",NA,NA
"28_prefix_count_10__cpu_irlba_explicit__rep2","0.99.39",NA,"reference_1",1,1,"/Library/Frameworks/R.framework/Versions/4.6/Resources/lib/libRblas.0.dylib","28_prefix_count_10","one_factor","prefix_count",10,10,"regression","simpls","cpu_irlba_explicit","cpu","irlba","explicit",FALSE,"float64",2000,400,400,100,NA,30,20,10,0.30517578125,2,10028,125,32,5,NA,NA,NA,NA,NA,NA,NA,NA,NA,"fresh_per_component",1,FALSE,TRUE,NA,NA,230.671875,248.875,248.96875,248.969,18.297125,NA,NA,NA,NA,0.072,0.048,0.12,3.14848327636719,9.15657043457031,0.553254905404335,0.704480897485078,NA,0,1,NA,NA,NA,0,"deterministic_reference","success",NA,NA
"28_prefix_count_10__cpu_irlba_explicit__rep3","0.99.39",NA,"reference_1",1,1,"/Library/Frameworks/R.framework/Versions/4.6/Resources/lib/libRblas.0.dylib","28_prefix_count_10","one_factor","prefix_count",10,10,"regression","simpls","cpu_irlba_explicit","cpu","irlba","explicit",FALSE,"float64",2000,400,400,100,NA,30,20,10,0.30517578125,3,10028,126,32,5,NA,NA,NA,NA,NA,NA,NA,NA,NA,"fresh_per_component",1,FALSE,TRUE,NA,NA,232.328125,249,255.203125,255.297,22.968875,NA,NA,NA,NA,0.073,0.049,0.122,3.14848327636719,9.15657043457031,0.553254905404335,0.704480897485078,NA,0,1,NA,NA,NA,0,"deterministic_reference","success",NA,NA
"28_prefix_count_10__cpu_rsvd_auto__rep1","0.99.39",NA,"reference_1",1,1,"/Library/Frameworks/R.framework/Versions/4.6/Resources/lib/libRblas.0.dylib","28_prefix_count_10","one_factor","prefix_count",10,10,"regression","simpls","cpu_rsvd_auto","cpu","rsvd","auto",FALSE,"float64",2000,400,400,100,NA,30,20,10,0.30517578125,1,10028,124,NA,NA,"ordinary_fast",FALSE,NA,NA,NA,32,5,NA,NA,"fresh_oversampled_sketch_per_component",1,FALSE,TRUE,NA,NA,229.609375,234.9375,235.03125,235.016,5.40662499999999,NA,NA,NA,NA,0.31,0.0489999999999999,0.359,3.15357208251953,9.15657043457031,0.553254891373033,0.704480912474615,NA,1.92151934991602e-06,0.999999999998154,NA,NA,NA,1.40313018981431e-08,"within_tolerance","success",NA,NA
"28_prefix_count_10__cpu_rsvd_auto__rep2","0.99.39",NA,"reference_1",1,1,"/Library/Frameworks/R.framework/Versions/4.6/Resources/lib/libRblas.0.dylib","28_prefix_count_10","one_factor","prefix_count",10,10,"regression","simpls","cpu_rsvd_auto","cpu","rsvd","auto",FALSE,"float64",2000,400,400,100,NA,30,20,10,0.30517578125,2,10028,125,NA,NA,"ordinary_fast",FALSE,NA,NA,NA,32,5,NA,NA,"fresh_oversampled_sketch_per_component",1,FALSE,TRUE,NA,NA,229.390625,247.265625,247.359375,247.453,18.062375,NA,NA,NA,NA,0.311,0.0489999999999999,0.36,3.15357208251953,9.15657043457031,0.553254891373033,0.704480912474615,NA,1.92151935027285e-06,0.999999999998154,NA,NA,NA,1.40313017871208e-08,"within_tolerance","success",NA,NA
"28_prefix_count_10__cpu_rsvd_auto__rep3","0.99.39",NA,"reference_1",1,1,"/Library/Frameworks/R.framework/Versions/4.6/Resources/lib/libRblas.0.dylib","28_prefix_count_10","one_factor","prefix_count",10,10,"regression","simpls","cpu_rsvd_auto","cpu","rsvd","auto",FALSE,"float64",2000,400,400,100,NA,30,20,10,0.30517578125,3,10028,126,NA,NA,"ordinary_fast",FALSE,NA,NA,NA,32,5,NA,NA,"fresh_oversampled_sketch_per_component",1,FALSE,TRUE,NA,NA,226.28125,240.71875,243.875,243.094,16.81275,NA,NA,NA,NA,0.311,0.0489999999999999,0.36,3.15357208251953,9.15657043457031,0.553254891373033,0.704480912474615,NA,1.92151935000402e-06,0.999999999998154,NA,NA,NA,1.40313018981431e-08,"within_tolerance","success",NA,NA
"28_prefix_count_10__metal_rsvd_auto__rep1","0.99.39",NA,"reference_1",1,1,"/Library/Frameworks/R.framework/Versions/4.6/Resources/lib/libRblas.0.dylib","28_prefix_count_10","one_factor","prefix_count",10,10,"regression","simpls","metal_rsvd_auto","metal","rsvd","auto",FALSE,"float64",2000,400,400,100,NA,30,20,10,0.30517578125,1,10028,124,NA,NA,"ordinary_fast",FALSE,NA,NA,NA,32,5,NA,NA,"fresh_oversampled_sketch_per_component",1,FALSE,TRUE,NA,NA,230.53125,249.765625,252.921875,253.188,22.65675,NA,NA,NA,NA,0.342,0.024,0.366,3.67197418212891,9.15657043457031,0.553254888313764,0.70448091574281,NA,2.05765613221975e-06,0.999999999997871,NA,NA,NA,1.70905708474223e-08,"within_tolerance","success",NA,NA
"28_prefix_count_10__metal_rsvd_auto__rep2","0.99.39",NA,"reference_1",1,1,"/Library/Frameworks/R.framework/Versions/4.6/Resources/lib/libRblas.0.dylib","28_prefix_count_10","one_factor","prefix_count",10,10,"regression","simpls","metal_rsvd_auto","metal","rsvd","auto",FALSE,"float64",2000,400,400,100,NA,30,20,10,0.30517578125,2,10028,125,NA,NA,"ordinary_fast",FALSE,NA,NA,NA,32,5,NA,NA,"fresh_oversampled_sketch_per_component",1,FALSE,TRUE,NA,NA,231.90625,259.59375,266.8125,265.703,33.79675,NA,NA,NA,NA,0.357,0.0190000000000001,0.376,3.67197418212891,9.15657043457031,0.553254888313764,0.70448091574281,NA,2.05765613221975e-06,0.999999999997871,NA,NA,NA,1.70905708474223e-08,"within_tolerance","success",NA,NA
"28_prefix_count_10__metal_rsvd_auto__rep3","0.99.39",NA,"reference_1",1,1,"/Library/Frameworks/R.framework/Versions/4.6/Resources/lib/libRblas.0.dylib","28_prefix_count_10","one_factor","prefix_count",10,10,"regression","simpls","metal_rsvd_auto","metal","rsvd","auto",FALSE,"float64",2000,400,400,100,NA,30,20,10,0.30517578125,3,10028,126,NA,NA,"ordinary_fast",FALSE,NA,NA,NA,32,5,NA,NA,"fresh_oversampled_sketch_per_component",1,FALSE,TRUE,NA,NA,234.21875,255.421875,261.015625,261.016,26.79725,NA,NA,NA,NA,0.358,0.0209999999999999,0.379,3.67197418212891,9.15657043457031,0.553254888313764,0.70448091574281,NA,2.05765613221975e-06,0.999999999997871,NA,NA,NA,1.70905708474223e-08,"within_tolerance","success",NA,NA
"29_prefix_count_20__cpu_irlba_explicit__rep1","0.99.39",NA,"reference_1",1,1,"/Library/Frameworks/R.framework/Versions/4.6/Resources/lib/libRblas.0.dylib","29_prefix_count_20","one_factor","prefix_count",20,20,"regression","simpls","cpu_irlba_explicit","cpu","irlba","explicit",FALSE,"float64",2000,400,400,100,NA,30,20,20,0.30517578125,1,10029,124,32,5,NA,NA,NA,NA,NA,NA,NA,NA,NA,"fresh_per_component",1,FALSE,TRUE,NA,NA,232.640625,253.25,259.46875,258.234,25.593375,NA,NA,NA,NA,0.075,0.096,0.171,6.20155334472656,9.15657043457031,0.544366935247201,0.707521589088075,NA,0,1,NA,NA,NA,0,"deterministic_reference","success",NA,NA
"29_prefix_count_20__cpu_irlba_explicit__rep2","0.99.39",NA,"reference_1",1,1,"/Library/Frameworks/R.framework/Versions/4.6/Resources/lib/libRblas.0.dylib","29_prefix_count_20","one_factor","prefix_count",20,20,"regression","simpls","cpu_irlba_explicit","cpu","irlba","explicit",FALSE,"float64",2000,400,400,100,NA,30,20,20,0.30517578125,2,10029,125,32,5,NA,NA,NA,NA,NA,NA,NA,NA,NA,"fresh_per_component",1,FALSE,TRUE,NA,NA,227.59375,256.046875,262.234375,260.672,33.07825,NA,NA,NA,NA,0.074,0.096,0.17,6.20155334472656,9.15657043457031,0.544366935247201,0.707521589088075,NA,0,1,NA,NA,NA,0,"deterministic_reference","success",NA,NA
"29_prefix_count_20__cpu_irlba_explicit__rep3","0.99.39",NA,"reference_1",1,1,"/Library/Frameworks/R.framework/Versions/4.6/Resources/lib/libRblas.0.dylib","29_prefix_count_20","one_factor","prefix_count",20,20,"regression","simpls","cpu_irlba_explicit","cpu","irlba","explicit",FALSE,"float64",2000,400,400,100,NA,30,20,20,0.30517578125,3,10029,126,32,5,NA,NA,NA,NA,NA,NA,NA,NA,NA,"fresh_per_component",1,FALSE,TRUE,NA,NA,227.921875,253.828125,260.015625,260.094,32.172125,NA,NA,NA,NA,0.073,0.097,0.17,6.20155334472656,9.15657043457031,0.544366935247201,0.707521589088075,NA,0,1,NA,NA,NA,0,"deterministic_reference","success",NA,NA
"29_prefix_count_20__cpu_rsvd_auto__rep1","0.99.39",NA,"reference_1",1,1,"/Library/Frameworks/R.framework/Versions/4.6/Resources/lib/libRblas.0.dylib","29_prefix_count_20","one_factor","prefix_count",20,20,"regression","simpls","cpu_rsvd_auto","cpu","rsvd","auto",FALSE,"float64",2000,400,400,100,NA,30,20,20,0.30517578125,1,10029,124,NA,NA,"ordinary_fast",FALSE,NA,NA,NA,32,5,NA,NA,"fresh_oversampled_sketch_per_component",1,FALSE,TRUE,NA,NA,232.390625,251.484375,263.796875,256,23.609375,NA,NA,NA,NA,0.311,0.097,0.408,6.20664215087891,9.15657043457031,0.544366895981873,0.707521631281167,NA,6.33106379122631e-06,0.999999999979966,NA,NA,NA,3.92653283221023e-08,"within_tolerance","success",NA,NA
"29_prefix_count_20__cpu_rsvd_auto__rep2","0.99.39",NA,"reference_1",1,1,"/Library/Frameworks/R.framework/Versions/4.6/Resources/lib/libRblas.0.dylib","29_prefix_count_20","one_factor","prefix_count",20,20,"regression","simpls","cpu_rsvd_auto","cpu","rsvd","auto",FALSE,"float64",2000,400,400,100,NA,30,20,20,0.30517578125,2,10029,125,NA,NA,"ordinary_fast",FALSE,NA,NA,NA,32,5,NA,NA,"fresh_oversampled_sketch_per_component",1,FALSE,TRUE,NA,NA,229.953125,242.859375,243.015625,243.016,13.062875,NA,NA,NA,NA,0.312,0.0960000000000001,0.408,6.20664215087891,9.15657043457031,0.544366895981873,0.707521631281167,NA,6.33106379241117e-06,0.999999999979966,NA,NA,NA,3.92653283221023e-08,"within_tolerance","success",NA,NA
"29_prefix_count_20__cpu_rsvd_auto__rep3","0.99.39",NA,"reference_1",1,1,"/Library/Frameworks/R.framework/Versions/4.6/Resources/lib/libRblas.0.dylib","29_prefix_count_20","one_factor","prefix_count",20,20,"regression","simpls","cpu_rsvd_auto","cpu","rsvd","auto",FALSE,"float64",2000,400,400,100,NA,30,20,20,0.30517578125,3,10029,126,NA,NA,"ordinary_fast",FALSE,NA,NA,NA,32,5,NA,NA,"fresh_oversampled_sketch_per_component",1,FALSE,TRUE,NA,NA,225.375,238.421875,250.734375,243.172,17.797,NA,NA,NA,NA,0.313,0.097,0.41,6.20664215087891,9.15657043457031,0.544366895981873,0.707521631281166,NA,6.33106379132125e-06,0.999999999979966,NA,NA,NA,3.926532821108e-08,"within_tolerance","success",NA,NA
"29_prefix_count_20__metal_rsvd_auto__rep1","0.99.39",NA,"reference_1",1,1,"/Library/Frameworks/R.framework/Versions/4.6/Resources/lib/libRblas.0.dylib","29_prefix_count_20","one_factor","prefix_count",20,20,"regression","simpls","metal_rsvd_auto","metal","rsvd","auto",FALSE,"float64",2000,400,400,100,NA,30,20,20,0.30517578125,1,10029,124,NA,NA,"ordinary_fast",FALSE,NA,NA,NA,32,5,NA,NA,"fresh_oversampled_sketch_per_component",1,FALSE,TRUE,NA,NA,230.3125,257.953125,270.484375,265.281,34.9685,NA,NA,NA,NA,0.355,0.034,0.389,6.87703704833984,9.15657043457031,0.54436690269784,0.707521624064429,NA,6.45796063242204e-06,0.999999999979154,NA,NA,NA,3.25493604291793e-08,"within_tolerance","success",NA,NA
"29_prefix_count_20__metal_rsvd_auto__rep2","0.99.39",NA,"reference_1",1,1,"/Library/Frameworks/R.framework/Versions/4.6/Resources/lib/libRblas.0.dylib","29_prefix_count_20","one_factor","prefix_count",20,20,"regression","simpls","metal_rsvd_auto","metal","rsvd","auto",FALSE,"float64",2000,400,400,100,NA,30,20,20,0.30517578125,2,10029,125,NA,NA,"ordinary_fast",FALSE,NA,NA,NA,32,5,NA,NA,"fresh_oversampled_sketch_per_component",1,FALSE,TRUE,NA,NA,230.625,254.03125,259.171875,259.266,28.641,NA,NA,NA,NA,0.384,0.0349999999999999,0.419,6.87703704833984,9.15657043457031,0.54436690269784,0.707521624064429,NA,6.45796063242204e-06,0.999999999979154,NA,NA,NA,3.25493604291793e-08,"within_tolerance","success",NA,NA
"29_prefix_count_20__metal_rsvd_auto__rep3","0.99.39",NA,"reference_1",1,1,"/Library/Frameworks/R.framework/Versions/4.6/Resources/lib/libRblas.0.dylib","29_prefix_count_20","one_factor","prefix_count",20,20,"regression","simpls","metal_rsvd_auto","metal","rsvd","auto",FALSE,"float64",2000,400,400,100,NA,30,20,20,0.30517578125,3,10029,126,NA,NA,"ordinary_fast",FALSE,NA,NA,NA,32,5,NA,NA,"fresh_oversampled_sketch_per_component",1,FALSE,TRUE,NA,NA,232.59375,256.90625,270.609375,263.203,30.60925,NA,NA,NA,NA,0.38,0.026,0.406,6.87703704833984,9.15657043457031,0.54436690269784,0.707521624064429,NA,6.45796063242204e-06,0.999999999979154,NA,NA,NA,3.25493604291793e-08,"within_tolerance","success",NA,NA
"12_q_10__cpu_irlba_explicit__rep1","0.99.39",NA,"reference_1",1,1,"/Library/Frameworks/R.framework/Versions/4.6/Resources/lib/libRblas.0.dylib","12_q_10","one_factor","q",10,10,"regression","simpls","cpu_irlba_explicit","cpu","irlba","explicit",FALSE,"float64",2000,400,400,10,NA,30,20,1,0.030517578125,1,10012,124,32,5,NA,NA,NA,NA,NA,NA,NA,NA,NA,"fresh_per_component",1,FALSE,TRUE,NA,NA,220.28125,227.171875,228.5,227.188,6.90674999999999,NA,NA,NA,NA,0.021,0.001,0.022,0.111885070800781,7.50862121582031,0.167799784817821,0.970438976379307,NA,0,1,NA,NA,NA,0,"deterministic_reference","success",NA,NA
"12_q_10__cpu_irlba_explicit__rep2","0.99.39",NA,"reference_1",1,1,"/Library/Frameworks/R.framework/Versions/4.6/Resources/lib/libRblas.0.dylib","12_q_10","one_factor","q",10,10,"regression","simpls","cpu_irlba_explicit","cpu","irlba","explicit",FALSE,"float64",2000,400,400,10,NA,30,20,1,0.030517578125,2,10012,125,32,5,NA,NA,NA,NA,NA,NA,NA,NA,NA,"fresh_per_component",1,FALSE,TRUE,NA,NA,226.484375,239.390625,239.484375,239.391,12.906625,NA,NA,NA,NA,0.021,0.001,0.022,0.111885070800781,7.50862121582031,0.167799784817821,0.970438976379307,NA,0,1,NA,NA,NA,0,"deterministic_reference","success",NA,NA
"12_q_10__cpu_irlba_explicit__rep3","0.99.39",NA,"reference_1",1,1,"/Library/Frameworks/R.framework/Versions/4.6/Resources/lib/libRblas.0.dylib","12_q_10","one_factor","q",10,10,"regression","simpls","cpu_irlba_explicit","cpu","irlba","explicit",FALSE,"float64",2000,400,400,10,NA,30,20,1,0.030517578125,3,10012,126,32,5,NA,NA,NA,NA,NA,NA,NA,NA,NA,"fresh_per_component",1,FALSE,TRUE,NA,NA,227.921875,240.8125,240.890625,240.812,12.890125,NA,NA,NA,NA,0.022,0.002,0.024,0.111885070800781,7.50862121582031,0.167799784817821,0.970438976379307,NA,0,1,NA,NA,NA,0,"deterministic_reference","success",NA,NA
"12_q_10__cpu_rsvd_auto__rep1","0.99.39",NA,"reference_1",1,1,"/Library/Frameworks/R.framework/Versions/4.6/Resources/lib/libRblas.0.dylib","12_q_10","one_factor","q",10,10,"regression","simpls","cpu_rsvd_auto","cpu","rsvd","auto",FALSE,"float64",2000,400,400,10,NA,30,20,1,0.030517578125,1,10012,124,NA,NA,"ordinary_fast",FALSE,NA,NA,NA,32,5,NA,NA,"fresh_oversampled_sketch_per_component",1,FALSE,TRUE,NA,NA,224.203125,237.109375,237.203125,237.125,12.921875,NA,NA,NA,NA,0.03,0.001,0.031,0.116973876953125,7.50862121582031,0.167799787417012,0.970438975463517,NA,1.26655074602125e-07,0.999999999999992,NA,NA,NA,2.59919033518408e-09,"within_tolerance","success",NA,NA
"12_q_10__cpu_rsvd_auto__rep2","0.99.39",NA,"reference_1",1,1,"/Library/Frameworks/R.framework/Versions/4.6/Resources/lib/libRblas.0.dylib","12_q_10","one_factor","q",10,10,"regression","simpls","cpu_rsvd_auto","cpu","rsvd","auto",FALSE,"float64",2000,400,400,10,NA,30,20,1,0.030517578125,2,10012,125,NA,NA,"ordinary_fast",FALSE,NA,NA,NA,32,5,NA,NA,"fresh_oversampled_sketch_per_component",1,FALSE,TRUE,NA,NA,223.390625,230.09375,230.1875,230.109,6.71837500000001,NA,NA,NA,NA,0.031,0.001,0.032,0.116973876953125,7.50862121582031,0.167799787417012,0.970438975463517,NA,1.26655074552675e-07,0.999999999999992,NA,NA,NA,2.59919039069523e-09,"within_tolerance","success",NA,NA
"12_q_10__cpu_rsvd_auto__rep3","0.99.39",NA,"reference_1",1,1,"/Library/Frameworks/R.framework/Versions/4.6/Resources/lib/libRblas.0.dylib","12_q_10","one_factor","q",10,10,"regression","simpls","cpu_rsvd_auto","cpu","rsvd","auto",FALSE,"float64",2000,400,400,10,NA,30,20,1,0.030517578125,3,10012,126,NA,NA,"ordinary_fast",FALSE,NA,NA,NA,32,5,NA,NA,"fresh_oversampled_sketch_per_component",1,FALSE,TRUE,NA,NA,228.71875,235.4375,235.515625,235.438,6.71924999999999,NA,NA,NA,NA,0.031,0.001,0.032,0.116973876953125,7.50862121582031,0.167799787417011,0.970438975463517,NA,1.26655074562183e-07,0.999999999999992,NA,NA,NA,2.59919000211717e-09,"within_tolerance","success",NA,NA
"12_q_10__metal_rsvd_auto__rep1","0.99.39",NA,"reference_1",1,1,"/Library/Frameworks/R.framework/Versions/4.6/Resources/lib/libRblas.0.dylib","12_q_10","one_factor","q",10,10,"regression","simpls","metal_rsvd_auto","metal","rsvd","auto",FALSE,"float64",2000,400,400,10,NA,30,20,1,0.030517578125,1,10012,124,NA,NA,"ordinary_fast",FALSE,NA,NA,NA,32,5,NA,NA,"fresh_oversampled_sketch_per_component",1,FALSE,TRUE,NA,NA,233.578125,247.84375,251.59375,250.641,17.062875,NA,NA,NA,NA,0.161,0.006,0.167,0.484519958496094,7.50862121582031,0.167799800744258,0.970438970767836,NA,3.8828316195989e-07,0.999999999999924,NA,NA,NA,1.59264368915224e-08,"within_tolerance","success",NA,NA
"12_q_10__metal_rsvd_auto__rep2","0.99.39",NA,"reference_1",1,1,"/Library/Frameworks/R.framework/Versions/4.6/Resources/lib/libRblas.0.dylib","12_q_10","one_factor","q",10,10,"regression","simpls","metal_rsvd_auto","metal","rsvd","auto",FALSE,"float64",2000,400,400,10,NA,30,20,1,0.030517578125,2,10012,125,NA,NA,"ordinary_fast",FALSE,NA,NA,NA,32,5,NA,NA,"fresh_oversampled_sketch_per_component",1,FALSE,TRUE,NA,NA,228.640625,246.890625,249.40625,249.688,21.047375,NA,NA,NA,NA,0.161,0.00800000000000001,0.169,0.484519958496094,7.50862121582031,0.167799800744258,0.970438970767836,NA,3.8828316195989e-07,0.999999999999924,NA,NA,NA,1.59264368915224e-08,"within_tolerance","success",NA,NA
"12_q_10__metal_rsvd_auto__rep3","0.99.39",NA,"reference_1",1,1,"/Library/Frameworks/R.framework/Versions/4.6/Resources/lib/libRblas.0.dylib","12_q_10","one_factor","q",10,10,"regression","simpls","metal_rsvd_auto","metal","rsvd","auto",FALSE,"float64",2000,400,400,10,NA,30,20,1,0.030517578125,3,10012,126,NA,NA,"ordinary_fast",FALSE,NA,NA,NA,32,5,NA,NA,"fresh_oversampled_sketch_per_component",1,FALSE,TRUE,NA,NA,224.984375,243.140625,246.875,244.391,19.406625,NA,NA,NA,NA,0.164,0.00700000000000001,0.171,0.484519958496094,7.50862121582031,0.167799800744258,0.970438970767836,NA,3.8828316195989e-07,0.999999999999924,NA,NA,NA,1.59264368915224e-08,"within_tolerance","success",NA,NA
"13_q_25__cpu_irlba_explicit__rep1","0.99.39",NA,"reference_1",1,1,"/Library/Frameworks/R.framework/Versions/4.6/Resources/lib/libRblas.0.dylib","13_q_25","one_factor","q",25,25,"regression","simpls","cpu_irlba_explicit","cpu","irlba","explicit",FALSE,"float64",2000,400,400,25,NA,30,20,1,0.0762939453125,1,10013,124,32,5,NA,NA,NA,NA,NA,NA,NA,NA,NA,"fresh_per_component",1,FALSE,TRUE,NA,NA,225.640625,232.46875,232.546875,232.625,6.984375,NA,NA,NA,NA,0.029,0.002,0.031,0.160018920898438,7.78327941894531,0.367321448182573,0.856678259172379,NA,0,1,NA,NA,NA,0,"deterministic_reference","success",NA,NA
"13_q_25__cpu_irlba_explicit__rep2","0.99.39",NA,"reference_1",1,1,"/Library/Frameworks/R.framework/Versions/4.6/Resources/lib/libRblas.0.dylib","13_q_25","one_factor","q",25,25,"regression","simpls","cpu_irlba_explicit","cpu","irlba","explicit",FALSE,"float64",2000,400,400,25,NA,30,20,1,0.0762939453125,2,10013,125,32,5,NA,NA,NA,NA,NA,NA,NA,NA,NA,"fresh_per_component",1,FALSE,TRUE,NA,NA,228.75,241.671875,241.75,241.672,12.922,NA,NA,NA,NA,0.028,0.002,0.03,0.160018920898438,7.78327941894531,0.367321448182573,0.856678259172379,NA,0,1,NA,NA,NA,0,"deterministic_reference","success",NA,NA
"13_q_25__cpu_irlba_explicit__rep3","0.99.39",NA,"reference_1",1,1,"/Library/Frameworks/R.framework/Versions/4.6/Resources/lib/libRblas.0.dylib","13_q_25","one_factor","q",25,25,"regression","simpls","cpu_irlba_explicit","cpu","irlba","explicit",FALSE,"float64",2000,400,400,25,NA,30,20,1,0.0762939453125,3,10013,126,32,5,NA,NA,NA,NA,NA,NA,NA,NA,NA,"fresh_per_component",1,FALSE,TRUE,NA,NA,232.953125,239.734375,239.828125,239.734,6.78087500000001,NA,NA,NA,NA,0.029,0.002,0.031,0.160018920898438,7.78327941894531,0.367321448182573,0.856678259172379,NA,0,1,NA,NA,NA,0,"deterministic_reference","success",NA,NA
"13_q_25__cpu_rsvd_auto__rep1","0.99.39",NA,"reference_1",1,1,"/Library/Frameworks/R.framework/Versions/4.6/Resources/lib/libRblas.0.dylib","13_q_25","one_factor","q",25,25,"regression","simpls","cpu_rsvd_auto","cpu","rsvd","auto",FALSE,"float64",2000,400,400,25,NA,30,20,1,0.0762939453125,1,10013,124,NA,NA,"ordinary_fast",FALSE,NA,NA,NA,32,5,NA,NA,"fresh_oversampled_sketch_per_component",1,FALSE,TRUE,NA,NA,223.609375,236.421875,236.5,236.422,12.812625,NA,NA,NA,NA,0.099,0.002,0.101,0.165107727050781,7.78327941894531,0.367321431579849,0.856678272128504,NA,8.46168676594527e-07,0.999999999999642,NA,NA,NA,1.66027240844357e-08,"within_tolerance","success",NA,NA
"13_q_25__cpu_rsvd_auto__rep2","0.99.39",NA,"reference_1",1,1,"/Library/Frameworks/R.framework/Versions/4.6/Resources/lib/libRblas.0.dylib","13_q_25","one_factor","q",25,25,"regression","simpls","cpu_rsvd_auto","cpu","rsvd","auto",FALSE,"float64",2000,400,400,25,NA,30,20,1,0.0762939453125,2,10013,125,NA,NA,"ordinary_fast",FALSE,NA,NA,NA,32,5,NA,NA,"fresh_oversampled_sketch_per_component",1,FALSE,TRUE,NA,NA,224.421875,231.125,231.203125,231.203,6.781125,NA,NA,NA,NA,0.097,0.002,0.099,0.165107727050781,7.78327941894531,0.367321431579849,0.856678272128504,NA,8.46168676209053e-07,0.999999999999642,NA,NA,NA,1.66027239734134e-08,"within_tolerance","success",NA,NA
"13_q_25__cpu_rsvd_auto__rep3","0.99.39",NA,"reference_1",1,1,"/Library/Frameworks/R.framework/Versions/4.6/Resources/lib/libRblas.0.dylib","13_q_25","one_factor","q",25,25,"regression","simpls","cpu_rsvd_auto","cpu","rsvd","auto",FALSE,"float64",2000,400,400,25,NA,30,20,1,0.0762939453125,3,10013,126,NA,NA,"ordinary_fast",FALSE,NA,NA,NA,32,5,NA,NA,"fresh_oversampled_sketch_per_component",1,FALSE,TRUE,NA,NA,227.46875,240.265625,240.34375,240.438,12.96925,NA,NA,NA,NA,0.099,0.003,0.102,0.165107727050781,7.78327941894531,0.367321431579849,0.856678272128504,NA,8.46168676540157e-07,0.999999999999642,NA,NA,NA,1.66027241399469e-08,"within_tolerance","success",NA,NA
"13_q_25__metal_rsvd_auto__rep1","0.99.39",NA,"reference_1",1,1,"/Library/Frameworks/R.framework/Versions/4.6/Resources/lib/libRblas.0.dylib","13_q_25","one_factor","q",25,25,"regression","simpls","metal_rsvd_auto","metal","rsvd","auto",FALSE,"float64",2000,400,400,25,NA,30,20,1,0.0762939453125,1,10013,124,NA,NA,"ordinary_fast",FALSE,NA,NA,NA,32,5,NA,NA,"fresh_oversampled_sketch_per_component",1,FALSE,TRUE,NA,NA,232.109375,252.734375,252.890625,254.109,21.999625,NA,NA,NA,NA,0.178,0.006,0.184,0.534942626953125,7.78327941894531,0.367321432531492,0.856678271385879,NA,1.10759174216973e-06,0.999999999999389,NA,NA,NA,1.56510813753563e-08,"within_tolerance","success",NA,NA
"13_q_25__metal_rsvd_auto__rep2","0.99.39",NA,"reference_1",1,1,"/Library/Frameworks/R.framework/Versions/4.6/Resources/lib/libRblas.0.dylib","13_q_25","one_factor","q",25,25,"regression","simpls","metal_rsvd_auto","metal","rsvd","auto",FALSE,"float64",2000,400,400,25,NA,30,20,1,0.0762939453125,2,10013,125,NA,NA,"ordinary_fast",FALSE,NA,NA,NA,32,5,NA,NA,"fresh_oversampled_sketch_per_component",1,FALSE,TRUE,NA,NA,226.15625,247.125,247.171875,251.078,24.92175,NA,NA,NA,NA,0.192,0.005,0.197,0.534942626953125,7.78327941894531,0.367321432531492,0.856678271385879,NA,1.10759174216973e-06,0.999999999999389,NA,NA,NA,1.56510813753563e-08,"within_tolerance","success",NA,NA
"13_q_25__metal_rsvd_auto__rep3","0.99.39",NA,"reference_1",1,1,"/Library/Frameworks/R.framework/Versions/4.6/Resources/lib/libRblas.0.dylib","13_q_25","one_factor","q",25,25,"regression","simpls","metal_rsvd_auto","metal","rsvd","auto",FALSE,"float64",2000,400,400,25,NA,30,20,1,0.0762939453125,3,10013,126,NA,NA,"ordinary_fast",FALSE,NA,NA,NA,32,5,NA,NA,"fresh_oversampled_sketch_per_component",1,FALSE,TRUE,NA,NA,230.203125,245.109375,246.734375,248.484,18.280875,NA,NA,NA,NA,0.169,0.003,0.172,0.534942626953125,7.78327941894531,0.367321432531492,0.856678271385879,NA,1.10759174216973e-06,0.999999999999389,NA,NA,NA,1.56510813753563e-08,"within_tolerance","success",NA,NA
"14_q_50__cpu_irlba_explicit__rep1","0.99.39",NA,"reference_1",1,1,"/Library/Frameworks/R.framework/Versions/4.6/Resources/lib/libRblas.0.dylib","14_q_50","one_factor","q",50,50,"regression","simpls","cpu_irlba_explicit","cpu","irlba","explicit",FALSE,"float64",2000,400,400,50,NA,30,20,1,0.152587890625,1,10014,124,32,5,NA,NA,NA,NA,NA,NA,NA,NA,NA,"fresh_per_component",1,FALSE,TRUE,NA,NA,223.546875,236.4375,236.515625,236.438,12.891125,NA,NA,NA,NA,0.044,0.003,0.047,0.240318298339844,8.24104309082031,0.49497214281662,0.750449747015058,NA,0,1,NA,NA,NA,0,"deterministic_reference","success",NA,NA
"14_q_50__cpu_irlba_explicit__rep2","0.99.39",NA,"reference_1",1,1,"/Library/Frameworks/R.framework/Versions/4.6/Resources/lib/libRblas.0.dylib","14_q_50","one_factor","q",50,50,"regression","simpls","cpu_irlba_explicit","cpu","irlba","explicit",FALSE,"float64",2000,400,400,50,NA,30,20,1,0.152587890625,2,10014,125,32,5,NA,NA,NA,NA,NA,NA,NA,NA,NA,"fresh_per_component",1,FALSE,TRUE,NA,NA,225.375,234.203125,234.296875,234.203,8.828,NA,NA,NA,NA,0.0429999999999999,0.003,0.0459999999999999,0.240318298339844,8.24104309082031,0.49497214281662,0.750449747015058,NA,0,1,NA,NA,NA,0,"deterministic_reference","success",NA,NA
"14_q_50__cpu_irlba_explicit__rep3","0.99.39",NA,"reference_1",1,1,"/Library/Frameworks/R.framework/Versions/4.6/Resources/lib/libRblas.0.dylib","14_q_50","one_factor","q",50,50,"regression","simpls","cpu_irlba_explicit","cpu","irlba","explicit",FALSE,"float64",2000,400,400,50,NA,30,20,1,0.152587890625,3,10014,126,32,5,NA,NA,NA,NA,NA,NA,NA,NA,NA,"fresh_per_component",1,FALSE,TRUE,NA,NA,227.953125,228.6875,228.765625,228.688,0.734874999999988,NA,NA,NA,NA,0.042,0.003,0.045,0.240318298339844,8.24104309082031,0.49497214281662,0.750449747015058,NA,0,1,NA,NA,NA,0,"deterministic_reference","success",NA,NA
"14_q_50__cpu_rsvd_auto__rep1","0.99.39",NA,"reference_1",1,1,"/Library/Frameworks/R.framework/Versions/4.6/Resources/lib/libRblas.0.dylib","14_q_50","one_factor","q",50,50,"regression","simpls","cpu_rsvd_auto","cpu","rsvd","auto",FALSE,"float64",2000,400,400,50,NA,30,20,1,0.152587890625,1,10014,124,NA,NA,"ordinary_fast",FALSE,NA,NA,NA,32,5,NA,NA,"fresh_oversampled_sketch_per_component",1,FALSE,TRUE,NA,NA,229.15625,242,242.078125,242,12.84375,NA,NA,NA,NA,0.195,0.004,0.199,0.245407104492188,8.24104309082031,0.494972171545979,0.750449718046078,NA,1.60867343266131e-06,0.9999999999987,NA,NA,NA,2.87293585587989e-08,"within_tolerance","success",NA,NA
"14_q_50__cpu_rsvd_auto__rep2","0.99.39",NA,"reference_1",1,1,"/Library/Frameworks/R.framework/Versions/4.6/Resources/lib/libRblas.0.dylib","14_q_50","one_factor","q",50,50,"regression","simpls","cpu_rsvd_auto","cpu","rsvd","auto",FALSE,"float64",2000,400,400,50,NA,30,20,1,0.152587890625,2,10014,125,NA,NA,"ordinary_fast",FALSE,NA,NA,NA,32,5,NA,NA,"fresh_oversampled_sketch_per_component",1,FALSE,TRUE,NA,NA,226.171875,239.125,239.21875,239.141,12.969125,NA,NA,NA,NA,0.198,0.004,0.202,0.245407104492188,8.24104309082031,0.494972171545979,0.750449718046078,NA,1.60867343323985e-06,0.9999999999987,NA,NA,NA,2.87293585032877e-08,"within_tolerance","success",NA,NA
"14_q_50__cpu_rsvd_auto__rep3","0.99.39",NA,"reference_1",1,1,"/Library/Frameworks/R.framework/Versions/4.6/Resources/lib/libRblas.0.dylib","14_q_50","one_factor","q",50,50,"regression","simpls","cpu_rsvd_auto","cpu","rsvd","auto",FALSE,"float64",2000,400,400,50,NA,30,20,1,0.152587890625,3,10014,126,NA,NA,"ordinary_fast",FALSE,NA,NA,NA,32,5,NA,NA,"fresh_oversampled_sketch_per_component",1,FALSE,TRUE,NA,NA,224.453125,237.515625,237.59375,237.516,13.062875,NA,NA,NA,NA,0.195,0.003,0.198,0.245407104492188,8.24104309082031,0.494972171545979,0.750449718046078,NA,1.60867343377921e-06,0.999999999998699,NA,NA,NA,2.87293585587989e-08,"within_tolerance","success",NA,NA
"14_q_50__metal_rsvd_auto__rep1","0.99.39",NA,"reference_1",1,1,"/Library/Frameworks/R.framework/Versions/4.6/Resources/lib/libRblas.0.dylib","14_q_50","one_factor","q",50,50,"regression","simpls","metal_rsvd_auto","metal","rsvd","auto",FALSE,"float64",2000,400,400,50,NA,30,20,1,0.152587890625,1,10014,124,NA,NA,"ordinary_fast",FALSE,NA,NA,NA,32,5,NA,NA,"fresh_oversampled_sketch_per_component",1,FALSE,TRUE,NA,NA,229.140625,249.28125,249.328125,250.266,21.125375,NA,NA,NA,NA,0.192,0.004,0.196,0.619056701660156,8.24104309082031,0.494972176364025,0.750449713187847,NA,1.72386508604723e-06,0.999999999998513,NA,NA,NA,3.35474046320172e-08,"within_tolerance","success",NA,NA
"14_q_50__metal_rsvd_auto__rep2","0.99.39",NA,"reference_1",1,1,"/Library/Frameworks/R.framework/Versions/4.6/Resources/lib/libRblas.0.dylib","14_q_50","one_factor","q",50,50,"regression","simpls","metal_rsvd_auto","metal","rsvd","auto",FALSE,"float64",2000,400,400,50,NA,30,20,1,0.152587890625,2,10014,125,NA,NA,"ordinary_fast",FALSE,NA,NA,NA,32,5,NA,NA,"fresh_oversampled_sketch_per_component",1,FALSE,TRUE,NA,NA,237.875,254.9375,254.953125,257.844,19.969,NA,NA,NA,NA,0.198,0.003,0.201,0.619056701660156,8.24104309082031,0.494972176364025,0.750449713187847,NA,1.72386508604723e-06,0.999999999998513,NA,NA,NA,3.35474046320172e-08,"within_tolerance","success",NA,NA
"14_q_50__metal_rsvd_auto__rep3","0.99.39",NA,"reference_1",1,1,"/Library/Frameworks/R.framework/Versions/4.6/Resources/lib/libRblas.0.dylib","14_q_50","one_factor","q",50,50,"regression","simpls","metal_rsvd_auto","metal","rsvd","auto",FALSE,"float64",2000,400,400,50,NA,30,20,1,0.152587890625,3,10014,126,NA,NA,"ordinary_fast",FALSE,NA,NA,NA,32,5,NA,NA,"fresh_oversampled_sketch_per_component",1,FALSE,TRUE,NA,NA,227.46875,248.78125,250.09375,251.688,24.21925,NA,NA,NA,NA,0.208,0.004,0.212,0.619056701660156,8.24104309082031,0.494972176364025,0.750449713187847,NA,1.72386508604723e-06,0.999999999998513,NA,NA,NA,3.35474046320172e-08,"within_tolerance","success",NA,NA
"15_q_100__cpu_irlba_explicit__rep1","0.99.39",NA,"reference_1",1,1,"/Library/Frameworks/R.framework/Versions/4.6/Resources/lib/libRblas.0.dylib","15_q_100","one_factor","q",100,100,"regression","simpls","cpu_irlba_explicit","cpu","irlba","explicit",FALSE,"float64",2000,400,400,100,NA,30,20,1,0.30517578125,1,10015,124,32,5,NA,NA,NA,NA,NA,NA,NA,NA,NA,"fresh_per_component",1,FALSE,TRUE,NA,NA,229.203125,242.125,242.234375,242.219,13.015875,NA,NA,NA,NA,0.071,0.006,0.077,0.400917053222656,9.15657043457031,0.539869967639047,0.713118614931381,NA,0,1,NA,NA,NA,0,"deterministic_reference","success",NA,NA
"15_q_100__cpu_irlba_explicit__rep2","0.99.39",NA,"reference_1",1,1,"/Library/Frameworks/R.framework/Versions/4.6/Resources/lib/libRblas.0.dylib","15_q_100","one_factor","q",100,100,"regression","simpls","cpu_irlba_explicit","cpu","irlba","explicit",FALSE,"float64",2000,400,400,100,NA,30,20,1,0.30517578125,2,10015,125,32,5,NA,NA,NA,NA,NA,NA,NA,NA,NA,"fresh_per_component",1,FALSE,TRUE,NA,NA,226.3125,234.640625,234.71875,234.641,8.32849999999999,NA,NA,NA,NA,0.0700000000000001,0.005,0.0750000000000001,0.400917053222656,9.15657043457031,0.539869967639047,0.713118614931381,NA,0,1,NA,NA,NA,0,"deterministic_reference","success",NA,NA
"15_q_100__cpu_irlba_explicit__rep3","0.99.39",NA,"reference_1",1,1,"/Library/Frameworks/R.framework/Versions/4.6/Resources/lib/libRblas.0.dylib","15_q_100","one_factor","q",100,100,"regression","simpls","cpu_irlba_explicit","cpu","irlba","explicit",FALSE,"float64",2000,400,400,100,NA,30,20,1,0.30517578125,3,10015,126,32,5,NA,NA,NA,NA,NA,NA,NA,NA,NA,"fresh_per_component",1,FALSE,TRUE,NA,NA,227.03125,241.453125,241.53125,241.516,14.48475,NA,NA,NA,NA,0.071,0.006,0.077,0.400917053222656,9.15657043457031,0.539869967639047,0.713118614931381,NA,0,1,NA,NA,NA,0,"deterministic_reference","success",NA,NA
"15_q_100__cpu_rsvd_auto__rep1","0.99.39",NA,"reference_1",1,1,"/Library/Frameworks/R.framework/Versions/4.6/Resources/lib/libRblas.0.dylib","15_q_100","one_factor","q",100,100,"regression","simpls","cpu_rsvd_auto","cpu","rsvd","auto",FALSE,"float64",2000,400,400,100,NA,30,20,1,0.30517578125,1,10015,124,NA,NA,"ordinary_fast",FALSE,NA,NA,NA,32,5,NA,NA,"fresh_oversampled_sketch_per_component",1,FALSE,TRUE,NA,NA,228.1875,235.125,235.203125,235.297,7.1095,NA,NA,NA,NA,0.31,0.006,0.316,0.406005859375,9.15657043457031,0.539869889859221,0.713118697594183,NA,3.11925991848752e-06,0.999999999995132,NA,NA,NA,7.77798263573715e-08,"within_tolerance","success",NA,NA
"15_q_100__cpu_rsvd_auto__rep2","0.99.39",NA,"reference_1",1,1,"/Library/Frameworks/R.framework/Versions/4.6/Resources/lib/libRblas.0.dylib","15_q_100","one_factor","q",100,100,"regression","simpls","cpu_rsvd_auto","cpu","rsvd","auto",FALSE,"float64",2000,400,400,100,NA,30,20,1,0.30517578125,2,10015,125,NA,NA,"ordinary_fast",FALSE,NA,NA,NA,32,5,NA,NA,"fresh_oversampled_sketch_per_component",1,FALSE,TRUE,NA,NA,231.921875,244.8125,244.890625,244.812,12.890125,NA,NA,NA,NA,0.311,0.006,0.317,0.406005859375,9.15657043457031,0.539869889859221,0.713118697594183,NA,3.11925991875753e-06,0.999999999995131,NA,NA,NA,7.77798263573715e-08,"within_tolerance","success",NA,NA
"15_q_100__cpu_rsvd_auto__rep3","0.99.39",NA,"reference_1",1,1,"/Library/Frameworks/R.framework/Versions/4.6/Resources/lib/libRblas.0.dylib","15_q_100","one_factor","q",100,100,"regression","simpls","cpu_rsvd_auto","cpu","rsvd","auto",FALSE,"float64",2000,400,400,100,NA,30,20,1,0.30517578125,3,10015,126,NA,NA,"ordinary_fast",FALSE,NA,NA,NA,32,5,NA,NA,"fresh_oversampled_sketch_per_component",1,FALSE,TRUE,NA,NA,229.15625,245.125,245.203125,245.125,15.96875,NA,NA,NA,NA,0.309,0.00499999999999989,0.314,0.406005859375,9.15657043457031,0.539869889859221,0.713118697594183,NA,3.11925991865461e-06,0.999999999995132,NA,NA,NA,7.77798263573715e-08,"within_tolerance","success",NA,NA
"15_q_100__metal_rsvd_auto__rep1","0.99.39",NA,"reference_1",1,1,"/Library/Frameworks/R.framework/Versions/4.6/Resources/lib/libRblas.0.dylib","15_q_100","one_factor","q",100,100,"regression","simpls","metal_rsvd_auto","metal","rsvd","auto",FALSE,"float64",2000,400,400,100,NA,30,20,1,0.30517578125,1,10015,124,NA,NA,"ordinary_fast",FALSE,NA,NA,NA,32,5,NA,NA,"fresh_oversampled_sketch_per_component",1,FALSE,TRUE,NA,NA,233.46875,267.625,267.671875,269.75,36.28125,NA,NA,NA,NA,0.34,0.0089999999999999,0.349,0.787284851074219,9.15657043457031,0.539869889317078,0.71311869817036,NA,3.13998524939734e-06,0.99999999999508,NA,NA,NA,7.83219689104442e-08,"within_tolerance","success",NA,NA
"15_q_100__metal_rsvd_auto__rep2","0.99.39",NA,"reference_1",1,1,"/Library/Frameworks/R.framework/Versions/4.6/Resources/lib/libRblas.0.dylib","15_q_100","one_factor","q",100,100,"regression","simpls","metal_rsvd_auto","metal","rsvd","auto",FALSE,"float64",2000,400,400,100,NA,30,20,1,0.30517578125,2,10015,125,NA,NA,"ordinary_fast",FALSE,NA,NA,NA,32,5,NA,NA,"fresh_oversampled_sketch_per_component",1,FALSE,TRUE,NA,NA,236.203125,253.078125,254.34375,257.234,21.030875,NA,NA,NA,NA,0.328,0.004,0.332,0.787284851074219,9.15657043457031,0.539869889317078,0.71311869817036,NA,3.13998524939734e-06,0.99999999999508,NA,NA,NA,7.83219689104442e-08,"within_tolerance","success",NA,NA
"15_q_100__metal_rsvd_auto__rep3","0.99.39",NA,"reference_1",1,1,"/Library/Frameworks/R.framework/Versions/4.6/Resources/lib/libRblas.0.dylib","15_q_100","one_factor","q",100,100,"regression","simpls","metal_rsvd_auto","metal","rsvd","auto",FALSE,"float64",2000,400,400,100,NA,30,20,1,0.30517578125,3,10015,126,NA,NA,"ordinary_fast",FALSE,NA,NA,NA,32,5,NA,NA,"fresh_oversampled_sketch_per_component",1,FALSE,TRUE,NA,NA,233.734375,258.125,258.28125,258.531,24.796625,NA,NA,NA,NA,0.344,0.004,0.348,0.787284851074219,9.15657043457031,0.539869889317078,0.71311869817036,NA,3.13998524939734e-06,0.99999999999508,NA,NA,NA,7.83219689104442e-08,"within_tolerance","success",NA,NA
"16_q_250__cpu_irlba_explicit__rep1","0.99.39",NA,"reference_1",1,1,"/Library/Frameworks/R.framework/Versions/4.6/Resources/lib/libRblas.0.dylib","16_q_250","one_factor","q",250,250,"regression","simpls","cpu_irlba_explicit","cpu","irlba","explicit",FALSE,"float64",2000,400,400,250,NA,30,20,1,0.762939453125,1,10016,124,32,5,NA,NA,NA,NA,NA,NA,NA,NA,NA,"fresh_per_component",1,FALSE,TRUE,NA,NA,240.9375,261.5,261.71875,261.5,20.5625,NA,NA,NA,NA,0.164,0.013,0.177,0.882713317871094,11.9031524658203,0.592350572317383,0.655249751702434,NA,0,1,NA,NA,NA,0,"deterministic_reference","success",NA,NA
"16_q_250__cpu_irlba_explicit__rep2","0.99.39",NA,"reference_1",1,1,"/Library/Frameworks/R.framework/Versions/4.6/Resources/lib/libRblas.0.dylib","16_q_250","one_factor","q",250,250,"regression","simpls","cpu_irlba_explicit","cpu","irlba","explicit",FALSE,"float64",2000,400,400,250,NA,30,20,1,0.762939453125,2,10016,125,32,5,NA,NA,NA,NA,NA,NA,NA,NA,NA,"fresh_per_component",1,FALSE,TRUE,NA,NA,236.765625,243.625,243.703125,243.625,6.859375,NA,NA,NA,NA,0.163,0.013,0.176,0.882713317871094,11.9031524658203,0.592350572317383,0.655249751702434,NA,0,1,NA,NA,NA,0,"deterministic_reference","success",NA,NA
"16_q_250__cpu_irlba_explicit__rep3","0.99.39",NA,"reference_1",1,1,"/Library/Frameworks/R.framework/Versions/4.6/Resources/lib/libRblas.0.dylib","16_q_250","one_factor","q",250,250,"regression","simpls","cpu_irlba_explicit","cpu","irlba","explicit",FALSE,"float64",2000,400,400,250,NA,30,20,1,0.762939453125,3,10016,126,32,5,NA,NA,NA,NA,NA,NA,NA,NA,NA,"fresh_per_component",1,FALSE,TRUE,NA,NA,242.9375,257.390625,258.234375,257.391,14.4535,NA,NA,NA,NA,0.164,0.013,0.177,0.882713317871094,11.9031524658203,0.592350572317383,0.655249751702434,NA,0,1,NA,NA,NA,0,"deterministic_reference","success",NA,NA
"16_q_250__cpu_rsvd_auto__rep1","0.99.39",NA,"reference_1",1,1,"/Library/Frameworks/R.framework/Versions/4.6/Resources/lib/libRblas.0.dylib","16_q_250","one_factor","q",250,250,"regression","simpls","cpu_rsvd_auto","cpu","rsvd","auto",FALSE,"float64",2000,400,400,250,NA,30,20,1,0.762939453125,1,10016,124,NA,NA,"ordinary_fast",FALSE,NA,NA,NA,32,5,NA,NA,"fresh_oversampled_sketch_per_component",1,FALSE,TRUE,NA,NA,238.46875,252.875,252.953125,252.875,14.40625,NA,NA,NA,NA,0.658,0.0130000000000001,0.671,0.887802124023438,11.9031524658203,0.592350562337608,0.65524976331897,NA,9.77128423556294e-06,0.999999999952247,NA,NA,NA,9.97977467331879e-09,"within_tolerance","success",NA,NA
"16_q_250__cpu_rsvd_auto__rep2","0.99.39",NA,"reference_1",1,1,"/Library/Frameworks/R.framework/Versions/4.6/Resources/lib/libRblas.0.dylib","16_q_250","one_factor","q",250,250,"regression","simpls","cpu_rsvd_auto","cpu","rsvd","auto",FALSE,"float64",2000,400,400,250,NA,30,20,1,0.762939453125,2,10016,125,NA,NA,"ordinary_fast",FALSE,NA,NA,NA,32,5,NA,NA,"fresh_oversampled_sketch_per_component",1,FALSE,TRUE,NA,NA,245.1875,260.421875,260.5,260.5,15.3125,NA,NA,NA,NA,0.658,0.012,0.67,0.887802124023438,11.9031524658203,0.592350562337608,0.65524976331897,NA,9.77128423677514e-06,0.999999999952247,NA,NA,NA,9.97977467331879e-09,"within_tolerance","success",NA,NA
"16_q_250__cpu_rsvd_auto__rep3","0.99.39",NA,"reference_1",1,1,"/Library/Frameworks/R.framework/Versions/4.6/Resources/lib/libRblas.0.dylib","16_q_250","one_factor","q",250,250,"regression","simpls","cpu_rsvd_auto","cpu","rsvd","auto",FALSE,"float64",2000,400,400,250,NA,30,20,1,0.762939453125,3,10016,126,NA,NA,"ordinary_fast",FALSE,NA,NA,NA,32,5,NA,NA,"fresh_oversampled_sketch_per_component",1,FALSE,TRUE,NA,NA,236.09375,250.515625,250.609375,250.594,14.50025,NA,NA,NA,NA,0.654,0.0130000000000001,0.667,0.887802124023438,11.9031524658203,0.592350562337608,0.65524976331897,NA,9.77128423675223e-06,0.999999999952247,NA,NA,NA,9.97977467331879e-09,"within_tolerance","success",NA,NA
"16_q_250__metal_rsvd_auto__rep1","0.99.39",NA,"reference_1",1,1,"/Library/Frameworks/R.framework/Versions/4.6/Resources/lib/libRblas.0.dylib","16_q_250","one_factor","q",250,250,"regression","simpls","metal_rsvd_auto","metal","rsvd","auto",FALSE,"float64",2000,400,400,250,NA,30,20,1,0.762939453125,1,10016,124,NA,NA,"ordinary_fast",FALSE,NA,NA,NA,32,5,NA,NA,"fresh_oversampled_sketch_per_component",1,FALSE,TRUE,NA,NA,234.6875,285.3125,285.390625,290.094,55.4065,NA,NA,NA,NA,1.24,0.00600000000000023,1.246,1.29196929931641,11.9031524658203,0.592350562532459,0.655249763092168,NA,9.80285245638358e-06,0.999999999951945,NA,NA,NA,9.78492420422583e-09,"within_tolerance","success",NA,NA
"16_q_250__metal_rsvd_auto__rep2","0.99.39",NA,"reference_1",1,1,"/Library/Frameworks/R.framework/Versions/4.6/Resources/lib/libRblas.0.dylib","16_q_250","one_factor","q",250,250,"regression","simpls","metal_rsvd_auto","metal","rsvd","auto",FALSE,"float64",2000,400,400,250,NA,30,20,1,0.762939453125,2,10016,125,NA,NA,"ordinary_fast",FALSE,NA,NA,NA,32,5,NA,NA,"fresh_oversampled_sketch_per_component",1,FALSE,TRUE,NA,NA,240.5,285.109375,285.25,288.125,47.625,NA,NA,NA,NA,1.246,0.004,1.25,1.29196929931641,11.9031524658203,0.592350562532459,0.655249763092168,NA,9.80285245638358e-06,0.999999999951945,NA,NA,NA,9.78492420422583e-09,"within_tolerance","success",NA,NA
"16_q_250__metal_rsvd_auto__rep3","0.99.39",NA,"reference_1",1,1,"/Library/Frameworks/R.framework/Versions/4.6/Resources/lib/libRblas.0.dylib","16_q_250","one_factor","q",250,250,"regression","simpls","metal_rsvd_auto","metal","rsvd","auto",FALSE,"float64",2000,400,400,250,NA,30,20,1,0.762939453125,3,10016,126,NA,NA,"ordinary_fast",FALSE,NA,NA,NA,32,5,NA,NA,"fresh_oversampled_sketch_per_component",1,FALSE,TRUE,NA,NA,245.34375,288.859375,288.890625,293.172,47.82825,NA,NA,NA,NA,1.238,0.006,1.244,1.29196929931641,11.9031524658203,0.592350562532459,0.655249763092168,NA,9.80285245638358e-06,0.999999999951945,NA,NA,NA,9.78492420422583e-09,"within_tolerance","success",NA,NA
"17_q_500__cpu_irlba_explicit__rep1","0.99.39",NA,"reference_1",1,1,"/Library/Frameworks/R.framework/Versions/4.6/Resources/lib/libRblas.0.dylib","17_q_500","one_factor","q",500,500,"regression","simpls","cpu_irlba_explicit","cpu","irlba","explicit",FALSE,"float64",2000,400,400,500,NA,30,20,1,1.52587890625,1,10017,124,32,5,NA,NA,NA,NA,NA,NA,NA,NA,NA,"fresh_per_component",1,FALSE,TRUE,NA,NA,257.625,285.859375,287.46875,285.922,28.297,NA,NA,NA,NA,0.301,0.0250000000000001,0.326,1.68570709228516,16.4807891845703,0.603989425983753,0.641541960099379,NA,0,1,NA,NA,NA,0,"deterministic_reference","success",NA,NA
"17_q_500__cpu_irlba_explicit__rep2","0.99.39",NA,"reference_1",1,1,"/Library/Frameworks/R.framework/Versions/4.6/Resources/lib/libRblas.0.dylib","17_q_500","one_factor","q",500,500,"regression","simpls","cpu_irlba_explicit","cpu","irlba","explicit",FALSE,"float64",2000,400,400,500,NA,30,20,1,1.52587890625,2,10017,125,32,5,NA,NA,NA,NA,NA,NA,NA,NA,NA,"fresh_per_component",1,FALSE,TRUE,NA,NA,258.78125,291.640625,291.75,291.891,33.10975,NA,NA,NA,NA,0.31,0.024,0.334,1.68570709228516,16.4807891845703,0.603989425983753,0.641541960099379,NA,0,1,NA,NA,NA,0,"deterministic_reference","success",NA,NA
"17_q_500__cpu_irlba_explicit__rep3","0.99.39",NA,"reference_1",1,1,"/Library/Frameworks/R.framework/Versions/4.6/Resources/lib/libRblas.0.dylib","17_q_500","one_factor","q",500,500,"regression","simpls","cpu_irlba_explicit","cpu","irlba","explicit",FALSE,"float64",2000,400,400,500,NA,30,20,1,1.52587890625,3,10017,126,32,5,NA,NA,NA,NA,NA,NA,NA,NA,NA,"fresh_per_component",1,FALSE,TRUE,NA,NA,237.203125,272.234375,275.046875,272.234,35.030875,NA,NA,NA,NA,0.302,0.0250000000000001,0.327,1.68570709228516,16.4807891845703,0.603989425983753,0.641541960099379,NA,0,1,NA,NA,NA,0,"deterministic_reference","success",NA,NA
"17_q_500__cpu_rsvd_auto__rep1","0.99.39",NA,"reference_1",1,1,"/Library/Frameworks/R.framework/Versions/4.6/Resources/lib/libRblas.0.dylib","17_q_500","one_factor","q",500,500,"regression","simpls","cpu_rsvd_auto","cpu","rsvd","auto",FALSE,"float64",2000,400,400,500,NA,30,20,1,1.52587890625,1,10017,124,NA,NA,"high_response_stable",FALSE,NA,NA,NA,48,6,NA,NA,"fresh_oversampled_sketch_per_component",1,FALSE,TRUE,NA,NA,259.09375,292.75,292.828125,292.812,33.71825,NA,NA,NA,NA,2.139,0.0249999999999999,2.164,1.69081115722656,16.4807891845703,0.603989770314561,0.641541551389619,NA,1.04374817521887e-05,0.999999999945575,NA,NA,NA,3.44330807644511e-07,"within_tolerance","success",NA,NA
"17_q_500__cpu_rsvd_auto__rep2","0.99.39",NA,"reference_1",1,1,"/Library/Frameworks/R.framework/Versions/4.6/Resources/lib/libRblas.0.dylib","17_q_500","one_factor","q",500,500,"regression","simpls","cpu_rsvd_auto","cpu","rsvd","auto",FALSE,"float64",2000,400,400,500,NA,30,20,1,1.52587890625,2,10017,125,NA,NA,"high_response_stable",FALSE,NA,NA,NA,48,6,NA,NA,"fresh_oversampled_sketch_per_component",1,FALSE,TRUE,NA,NA,260.453125,284.96875,285.0625,285.031,24.577875,NA,NA,NA,NA,2.147,0.0249999999999999,2.172,1.69081115722656,16.4807891845703,0.603989770314561,0.641541551389619,NA,1.04374817499338e-05,0.999999999945574,NA,NA,NA,3.44330807644511e-07,"within_tolerance","success",NA,NA
"17_q_500__cpu_rsvd_auto__rep3","0.99.39",NA,"reference_1",1,1,"/Library/Frameworks/R.framework/Versions/4.6/Resources/lib/libRblas.0.dylib","17_q_500","one_factor","q",500,500,"regression","simpls","cpu_rsvd_auto","cpu","rsvd","auto",FALSE,"float64",2000,400,400,500,NA,30,20,1,1.52587890625,3,10017,126,NA,NA,"high_response_stable",FALSE,NA,NA,NA,48,6,NA,NA,"fresh_oversampled_sketch_per_component",1,FALSE,TRUE,NA,NA,261.5625,295.890625,296,302.359,40.7965,NA,NA,NA,NA,2.141,0.0249999999999999,2.166,1.69081115722656,16.4807891845703,0.603989770314561,0.641541551389619,NA,1.04374817613465e-05,0.999999999945575,NA,NA,NA,3.443308080886e-07,"within_tolerance","success",NA,NA
"17_q_500__metal_rsvd_auto__rep1","0.99.39",NA,"reference_1",1,1,"/Library/Frameworks/R.framework/Versions/4.6/Resources/lib/libRblas.0.dylib","17_q_500","one_factor","q",500,500,"regression","simpls","metal_rsvd_auto","metal","rsvd","auto",FALSE,"float64",2000,400,400,500,NA,30,20,1,1.52587890625,1,10017,124,NA,NA,"high_response_stable",FALSE,NA,NA,NA,48,6,NA,NA,"fresh_oversampled_sketch_per_component",1,FALSE,TRUE,NA,NA,267.40625,332.921875,332.921875,338.266,70.85975,NA,NA,NA,NA,1.273,0.00599999999999978,1.279,2.13312530517578,16.4807891845703,0.603989757473781,0.641541566631229,NA,1.02100166594823e-05,0.999999999947928,NA,NA,NA,3.31490027982717e-07,"within_tolerance","success",NA,NA
"17_q_500__metal_rsvd_auto__rep2","0.99.39",NA,"reference_1",1,1,"/Library/Frameworks/R.framework/Versions/4.6/Resources/lib/libRblas.0.dylib","17_q_500","one_factor","q",500,500,"regression","simpls","metal_rsvd_auto","metal","rsvd","auto",FALSE,"float64",2000,400,400,500,NA,30,20,1,1.52587890625,2,10017,125,NA,NA,"high_response_stable",FALSE,NA,NA,NA,48,6,NA,NA,"fresh_oversampled_sketch_per_component",1,FALSE,TRUE,NA,NA,263.21875,330.234375,330.234375,331.047,67.82825,NA,NA,NA,NA,1.308,0.0089999999999999,1.317,2.13312530517578,16.4807891845703,0.603989765688211,0.641541556880955,NA,1.04431851370175e-05,0.999999999945499,NA,NA,NA,3.39704457563705e-07,"within_tolerance","success",NA,NA
"17_q_500__metal_rsvd_auto__rep3","0.99.39",NA,"reference_1",1,1,"/Library/Frameworks/R.framework/Versions/4.6/Resources/lib/libRblas.0.dylib","17_q_500","one_factor","q",500,500,"regression","simpls","metal_rsvd_auto","metal","rsvd","auto",FALSE,"float64",2000,400,400,500,NA,30,20,1,1.52587890625,3,10017,126,NA,NA,"high_response_stable",FALSE,NA,NA,NA,48,6,NA,NA,"fresh_oversampled_sketch_per_component",1,FALSE,TRUE,NA,NA,265.03125,334.828125,334.828125,334.828,69.79675,NA,NA,NA,NA,1.31,0.00599999999999978,1.316,2.13312530517578,16.4807891845703,0.60398978277133,0.641541536603825,NA,1.08773883291279e-05,0.999999999940894,NA,NA,NA,3.56787577038276e-07,"within_tolerance","success",NA,NA
"18_q_1000__cpu_irlba_explicit__rep1","0.99.39",NA,"reference_1",1,1,"/Library/Frameworks/R.framework/Versions/4.6/Resources/lib/libRblas.0.dylib","18_q_1000","one_factor","q",1000,1000,"regression","simpls","cpu_irlba_explicit","cpu","irlba","explicit",FALSE,"float64",2000,400,400,1000,NA,30,20,1,3.0517578125,1,10018,124,32,5,NA,NA,NA,NA,NA,NA,NA,NA,NA,"fresh_per_component",1,FALSE,TRUE,NA,NA,283.421875,305.5625,305.640625,305.625,22.203125,NA,NA,NA,NA,0.618,0.0489999999999999,0.667,3.29169464111328,25.6360626220703,0.611464928567861,0.622608747319043,NA,0,1,NA,NA,NA,0,"deterministic_reference","success",NA,NA
"18_q_1000__cpu_irlba_explicit__rep2","0.99.39",NA,"reference_1",1,1,"/Library/Frameworks/R.framework/Versions/4.6/Resources/lib/libRblas.0.dylib","18_q_1000","one_factor","q",1000,1000,"regression","simpls","cpu_irlba_explicit","cpu","irlba","explicit",FALSE,"float64",2000,400,400,1000,NA,30,20,1,3.0517578125,2,10018,125,32,5,NA,NA,NA,NA,NA,NA,NA,NA,NA,"fresh_per_component",1,FALSE,TRUE,NA,NA,268.484375,282.78125,287.234375,299.812,31.327625,NA,NA,NA,NA,0.618,0.048,0.666,3.29169464111328,25.6360626220703,0.611464928567861,0.622608747319043,NA,0,1,NA,NA,NA,0,"deterministic_reference","success",NA,NA
"18_q_1000__cpu_irlba_explicit__rep3","0.99.39",NA,"reference_1",1,1,"/Library/Frameworks/R.framework/Versions/4.6/Resources/lib/libRblas.0.dylib","18_q_1000","one_factor","q",1000,1000,"regression","simpls","cpu_irlba_explicit","cpu","irlba","explicit",FALSE,"float64",2000,400,400,1000,NA,30,20,1,3.0517578125,3,10018,126,32,5,NA,NA,NA,NA,NA,NA,NA,NA,NA,"fresh_per_component",1,FALSE,TRUE,NA,NA,283.53125,296.625,299.765625,296.688,13.15675,NA,NA,NA,NA,0.617,0.048,0.665,3.29169464111328,25.6360626220703,0.611464928567861,0.622608747319043,NA,0,1,NA,NA,NA,0,"deterministic_reference","success",NA,NA
"18_q_1000__cpu_rsvd_auto__rep1","0.99.39",NA,"reference_1",1,1,"/Library/Frameworks/R.framework/Versions/4.6/Resources/lib/libRblas.0.dylib","18_q_1000","one_factor","q",1000,1000,"regression","simpls","cpu_rsvd_auto","cpu","rsvd","auto",FALSE,"float64",2000,400,400,1000,NA,30,20,1,3.0517578125,1,10018,124,NA,NA,"high_response_stable",FALSE,NA,NA,NA,48,6,NA,NA,"fresh_oversampled_sketch_per_component",1,FALSE,TRUE,NA,NA,284.75,307.234375,307.375,307.312,22.562,NA,NA,NA,NA,4.121,0.0500000000000007,4.171,3.29679870605469,25.6360626220703,0.611464872835047,0.622608816114738,NA,6.13126592034482e-06,0.999999999981208,NA,NA,NA,5.57328138084401e-08,"within_tolerance","success",NA,NA
"18_q_1000__cpu_rsvd_auto__rep2","0.99.39",NA,"reference_1",1,1,"/Library/Frameworks/R.framework/Versions/4.6/Resources/lib/libRblas.0.dylib","18_q_1000","one_factor","q",1000,1000,"regression","simpls","cpu_rsvd_auto","cpu","rsvd","auto",FALSE,"float64",2000,400,400,1000,NA,30,20,1,3.0517578125,2,10018,125,NA,NA,"high_response_stable",FALSE,NA,NA,NA,48,6,NA,NA,"fresh_oversampled_sketch_per_component",1,FALSE,TRUE,NA,NA,279.15625,268.421875,275.5,301.312,22.15575,NA,NA,NA,NA,4.122,0.0479999999999992,4.17,3.29679870605469,25.6360626220703,0.611464872835047,0.622608816114737,NA,6.13126591964068e-06,0.999999999981207,NA,NA,NA,5.57328138084401e-08,"within_tolerance","success",NA,NA
"18_q_1000__cpu_rsvd_auto__rep3","0.99.39",NA,"reference_1",1,1,"/Library/Frameworks/R.framework/Versions/4.6/Resources/lib/libRblas.0.dylib","18_q_1000","one_factor","q",1000,1000,"regression","simpls","cpu_rsvd_auto","cpu","rsvd","auto",FALSE,"float64",2000,400,400,1000,NA,30,20,1,3.0517578125,3,10018,126,NA,NA,"high_response_stable",FALSE,NA,NA,NA,48,6,NA,NA,"fresh_oversampled_sketch_per_component",1,FALSE,TRUE,NA,NA,280.90625,297.640625,297.71875,297.703,16.79675,NA,NA,NA,NA,4.12,0.048,4.168,3.29679870605469,25.6360626220703,0.611464872835047,0.622608816114738,NA,6.13126592017285e-06,0.999999999981207,NA,NA,NA,5.57328138084401e-08,"within_tolerance","success",NA,NA
"18_q_1000__metal_rsvd_auto__rep1","0.99.39",NA,"reference_1",1,1,"/Library/Frameworks/R.framework/Versions/4.6/Resources/lib/libRblas.0.dylib","18_q_1000","one_factor","q",1000,1000,"regression","simpls","metal_rsvd_auto","metal","rsvd","auto",FALSE,"float64",2000,400,400,1000,NA,30,20,1,3.0517578125,1,10018,124,NA,NA,"high_response_stable",FALSE,NA,NA,NA,48,6,NA,NA,"fresh_oversampled_sketch_per_component",1,FALSE,TRUE,NA,NA,285.578125,368.8125,368.8125,373.891,88.312875,NA,NA,NA,NA,1.8,0.0100000000000002,1.81,3.81540679931641,25.6360626220703,0.611464876100239,0.622608812084227,NA,6.13839255027841e-06,0.99999999998122,NA,NA,NA,5.24676214697095e-08,"within_tolerance","success",NA,NA
"18_q_1000__metal_rsvd_auto__rep2","0.99.39",NA,"reference_1",1,1,"/Library/Frameworks/R.framework/Versions/4.6/Resources/lib/libRblas.0.dylib","18_q_1000","one_factor","q",1000,1000,"regression","simpls","metal_rsvd_auto","metal","rsvd","auto",FALSE,"float64",2000,400,400,1000,NA,30,20,1,3.0517578125,2,10018,125,NA,NA,"high_response_stable",FALSE,NA,NA,NA,48,6,NA,NA,"fresh_oversampled_sketch_per_component",1,FALSE,TRUE,NA,NA,286.78125,381.0625,381.078125,383.922,97.14075,NA,NA,NA,NA,1.782,0.00800000000000001,1.79,3.81540679931641,25.6360626220703,0.611464872039325,0.622608817096957,NA,6.16264790943775e-06,0.999999999981059,NA,NA,NA,5.6528535630207e-08,"within_tolerance","success",NA,NA
"18_q_1000__metal_rsvd_auto__rep3","0.99.39",NA,"reference_1",1,1,"/Library/Frameworks/R.framework/Versions/4.6/Resources/lib/libRblas.0.dylib","18_q_1000","one_factor","q",1000,1000,"regression","simpls","metal_rsvd_auto","metal","rsvd","auto",FALSE,"float64",2000,400,400,1000,NA,30,20,1,3.0517578125,3,10018,126,NA,NA,"high_response_stable",FALSE,NA,NA,NA,48,6,NA,NA,"fresh_oversampled_sketch_per_component",1,FALSE,TRUE,NA,NA,287.90625,378.203125,378.21875,385.891,97.98475,NA,NA,NA,NA,1.813,0.0100000000000002,1.823,3.81540679931641,25.6360626220703,0.6114648678254,0.622608822298559,NA,6.13410254419937e-06,0.999999999981208,NA,NA,NA,6.07424607279583e-08,"within_tolerance","success",NA,NA
"30_rank_5__cpu_irlba_explicit__rep1","0.99.39",NA,"reference_1",1,1,"/Library/Frameworks/R.framework/Versions/4.6/Resources/lib/libRblas.0.dylib","30_rank_5","one_factor","rank",5,5,"regression","simpls","cpu_irlba_explicit","cpu","irlba","explicit",FALSE,"float64",2000,400,400,100,NA,5,5,1,0.30517578125,1,10030,124,32,5,NA,NA,NA,NA,NA,NA,NA,NA,NA,"fresh_per_component",1,FALSE,TRUE,NA,NA,229.1875,242.15625,243.484375,242.172,12.9845,NA,NA,NA,NA,0.037,0.006,0.043,0.343681335449219,9.15657043457031,0.401911414257437,0.833008679663479,NA,0,1,NA,NA,NA,0,"deterministic_reference","success",NA,NA
"30_rank_5__cpu_irlba_explicit__rep2","0.99.39",NA,"reference_1",1,1,"/Library/Frameworks/R.framework/Versions/4.6/Resources/lib/libRblas.0.dylib","30_rank_5","one_factor","rank",5,5,"regression","simpls","cpu_irlba_explicit","cpu","irlba","explicit",FALSE,"float64",2000,400,400,100,NA,5,5,1,0.30517578125,2,10030,125,32,5,NA,NA,NA,NA,NA,NA,NA,NA,NA,"fresh_per_component",1,FALSE,TRUE,NA,NA,232.1875,241.34375,241.421875,241.406,9.21850000000001,NA,NA,NA,NA,0.036,0.006,0.042,0.343681335449219,9.15657043457031,0.401911414257437,0.833008679663479,NA,0,1,NA,NA,NA,0,"deterministic_reference","success",NA,NA
"30_rank_5__cpu_irlba_explicit__rep3","0.99.39",NA,"reference_1",1,1,"/Library/Frameworks/R.framework/Versions/4.6/Resources/lib/libRblas.0.dylib","30_rank_5","one_factor","rank",5,5,"regression","simpls","cpu_irlba_explicit","cpu","irlba","explicit",FALSE,"float64",2000,400,400,100,NA,5,5,1,0.30517578125,3,10030,126,32,5,NA,NA,NA,NA,NA,NA,NA,NA,NA,"fresh_per_component",1,FALSE,TRUE,NA,NA,233.59375,246.890625,247.046875,246.984,13.39025,NA,NA,NA,NA,0.037,0.006,0.043,0.343681335449219,9.15657043457031,0.401911414257437,0.833008679663479,NA,0,1,NA,NA,NA,0,"deterministic_reference","success",NA,NA
"30_rank_5__cpu_rsvd_auto__rep1","0.99.39",NA,"reference_1",1,1,"/Library/Frameworks/R.framework/Versions/4.6/Resources/lib/libRblas.0.dylib","30_rank_5","one_factor","rank",5,5,"regression","simpls","cpu_rsvd_auto","cpu","rsvd","auto",FALSE,"float64",2000,400,400,100,NA,5,5,1,0.30517578125,1,10030,124,NA,NA,"ordinary_fast",FALSE,NA,NA,NA,32,5,NA,NA,"fresh_oversampled_sketch_per_component",1,FALSE,TRUE,NA,NA,226.4375,239.296875,239.375,239.297,12.8595,NA,NA,NA,NA,0.101,0.006,0.107,0.348770141601562,9.15657043457031,0.401911414257437,0.833008679663479,NA,1.43074536260383e-15,1,NA,NA,NA,1.11022302462516e-16,"within_tolerance","success",NA,NA
"30_rank_5__cpu_rsvd_auto__rep2","0.99.39",NA,"reference_1",1,1,"/Library/Frameworks/R.framework/Versions/4.6/Resources/lib/libRblas.0.dylib","30_rank_5","one_factor","rank",5,5,"regression","simpls","cpu_rsvd_auto","cpu","rsvd","auto",FALSE,"float64",2000,400,400,100,NA,5,5,1,0.30517578125,2,10030,125,NA,NA,"ordinary_fast",FALSE,NA,NA,NA,32,5,NA,NA,"fresh_oversampled_sketch_per_component",1,FALSE,TRUE,NA,NA,233.203125,239.96875,240.046875,240.031,6.82787500000001,NA,NA,NA,NA,0.101,0.006,0.107,0.348770141601562,9.15657043457031,0.401911414257437,0.833008679663479,NA,1.32042441520331e-15,1,NA,NA,NA,5.55111512312578e-17,"within_tolerance","success",NA,NA
"30_rank_5__cpu_rsvd_auto__rep3","0.99.39",NA,"reference_1",1,1,"/Library/Frameworks/R.framework/Versions/4.6/Resources/lib/libRblas.0.dylib","30_rank_5","one_factor","rank",5,5,"regression","simpls","cpu_rsvd_auto","cpu","rsvd","auto",FALSE,"float64",2000,400,400,100,NA,5,5,1,0.30517578125,3,10030,126,NA,NA,"ordinary_fast",FALSE,NA,NA,NA,32,5,NA,NA,"fresh_oversampled_sketch_per_component",1,FALSE,TRUE,NA,NA,229.234375,235.984375,236.0625,235.984,6.74962500000001,NA,NA,NA,NA,0.1,0.006,0.106,0.348770141601562,9.15657043457031,0.401911414257437,0.833008679663479,NA,1.45520075723339e-15,1,NA,NA,NA,1.11022302462516e-16,"within_tolerance","success",NA,NA
"30_rank_5__metal_rsvd_auto__rep1","0.99.39",NA,"reference_1",1,1,"/Library/Frameworks/R.framework/Versions/4.6/Resources/lib/libRblas.0.dylib","30_rank_5","one_factor","rank",5,5,"regression","simpls","metal_rsvd_auto","metal","rsvd","auto",FALSE,"float64",2000,400,400,100,NA,5,5,1,0.30517578125,1,10030,124,NA,NA,"ordinary_fast",FALSE,NA,NA,NA,32,5,NA,NA,"fresh_oversampled_sketch_per_component",1,FALSE,TRUE,NA,NA,235.421875,254.546875,254.875,260.125,24.703125,NA,NA,NA,NA,0.106,0.00499999999999989,0.111,0.443954467773438,9.15657043457031,0.401911416642926,0.833008677681171,NA,2.17387293446227e-07,0.999999999999972,NA,NA,NA,2.38548941711159e-09,"within_tolerance","success",NA,NA
"30_rank_5__metal_rsvd_auto__rep2","0.99.39",NA,"reference_1",1,1,"/Library/Frameworks/R.framework/Versions/4.6/Resources/lib/libRblas.0.dylib","30_rank_5","one_factor","rank",5,5,"regression","simpls","metal_rsvd_auto","metal","rsvd","auto",FALSE,"float64",2000,400,400,100,NA,5,5,1,0.30517578125,2,10030,125,NA,NA,"ordinary_fast",FALSE,NA,NA,NA,32,5,NA,NA,"fresh_oversampled_sketch_per_component",1,FALSE,TRUE,NA,NA,235.75,249.109375,249.140625,251.078,15.328,NA,NA,NA,NA,0.105,0.005,0.11,0.443954467773438,9.15657043457031,0.401911416642926,0.833008677681171,NA,2.17387293446227e-07,0.999999999999972,NA,NA,NA,2.38548941711159e-09,"within_tolerance","success",NA,NA
"30_rank_5__metal_rsvd_auto__rep3","0.99.39",NA,"reference_1",1,1,"/Library/Frameworks/R.framework/Versions/4.6/Resources/lib/libRblas.0.dylib","30_rank_5","one_factor","rank",5,5,"regression","simpls","metal_rsvd_auto","metal","rsvd","auto",FALSE,"float64",2000,400,400,100,NA,5,5,1,0.30517578125,3,10030,126,NA,NA,"ordinary_fast",FALSE,NA,NA,NA,32,5,NA,NA,"fresh_oversampled_sketch_per_component",1,FALSE,TRUE,NA,NA,234.078125,258.046875,259.3125,259.938,25.859875,NA,NA,NA,NA,0.113,0.00800000000000001,0.121,0.443954467773438,9.15657043457031,0.401911416642926,0.833008677681171,NA,2.17387293446227e-07,0.999999999999972,NA,NA,NA,2.38548941711159e-09,"within_tolerance","success",NA,NA
"31_rank_10__cpu_irlba_explicit__rep1","0.99.39",NA,"reference_1",1,1,"/Library/Frameworks/R.framework/Versions/4.6/Resources/lib/libRblas.0.dylib","31_rank_10","one_factor","rank",10,10,"regression","simpls","cpu_irlba_explicit","cpu","irlba","explicit",FALSE,"float64",2000,400,400,100,NA,10,5,1,0.30517578125,1,10031,124,32,5,NA,NA,NA,NA,NA,NA,NA,NA,NA,"fresh_per_component",1,FALSE,TRUE,NA,NA,228.03125,242.484375,242.5625,242.484,14.45275,NA,NA,NA,NA,0.04,0.005,0.045,0.343681335449219,9.15657043457031,0.692998420231016,0.534714057280232,NA,0,1,NA,NA,NA,0,"deterministic_reference","success",NA,NA
"31_rank_10__cpu_irlba_explicit__rep2","0.99.39",NA,"reference_1",1,1,"/Library/Frameworks/R.framework/Versions/4.6/Resources/lib/libRblas.0.dylib","31_rank_10","one_factor","rank",10,10,"regression","simpls","cpu_irlba_explicit","cpu","irlba","explicit",FALSE,"float64",2000,400,400,100,NA,10,5,1,0.30517578125,2,10031,125,32,5,NA,NA,NA,NA,NA,NA,NA,NA,NA,"fresh_per_component",1,FALSE,TRUE,NA,NA,226.296875,239.203125,239.296875,239.203,12.906125,NA,NA,NA,NA,0.04,0.006,0.046,0.343681335449219,9.15657043457031,0.692998420231016,0.534714057280232,NA,0,1,NA,NA,NA,0,"deterministic_reference","success",NA,NA
"31_rank_10__cpu_irlba_explicit__rep3","0.99.39",NA,"reference_1",1,1,"/Library/Frameworks/R.framework/Versions/4.6/Resources/lib/libRblas.0.dylib","31_rank_10","one_factor","rank",10,10,"regression","simpls","cpu_irlba_explicit","cpu","irlba","explicit",FALSE,"float64",2000,400,400,100,NA,10,5,1,0.30517578125,3,10031,126,32,5,NA,NA,NA,NA,NA,NA,NA,NA,NA,"fresh_per_component",1,FALSE,TRUE,NA,NA,231.203125,238.046875,238.125,238.047,6.843875,NA,NA,NA,NA,0.04,0.006,0.046,0.343681335449219,9.15657043457031,0.692998420231016,0.534714057280232,NA,0,1,NA,NA,NA,0,"deterministic_reference","success",NA,NA
"31_rank_10__cpu_rsvd_auto__rep1","0.99.39",NA,"reference_1",1,1,"/Library/Frameworks/R.framework/Versions/4.6/Resources/lib/libRblas.0.dylib","31_rank_10","one_factor","rank",10,10,"regression","simpls","cpu_rsvd_auto","cpu","rsvd","auto",FALSE,"float64",2000,400,400,100,NA,10,5,1,0.30517578125,1,10031,124,NA,NA,"ordinary_fast",FALSE,NA,NA,NA,32,5,NA,NA,"fresh_oversampled_sketch_per_component",1,FALSE,TRUE,NA,NA,238.0625,251.09375,251.25,251.094,13.0315,NA,NA,NA,NA,0.101,0.005,0.106,0.348770141601562,9.15657043457031,0.692998418314787,0.534714059853387,NA,2.19830219717892e-07,0.999999999999972,NA,NA,NA,1.91622906431377e-09,"within_tolerance","success",NA,NA
"31_rank_10__cpu_rsvd_auto__rep2","0.99.39",NA,"reference_1",1,1,"/Library/Frameworks/R.framework/Versions/4.6/Resources/lib/libRblas.0.dylib","31_rank_10","one_factor","rank",10,10,"regression","simpls","cpu_rsvd_auto","cpu","rsvd","auto",FALSE,"float64",2000,400,400,100,NA,10,5,1,0.30517578125,2,10031,125,NA,NA,"ordinary_fast",FALSE,NA,NA,NA,32,5,NA,NA,"fresh_oversampled_sketch_per_component",1,FALSE,TRUE,NA,NA,230.5,238.828125,238.90625,238.891,8.39099999999999,NA,NA,NA,NA,0.1,0.006,0.106,0.348770141601562,9.15657043457031,0.692998418314787,0.534714059853387,NA,2.19830220316791e-07,0.999999999999972,NA,NA,NA,1.91622906431377e-09,"within_tolerance","success",NA,NA
"31_rank_10__cpu_rsvd_auto__rep3","0.99.39",NA,"reference_1",1,1,"/Library/Frameworks/R.framework/Versions/4.6/Resources/lib/libRblas.0.dylib","31_rank_10","one_factor","rank",10,10,"regression","simpls","cpu_rsvd_auto","cpu","rsvd","auto",FALSE,"float64",2000,400,400,100,NA,10,5,1,0.30517578125,3,10031,126,NA,NA,"ordinary_fast",FALSE,NA,NA,NA,32,5,NA,NA,"fresh_oversampled_sketch_per_component",1,FALSE,TRUE,NA,NA,233.078125,233.90625,233.984375,233.906,0.827875000000006,NA,NA,NA,NA,0.101,0.005,0.106,0.348770141601562,9.15657043457031,0.692998418314787,0.534714059853387,NA,2.1983021987301e-07,0.999999999999972,NA,NA,NA,1.91622906431377e-09,"within_tolerance","success",NA,NA
"31_rank_10__metal_rsvd_auto__rep1","0.99.39",NA,"reference_1",1,1,"/Library/Frameworks/R.framework/Versions/4.6/Resources/lib/libRblas.0.dylib","31_rank_10","one_factor","rank",10,10,"regression","simpls","metal_rsvd_auto","metal","rsvd","auto",FALSE,"float64",2000,400,400,100,NA,10,5,1,0.30517578125,1,10031,124,NA,NA,"ordinary_fast",FALSE,NA,NA,NA,32,5,NA,NA,"fresh_oversampled_sketch_per_component",1,FALSE,TRUE,NA,NA,232.375,258.3125,258.34375,258.797,26.422,NA,NA,NA,NA,0.109,0.005,0.114,0.443954467773438,9.15657043457031,0.692998421452595,0.534714055639879,NA,3.48234910108148e-07,0.999999999999943,NA,NA,NA,1.22157928217348e-09,"within_tolerance","success",NA,NA
"31_rank_10__metal_rsvd_auto__rep2","0.99.39",NA,"reference_1",1,1,"/Library/Frameworks/R.framework/Versions/4.6/Resources/lib/libRblas.0.dylib","31_rank_10","one_factor","rank",10,10,"regression","simpls","metal_rsvd_auto","metal","rsvd","auto",FALSE,"float64",2000,400,400,100,NA,10,5,1,0.30517578125,2,10031,125,NA,NA,"ordinary_fast",FALSE,NA,NA,NA,32,5,NA,NA,"fresh_oversampled_sketch_per_component",1,FALSE,TRUE,NA,NA,237.15625,261.34375,261.375,264.078,26.92175,NA,NA,NA,NA,0.114,0.005,0.119,0.443954467773438,9.15657043457031,0.692998421452595,0.534714055639879,NA,3.48234910108148e-07,0.999999999999943,NA,NA,NA,1.22157928217348e-09,"within_tolerance","success",NA,NA
"31_rank_10__metal_rsvd_auto__rep3","0.99.39",NA,"reference_1",1,1,"/Library/Frameworks/R.framework/Versions/4.6/Resources/lib/libRblas.0.dylib","31_rank_10","one_factor","rank",10,10,"regression","simpls","metal_rsvd_auto","metal","rsvd","auto",FALSE,"float64",2000,400,400,100,NA,10,5,1,0.30517578125,3,10031,126,NA,NA,"ordinary_fast",FALSE,NA,NA,NA,32,5,NA,NA,"fresh_oversampled_sketch_per_component",1,FALSE,TRUE,NA,NA,231.4375,243.671875,243.6875,246.281,14.8435,NA,NA,NA,NA,0.098,0.006,0.104,0.443954467773438,9.15657043457031,0.692998421452595,0.534714055639879,NA,3.48234910108148e-07,0.999999999999943,NA,NA,NA,1.22157928217348e-09,"within_tolerance","success",NA,NA
"32_rank_20__cpu_irlba_explicit__rep1","0.99.39",NA,"reference_1",1,1,"/Library/Frameworks/R.framework/Versions/4.6/Resources/lib/libRblas.0.dylib","32_rank_20","one_factor","rank",20,20,"regression","simpls","cpu_irlba_explicit","cpu","irlba","explicit",FALSE,"float64",2000,400,400,100,NA,20,5,1,0.30517578125,1,10032,124,32,5,NA,NA,NA,NA,NA,NA,NA,NA,NA,"fresh_per_component",1,FALSE,TRUE,NA,NA,229.59375,236.375,236.453125,236.375,6.78125,NA,NA,NA,NA,0.04,0.005,0.045,0.343681335449219,9.15657043457031,0.791743068455016,0.357749137047287,NA,0,1,NA,NA,NA,0,"deterministic_reference","success",NA,NA
"32_rank_20__cpu_irlba_explicit__rep2","0.99.39",NA,"reference_1",1,1,"/Library/Frameworks/R.framework/Versions/4.6/Resources/lib/libRblas.0.dylib","32_rank_20","one_factor","rank",20,20,"regression","simpls","cpu_irlba_explicit","cpu","irlba","explicit",FALSE,"float64",2000,400,400,100,NA,20,5,1,0.30517578125,2,10032,125,32,5,NA,NA,NA,NA,NA,NA,NA,NA,NA,"fresh_per_component",1,FALSE,TRUE,NA,NA,230.296875,243.1875,243.265625,243.344,13.047125,NA,NA,NA,NA,0.04,0.005,0.045,0.343681335449219,9.15657043457031,0.791743068455016,0.357749137047287,NA,0,1,NA,NA,NA,0,"deterministic_reference","success",NA,NA
"32_rank_20__cpu_irlba_explicit__rep3","0.99.39",NA,"reference_1",1,1,"/Library/Frameworks/R.framework/Versions/4.6/Resources/lib/libRblas.0.dylib","32_rank_20","one_factor","rank",20,20,"regression","simpls","cpu_irlba_explicit","cpu","irlba","explicit",FALSE,"float64",2000,400,400,100,NA,20,5,1,0.30517578125,3,10032,126,32,5,NA,NA,NA,NA,NA,NA,NA,NA,NA,"fresh_per_component",1,FALSE,TRUE,NA,NA,229.078125,243.515625,243.59375,243.516,14.437875,NA,NA,NA,NA,0.04,0.006,0.046,0.343681335449219,9.15657043457031,0.791743068455016,0.357749137047287,NA,0,1,NA,NA,NA,0,"deterministic_reference","success",NA,NA
"32_rank_20__cpu_rsvd_auto__rep1","0.99.39",NA,"reference_1",1,1,"/Library/Frameworks/R.framework/Versions/4.6/Resources/lib/libRblas.0.dylib","32_rank_20","one_factor","rank",20,20,"regression","simpls","cpu_rsvd_auto","cpu","rsvd","auto",FALSE,"float64",2000,400,400,100,NA,20,5,1,0.30517578125,1,10032,124,NA,NA,"ordinary_fast",FALSE,NA,NA,NA,32,5,NA,NA,"fresh_oversampled_sketch_per_component",1,FALSE,TRUE,NA,NA,224.375,237.40625,237.484375,237.406,13.031,NA,NA,NA,NA,0.101,0.006,0.107,0.348770141601562,9.15657043457031,0.791743086192948,0.357749108269766,NA,1.39625084742019e-06,0.999999999999043,NA,NA,NA,1.77379324561855e-08,"within_tolerance","success",NA,NA
"32_rank_20__cpu_rsvd_auto__rep2","0.99.39",NA,"reference_1",1,1,"/Library/Frameworks/R.framework/Versions/4.6/Resources/lib/libRblas.0.dylib","32_rank_20","one_factor","rank",20,20,"regression","simpls","cpu_rsvd_auto","cpu","rsvd","auto",FALSE,"float64",2000,400,400,100,NA,20,5,1,0.30517578125,2,10032,125,NA,NA,"ordinary_fast",FALSE,NA,NA,NA,32,5,NA,NA,"fresh_oversampled_sketch_per_component",1,FALSE,TRUE,NA,NA,233.21875,239.96875,240.046875,239.969,6.75024999999999,NA,NA,NA,NA,0.101,0.005,0.106,0.348770141601562,9.15657043457031,0.791743086192948,0.357749108269765,NA,1.39625084692013e-06,0.999999999999043,NA,NA,NA,1.77379325672078e-08,"within_tolerance","success",NA,NA
"32_rank_20__cpu_rsvd_auto__rep3","0.99.39",NA,"reference_1",1,1,"/Library/Frameworks/R.framework/Versions/4.6/Resources/lib/libRblas.0.dylib","32_rank_20","one_factor","rank",20,20,"regression","simpls","cpu_rsvd_auto","cpu","rsvd","auto",FALSE,"float64",2000,400,400,100,NA,20,5,1,0.30517578125,3,10032,126,NA,NA,"ordinary_fast",FALSE,NA,NA,NA,32,5,NA,NA,"fresh_oversampled_sketch_per_component",1,FALSE,TRUE,NA,NA,234.90625,244.75,244.828125,244.75,9.84375,NA,NA,NA,NA,0.101,0.006,0.107,0.348770141601562,9.15657043457031,0.791743086192948,0.357749108269765,NA,1.39625084741058e-06,0.999999999999043,NA,NA,NA,1.77379325672078e-08,"within_tolerance","success",NA,NA
"32_rank_20__metal_rsvd_auto__rep1","0.99.39",NA,"reference_1",1,1,"/Library/Frameworks/R.framework/Versions/4.6/Resources/lib/libRblas.0.dylib","32_rank_20","one_factor","rank",20,20,"regression","simpls","metal_rsvd_auto","metal","rsvd","auto",FALSE,"float64",2000,400,400,100,NA,20,5,1,0.30517578125,1,10032,124,NA,NA,"ordinary_fast",FALSE,NA,NA,NA,32,5,NA,NA,"fresh_oversampled_sketch_per_component",1,FALSE,TRUE,NA,NA,233.1875,255.65625,256.953125,257.078,23.8905,NA,NA,NA,NA,0.112,0.006,0.118,0.443954467773438,9.15657043457031,0.791743083404141,0.357749112794252,NA,1.45434188699743e-06,0.99999999999895,NA,NA,NA,1.49491248269129e-08,"within_tolerance","success",NA,NA
"32_rank_20__metal_rsvd_auto__rep2","0.99.39",NA,"reference_1",1,1,"/Library/Frameworks/R.framework/Versions/4.6/Resources/lib/libRblas.0.dylib","32_rank_20","one_factor","rank",20,20,"regression","simpls","metal_rsvd_auto","metal","rsvd","auto",FALSE,"float64",2000,400,400,100,NA,20,5,1,0.30517578125,2,10032,125,NA,NA,"ordinary_fast",FALSE,NA,NA,NA,32,5,NA,NA,"fresh_oversampled_sketch_per_component",1,FALSE,TRUE,NA,NA,234.25,254.21875,254.234375,258.594,24.344,NA,NA,NA,NA,0.11,0.006,0.116,0.443954467773438,9.15657043457031,0.791743083404141,0.357749112794252,NA,1.45434188699743e-06,0.99999999999895,NA,NA,NA,1.49491248269129e-08,"within_tolerance","success",NA,NA
"32_rank_20__metal_rsvd_auto__rep3","0.99.39",NA,"reference_1",1,1,"/Library/Frameworks/R.framework/Versions/4.6/Resources/lib/libRblas.0.dylib","32_rank_20","one_factor","rank",20,20,"regression","simpls","metal_rsvd_auto","metal","rsvd","auto",FALSE,"float64",2000,400,400,100,NA,20,5,1,0.30517578125,3,10032,126,NA,NA,"ordinary_fast",FALSE,NA,NA,NA,32,5,NA,NA,"fresh_oversampled_sketch_per_component",1,FALSE,TRUE,NA,NA,231.421875,256.0625,256.078125,256.062,24.640125,NA,NA,NA,NA,0.114,0.00900000000000001,0.123,0.443954467773438,9.15657043457031,0.791743083404141,0.357749112794252,NA,1.45434188699743e-06,0.99999999999895,NA,NA,NA,1.49491248269129e-08,"within_tolerance","success",NA,NA
"33_rank_40__cpu_irlba_explicit__rep1","0.99.39",NA,"reference_1",1,1,"/Library/Frameworks/R.framework/Versions/4.6/Resources/lib/libRblas.0.dylib","33_rank_40","one_factor","rank",40,40,"regression","simpls","cpu_irlba_explicit","cpu","irlba","explicit",FALSE,"float64",2000,400,400,100,NA,40,5,1,0.30517578125,1,10033,124,32,5,NA,NA,NA,NA,NA,NA,NA,NA,NA,"fresh_per_component",1,FALSE,TRUE,NA,NA,230.5,245.328125,245.421875,245.328,14.828,NA,NA,NA,NA,0.043,0.005,0.048,0.343681335449219,9.15657043457031,0.855842006598111,0.236294800299022,NA,0,1,NA,NA,NA,0,"deterministic_reference","success",NA,NA
"33_rank_40__cpu_irlba_explicit__rep2","0.99.39",NA,"reference_1",1,1,"/Library/Frameworks/R.framework/Versions/4.6/Resources/lib/libRblas.0.dylib","33_rank_40","one_factor","rank",40,40,"regression","simpls","cpu_irlba_explicit","cpu","irlba","explicit",FALSE,"float64",2000,400,400,100,NA,40,5,1,0.30517578125,2,10033,125,32,5,NA,NA,NA,NA,NA,NA,NA,NA,NA,"fresh_per_component",1,FALSE,TRUE,NA,NA,229.234375,236.125,236.21875,236.125,6.890625,NA,NA,NA,NA,0.041,0.005,0.046,0.343681335449219,9.15657043457031,0.855842006598111,0.236294800299022,NA,0,1,NA,NA,NA,0,"deterministic_reference","success",NA,NA
"33_rank_40__cpu_irlba_explicit__rep3","0.99.39",NA,"reference_1",1,1,"/Library/Frameworks/R.framework/Versions/4.6/Resources/lib/libRblas.0.dylib","33_rank_40","one_factor","rank",40,40,"regression","simpls","cpu_irlba_explicit","cpu","irlba","explicit",FALSE,"float64",2000,400,400,100,NA,40,5,1,0.30517578125,3,10033,126,32,5,NA,NA,NA,NA,NA,NA,NA,NA,NA,"fresh_per_component",1,FALSE,TRUE,NA,NA,232.453125,247.375,247.46875,247.469,15.015875,NA,NA,NA,NA,0.041,0.006,0.047,0.343681335449219,9.15657043457031,0.855842006598111,0.236294800299022,NA,0,1,NA,NA,NA,0,"deterministic_reference","success",NA,NA
"33_rank_40__cpu_rsvd_auto__rep1","0.99.39",NA,"reference_1",1,1,"/Library/Frameworks/R.framework/Versions/4.6/Resources/lib/libRblas.0.dylib","33_rank_40","one_factor","rank",40,40,"regression","simpls","cpu_rsvd_auto","cpu","rsvd","auto",FALSE,"float64",2000,400,400,100,NA,40,5,1,0.30517578125,1,10033,124,NA,NA,"ordinary_fast",FALSE,NA,NA,NA,32,5,NA,NA,"fresh_oversampled_sketch_per_component",1,FALSE,TRUE,NA,NA,228.5625,236.921875,237,236.922,8.3595,NA,NA,NA,NA,0.101,0.005,0.106,0.348770141601562,9.15657043457031,0.855841988252321,0.236294833040524,NA,7.34994818632526e-06,0.99999999997299,NA,NA,NA,1.83457901092865e-08,"within_tolerance","success",NA,NA
"33_rank_40__cpu_rsvd_auto__rep2","0.99.39",NA,"reference_1",1,1,"/Library/Frameworks/R.framework/Versions/4.6/Resources/lib/libRblas.0.dylib","33_rank_40","one_factor","rank",40,40,"regression","simpls","cpu_rsvd_auto","cpu","rsvd","auto",FALSE,"float64",2000,400,400,100,NA,40,5,1,0.30517578125,2,10033,125,NA,NA,"ordinary_fast",FALSE,NA,NA,NA,32,5,NA,NA,"fresh_oversampled_sketch_per_component",1,FALSE,TRUE,NA,NA,231.5625,247.796875,247.875,247.953,16.3905,NA,NA,NA,NA,0.101,0.005,0.106,0.348770141601562,9.15657043457031,0.85584199484205,0.236294821279921,NA,7.62881954071538e-06,0.999999999970908,NA,NA,NA,1.17560611245793e-08,"within_tolerance","success",NA,NA
"33_rank_40__cpu_rsvd_auto__rep3","0.99.39",NA,"reference_1",1,1,"/Library/Frameworks/R.framework/Versions/4.6/Resources/lib/libRblas.0.dylib","33_rank_40","one_factor","rank",40,40,"regression","simpls","cpu_rsvd_auto","cpu","rsvd","auto",FALSE,"float64",2000,400,400,100,NA,40,5,1,0.30517578125,3,10033,126,NA,NA,"ordinary_fast",FALSE,NA,NA,NA,32,5,NA,NA,"fresh_oversampled_sketch_per_component",1,FALSE,TRUE,NA,NA,234.140625,240.90625,240.984375,240.906,6.76537500000001,NA,NA,NA,NA,0.101,0.006,0.107,0.348770141601562,9.15657043457031,0.855841995209784,0.236294820623617,NA,6.32651298505998e-06,0.999999999979989,NA,NA,NA,1.13883269481363e-08,"within_tolerance","success",NA,NA
"33_rank_40__metal_rsvd_auto__rep1","0.99.39",NA,"reference_1",1,1,"/Library/Frameworks/R.framework/Versions/4.6/Resources/lib/libRblas.0.dylib","33_rank_40","one_factor","rank",40,40,"regression","simpls","metal_rsvd_auto","metal","rsvd","auto",FALSE,"float64",2000,400,400,100,NA,40,5,1,0.30517578125,1,10033,124,NA,NA,"ordinary_fast",FALSE,NA,NA,NA,32,5,NA,NA,"fresh_oversampled_sketch_per_component",1,FALSE,TRUE,NA,NA,237.453125,247.078125,247.140625,249.266,11.812875,NA,NA,NA,NA,0.104,0.003,0.107,0.443954467773438,9.15657043457031,0.855841992287503,0.236294825838982,NA,6.18774899072558e-06,0.999999999980864,NA,NA,NA,1.43106085870315e-08,"within_tolerance","success",NA,NA
"33_rank_40__metal_rsvd_auto__rep2","0.99.39",NA,"reference_1",1,1,"/Library/Frameworks/R.framework/Versions/4.6/Resources/lib/libRblas.0.dylib","33_rank_40","one_factor","rank",40,40,"regression","simpls","metal_rsvd_auto","metal","rsvd","auto",FALSE,"float64",2000,400,400,100,NA,40,5,1,0.30517578125,2,10033,125,NA,NA,"ordinary_fast",FALSE,NA,NA,NA,32,5,NA,NA,"fresh_oversampled_sketch_per_component",1,FALSE,TRUE,NA,NA,233.15625,256.96875,258.234375,262.688,29.53175,NA,NA,NA,NA,0.11,0.01,0.12,0.443954467773438,9.15657043457031,0.855841992287503,0.236294825838982,NA,6.18774899072558e-06,0.999999999980864,NA,NA,NA,1.43106085870315e-08,"within_tolerance","success",NA,NA
"33_rank_40__metal_rsvd_auto__rep3","0.99.39",NA,"reference_1",1,1,"/Library/Frameworks/R.framework/Versions/4.6/Resources/lib/libRblas.0.dylib","33_rank_40","one_factor","rank",40,40,"regression","simpls","metal_rsvd_auto","metal","rsvd","auto",FALSE,"float64",2000,400,400,100,NA,40,5,1,0.30517578125,3,10033,126,NA,NA,"ordinary_fast",FALSE,NA,NA,NA,32,5,NA,NA,"fresh_oversampled_sketch_per_component",1,FALSE,TRUE,NA,NA,235.015625,255,255.015625,260.172,25.156375,NA,NA,NA,NA,0.103,0.004,0.107,0.443954467773438,9.15657043457031,0.855841992287503,0.236294825838982,NA,6.18774899072558e-06,0.999999999980864,NA,NA,NA,1.43106085870315e-08,"within_tolerance","success",NA,NA
"34_rank_80__cpu_irlba_explicit__rep1","0.99.39",NA,"reference_1",1,1,"/Library/Frameworks/R.framework/Versions/4.6/Resources/lib/libRblas.0.dylib","34_rank_80","one_factor","rank",80,80,"regression","simpls","cpu_irlba_explicit","cpu","irlba","explicit",FALSE,"float64",2000,400,400,100,NA,80,5,1,0.30517578125,1,10034,124,32,5,NA,NA,NA,NA,NA,NA,NA,NA,NA,"fresh_per_component",1,FALSE,TRUE,NA,NA,229.671875,230.359375,230.4375,230.359,0.687125000000009,NA,NA,NA,NA,0.041,0.005,0.046,0.343681335449219,9.15657043457031,0.927778572129284,0.168456664974521,NA,0,1,NA,NA,NA,0,"deterministic_reference","success",NA,NA
"34_rank_80__cpu_irlba_explicit__rep2","0.99.39",NA,"reference_1",1,1,"/Library/Frameworks/R.framework/Versions/4.6/Resources/lib/libRblas.0.dylib","34_rank_80","one_factor","rank",80,80,"regression","simpls","cpu_irlba_explicit","cpu","irlba","explicit",FALSE,"float64",2000,400,400,100,NA,80,5,1,0.30517578125,2,10034,125,32,5,NA,NA,NA,NA,NA,NA,NA,NA,NA,"fresh_per_component",1,FALSE,TRUE,NA,NA,228.1875,241.109375,242.4375,242.516,14.3285,NA,NA,NA,NA,0.0429999999999999,0.006,0.0489999999999999,0.343681335449219,9.15657043457031,0.927778572129284,0.168456664974521,NA,0,1,NA,NA,NA,0,"deterministic_reference","success",NA,NA
"34_rank_80__cpu_irlba_explicit__rep3","0.99.39",NA,"reference_1",1,1,"/Library/Frameworks/R.framework/Versions/4.6/Resources/lib/libRblas.0.dylib","34_rank_80","one_factor","rank",80,80,"regression","simpls","cpu_irlba_explicit","cpu","irlba","explicit",FALSE,"float64",2000,400,400,100,NA,80,5,1,0.30517578125,3,10034,126,32,5,NA,NA,NA,NA,NA,NA,NA,NA,NA,"fresh_per_component",1,FALSE,TRUE,NA,NA,230.1875,243.1875,243.28125,243.203,13.0155,NA,NA,NA,NA,0.0419999999999999,0.006,0.0479999999999999,0.343681335449219,9.15657043457031,0.927778572129284,0.168456664974521,NA,0,1,NA,NA,NA,0,"deterministic_reference","success",NA,NA
"34_rank_80__cpu_rsvd_auto__rep1","0.99.39",NA,"reference_1",1,1,"/Library/Frameworks/R.framework/Versions/4.6/Resources/lib/libRblas.0.dylib","34_rank_80","one_factor","rank",80,80,"regression","simpls","cpu_rsvd_auto","cpu","rsvd","auto",FALSE,"float64",2000,400,400,100,NA,80,5,1,0.30517578125,1,10034,124,NA,NA,"ordinary_fast",FALSE,NA,NA,NA,32,5,NA,NA,"fresh_oversampled_sketch_per_component",1,FALSE,TRUE,NA,NA,230.375,244.65625,244.765625,244.656,14.281,NA,NA,NA,NA,0.101,0.006,0.107,0.348770141601562,9.15657043457031,0.927779456204429,0.168455080227557,NA,0.000207769993008926,0.999999978424598,NA,NA,NA,8.84075144980123e-07,"within_tolerance","success",NA,NA
"34_rank_80__cpu_rsvd_auto__rep2","0.99.39",NA,"reference_1",1,1,"/Library/Frameworks/R.framework/Versions/4.6/Resources/lib/libRblas.0.dylib","34_rank_80","one_factor","rank",80,80,"regression","simpls","cpu_rsvd_auto","cpu","rsvd","auto",FALSE,"float64",2000,400,400,100,NA,80,5,1,0.30517578125,2,10034,125,NA,NA,"ordinary_fast",FALSE,NA,NA,NA,32,5,NA,NA,"fresh_oversampled_sketch_per_component",1,FALSE,TRUE,NA,NA,230.6875,239.015625,239.09375,239.016,8.32849999999999,NA,NA,NA,NA,0.101,0.006,0.107,0.348770141601562,9.15657043457031,0.92777821777584,0.168457300169601,NA,0.000177882453785975,0.999999984193746,NA,NA,NA,3.54353444476097e-07,"within_tolerance","success",NA,NA
"34_rank_80__cpu_rsvd_auto__rep3","0.99.39",NA,"reference_1",1,1,"/Library/Frameworks/R.framework/Versions/4.6/Resources/lib/libRblas.0.dylib","34_rank_80","one_factor","rank",80,80,"regression","simpls","cpu_rsvd_auto","cpu","rsvd","auto",FALSE,"float64",2000,400,400,100,NA,80,5,1,0.30517578125,3,10034,126,NA,NA,"ordinary_fast",FALSE,NA,NA,NA,32,5,NA,NA,"fresh_oversampled_sketch_per_component",1,FALSE,TRUE,NA,NA,228.890625,235.640625,235.78125,235.641,6.75037499999999,NA,NA,NA,NA,0.102,0.005,0.107,0.348770141601562,9.15657043457031,0.927777231636598,0.168459067868901,NA,0.000384335904731789,0.999999926414488,NA,NA,NA,1.34049268596392e-06,"within_tolerance","success",NA,NA
"34_rank_80__metal_rsvd_auto__rep1","0.99.39",NA,"reference_1",1,1,"/Library/Frameworks/R.framework/Versions/4.6/Resources/lib/libRblas.0.dylib","34_rank_80","one_factor","rank",80,80,"regression","simpls","metal_rsvd_auto","metal","rsvd","auto",FALSE,"float64",2000,400,400,100,NA,80,5,1,0.30517578125,1,10034,124,NA,NA,"ordinary_fast",FALSE,NA,NA,NA,32,5,NA,NA,"fresh_oversampled_sketch_per_component",1,FALSE,TRUE,NA,NA,225,241.109375,242.1875,243.875,18.875,NA,NA,NA,NA,0.119,0.005,0.124,0.443954467773438,9.15657043457031,0.927778691935478,0.168456450216283,NA,3.56814144757007e-05,0.99999999936408,NA,NA,NA,1.19806193632499e-07,"within_tolerance","success",NA,NA
"34_rank_80__metal_rsvd_auto__rep2","0.99.39",NA,"reference_1",1,1,"/Library/Frameworks/R.framework/Versions/4.6/Resources/lib/libRblas.0.dylib","34_rank_80","one_factor","rank",80,80,"regression","simpls","metal_rsvd_auto","metal","rsvd","auto",FALSE,"float64",2000,400,400,100,NA,80,5,1,0.30517578125,2,10034,125,NA,NA,"ordinary_fast",FALSE,NA,NA,NA,32,5,NA,NA,"fresh_oversampled_sketch_per_component",1,FALSE,TRUE,NA,NA,233,247.8125,247.859375,248.234,15.234,NA,NA,NA,NA,0.104,0.004,0.108,0.443954467773438,9.15657043457031,0.927778691935478,0.168456450216283,NA,3.56814144757007e-05,0.99999999936408,NA,NA,NA,1.19806193632499e-07,"within_tolerance","success",NA,NA
"34_rank_80__metal_rsvd_auto__rep3","0.99.39",NA,"reference_1",1,1,"/Library/Frameworks/R.framework/Versions/4.6/Resources/lib/libRblas.0.dylib","34_rank_80","one_factor","rank",80,80,"regression","simpls","metal_rsvd_auto","metal","rsvd","auto",FALSE,"float64",2000,400,400,100,NA,80,5,1,0.30517578125,3,10034,126,NA,NA,"ordinary_fast",FALSE,NA,NA,NA,32,5,NA,NA,"fresh_oversampled_sketch_per_component",1,FALSE,TRUE,NA,NA,233.8125,252.578125,252.609375,253.797,19.9845,NA,NA,NA,NA,0.104,0.004,0.108,0.443954467773438,9.15657043457031,0.927778691935478,0.168456450216283,NA,3.56814144757007e-05,0.99999999936408,NA,NA,NA,1.19806193632499e-07,"within_tolerance","success",NA,NA
