"package_version","dataset","family","task_type","selection_metric","ncomp","metric_value","kfold","seed","control_profile","oversample","power"
"0.99.39","cbmc_citeseq","plssvd","regression","rmsd",1,1709.29423986719,10,123,"not_applicable",32,5
"0.99.39","cbmc_citeseq","plssvd","regression","rmsd",2,1452.36102623183,10,123,"not_applicable",32,5
"0.99.39","cbmc_citeseq","plssvd","regression","rmsd",3,1376.57332425043,10,123,"not_applicable",32,5
"0.99.39","cbmc_citeseq","plssvd","regression","rmsd",4,1315.01458941061,10,123,"not_applicable",32,5
"0.99.39","cbmc_citeseq","plssvd","regression","rmsd",5,1278.11567474659,10,123,"not_applicable",32,5
"0.99.39","cbmc_citeseq","plssvd","regression","rmsd",6,1275.30197372995,10,123,"not_applicable",32,5
"0.99.39","cbmc_citeseq","plssvd","regression","rmsd",7,1273.21435824245,10,123,"not_applicable",32,5
"0.99.39","cbmc_citeseq","plssvd","regression","rmsd",8,1272.71144153852,10,123,"not_applicable",32,5
"0.99.39","cbmc_citeseq","plssvd","regression","rmsd",9,1266.9820356955,10,123,"not_applicable",32,5
"0.99.39","cbmc_citeseq","plssvd","regression","rmsd",10,1266.10278444764,10,123,"not_applicable",32,5
"0.99.39","cbmc_citeseq","simpls","regression","rmsd",1,1709.29423986719,10,123,"ordinary_fast",32,5
"0.99.39","cbmc_citeseq","simpls","regression","rmsd",2,1706.31390834393,10,123,"ordinary_fast",32,5
"0.99.39","cbmc_citeseq","simpls","regression","rmsd",3,1407.44538604608,10,123,"ordinary_fast",32,5
"0.99.39","cbmc_citeseq","simpls","regression","rmsd",4,1296.11124754546,10,123,"ordinary_fast",32,5
"0.99.39","cbmc_citeseq","simpls","regression","rmsd",5,1281.74331587414,10,123,"ordinary_fast",32,5
"0.99.39","cbmc_citeseq","simpls","regression","rmsd",6,1271.44590275192,10,123,"ordinary_fast",32,5
"0.99.39","cbmc_citeseq","simpls","regression","rmsd",7,1267.026990614,10,123,"ordinary_fast",32,5
"0.99.39","cbmc_citeseq","simpls","regression","rmsd",8,1265.073103463,10,123,"ordinary_fast",32,5
"0.99.39","cbmc_citeseq","simpls","regression","rmsd",9,1260.30445863522,10,123,"ordinary_fast",32,5
"0.99.39","cbmc_citeseq","simpls","regression","rmsd",10,1243.76865920789,10,123,"ordinary_fast",32,5
"0.99.39","cbmc_citeseq","simpls","regression","rmsd",11,1232.5948610065,10,123,"ordinary_fast",32,5
"0.99.39","cbmc_citeseq","simpls","regression","rmsd",12,1225.37023963534,10,123,"ordinary_fast",32,5
"0.99.39","cbmc_citeseq","simpls","regression","rmsd",13,1217.47954647265,10,123,"ordinary_fast",32,5
"0.99.39","cbmc_citeseq","simpls","regression","rmsd",14,1207.8978408733,10,123,"ordinary_fast",32,5
"0.99.39","cbmc_citeseq","simpls","regression","rmsd",15,1202.08996345836,10,123,"ordinary_fast",32,5
"0.99.39","cbmc_citeseq","simpls","regression","rmsd",16,1199.47016741928,10,123,"ordinary_fast",32,5
"0.99.39","cbmc_citeseq","simpls","regression","rmsd",17,1192.94065229083,10,123,"ordinary_fast",32,5
"0.99.39","cbmc_citeseq","simpls","regression","rmsd",18,1185.34447411146,10,123,"ordinary_fast",32,5
"0.99.39","cbmc_citeseq","simpls","regression","rmsd",19,1182.49900607192,10,123,"ordinary_fast",32,5
"0.99.39","cbmc_citeseq","simpls","regression","rmsd",20,1178.08734008185,10,123,"ordinary_fast",32,5
"0.99.39","cbmc_citeseq","simpls","regression","rmsd",21,1171.0623090454,10,123,"ordinary_fast",32,5
"0.99.39","cbmc_citeseq","simpls","regression","rmsd",22,1167.99241349997,10,123,"ordinary_fast",32,5
"0.99.39","cbmc_citeseq","simpls","regression","rmsd",23,1163.53376636972,10,123,"ordinary_fast",32,5
"0.99.39","cbmc_citeseq","simpls","regression","rmsd",24,1161.01927675172,10,123,"ordinary_fast",32,5
"0.99.39","cbmc_citeseq","simpls","regression","rmsd",25,1160.68580131127,10,123,"ordinary_fast",32,5
"0.99.39","cbmc_citeseq","simpls","regression","rmsd",26,1159.91153344503,10,123,"ordinary_fast",32,5
"0.99.39","cbmc_citeseq","simpls","regression","rmsd",27,1154.51444427734,10,123,"ordinary_fast",32,5
"0.99.39","cbmc_citeseq","simpls","regression","rmsd",28,1145.94192241313,10,123,"ordinary_fast",32,5
"0.99.39","cbmc_citeseq","simpls","regression","rmsd",29,1144.4692562608,10,123,"ordinary_fast",32,5
"0.99.39","cbmc_citeseq","simpls","regression","rmsd",30,1142.06164226029,10,123,"ordinary_fast",32,5
"0.99.39","cbmc_citeseq","simpls","regression","rmsd",31,1142.41721458156,10,123,"ordinary_fast",32,5
"0.99.39","cbmc_citeseq","simpls","regression","rmsd",32,1139.26358884614,10,123,"ordinary_fast",32,5
"0.99.39","cbmc_citeseq","simpls","regression","rmsd",33,1138.8465715284,10,123,"ordinary_fast",32,5
"0.99.39","cbmc_citeseq","simpls","regression","rmsd",34,1139.27536409457,10,123,"ordinary_fast",32,5
"0.99.39","cbmc_citeseq","simpls","regression","rmsd",35,1141.2311313131,10,123,"ordinary_fast",32,5
"0.99.39","cbmc_citeseq","simpls","regression","rmsd",36,1139.57738752788,10,123,"ordinary_fast",32,5
"0.99.39","cbmc_citeseq","simpls","regression","rmsd",37,1138.90769302715,10,123,"ordinary_fast",32,5
"0.99.39","cbmc_citeseq","simpls","regression","rmsd",38,1142.12920386202,10,123,"ordinary_fast",32,5
"0.99.39","cbmc_citeseq","simpls","regression","rmsd",39,1140.35259837186,10,123,"ordinary_fast",32,5
"0.99.39","cbmc_citeseq","simpls","regression","rmsd",40,1139.16217420659,10,123,"ordinary_fast",32,5
"0.99.39","cbmc_citeseq","simpls","regression","rmsd",41,1136.7675762358,10,123,"ordinary_fast",32,5
"0.99.39","cbmc_citeseq","simpls","regression","rmsd",42,1138.72476856967,10,123,"ordinary_fast",32,5
"0.99.39","cbmc_citeseq","simpls","regression","rmsd",43,1136.68854744334,10,123,"ordinary_fast",32,5
"0.99.39","cbmc_citeseq","simpls","regression","rmsd",44,1133.94043269019,10,123,"ordinary_fast",32,5
"0.99.39","cbmc_citeseq","simpls","regression","rmsd",45,1134.09492225396,10,123,"ordinary_fast",32,5
"0.99.39","cbmc_citeseq","simpls","regression","rmsd",46,1132.5370105115,10,123,"ordinary_fast",32,5
"0.99.39","cbmc_citeseq","simpls","regression","rmsd",47,1130.82074367979,10,123,"ordinary_fast",32,5
"0.99.39","cbmc_citeseq","simpls","regression","rmsd",48,1130.66682202895,10,123,"ordinary_fast",32,5
"0.99.39","cbmc_citeseq","simpls","regression","rmsd",49,1129.70739117127,10,123,"ordinary_fast",32,5
"0.99.39","cbmc_citeseq","simpls","regression","rmsd",50,1132.41866304321,10,123,"ordinary_fast",32,5
"0.99.39","cbmc_citeseq","simpls","regression","rmsd",51,1135.57266595159,10,123,"ordinary_fast",32,5
"0.99.39","cbmc_citeseq","simpls","regression","rmsd",52,1136.11362375446,10,123,"ordinary_fast",32,5
"0.99.39","cbmc_citeseq","simpls","regression","rmsd",53,1139.42487581994,10,123,"ordinary_fast",32,5
"0.99.39","cbmc_citeseq","simpls","regression","rmsd",54,1144.95823193207,10,123,"ordinary_fast",32,5
"0.99.39","cbmc_citeseq","simpls","regression","rmsd",55,1145.65523955407,10,123,"ordinary_fast",32,5
"0.99.39","cbmc_citeseq","simpls","regression","rmsd",56,1148.45194542082,10,123,"ordinary_fast",32,5
"0.99.39","cbmc_citeseq","simpls","regression","rmsd",57,1150.94706214541,10,123,"ordinary_fast",32,5
"0.99.39","cbmc_citeseq","simpls","regression","rmsd",58,1154.76013997007,10,123,"ordinary_fast",32,5
"0.99.39","cbmc_citeseq","simpls","regression","rmsd",59,1154.34964288129,10,123,"ordinary_fast",32,5
"0.99.39","cbmc_citeseq","simpls","regression","rmsd",60,1155.6807627257,10,123,"ordinary_fast",32,5
"0.99.39","cbmc_citeseq","simpls","regression","rmsd",61,1157.38420555647,10,123,"ordinary_fast",32,5
"0.99.39","cbmc_citeseq","simpls","regression","rmsd",62,1157.2734933522,10,123,"ordinary_fast",32,5
"0.99.39","cbmc_citeseq","simpls","regression","rmsd",63,1157.56945659816,10,123,"ordinary_fast",32,5
"0.99.39","cbmc_citeseq","simpls","regression","rmsd",64,1154.92071948305,10,123,"ordinary_fast",32,5
"0.99.39","cbmc_citeseq","simpls","regression","rmsd",65,1157.30197759649,10,123,"ordinary_fast",32,5
"0.99.39","cbmc_citeseq","simpls","regression","rmsd",66,1157.26773840573,10,123,"ordinary_fast",32,5
"0.99.39","cbmc_citeseq","simpls","regression","rmsd",67,1159.10702177377,10,123,"ordinary_fast",32,5
"0.99.39","cbmc_citeseq","simpls","regression","rmsd",68,1161.32696233179,10,123,"ordinary_fast",32,5
"0.99.39","cbmc_citeseq","simpls","regression","rmsd",69,1162.15386012775,10,123,"ordinary_fast",32,5
"0.99.39","cbmc_citeseq","simpls","regression","rmsd",70,1161.86926596269,10,123,"ordinary_fast",32,5
"0.99.39","cbmc_citeseq","simpls","regression","rmsd",71,1162.44592266424,10,123,"ordinary_fast",32,5
"0.99.39","cbmc_citeseq","simpls","regression","rmsd",72,1162.56485227656,10,123,"ordinary_fast",32,5
"0.99.39","cbmc_citeseq","simpls","regression","rmsd",73,1162.39270763879,10,123,"ordinary_fast",32,5
"0.99.39","cbmc_citeseq","simpls","regression","rmsd",74,1164.30068451514,10,123,"ordinary_fast",32,5
"0.99.39","cbmc_citeseq","simpls","regression","rmsd",75,1165.87474319347,10,123,"ordinary_fast",32,5
"0.99.39","cbmc_citeseq","simpls","regression","rmsd",76,1168.07429268289,10,123,"ordinary_fast",32,5
"0.99.39","cbmc_citeseq","simpls","regression","rmsd",77,1170.96225573602,10,123,"ordinary_fast",32,5
"0.99.39","cbmc_citeseq","simpls","regression","rmsd",78,1170.86014407565,10,123,"ordinary_fast",32,5
"0.99.39","cbmc_citeseq","simpls","regression","rmsd",79,1170.88217293143,10,123,"ordinary_fast",32,5
"0.99.39","cbmc_citeseq","simpls","regression","rmsd",80,1170.21436128873,10,123,"ordinary_fast",32,5
"0.99.39","cbmc_citeseq","simpls","regression","rmsd",81,1168.90823495364,10,123,"ordinary_fast",32,5
"0.99.39","cbmc_citeseq","simpls","regression","rmsd",82,1168.96630527105,10,123,"ordinary_fast",32,5
"0.99.39","cbmc_citeseq","simpls","regression","rmsd",83,1170.04974892758,10,123,"ordinary_fast",32,5
"0.99.39","cbmc_citeseq","simpls","regression","rmsd",84,1170.09174356886,10,123,"ordinary_fast",32,5
"0.99.39","cbmc_citeseq","simpls","regression","rmsd",85,1173.17809503594,10,123,"ordinary_fast",32,5
"0.99.39","cbmc_citeseq","simpls","regression","rmsd",86,1175.07915172647,10,123,"ordinary_fast",32,5
"0.99.39","cbmc_citeseq","simpls","regression","rmsd",87,1177.1211053777,10,123,"ordinary_fast",32,5
"0.99.39","cbmc_citeseq","simpls","regression","rmsd",88,1180.08645564239,10,123,"ordinary_fast",32,5
"0.99.39","cbmc_citeseq","simpls","regression","rmsd",89,1180.58200159119,10,123,"ordinary_fast",32,5
"0.99.39","cbmc_citeseq","simpls","regression","rmsd",90,1182.75848741012,10,123,"ordinary_fast",32,5
"0.99.39","cbmc_citeseq","simpls","regression","rmsd",91,1181.17172802126,10,123,"ordinary_fast",32,5
"0.99.39","cbmc_citeseq","simpls","regression","rmsd",92,1180.60612953406,10,123,"ordinary_fast",32,5
"0.99.39","cbmc_citeseq","simpls","regression","rmsd",93,1181.15668207267,10,123,"ordinary_fast",32,5
"0.99.39","cbmc_citeseq","simpls","regression","rmsd",94,1179.4267441914,10,123,"ordinary_fast",32,5
"0.99.39","cbmc_citeseq","simpls","regression","rmsd",95,1178.0055736459,10,123,"ordinary_fast",32,5
"0.99.39","cbmc_citeseq","simpls","regression","rmsd",96,1179.66783508247,10,123,"ordinary_fast",32,5
"0.99.39","cbmc_citeseq","simpls","regression","rmsd",97,1181.5011893613,10,123,"ordinary_fast",32,5
"0.99.39","cbmc_citeseq","simpls","regression","rmsd",98,1183.85764534736,10,123,"ordinary_fast",32,5
"0.99.39","cbmc_citeseq","simpls","regression","rmsd",99,1185.23425570856,10,123,"ordinary_fast",32,5
"0.99.39","cbmc_citeseq","simpls","regression","rmsd",100,1191.03064936114,10,123,"ordinary_fast",32,5
"0.99.39","cbmc_citeseq","opls","regression","rmsd",1,1706.44987636168,10,123,"ordinary_fast",32,5
"0.99.39","cbmc_citeseq","opls","regression","rmsd",2,1412.47609969883,10,123,"ordinary_fast",32,5
"0.99.39","cbmc_citeseq","opls","regression","rmsd",3,1298.08490287193,10,123,"ordinary_fast",32,5
"0.99.39","cbmc_citeseq","opls","regression","rmsd",4,1283.18831351145,10,123,"ordinary_fast",32,5
"0.99.39","cbmc_citeseq","opls","regression","rmsd",5,1271.76680471714,10,123,"ordinary_fast",32,5
"0.99.39","cbmc_citeseq","opls","regression","rmsd",6,1267.0929165614,10,123,"ordinary_fast",32,5
"0.99.39","cbmc_citeseq","opls","regression","rmsd",7,1265.00270017596,10,123,"ordinary_fast",32,5
"0.99.39","cbmc_citeseq","opls","regression","rmsd",8,1261.48968765381,10,123,"ordinary_fast",32,5
"0.99.39","cbmc_citeseq","opls","regression","rmsd",9,1243.74906040335,10,123,"ordinary_fast",32,5
"0.99.39","cbmc_citeseq","opls","regression","rmsd",10,1234.20379049521,10,123,"ordinary_fast",32,5
"0.99.39","cbmc_citeseq","opls","regression","rmsd",11,1224.64278768009,10,123,"ordinary_fast",32,5
"0.99.39","cbmc_citeseq","opls","regression","rmsd",12,1216.12552724705,10,123,"ordinary_fast",32,5
"0.99.39","cbmc_citeseq","opls","regression","rmsd",13,1206.67035370797,10,123,"ordinary_fast",32,5
"0.99.39","cbmc_citeseq","opls","regression","rmsd",14,1201.92104763272,10,123,"ordinary_fast",32,5
"0.99.39","cbmc_citeseq","opls","regression","rmsd",15,1199.50755079827,10,123,"ordinary_fast",32,5
"0.99.39","cbmc_citeseq","opls","regression","rmsd",16,1192.54650089721,10,123,"ordinary_fast",32,5
"0.99.39","cbmc_citeseq","opls","regression","rmsd",17,1185.19988402343,10,123,"ordinary_fast",32,5
"0.99.39","cbmc_citeseq","opls","regression","rmsd",18,1181.59087834308,10,123,"ordinary_fast",32,5
"0.99.39","cbmc_citeseq","opls","regression","rmsd",19,1177.46390142977,10,123,"ordinary_fast",32,5
"0.99.39","cbmc_citeseq","opls","regression","rmsd",20,1172.02489981569,10,123,"ordinary_fast",32,5
"0.99.39","cbmc_citeseq","opls","regression","rmsd",21,1169.26301237202,10,123,"ordinary_fast",32,5
"0.99.39","cbmc_citeseq","opls","regression","rmsd",22,1164.3693768773,10,123,"ordinary_fast",32,5
"0.99.39","cbmc_citeseq","opls","regression","rmsd",23,1160.98016154038,10,123,"ordinary_fast",32,5
"0.99.39","cbmc_citeseq","opls","regression","rmsd",24,1160.59719417929,10,123,"ordinary_fast",32,5
"0.99.39","cbmc_citeseq","opls","regression","rmsd",25,1160.02118154849,10,123,"ordinary_fast",32,5
"0.99.39","cbmc_citeseq","opls","regression","rmsd",26,1155.00479495737,10,123,"ordinary_fast",32,5
"0.99.39","cbmc_citeseq","opls","regression","rmsd",27,1146.17302139646,10,123,"ordinary_fast",32,5
"0.99.39","cbmc_citeseq","opls","regression","rmsd",28,1144.68287911878,10,123,"ordinary_fast",32,5
"0.99.39","cbmc_citeseq","opls","regression","rmsd",29,1141.96107779557,10,123,"ordinary_fast",32,5
"0.99.39","cbmc_citeseq","opls","regression","rmsd",30,1143.01937199217,10,123,"ordinary_fast",32,5
"0.99.39","cbmc_citeseq","opls","regression","rmsd",31,1139.19047019143,10,123,"ordinary_fast",32,5
"0.99.39","cbmc_citeseq","opls","regression","rmsd",32,1138.97194034015,10,123,"ordinary_fast",32,5
"0.99.39","cbmc_citeseq","opls","regression","rmsd",33,1138.8568682042,10,123,"ordinary_fast",32,5
"0.99.39","cbmc_citeseq","opls","regression","rmsd",34,1142.17232350707,10,123,"ordinary_fast",32,5
"0.99.39","cbmc_citeseq","opls","regression","rmsd",35,1138.78144923821,10,123,"ordinary_fast",32,5
"0.99.39","cbmc_citeseq","opls","regression","rmsd",36,1139.88615514439,10,123,"ordinary_fast",32,5
"0.99.39","cbmc_citeseq","opls","regression","rmsd",37,1141.729450234,10,123,"ordinary_fast",32,5
"0.99.39","cbmc_citeseq","opls","regression","rmsd",38,1140.68494234715,10,123,"ordinary_fast",32,5
"0.99.39","cbmc_citeseq","opls","regression","rmsd",39,1139.14550854713,10,123,"ordinary_fast",32,5
"0.99.39","cbmc_citeseq","opls","regression","rmsd",40,1136.98268014839,10,123,"ordinary_fast",32,5
"0.99.39","cbmc_citeseq","opls","regression","rmsd",41,1138.57827342299,10,123,"ordinary_fast",32,5
"0.99.39","cbmc_citeseq","opls","regression","rmsd",42,1136.77417912267,10,123,"ordinary_fast",32,5
"0.99.39","cbmc_citeseq","opls","regression","rmsd",43,1133.89107429736,10,123,"ordinary_fast",32,5
"0.99.39","cbmc_citeseq","opls","regression","rmsd",44,1134.12869034372,10,123,"ordinary_fast",32,5
"0.99.39","cbmc_citeseq","opls","regression","rmsd",45,1132.72915685032,10,123,"ordinary_fast",32,5
"0.99.39","cbmc_citeseq","opls","regression","rmsd",46,1131.04464050347,10,123,"ordinary_fast",32,5
"0.99.39","cbmc_citeseq","opls","regression","rmsd",47,1130.76698206259,10,123,"ordinary_fast",32,5
"0.99.39","cbmc_citeseq","opls","regression","rmsd",48,1129.76036046648,10,123,"ordinary_fast",32,5
"0.99.39","cbmc_citeseq","opls","regression","rmsd",49,1132.37142113627,10,123,"ordinary_fast",32,5
"0.99.39","cbmc_citeseq","opls","regression","rmsd",50,1135.7120914321,10,123,"ordinary_fast",32,5
"0.99.39","cbmc_citeseq","opls","regression","rmsd",51,1136.46999655046,10,123,"ordinary_fast",32,5
"0.99.39","cbmc_citeseq","opls","regression","rmsd",52,1139.42764323936,10,123,"ordinary_fast",32,5
"0.99.39","cbmc_citeseq","opls","regression","rmsd",53,1144.81674733778,10,123,"ordinary_fast",32,5
"0.99.39","cbmc_citeseq","opls","regression","rmsd",54,1145.77785272764,10,123,"ordinary_fast",32,5
"0.99.39","cbmc_citeseq","opls","regression","rmsd",55,1148.19093174588,10,123,"ordinary_fast",32,5
"0.99.39","cbmc_citeseq","opls","regression","rmsd",56,1152.28706339694,10,123,"ordinary_fast",32,5
"0.99.39","cbmc_citeseq","opls","regression","rmsd",57,1154.73933289464,10,123,"ordinary_fast",32,5
"0.99.39","cbmc_citeseq","opls","regression","rmsd",58,1154.80973179403,10,123,"ordinary_fast",32,5
"0.99.39","cbmc_citeseq","opls","regression","rmsd",59,1155.82102162357,10,123,"ordinary_fast",32,5
"0.99.39","cbmc_citeseq","opls","regression","rmsd",60,1157.63370697674,10,123,"ordinary_fast",32,5
"0.99.39","cbmc_citeseq","opls","regression","rmsd",61,1157.38281601564,10,123,"ordinary_fast",32,5
"0.99.39","cbmc_citeseq","opls","regression","rmsd",62,1157.69201277731,10,123,"ordinary_fast",32,5
"0.99.39","cbmc_citeseq","opls","regression","rmsd",63,1155.16843183626,10,123,"ordinary_fast",32,5
"0.99.39","cbmc_citeseq","opls","regression","rmsd",64,1157.44377380324,10,123,"ordinary_fast",32,5
"0.99.39","cbmc_citeseq","opls","regression","rmsd",65,1157.39431652246,10,123,"ordinary_fast",32,5
"0.99.39","cbmc_citeseq","opls","regression","rmsd",66,1159.34206169571,10,123,"ordinary_fast",32,5
"0.99.39","cbmc_citeseq","opls","regression","rmsd",67,1161.50869030968,10,123,"ordinary_fast",32,5
"0.99.39","cbmc_citeseq","opls","regression","rmsd",68,1162.31965787976,10,123,"ordinary_fast",32,5
"0.99.39","cbmc_citeseq","opls","regression","rmsd",69,1162.15684195697,10,123,"ordinary_fast",32,5
"0.99.39","cbmc_citeseq","opls","regression","rmsd",70,1162.48230659573,10,123,"ordinary_fast",32,5
"0.99.39","cbmc_citeseq","opls","regression","rmsd",71,1162.15788302426,10,123,"ordinary_fast",32,5
"0.99.39","cbmc_citeseq","opls","regression","rmsd",72,1162.85640201265,10,123,"ordinary_fast",32,5
"0.99.39","cbmc_citeseq","opls","regression","rmsd",73,1164.68614308205,10,123,"ordinary_fast",32,5
"0.99.39","cbmc_citeseq","opls","regression","rmsd",74,1165.81341370381,10,123,"ordinary_fast",32,5
"0.99.39","cbmc_citeseq","opls","regression","rmsd",75,1168.19375325399,10,123,"ordinary_fast",32,5
"0.99.39","cbmc_citeseq","opls","regression","rmsd",76,1171.11380512502,10,123,"ordinary_fast",32,5
"0.99.39","cbmc_citeseq","opls","regression","rmsd",77,1171.18722306008,10,123,"ordinary_fast",32,5
"0.99.39","cbmc_citeseq","opls","regression","rmsd",78,1170.70007220351,10,123,"ordinary_fast",32,5
"0.99.39","cbmc_citeseq","opls","regression","rmsd",79,1170.23636670025,10,123,"ordinary_fast",32,5
"0.99.39","cbmc_citeseq","opls","regression","rmsd",80,1169.1066323187,10,123,"ordinary_fast",32,5
"0.99.39","cbmc_citeseq","opls","regression","rmsd",81,1168.93896373088,10,123,"ordinary_fast",32,5
"0.99.39","cbmc_citeseq","opls","regression","rmsd",82,1170.00103960671,10,123,"ordinary_fast",32,5
"0.99.39","cbmc_citeseq","opls","regression","rmsd",83,1170.38998100742,10,123,"ordinary_fast",32,5
"0.99.39","cbmc_citeseq","opls","regression","rmsd",84,1173.25204646029,10,123,"ordinary_fast",32,5
"0.99.39","cbmc_citeseq","opls","regression","rmsd",85,1174.97082945129,10,123,"ordinary_fast",32,5
"0.99.39","cbmc_citeseq","opls","regression","rmsd",86,1178.0347711979,10,123,"ordinary_fast",32,5
"0.99.39","cbmc_citeseq","opls","regression","rmsd",87,1180.12484387681,10,123,"ordinary_fast",32,5
"0.99.39","cbmc_citeseq","opls","regression","rmsd",88,1180.74434191708,10,123,"ordinary_fast",32,5
"0.99.39","cbmc_citeseq","opls","regression","rmsd",89,1182.80803032324,10,123,"ordinary_fast",32,5
"0.99.39","cbmc_citeseq","opls","regression","rmsd",90,1181.17698142191,10,123,"ordinary_fast",32,5
"0.99.39","cbmc_citeseq","opls","regression","rmsd",91,1180.58415937402,10,123,"ordinary_fast",32,5
"0.99.39","cbmc_citeseq","opls","regression","rmsd",92,1181.41309282846,10,123,"ordinary_fast",32,5
"0.99.39","cbmc_citeseq","opls","regression","rmsd",93,1179.6197333134,10,123,"ordinary_fast",32,5
"0.99.39","cbmc_citeseq","opls","regression","rmsd",94,1178.13488874571,10,123,"ordinary_fast",32,5
"0.99.39","cbmc_citeseq","opls","regression","rmsd",95,1179.94401508016,10,123,"ordinary_fast",32,5
"0.99.39","cbmc_citeseq","opls","regression","rmsd",96,1181.69556554397,10,123,"ordinary_fast",32,5
"0.99.39","cbmc_citeseq","opls","regression","rmsd",97,1184.03982078375,10,123,"ordinary_fast",32,5
"0.99.39","cbmc_citeseq","opls","regression","rmsd",98,1185.65932570809,10,123,"ordinary_fast",32,5
"0.99.39","cbmc_citeseq","opls","regression","rmsd",99,1189.45812972076,10,123,"ordinary_fast",32,5
"0.99.39","cbmc_citeseq","opls","regression","rmsd",100,1194.1815997152,10,123,"ordinary_fast",32,5
"0.99.39","cbmc_citeseq","kernelpls","regression","rmsd",1,1709.29423986719,10,123,"ordinary_fast",32,5
"0.99.39","cbmc_citeseq","kernelpls","regression","rmsd",2,1706.31390834393,10,123,"ordinary_fast",32,5
"0.99.39","cbmc_citeseq","kernelpls","regression","rmsd",3,1407.44538604608,10,123,"ordinary_fast",32,5
"0.99.39","cbmc_citeseq","kernelpls","regression","rmsd",4,1296.11124754546,10,123,"ordinary_fast",32,5
"0.99.39","cbmc_citeseq","kernelpls","regression","rmsd",5,1281.74331587414,10,123,"ordinary_fast",32,5
"0.99.39","cbmc_citeseq","kernelpls","regression","rmsd",6,1271.44590275192,10,123,"ordinary_fast",32,5
"0.99.39","cbmc_citeseq","kernelpls","regression","rmsd",7,1267.026990614,10,123,"ordinary_fast",32,5
"0.99.39","cbmc_citeseq","kernelpls","regression","rmsd",8,1265.073103463,10,123,"ordinary_fast",32,5
"0.99.39","cbmc_citeseq","kernelpls","regression","rmsd",9,1260.30445863522,10,123,"ordinary_fast",32,5
"0.99.39","cbmc_citeseq","kernelpls","regression","rmsd",10,1243.76865920789,10,123,"ordinary_fast",32,5
"0.99.39","cbmc_citeseq","kernelpls","regression","rmsd",11,1232.5948610065,10,123,"ordinary_fast",32,5
"0.99.39","cbmc_citeseq","kernelpls","regression","rmsd",12,1225.37023963534,10,123,"ordinary_fast",32,5
"0.99.39","cbmc_citeseq","kernelpls","regression","rmsd",13,1217.47954647265,10,123,"ordinary_fast",32,5
"0.99.39","cbmc_citeseq","kernelpls","regression","rmsd",14,1207.8978408733,10,123,"ordinary_fast",32,5
"0.99.39","cbmc_citeseq","kernelpls","regression","rmsd",15,1202.08996345836,10,123,"ordinary_fast",32,5
"0.99.39","cbmc_citeseq","kernelpls","regression","rmsd",16,1199.47016741928,10,123,"ordinary_fast",32,5
"0.99.39","cbmc_citeseq","kernelpls","regression","rmsd",17,1192.94065229083,10,123,"ordinary_fast",32,5
"0.99.39","cbmc_citeseq","kernelpls","regression","rmsd",18,1185.34447411146,10,123,"ordinary_fast",32,5
"0.99.39","cbmc_citeseq","kernelpls","regression","rmsd",19,1182.49900607192,10,123,"ordinary_fast",32,5
"0.99.39","cbmc_citeseq","kernelpls","regression","rmsd",20,1178.08734008185,10,123,"ordinary_fast",32,5
"0.99.39","cbmc_citeseq","kernelpls","regression","rmsd",21,1171.0623090454,10,123,"ordinary_fast",32,5
"0.99.39","cbmc_citeseq","kernelpls","regression","rmsd",22,1167.99241349997,10,123,"ordinary_fast",32,5
"0.99.39","cbmc_citeseq","kernelpls","regression","rmsd",23,1163.53376636972,10,123,"ordinary_fast",32,5
"0.99.39","cbmc_citeseq","kernelpls","regression","rmsd",24,1161.01927675172,10,123,"ordinary_fast",32,5
"0.99.39","cbmc_citeseq","kernelpls","regression","rmsd",25,1160.68580131127,10,123,"ordinary_fast",32,5
"0.99.39","cbmc_citeseq","kernelpls","regression","rmsd",26,1159.91153344503,10,123,"ordinary_fast",32,5
"0.99.39","cbmc_citeseq","kernelpls","regression","rmsd",27,1154.51444427734,10,123,"ordinary_fast",32,5
"0.99.39","cbmc_citeseq","kernelpls","regression","rmsd",28,1145.94192241313,10,123,"ordinary_fast",32,5
"0.99.39","cbmc_citeseq","kernelpls","regression","rmsd",29,1144.4692562608,10,123,"ordinary_fast",32,5
"0.99.39","cbmc_citeseq","kernelpls","regression","rmsd",30,1142.06164226029,10,123,"ordinary_fast",32,5
"0.99.39","cbmc_citeseq","kernelpls","regression","rmsd",31,1142.41721458156,10,123,"ordinary_fast",32,5
"0.99.39","cbmc_citeseq","kernelpls","regression","rmsd",32,1139.26358884614,10,123,"ordinary_fast",32,5
"0.99.39","cbmc_citeseq","kernelpls","regression","rmsd",33,1138.8465715284,10,123,"ordinary_fast",32,5
"0.99.39","cbmc_citeseq","kernelpls","regression","rmsd",34,1139.27536409457,10,123,"ordinary_fast",32,5
"0.99.39","cbmc_citeseq","kernelpls","regression","rmsd",35,1141.2311313131,10,123,"ordinary_fast",32,5
"0.99.39","cbmc_citeseq","kernelpls","regression","rmsd",36,1139.57738752788,10,123,"ordinary_fast",32,5
"0.99.39","cbmc_citeseq","kernelpls","regression","rmsd",37,1138.90769302715,10,123,"ordinary_fast",32,5
"0.99.39","cbmc_citeseq","kernelpls","regression","rmsd",38,1142.12920386202,10,123,"ordinary_fast",32,5
"0.99.39","cbmc_citeseq","kernelpls","regression","rmsd",39,1140.35259837186,10,123,"ordinary_fast",32,5
"0.99.39","cbmc_citeseq","kernelpls","regression","rmsd",40,1139.16217420659,10,123,"ordinary_fast",32,5
"0.99.39","cbmc_citeseq","kernelpls","regression","rmsd",41,1136.7675762358,10,123,"ordinary_fast",32,5
"0.99.39","cbmc_citeseq","kernelpls","regression","rmsd",42,1138.72476856967,10,123,"ordinary_fast",32,5
"0.99.39","cbmc_citeseq","kernelpls","regression","rmsd",43,1136.68854744334,10,123,"ordinary_fast",32,5
"0.99.39","cbmc_citeseq","kernelpls","regression","rmsd",44,1133.94043269019,10,123,"ordinary_fast",32,5
"0.99.39","cbmc_citeseq","kernelpls","regression","rmsd",45,1134.09492225396,10,123,"ordinary_fast",32,5
"0.99.39","cbmc_citeseq","kernelpls","regression","rmsd",46,1132.5370105115,10,123,"ordinary_fast",32,5
"0.99.39","cbmc_citeseq","kernelpls","regression","rmsd",47,1130.82074367979,10,123,"ordinary_fast",32,5
"0.99.39","cbmc_citeseq","kernelpls","regression","rmsd",48,1130.66682202895,10,123,"ordinary_fast",32,5
"0.99.39","cbmc_citeseq","kernelpls","regression","rmsd",49,1129.70739117127,10,123,"ordinary_fast",32,5
"0.99.39","cbmc_citeseq","kernelpls","regression","rmsd",50,1132.41866304321,10,123,"ordinary_fast",32,5
"0.99.39","cbmc_citeseq","kernelpls","regression","rmsd",51,1135.57266595159,10,123,"ordinary_fast",32,5
"0.99.39","cbmc_citeseq","kernelpls","regression","rmsd",52,1136.11362375446,10,123,"ordinary_fast",32,5
"0.99.39","cbmc_citeseq","kernelpls","regression","rmsd",53,1139.42487581994,10,123,"ordinary_fast",32,5
"0.99.39","cbmc_citeseq","kernelpls","regression","rmsd",54,1144.95823193207,10,123,"ordinary_fast",32,5
"0.99.39","cbmc_citeseq","kernelpls","regression","rmsd",55,1145.65523955407,10,123,"ordinary_fast",32,5
"0.99.39","cbmc_citeseq","kernelpls","regression","rmsd",56,1148.45194542082,10,123,"ordinary_fast",32,5
"0.99.39","cbmc_citeseq","kernelpls","regression","rmsd",57,1150.94706214541,10,123,"ordinary_fast",32,5
"0.99.39","cbmc_citeseq","kernelpls","regression","rmsd",58,1154.76013997007,10,123,"ordinary_fast",32,5
"0.99.39","cbmc_citeseq","kernelpls","regression","rmsd",59,1154.34964288129,10,123,"ordinary_fast",32,5
"0.99.39","cbmc_citeseq","kernelpls","regression","rmsd",60,1155.6807627257,10,123,"ordinary_fast",32,5
"0.99.39","cbmc_citeseq","kernelpls","regression","rmsd",61,1157.38420555647,10,123,"ordinary_fast",32,5
"0.99.39","cbmc_citeseq","kernelpls","regression","rmsd",62,1157.2734933522,10,123,"ordinary_fast",32,5
"0.99.39","cbmc_citeseq","kernelpls","regression","rmsd",63,1157.56945659816,10,123,"ordinary_fast",32,5
"0.99.39","cbmc_citeseq","kernelpls","regression","rmsd",64,1154.92071948305,10,123,"ordinary_fast",32,5
"0.99.39","cbmc_citeseq","kernelpls","regression","rmsd",65,1157.30197759649,10,123,"ordinary_fast",32,5
"0.99.39","cbmc_citeseq","kernelpls","regression","rmsd",66,1157.26773840573,10,123,"ordinary_fast",32,5
"0.99.39","cbmc_citeseq","kernelpls","regression","rmsd",67,1159.10702177377,10,123,"ordinary_fast",32,5
"0.99.39","cbmc_citeseq","kernelpls","regression","rmsd",68,1161.32696233179,10,123,"ordinary_fast",32,5
"0.99.39","cbmc_citeseq","kernelpls","regression","rmsd",69,1162.15386012775,10,123,"ordinary_fast",32,5
"0.99.39","cbmc_citeseq","kernelpls","regression","rmsd",70,1161.86926596269,10,123,"ordinary_fast",32,5
"0.99.39","cbmc_citeseq","kernelpls","regression","rmsd",71,1162.44592266424,10,123,"ordinary_fast",32,5
"0.99.39","cbmc_citeseq","kernelpls","regression","rmsd",72,1162.56485227656,10,123,"ordinary_fast",32,5
"0.99.39","cbmc_citeseq","kernelpls","regression","rmsd",73,1162.39270763879,10,123,"ordinary_fast",32,5
"0.99.39","cbmc_citeseq","kernelpls","regression","rmsd",74,1164.30068451514,10,123,"ordinary_fast",32,5
"0.99.39","cbmc_citeseq","kernelpls","regression","rmsd",75,1165.87474319347,10,123,"ordinary_fast",32,5
"0.99.39","cbmc_citeseq","kernelpls","regression","rmsd",76,1168.07429268289,10,123,"ordinary_fast",32,5
"0.99.39","cbmc_citeseq","kernelpls","regression","rmsd",77,1170.96225573602,10,123,"ordinary_fast",32,5
"0.99.39","cbmc_citeseq","kernelpls","regression","rmsd",78,1170.86014407565,10,123,"ordinary_fast",32,5
"0.99.39","cbmc_citeseq","kernelpls","regression","rmsd",79,1170.88217293143,10,123,"ordinary_fast",32,5
"0.99.39","cbmc_citeseq","kernelpls","regression","rmsd",80,1170.21436128873,10,123,"ordinary_fast",32,5
"0.99.39","cbmc_citeseq","kernelpls","regression","rmsd",81,1168.90823495364,10,123,"ordinary_fast",32,5
"0.99.39","cbmc_citeseq","kernelpls","regression","rmsd",82,1168.96630527105,10,123,"ordinary_fast",32,5
"0.99.39","cbmc_citeseq","kernelpls","regression","rmsd",83,1170.04974892758,10,123,"ordinary_fast",32,5
"0.99.39","cbmc_citeseq","kernelpls","regression","rmsd",84,1170.09174356886,10,123,"ordinary_fast",32,5
"0.99.39","cbmc_citeseq","kernelpls","regression","rmsd",85,1173.17809503594,10,123,"ordinary_fast",32,5
"0.99.39","cbmc_citeseq","kernelpls","regression","rmsd",86,1175.07915172647,10,123,"ordinary_fast",32,5
"0.99.39","cbmc_citeseq","kernelpls","regression","rmsd",87,1177.1211053777,10,123,"ordinary_fast",32,5
"0.99.39","cbmc_citeseq","kernelpls","regression","rmsd",88,1180.08645564239,10,123,"ordinary_fast",32,5
"0.99.39","cbmc_citeseq","kernelpls","regression","rmsd",89,1180.58200159119,10,123,"ordinary_fast",32,5
"0.99.39","cbmc_citeseq","kernelpls","regression","rmsd",90,1182.75848741012,10,123,"ordinary_fast",32,5
"0.99.39","cbmc_citeseq","kernelpls","regression","rmsd",91,1181.17172802126,10,123,"ordinary_fast",32,5
"0.99.39","cbmc_citeseq","kernelpls","regression","rmsd",92,1180.60612953406,10,123,"ordinary_fast",32,5
"0.99.39","cbmc_citeseq","kernelpls","regression","rmsd",93,1181.15668207267,10,123,"ordinary_fast",32,5
"0.99.39","cbmc_citeseq","kernelpls","regression","rmsd",94,1179.4267441914,10,123,"ordinary_fast",32,5
"0.99.39","cbmc_citeseq","kernelpls","regression","rmsd",95,1178.0055736459,10,123,"ordinary_fast",32,5
"0.99.39","cbmc_citeseq","kernelpls","regression","rmsd",96,1179.66783508247,10,123,"ordinary_fast",32,5
"0.99.39","cbmc_citeseq","kernelpls","regression","rmsd",97,1181.5011893613,10,123,"ordinary_fast",32,5
"0.99.39","cbmc_citeseq","kernelpls","regression","rmsd",98,1183.85764534736,10,123,"ordinary_fast",32,5
"0.99.39","cbmc_citeseq","kernelpls","regression","rmsd",99,1185.23425570856,10,123,"ordinary_fast",32,5
"0.99.39","cbmc_citeseq","kernelpls","regression","rmsd",100,1191.03064936114,10,123,"ordinary_fast",32,5
"0.99.39","ccle","plssvd","classification","accuracy",1,0.343692870201097,10,123,"not_applicable",32,5
"0.99.39","ccle","plssvd","classification","accuracy",2,0.393053016453382,10,123,"not_applicable",32,5
"0.99.39","ccle","plssvd","classification","accuracy",3,0.475319926873857,10,123,"not_applicable",32,5
"0.99.39","ccle","plssvd","classification","accuracy",4,0.489945155393053,10,123,"not_applicable",32,5
"0.99.39","ccle","plssvd","classification","accuracy",5,0.537477148080439,10,123,"not_applicable",32,5
"0.99.39","ccle","plssvd","classification","accuracy",6,0.568555758683729,10,123,"not_applicable",32,5
"0.99.39","ccle","plssvd","classification","accuracy",7,0.592321755027422,10,123,"not_applicable",32,5
"0.99.39","ccle","plssvd","classification","accuracy",8,0.595978062157221,10,123,"not_applicable",32,5
"0.99.39","ccle","plssvd","classification","accuracy",9,0.63254113345521,10,123,"not_applicable",32,5
"0.99.39","ccle","plssvd","classification","accuracy",10,0.652650822669104,10,123,"not_applicable",32,5
"0.99.39","ccle","plssvd","classification","accuracy",11,0.648994515539305,10,123,"not_applicable",32,5
"0.99.39","ccle","plssvd","classification","accuracy",12,0.659963436928702,10,123,"not_applicable",32,5
"0.99.39","ccle","plssvd","classification","accuracy",13,0.661791590493601,10,123,"not_applicable",32,5
"0.99.39","ccle","plssvd","classification","accuracy",14,0.669104204753199,10,123,"not_applicable",32,5
"0.99.39","ccle","plssvd","classification","accuracy",15,0.676416819012797,10,123,"not_applicable",32,5
"0.99.39","ccle","plssvd","classification","accuracy",16,0.692870201096892,10,123,"not_applicable",32,5
"0.99.39","ccle","plssvd","classification","accuracy",17,0.696526508226691,10,123,"not_applicable",32,5
"0.99.39","ccle","simpls","classification","accuracy",1,0.343692870201097,10,123,"ordinary_fast",32,5
"0.99.39","ccle","simpls","classification","accuracy",2,0.411334552102377,10,123,"ordinary_fast",32,5
"0.99.39","ccle","simpls","classification","accuracy",3,0.46617915904936,10,123,"ordinary_fast",32,5
"0.99.39","ccle","simpls","classification","accuracy",4,0.50091407678245,10,123,"ordinary_fast",32,5
"0.99.39","ccle","simpls","classification","accuracy",5,0.541133455210238,10,123,"ordinary_fast",32,5
"0.99.39","ccle","simpls","classification","accuracy",6,0.56672760511883,10,123,"ordinary_fast",32,5
"0.99.39","ccle","simpls","classification","accuracy",7,0.581352833638026,10,123,"ordinary_fast",32,5
"0.99.39","ccle","simpls","classification","accuracy",8,0.592321755027422,10,123,"ordinary_fast",32,5
"0.99.39","ccle","simpls","classification","accuracy",9,0.614259597806216,10,123,"ordinary_fast",32,5
"0.99.39","ccle","simpls","classification","accuracy",10,0.643510054844607,10,123,"ordinary_fast",32,5
"0.99.39","ccle","simpls","classification","accuracy",11,0.658135283363803,10,123,"ordinary_fast",32,5
"0.99.39","ccle","simpls","classification","accuracy",12,0.658135283363803,10,123,"ordinary_fast",32,5
"0.99.39","ccle","simpls","classification","accuracy",13,0.6672760511883,10,123,"ordinary_fast",32,5
"0.99.39","ccle","simpls","classification","accuracy",14,0.676416819012797,10,123,"ordinary_fast",32,5
"0.99.39","ccle","simpls","classification","accuracy",15,0.681901279707495,10,123,"ordinary_fast",32,5
"0.99.39","ccle","simpls","classification","accuracy",16,0.692870201096892,10,123,"ordinary_fast",32,5
"0.99.39","ccle","simpls","classification","accuracy",17,0.685557586837294,10,123,"ordinary_fast",32,5
"0.99.39","ccle","simpls","classification","accuracy",18,0.692870201096892,10,123,"ordinary_fast",32,5
"0.99.39","ccle","simpls","classification","accuracy",19,0.696526508226691,10,123,"ordinary_fast",32,5
"0.99.39","ccle","simpls","classification","accuracy",20,0.692870201096892,10,123,"ordinary_fast",32,5
"0.99.39","ccle","simpls","classification","accuracy",21,0.702010968921389,10,123,"ordinary_fast",32,5
"0.99.39","ccle","simpls","classification","accuracy",22,0.703839122486289,10,123,"ordinary_fast",32,5
"0.99.39","ccle","simpls","classification","accuracy",23,0.716636197440585,10,123,"ordinary_fast",32,5
"0.99.39","ccle","simpls","classification","accuracy",24,0.709323583180987,10,123,"ordinary_fast",32,5
"0.99.39","ccle","simpls","classification","accuracy",25,0.716636197440585,10,123,"ordinary_fast",32,5
"0.99.39","ccle","simpls","classification","accuracy",26,0.723948811700183,10,123,"ordinary_fast",32,5
"0.99.39","ccle","simpls","classification","accuracy",27,0.716636197440585,10,123,"ordinary_fast",32,5
"0.99.39","ccle","simpls","classification","accuracy",28,0.707495429616088,10,123,"ordinary_fast",32,5
"0.99.39","ccle","simpls","classification","accuracy",29,0.705667276051188,10,123,"ordinary_fast",32,5
"0.99.39","ccle","simpls","classification","accuracy",30,0.716636197440585,10,123,"ordinary_fast",32,5
"0.99.39","ccle","simpls","classification","accuracy",31,0.720292504570384,10,123,"ordinary_fast",32,5
"0.99.39","ccle","simpls","classification","accuracy",32,0.718464351005484,10,123,"ordinary_fast",32,5
"0.99.39","ccle","simpls","classification","accuracy",33,0.711151736745887,10,123,"ordinary_fast",32,5
"0.99.39","ccle","simpls","classification","accuracy",34,0.714808043875686,10,123,"ordinary_fast",32,5
"0.99.39","ccle","simpls","classification","accuracy",35,0.711151736745887,10,123,"ordinary_fast",32,5
"0.99.39","ccle","simpls","classification","accuracy",36,0.709323583180987,10,123,"ordinary_fast",32,5
"0.99.39","ccle","simpls","classification","accuracy",37,0.711151736745887,10,123,"ordinary_fast",32,5
"0.99.39","ccle","simpls","classification","accuracy",38,0.711151736745887,10,123,"ordinary_fast",32,5
"0.99.39","ccle","simpls","classification","accuracy",39,0.716636197440585,10,123,"ordinary_fast",32,5
"0.99.39","ccle","simpls","classification","accuracy",40,0.714808043875686,10,123,"ordinary_fast",32,5
"0.99.39","ccle","simpls","classification","accuracy",41,0.720292504570384,10,123,"ordinary_fast",32,5
"0.99.39","ccle","simpls","classification","accuracy",42,0.718464351005484,10,123,"ordinary_fast",32,5
"0.99.39","ccle","simpls","classification","accuracy",43,0.718464351005484,10,123,"ordinary_fast",32,5
"0.99.39","ccle","simpls","classification","accuracy",44,0.718464351005484,10,123,"ordinary_fast",32,5
"0.99.39","ccle","simpls","classification","accuracy",45,0.714808043875686,10,123,"ordinary_fast",32,5
"0.99.39","ccle","simpls","classification","accuracy",46,0.707495429616088,10,123,"ordinary_fast",32,5
"0.99.39","ccle","simpls","classification","accuracy",47,0.70018281535649,10,123,"ordinary_fast",32,5
"0.99.39","ccle","simpls","classification","accuracy",48,0.705667276051188,10,123,"ordinary_fast",32,5
"0.99.39","ccle","simpls","classification","accuracy",49,0.705667276051188,10,123,"ordinary_fast",32,5
"0.99.39","ccle","simpls","classification","accuracy",50,0.703839122486289,10,123,"ordinary_fast",32,5
"0.99.39","ccle","simpls","classification","accuracy",51,0.694698354661792,10,123,"ordinary_fast",32,5
"0.99.39","ccle","simpls","classification","accuracy",52,0.69835466179159,10,123,"ordinary_fast",32,5
"0.99.39","ccle","simpls","classification","accuracy",53,0.694698354661792,10,123,"ordinary_fast",32,5
"0.99.39","ccle","simpls","classification","accuracy",54,0.705667276051188,10,123,"ordinary_fast",32,5
"0.99.39","ccle","simpls","classification","accuracy",55,0.703839122486289,10,123,"ordinary_fast",32,5
"0.99.39","ccle","simpls","classification","accuracy",56,0.709323583180987,10,123,"ordinary_fast",32,5
"0.99.39","ccle","simpls","classification","accuracy",57,0.714808043875686,10,123,"ordinary_fast",32,5
"0.99.39","ccle","simpls","classification","accuracy",58,0.711151736745887,10,123,"ordinary_fast",32,5
"0.99.39","ccle","simpls","classification","accuracy",59,0.709323583180987,10,123,"ordinary_fast",32,5
"0.99.39","ccle","simpls","classification","accuracy",60,0.716636197440585,10,123,"ordinary_fast",32,5
"0.99.39","ccle","simpls","classification","accuracy",61,0.712979890310786,10,123,"ordinary_fast",32,5
"0.99.39","ccle","simpls","classification","accuracy",62,0.709323583180987,10,123,"ordinary_fast",32,5
"0.99.39","ccle","simpls","classification","accuracy",63,0.709323583180987,10,123,"ordinary_fast",32,5
"0.99.39","ccle","simpls","classification","accuracy",64,0.716636197440585,10,123,"ordinary_fast",32,5
"0.99.39","ccle","simpls","classification","accuracy",65,0.718464351005484,10,123,"ordinary_fast",32,5
"0.99.39","ccle","simpls","classification","accuracy",66,0.716636197440585,10,123,"ordinary_fast",32,5
"0.99.39","ccle","simpls","classification","accuracy",67,0.703839122486289,10,123,"ordinary_fast",32,5
"0.99.39","ccle","simpls","classification","accuracy",68,0.707495429616088,10,123,"ordinary_fast",32,5
"0.99.39","ccle","simpls","classification","accuracy",69,0.707495429616088,10,123,"ordinary_fast",32,5
"0.99.39","ccle","simpls","classification","accuracy",70,0.705667276051188,10,123,"ordinary_fast",32,5
"0.99.39","ccle","simpls","classification","accuracy",71,0.70018281535649,10,123,"ordinary_fast",32,5
"0.99.39","ccle","simpls","classification","accuracy",72,0.703839122486289,10,123,"ordinary_fast",32,5
"0.99.39","ccle","simpls","classification","accuracy",73,0.689213893967093,10,123,"ordinary_fast",32,5
"0.99.39","ccle","simpls","classification","accuracy",74,0.691042047531993,10,123,"ordinary_fast",32,5
"0.99.39","ccle","simpls","classification","accuracy",75,0.691042047531993,10,123,"ordinary_fast",32,5
"0.99.39","ccle","simpls","classification","accuracy",76,0.691042047531993,10,123,"ordinary_fast",32,5
"0.99.39","ccle","simpls","classification","accuracy",77,0.689213893967093,10,123,"ordinary_fast",32,5
"0.99.39","ccle","simpls","classification","accuracy",78,0.685557586837294,10,123,"ordinary_fast",32,5
"0.99.39","ccle","simpls","classification","accuracy",79,0.683729433272395,10,123,"ordinary_fast",32,5
"0.99.39","ccle","simpls","classification","accuracy",80,0.683729433272395,10,123,"ordinary_fast",32,5
"0.99.39","ccle","simpls","classification","accuracy",81,0.681901279707495,10,123,"ordinary_fast",32,5
"0.99.39","ccle","simpls","classification","accuracy",82,0.681901279707495,10,123,"ordinary_fast",32,5
"0.99.39","ccle","simpls","classification","accuracy",83,0.681901279707495,10,123,"ordinary_fast",32,5
"0.99.39","ccle","simpls","classification","accuracy",84,0.678244972577697,10,123,"ordinary_fast",32,5
"0.99.39","ccle","simpls","classification","accuracy",85,0.678244972577697,10,123,"ordinary_fast",32,5
"0.99.39","ccle","simpls","classification","accuracy",86,0.676416819012797,10,123,"ordinary_fast",32,5
"0.99.39","ccle","simpls","classification","accuracy",87,0.680073126142596,10,123,"ordinary_fast",32,5
"0.99.39","ccle","simpls","classification","accuracy",88,0.670932358318099,10,123,"ordinary_fast",32,5
"0.99.39","ccle","simpls","classification","accuracy",89,0.674588665447898,10,123,"ordinary_fast",32,5
"0.99.39","ccle","simpls","classification","accuracy",90,0.674588665447898,10,123,"ordinary_fast",32,5
"0.99.39","ccle","simpls","classification","accuracy",91,0.674588665447898,10,123,"ordinary_fast",32,5
"0.99.39","ccle","simpls","classification","accuracy",92,0.670932358318099,10,123,"ordinary_fast",32,5
"0.99.39","ccle","simpls","classification","accuracy",93,0.669104204753199,10,123,"ordinary_fast",32,5
"0.99.39","ccle","simpls","classification","accuracy",94,0.6654478976234,10,123,"ordinary_fast",32,5
"0.99.39","ccle","simpls","classification","accuracy",95,0.658135283363803,10,123,"ordinary_fast",32,5
"0.99.39","ccle","simpls","classification","accuracy",96,0.661791590493601,10,123,"ordinary_fast",32,5
"0.99.39","ccle","simpls","classification","accuracy",97,0.659963436928702,10,123,"ordinary_fast",32,5
"0.99.39","ccle","simpls","classification","accuracy",98,0.659963436928702,10,123,"ordinary_fast",32,5
"0.99.39","ccle","simpls","classification","accuracy",99,0.663619744058501,10,123,"ordinary_fast",32,5
"0.99.39","ccle","simpls","classification","accuracy",100,0.663619744058501,10,123,"ordinary_fast",32,5
"0.99.39","ccle","opls","classification","accuracy",1,0.380255941499086,10,123,"ordinary_fast",32,5
"0.99.39","ccle","opls","classification","accuracy",2,0.427787934186472,10,123,"ordinary_fast",32,5
"0.99.39","ccle","opls","classification","accuracy",3,0.495429616087751,10,123,"ordinary_fast",32,5
"0.99.39","ccle","opls","classification","accuracy",4,0.544789762340037,10,123,"ordinary_fast",32,5
"0.99.39","ccle","opls","classification","accuracy",5,0.56489945155393,10,123,"ordinary_fast",32,5
"0.99.39","ccle","opls","classification","accuracy",6,0.574040219378428,10,123,"ordinary_fast",32,5
"0.99.39","ccle","opls","classification","accuracy",7,0.579524680073126,10,123,"ordinary_fast",32,5
"0.99.39","ccle","opls","classification","accuracy",8,0.588665447897623,10,123,"ordinary_fast",32,5
"0.99.39","ccle","opls","classification","accuracy",9,0.612431444241316,10,123,"ordinary_fast",32,5
"0.99.39","ccle","opls","classification","accuracy",10,0.628884826325411,10,123,"ordinary_fast",32,5
"0.99.39","ccle","opls","classification","accuracy",11,0.63254113345521,10,123,"ordinary_fast",32,5
"0.99.39","ccle","opls","classification","accuracy",12,0.639853747714808,10,123,"ordinary_fast",32,5
"0.99.39","ccle","opls","classification","accuracy",13,0.641681901279707,10,123,"ordinary_fast",32,5
"0.99.39","ccle","opls","classification","accuracy",14,0.650822669104205,10,123,"ordinary_fast",32,5
"0.99.39","ccle","opls","classification","accuracy",15,0.663619744058501,10,123,"ordinary_fast",32,5
"0.99.39","ccle","opls","classification","accuracy",16,0.670932358318099,10,123,"ordinary_fast",32,5
"0.99.39","ccle","opls","classification","accuracy",17,0.674588665447898,10,123,"ordinary_fast",32,5
"0.99.39","ccle","opls","classification","accuracy",18,0.670932358318099,10,123,"ordinary_fast",32,5
"0.99.39","ccle","opls","classification","accuracy",19,0.687385740402194,10,123,"ordinary_fast",32,5
"0.99.39","ccle","opls","classification","accuracy",20,0.692870201096892,10,123,"ordinary_fast",32,5
"0.99.39","ccle","opls","classification","accuracy",21,0.69835466179159,10,123,"ordinary_fast",32,5
"0.99.39","ccle","opls","classification","accuracy",22,0.691042047531993,10,123,"ordinary_fast",32,5
"0.99.39","ccle","opls","classification","accuracy",23,0.69835466179159,10,123,"ordinary_fast",32,5
"0.99.39","ccle","opls","classification","accuracy",24,0.702010968921389,10,123,"ordinary_fast",32,5
"0.99.39","ccle","opls","classification","accuracy",25,0.705667276051188,10,123,"ordinary_fast",32,5
"0.99.39","ccle","opls","classification","accuracy",26,0.70018281535649,10,123,"ordinary_fast",32,5
"0.99.39","ccle","opls","classification","accuracy",27,0.70018281535649,10,123,"ordinary_fast",32,5
"0.99.39","ccle","opls","classification","accuracy",28,0.692870201096892,10,123,"ordinary_fast",32,5
"0.99.39","ccle","opls","classification","accuracy",29,0.696526508226691,10,123,"ordinary_fast",32,5
"0.99.39","ccle","opls","classification","accuracy",30,0.696526508226691,10,123,"ordinary_fast",32,5
"0.99.39","ccle","opls","classification","accuracy",31,0.696526508226691,10,123,"ordinary_fast",32,5
"0.99.39","ccle","opls","classification","accuracy",32,0.69835466179159,10,123,"ordinary_fast",32,5
"0.99.39","ccle","opls","classification","accuracy",33,0.692870201096892,10,123,"ordinary_fast",32,5
"0.99.39","ccle","opls","classification","accuracy",34,0.692870201096892,10,123,"ordinary_fast",32,5
"0.99.39","ccle","opls","classification","accuracy",35,0.687385740402194,10,123,"ordinary_fast",32,5
"0.99.39","ccle","opls","classification","accuracy",36,0.694698354661792,10,123,"ordinary_fast",32,5
"0.99.39","ccle","opls","classification","accuracy",37,0.70018281535649,10,123,"ordinary_fast",32,5
"0.99.39","ccle","opls","classification","accuracy",38,0.696526508226691,10,123,"ordinary_fast",32,5
"0.99.39","ccle","opls","classification","accuracy",39,0.702010968921389,10,123,"ordinary_fast",32,5
"0.99.39","ccle","opls","classification","accuracy",40,0.70018281535649,10,123,"ordinary_fast",32,5
"0.99.39","ccle","opls","classification","accuracy",41,0.703839122486289,10,123,"ordinary_fast",32,5
"0.99.39","ccle","opls","classification","accuracy",42,0.705667276051188,10,123,"ordinary_fast",32,5
"0.99.39","ccle","opls","classification","accuracy",43,0.705667276051188,10,123,"ordinary_fast",32,5
"0.99.39","ccle","opls","classification","accuracy",44,0.70018281535649,10,123,"ordinary_fast",32,5
"0.99.39","ccle","opls","classification","accuracy",45,0.703839122486289,10,123,"ordinary_fast",32,5
"0.99.39","ccle","opls","classification","accuracy",46,0.70018281535649,10,123,"ordinary_fast",32,5
"0.99.39","ccle","opls","classification","accuracy",47,0.696526508226691,10,123,"ordinary_fast",32,5
"0.99.39","ccle","opls","classification","accuracy",48,0.70018281535649,10,123,"ordinary_fast",32,5
"0.99.39","ccle","opls","classification","accuracy",49,0.694698354661792,10,123,"ordinary_fast",32,5
"0.99.39","ccle","opls","classification","accuracy",50,0.694698354661792,10,123,"ordinary_fast",32,5
"0.99.39","ccle","opls","classification","accuracy",51,0.694698354661792,10,123,"ordinary_fast",32,5
"0.99.39","ccle","opls","classification","accuracy",52,0.696526508226691,10,123,"ordinary_fast",32,5
"0.99.39","ccle","opls","classification","accuracy",53,0.687385740402194,10,123,"ordinary_fast",32,5
"0.99.39","ccle","opls","classification","accuracy",54,0.692870201096892,10,123,"ordinary_fast",32,5
"0.99.39","ccle","opls","classification","accuracy",55,0.70018281535649,10,123,"ordinary_fast",32,5
"0.99.39","ccle","opls","classification","accuracy",56,0.702010968921389,10,123,"ordinary_fast",32,5
"0.99.39","ccle","opls","classification","accuracy",57,0.692870201096892,10,123,"ordinary_fast",32,5
"0.99.39","ccle","opls","classification","accuracy",58,0.696526508226691,10,123,"ordinary_fast",32,5
"0.99.39","ccle","opls","classification","accuracy",59,0.70018281535649,10,123,"ordinary_fast",32,5
"0.99.39","ccle","opls","classification","accuracy",60,0.69835466179159,10,123,"ordinary_fast",32,5
"0.99.39","ccle","opls","classification","accuracy",61,0.691042047531993,10,123,"ordinary_fast",32,5
"0.99.39","ccle","opls","classification","accuracy",62,0.694698354661792,10,123,"ordinary_fast",32,5
"0.99.39","ccle","opls","classification","accuracy",63,0.694698354661792,10,123,"ordinary_fast",32,5
"0.99.39","ccle","opls","classification","accuracy",64,0.696526508226691,10,123,"ordinary_fast",32,5
"0.99.39","ccle","opls","classification","accuracy",65,0.694698354661792,10,123,"ordinary_fast",32,5
"0.99.39","ccle","opls","classification","accuracy",66,0.689213893967093,10,123,"ordinary_fast",32,5
"0.99.39","ccle","opls","classification","accuracy",67,0.691042047531993,10,123,"ordinary_fast",32,5
"0.99.39","ccle","opls","classification","accuracy",68,0.694698354661792,10,123,"ordinary_fast",32,5
"0.99.39","ccle","opls","classification","accuracy",69,0.692870201096892,10,123,"ordinary_fast",32,5
"0.99.39","ccle","opls","classification","accuracy",70,0.692870201096892,10,123,"ordinary_fast",32,5
"0.99.39","ccle","opls","classification","accuracy",71,0.685557586837294,10,123,"ordinary_fast",32,5
"0.99.39","ccle","opls","classification","accuracy",72,0.681901279707495,10,123,"ordinary_fast",32,5
"0.99.39","ccle","opls","classification","accuracy",73,0.680073126142596,10,123,"ordinary_fast",32,5
"0.99.39","ccle","opls","classification","accuracy",74,0.681901279707495,10,123,"ordinary_fast",32,5
"0.99.39","ccle","opls","classification","accuracy",75,0.680073126142596,10,123,"ordinary_fast",32,5
"0.99.39","ccle","opls","classification","accuracy",76,0.676416819012797,10,123,"ordinary_fast",32,5
"0.99.39","ccle","opls","classification","accuracy",77,0.676416819012797,10,123,"ordinary_fast",32,5
"0.99.39","ccle","opls","classification","accuracy",78,0.678244972577697,10,123,"ordinary_fast",32,5
"0.99.39","ccle","opls","classification","accuracy",79,0.678244972577697,10,123,"ordinary_fast",32,5
"0.99.39","ccle","opls","classification","accuracy",80,0.674588665447898,10,123,"ordinary_fast",32,5
"0.99.39","ccle","opls","classification","accuracy",81,0.676416819012797,10,123,"ordinary_fast",32,5
"0.99.39","ccle","opls","classification","accuracy",82,0.672760511882998,10,123,"ordinary_fast",32,5
"0.99.39","ccle","opls","classification","accuracy",83,0.6654478976234,10,123,"ordinary_fast",32,5
"0.99.39","ccle","opls","classification","accuracy",84,0.670932358318099,10,123,"ordinary_fast",32,5
"0.99.39","ccle","opls","classification","accuracy",85,0.670932358318099,10,123,"ordinary_fast",32,5
"0.99.39","ccle","opls","classification","accuracy",86,0.6672760511883,10,123,"ordinary_fast",32,5
"0.99.39","ccle","opls","classification","accuracy",87,0.661791590493601,10,123,"ordinary_fast",32,5
"0.99.39","ccle","opls","classification","accuracy",88,0.658135283363803,10,123,"ordinary_fast",32,5
"0.99.39","ccle","opls","classification","accuracy",89,0.656307129798903,10,123,"ordinary_fast",32,5
"0.99.39","ccle","opls","classification","accuracy",90,0.648994515539305,10,123,"ordinary_fast",32,5
"0.99.39","ccle","opls","classification","accuracy",91,0.656307129798903,10,123,"ordinary_fast",32,5
"0.99.39","ccle","opls","classification","accuracy",92,0.643510054844607,10,123,"ordinary_fast",32,5
"0.99.39","ccle","opls","classification","accuracy",93,0.647166361974406,10,123,"ordinary_fast",32,5
"0.99.39","ccle","opls","classification","accuracy",94,0.643510054844607,10,123,"ordinary_fast",32,5
"0.99.39","ccle","opls","classification","accuracy",95,0.645338208409506,10,123,"ordinary_fast",32,5
"0.99.39","ccle","opls","classification","accuracy",96,0.641681901279707,10,123,"ordinary_fast",32,5
"0.99.39","ccle","opls","classification","accuracy",97,0.647166361974406,10,123,"ordinary_fast",32,5
"0.99.39","ccle","opls","classification","accuracy",98,0.648994515539305,10,123,"ordinary_fast",32,5
"0.99.39","ccle","opls","classification","accuracy",99,0.652650822669104,10,123,"ordinary_fast",32,5
"0.99.39","ccle","opls","classification","accuracy",100,0.652650822669104,10,123,"ordinary_fast",32,5
"0.99.39","ccle","kernelpls","classification","accuracy",1,0.343692870201097,10,123,"ordinary_fast",32,5
"0.99.39","ccle","kernelpls","classification","accuracy",2,0.411334552102377,10,123,"ordinary_fast",32,5
"0.99.39","ccle","kernelpls","classification","accuracy",3,0.46617915904936,10,123,"ordinary_fast",32,5
"0.99.39","ccle","kernelpls","classification","accuracy",4,0.50091407678245,10,123,"ordinary_fast",32,5
"0.99.39","ccle","kernelpls","classification","accuracy",5,0.541133455210238,10,123,"ordinary_fast",32,5
"0.99.39","ccle","kernelpls","classification","accuracy",6,0.56672760511883,10,123,"ordinary_fast",32,5
"0.99.39","ccle","kernelpls","classification","accuracy",7,0.581352833638026,10,123,"ordinary_fast",32,5
"0.99.39","ccle","kernelpls","classification","accuracy",8,0.592321755027422,10,123,"ordinary_fast",32,5
"0.99.39","ccle","kernelpls","classification","accuracy",9,0.614259597806216,10,123,"ordinary_fast",32,5
"0.99.39","ccle","kernelpls","classification","accuracy",10,0.643510054844607,10,123,"ordinary_fast",32,5
"0.99.39","ccle","kernelpls","classification","accuracy",11,0.658135283363803,10,123,"ordinary_fast",32,5
"0.99.39","ccle","kernelpls","classification","accuracy",12,0.658135283363803,10,123,"ordinary_fast",32,5
"0.99.39","ccle","kernelpls","classification","accuracy",13,0.6672760511883,10,123,"ordinary_fast",32,5
"0.99.39","ccle","kernelpls","classification","accuracy",14,0.676416819012797,10,123,"ordinary_fast",32,5
"0.99.39","ccle","kernelpls","classification","accuracy",15,0.681901279707495,10,123,"ordinary_fast",32,5
"0.99.39","ccle","kernelpls","classification","accuracy",16,0.692870201096892,10,123,"ordinary_fast",32,5
"0.99.39","ccle","kernelpls","classification","accuracy",17,0.685557586837294,10,123,"ordinary_fast",32,5
"0.99.39","ccle","kernelpls","classification","accuracy",18,0.692870201096892,10,123,"ordinary_fast",32,5
"0.99.39","ccle","kernelpls","classification","accuracy",19,0.696526508226691,10,123,"ordinary_fast",32,5
"0.99.39","ccle","kernelpls","classification","accuracy",20,0.692870201096892,10,123,"ordinary_fast",32,5
"0.99.39","ccle","kernelpls","classification","accuracy",21,0.702010968921389,10,123,"ordinary_fast",32,5
"0.99.39","ccle","kernelpls","classification","accuracy",22,0.703839122486289,10,123,"ordinary_fast",32,5
"0.99.39","ccle","kernelpls","classification","accuracy",23,0.716636197440585,10,123,"ordinary_fast",32,5
"0.99.39","ccle","kernelpls","classification","accuracy",24,0.709323583180987,10,123,"ordinary_fast",32,5
"0.99.39","ccle","kernelpls","classification","accuracy",25,0.716636197440585,10,123,"ordinary_fast",32,5
"0.99.39","ccle","kernelpls","classification","accuracy",26,0.723948811700183,10,123,"ordinary_fast",32,5
"0.99.39","ccle","kernelpls","classification","accuracy",27,0.716636197440585,10,123,"ordinary_fast",32,5
"0.99.39","ccle","kernelpls","classification","accuracy",28,0.707495429616088,10,123,"ordinary_fast",32,5
"0.99.39","ccle","kernelpls","classification","accuracy",29,0.705667276051188,10,123,"ordinary_fast",32,5
"0.99.39","ccle","kernelpls","classification","accuracy",30,0.716636197440585,10,123,"ordinary_fast",32,5
"0.99.39","ccle","kernelpls","classification","accuracy",31,0.720292504570384,10,123,"ordinary_fast",32,5
"0.99.39","ccle","kernelpls","classification","accuracy",32,0.718464351005484,10,123,"ordinary_fast",32,5
"0.99.39","ccle","kernelpls","classification","accuracy",33,0.711151736745887,10,123,"ordinary_fast",32,5
"0.99.39","ccle","kernelpls","classification","accuracy",34,0.714808043875686,10,123,"ordinary_fast",32,5
"0.99.39","ccle","kernelpls","classification","accuracy",35,0.711151736745887,10,123,"ordinary_fast",32,5
"0.99.39","ccle","kernelpls","classification","accuracy",36,0.709323583180987,10,123,"ordinary_fast",32,5
"0.99.39","ccle","kernelpls","classification","accuracy",37,0.711151736745887,10,123,"ordinary_fast",32,5
"0.99.39","ccle","kernelpls","classification","accuracy",38,0.711151736745887,10,123,"ordinary_fast",32,5
"0.99.39","ccle","kernelpls","classification","accuracy",39,0.716636197440585,10,123,"ordinary_fast",32,5
"0.99.39","ccle","kernelpls","classification","accuracy",40,0.714808043875686,10,123,"ordinary_fast",32,5
"0.99.39","ccle","kernelpls","classification","accuracy",41,0.720292504570384,10,123,"ordinary_fast",32,5
"0.99.39","ccle","kernelpls","classification","accuracy",42,0.718464351005484,10,123,"ordinary_fast",32,5
"0.99.39","ccle","kernelpls","classification","accuracy",43,0.718464351005484,10,123,"ordinary_fast",32,5
"0.99.39","ccle","kernelpls","classification","accuracy",44,0.718464351005484,10,123,"ordinary_fast",32,5
"0.99.39","ccle","kernelpls","classification","accuracy",45,0.714808043875686,10,123,"ordinary_fast",32,5
"0.99.39","ccle","kernelpls","classification","accuracy",46,0.707495429616088,10,123,"ordinary_fast",32,5
"0.99.39","ccle","kernelpls","classification","accuracy",47,0.70018281535649,10,123,"ordinary_fast",32,5
"0.99.39","ccle","kernelpls","classification","accuracy",48,0.705667276051188,10,123,"ordinary_fast",32,5
"0.99.39","ccle","kernelpls","classification","accuracy",49,0.705667276051188,10,123,"ordinary_fast",32,5
"0.99.39","ccle","kernelpls","classification","accuracy",50,0.703839122486289,10,123,"ordinary_fast",32,5
"0.99.39","ccle","kernelpls","classification","accuracy",51,0.694698354661792,10,123,"ordinary_fast",32,5
"0.99.39","ccle","kernelpls","classification","accuracy",52,0.69835466179159,10,123,"ordinary_fast",32,5
"0.99.39","ccle","kernelpls","classification","accuracy",53,0.694698354661792,10,123,"ordinary_fast",32,5
"0.99.39","ccle","kernelpls","classification","accuracy",54,0.705667276051188,10,123,"ordinary_fast",32,5
"0.99.39","ccle","kernelpls","classification","accuracy",55,0.703839122486289,10,123,"ordinary_fast",32,5
"0.99.39","ccle","kernelpls","classification","accuracy",56,0.709323583180987,10,123,"ordinary_fast",32,5
"0.99.39","ccle","kernelpls","classification","accuracy",57,0.714808043875686,10,123,"ordinary_fast",32,5
"0.99.39","ccle","kernelpls","classification","accuracy",58,0.711151736745887,10,123,"ordinary_fast",32,5
"0.99.39","ccle","kernelpls","classification","accuracy",59,0.709323583180987,10,123,"ordinary_fast",32,5
"0.99.39","ccle","kernelpls","classification","accuracy",60,0.716636197440585,10,123,"ordinary_fast",32,5
"0.99.39","ccle","kernelpls","classification","accuracy",61,0.712979890310786,10,123,"ordinary_fast",32,5
"0.99.39","ccle","kernelpls","classification","accuracy",62,0.709323583180987,10,123,"ordinary_fast",32,5
"0.99.39","ccle","kernelpls","classification","accuracy",63,0.709323583180987,10,123,"ordinary_fast",32,5
"0.99.39","ccle","kernelpls","classification","accuracy",64,0.716636197440585,10,123,"ordinary_fast",32,5
"0.99.39","ccle","kernelpls","classification","accuracy",65,0.718464351005484,10,123,"ordinary_fast",32,5
"0.99.39","ccle","kernelpls","classification","accuracy",66,0.716636197440585,10,123,"ordinary_fast",32,5
"0.99.39","ccle","kernelpls","classification","accuracy",67,0.703839122486289,10,123,"ordinary_fast",32,5
"0.99.39","ccle","kernelpls","classification","accuracy",68,0.707495429616088,10,123,"ordinary_fast",32,5
"0.99.39","ccle","kernelpls","classification","accuracy",69,0.707495429616088,10,123,"ordinary_fast",32,5
"0.99.39","ccle","kernelpls","classification","accuracy",70,0.705667276051188,10,123,"ordinary_fast",32,5
"0.99.39","ccle","kernelpls","classification","accuracy",71,0.70018281535649,10,123,"ordinary_fast",32,5
"0.99.39","ccle","kernelpls","classification","accuracy",72,0.703839122486289,10,123,"ordinary_fast",32,5
"0.99.39","ccle","kernelpls","classification","accuracy",73,0.689213893967093,10,123,"ordinary_fast",32,5
"0.99.39","ccle","kernelpls","classification","accuracy",74,0.691042047531993,10,123,"ordinary_fast",32,5
"0.99.39","ccle","kernelpls","classification","accuracy",75,0.691042047531993,10,123,"ordinary_fast",32,5
"0.99.39","ccle","kernelpls","classification","accuracy",76,0.691042047531993,10,123,"ordinary_fast",32,5
"0.99.39","ccle","kernelpls","classification","accuracy",77,0.689213893967093,10,123,"ordinary_fast",32,5
"0.99.39","ccle","kernelpls","classification","accuracy",78,0.685557586837294,10,123,"ordinary_fast",32,5
"0.99.39","ccle","kernelpls","classification","accuracy",79,0.683729433272395,10,123,"ordinary_fast",32,5
"0.99.39","ccle","kernelpls","classification","accuracy",80,0.683729433272395,10,123,"ordinary_fast",32,5
"0.99.39","ccle","kernelpls","classification","accuracy",81,0.681901279707495,10,123,"ordinary_fast",32,5
"0.99.39","ccle","kernelpls","classification","accuracy",82,0.681901279707495,10,123,"ordinary_fast",32,5
"0.99.39","ccle","kernelpls","classification","accuracy",83,0.681901279707495,10,123,"ordinary_fast",32,5
"0.99.39","ccle","kernelpls","classification","accuracy",84,0.678244972577697,10,123,"ordinary_fast",32,5
"0.99.39","ccle","kernelpls","classification","accuracy",85,0.678244972577697,10,123,"ordinary_fast",32,5
"0.99.39","ccle","kernelpls","classification","accuracy",86,0.676416819012797,10,123,"ordinary_fast",32,5
"0.99.39","ccle","kernelpls","classification","accuracy",87,0.680073126142596,10,123,"ordinary_fast",32,5
"0.99.39","ccle","kernelpls","classification","accuracy",88,0.670932358318099,10,123,"ordinary_fast",32,5
"0.99.39","ccle","kernelpls","classification","accuracy",89,0.674588665447898,10,123,"ordinary_fast",32,5
"0.99.39","ccle","kernelpls","classification","accuracy",90,0.674588665447898,10,123,"ordinary_fast",32,5
"0.99.39","ccle","kernelpls","classification","accuracy",91,0.674588665447898,10,123,"ordinary_fast",32,5
"0.99.39","ccle","kernelpls","classification","accuracy",92,0.670932358318099,10,123,"ordinary_fast",32,5
"0.99.39","ccle","kernelpls","classification","accuracy",93,0.669104204753199,10,123,"ordinary_fast",32,5
"0.99.39","ccle","kernelpls","classification","accuracy",94,0.6654478976234,10,123,"ordinary_fast",32,5
"0.99.39","ccle","kernelpls","classification","accuracy",95,0.658135283363803,10,123,"ordinary_fast",32,5
"0.99.39","ccle","kernelpls","classification","accuracy",96,0.661791590493601,10,123,"ordinary_fast",32,5
"0.99.39","ccle","kernelpls","classification","accuracy",97,0.659963436928702,10,123,"ordinary_fast",32,5
"0.99.39","ccle","kernelpls","classification","accuracy",98,0.659963436928702,10,123,"ordinary_fast",32,5
"0.99.39","ccle","kernelpls","classification","accuracy",99,0.663619744058501,10,123,"ordinary_fast",32,5
"0.99.39","ccle","kernelpls","classification","accuracy",100,0.663619744058501,10,123,"ordinary_fast",32,5
"0.99.39","cifar100","plssvd","classification","accuracy",1,0.01988,10,123,"not_applicable",32,5
"0.99.39","cifar100","plssvd","classification","accuracy",2,0.04224,10,123,"not_applicable",32,5
"0.99.39","cifar100","plssvd","classification","accuracy",3,0.05668,10,123,"not_applicable",32,5
"0.99.39","cifar100","plssvd","classification","accuracy",4,0.0827,10,123,"not_applicable",32,5
"0.99.39","cifar100","plssvd","classification","accuracy",5,0.10874,10,123,"not_applicable",32,5
"0.99.39","cifar100","plssvd","classification","accuracy",6,0.11978,10,123,"not_applicable",32,5
"0.99.39","cifar100","plssvd","classification","accuracy",7,0.1538,10,123,"not_applicable",32,5
"0.99.39","cifar100","plssvd","classification","accuracy",8,0.171,10,123,"not_applicable",32,5
"0.99.39","cifar100","plssvd","classification","accuracy",9,0.23374,10,123,"not_applicable",32,5
"0.99.39","cifar100","plssvd","classification","accuracy",10,0.26946,10,123,"not_applicable",32,5
"0.99.39","cifar100","plssvd","classification","accuracy",11,0.2849,10,123,"not_applicable",32,5
"0.99.39","cifar100","plssvd","classification","accuracy",12,0.30396,10,123,"not_applicable",32,5
"0.99.39","cifar100","plssvd","classification","accuracy",13,0.3061,10,123,"not_applicable",32,5
"0.99.39","cifar100","plssvd","classification","accuracy",14,0.32346,10,123,"not_applicable",32,5
"0.99.39","cifar100","plssvd","classification","accuracy",15,0.33902,10,123,"not_applicable",32,5
"0.99.39","cifar100","plssvd","classification","accuracy",16,0.36226,10,123,"not_applicable",32,5
"0.99.39","cifar100","plssvd","classification","accuracy",17,0.3665,10,123,"not_applicable",32,5
"0.99.39","cifar100","plssvd","classification","accuracy",18,0.3858,10,123,"not_applicable",32,5
"0.99.39","cifar100","plssvd","classification","accuracy",19,0.406,10,123,"not_applicable",32,5
"0.99.39","cifar100","plssvd","classification","accuracy",20,0.41108,10,123,"not_applicable",32,5
"0.99.39","cifar100","plssvd","classification","accuracy",21,0.42886,10,123,"not_applicable",32,5
"0.99.39","cifar100","plssvd","classification","accuracy",22,0.4479,10,123,"not_applicable",32,5
"0.99.39","cifar100","plssvd","classification","accuracy",23,0.46838,10,123,"not_applicable",32,5
"0.99.39","cifar100","plssvd","classification","accuracy",24,0.48326,10,123,"not_applicable",32,5
"0.99.39","cifar100","plssvd","classification","accuracy",25,0.49834,10,123,"not_applicable",32,5
"0.99.39","cifar100","plssvd","classification","accuracy",26,0.51786,10,123,"not_applicable",32,5
"0.99.39","cifar100","plssvd","classification","accuracy",27,0.53212,10,123,"not_applicable",32,5
"0.99.39","cifar100","plssvd","classification","accuracy",28,0.5422,10,123,"not_applicable",32,5
"0.99.39","cifar100","plssvd","classification","accuracy",29,0.55242,10,123,"not_applicable",32,5
"0.99.39","cifar100","plssvd","classification","accuracy",30,0.56696,10,123,"not_applicable",32,5
"0.99.39","cifar100","plssvd","classification","accuracy",31,0.5826,10,123,"not_applicable",32,5
"0.99.39","cifar100","plssvd","classification","accuracy",32,0.58956,10,123,"not_applicable",32,5
"0.99.39","cifar100","plssvd","classification","accuracy",33,0.59398,10,123,"not_applicable",32,5
"0.99.39","cifar100","plssvd","classification","accuracy",34,0.60474,10,123,"not_applicable",32,5
"0.99.39","cifar100","plssvd","classification","accuracy",35,0.60988,10,123,"not_applicable",32,5
"0.99.39","cifar100","plssvd","classification","accuracy",36,0.61198,10,123,"not_applicable",32,5
"0.99.39","cifar100","plssvd","classification","accuracy",37,0.6224,10,123,"not_applicable",32,5
"0.99.39","cifar100","plssvd","classification","accuracy",38,0.63166,10,123,"not_applicable",32,5
"0.99.39","cifar100","plssvd","classification","accuracy",39,0.64042,10,123,"not_applicable",32,5
"0.99.39","cifar100","plssvd","classification","accuracy",40,0.64754,10,123,"not_applicable",32,5
"0.99.39","cifar100","plssvd","classification","accuracy",41,0.65212,10,123,"not_applicable",32,5
"0.99.39","cifar100","plssvd","classification","accuracy",42,0.6585,10,123,"not_applicable",32,5
"0.99.39","cifar100","plssvd","classification","accuracy",43,0.66626,10,123,"not_applicable",32,5
"0.99.39","cifar100","plssvd","classification","accuracy",44,0.67348,10,123,"not_applicable",32,5
"0.99.39","cifar100","plssvd","classification","accuracy",45,0.68262,10,123,"not_applicable",32,5
"0.99.39","cifar100","plssvd","classification","accuracy",46,0.68994,10,123,"not_applicable",32,5
"0.99.39","cifar100","plssvd","classification","accuracy",47,0.6955,10,123,"not_applicable",32,5
"0.99.39","cifar100","plssvd","classification","accuracy",48,0.69996,10,123,"not_applicable",32,5
"0.99.39","cifar100","plssvd","classification","accuracy",49,0.70846,10,123,"not_applicable",32,5
"0.99.39","cifar100","plssvd","classification","accuracy",50,0.71134,10,123,"not_applicable",32,5
"0.99.39","cifar100","plssvd","classification","accuracy",51,0.71888,10,123,"not_applicable",32,5
"0.99.39","cifar100","plssvd","classification","accuracy",52,0.72696,10,123,"not_applicable",32,5
"0.99.39","cifar100","plssvd","classification","accuracy",53,0.73338,10,123,"not_applicable",32,5
"0.99.39","cifar100","plssvd","classification","accuracy",54,0.74172,10,123,"not_applicable",32,5
"0.99.39","cifar100","plssvd","classification","accuracy",55,0.74848,10,123,"not_applicable",32,5
"0.99.39","cifar100","plssvd","classification","accuracy",56,0.7526,10,123,"not_applicable",32,5
"0.99.39","cifar100","plssvd","classification","accuracy",57,0.7547,10,123,"not_applicable",32,5
"0.99.39","cifar100","plssvd","classification","accuracy",58,0.7589,10,123,"not_applicable",32,5
"0.99.39","cifar100","plssvd","classification","accuracy",59,0.76538,10,123,"not_applicable",32,5
"0.99.39","cifar100","plssvd","classification","accuracy",60,0.76796,10,123,"not_applicable",32,5
"0.99.39","cifar100","plssvd","classification","accuracy",61,0.7705,10,123,"not_applicable",32,5
"0.99.39","cifar100","plssvd","classification","accuracy",62,0.77326,10,123,"not_applicable",32,5
"0.99.39","cifar100","plssvd","classification","accuracy",63,0.77758,10,123,"not_applicable",32,5
"0.99.39","cifar100","plssvd","classification","accuracy",64,0.78196,10,123,"not_applicable",32,5
"0.99.39","cifar100","plssvd","classification","accuracy",65,0.78518,10,123,"not_applicable",32,5
"0.99.39","cifar100","plssvd","classification","accuracy",66,0.7918,10,123,"not_applicable",32,5
"0.99.39","cifar100","plssvd","classification","accuracy",67,0.7941,10,123,"not_applicable",32,5
"0.99.39","cifar100","plssvd","classification","accuracy",68,0.79682,10,123,"not_applicable",32,5
"0.99.39","cifar100","plssvd","classification","accuracy",69,0.79952,10,123,"not_applicable",32,5
"0.99.39","cifar100","plssvd","classification","accuracy",70,0.80272,10,123,"not_applicable",32,5
"0.99.39","cifar100","plssvd","classification","accuracy",71,0.80538,10,123,"not_applicable",32,5
"0.99.39","cifar100","plssvd","classification","accuracy",72,0.80908,10,123,"not_applicable",32,5
"0.99.39","cifar100","plssvd","classification","accuracy",73,0.81196,10,123,"not_applicable",32,5
"0.99.39","cifar100","plssvd","classification","accuracy",74,0.81426,10,123,"not_applicable",32,5
"0.99.39","cifar100","plssvd","classification","accuracy",75,0.81738,10,123,"not_applicable",32,5
"0.99.39","cifar100","plssvd","classification","accuracy",76,0.8205,10,123,"not_applicable",32,5
"0.99.39","cifar100","plssvd","classification","accuracy",77,0.82176,10,123,"not_applicable",32,5
"0.99.39","cifar100","plssvd","classification","accuracy",78,0.82272,10,123,"not_applicable",32,5
"0.99.39","cifar100","plssvd","classification","accuracy",79,0.82602,10,123,"not_applicable",32,5
"0.99.39","cifar100","plssvd","classification","accuracy",80,0.82916,10,123,"not_applicable",32,5
"0.99.39","cifar100","plssvd","classification","accuracy",81,0.83144,10,123,"not_applicable",32,5
"0.99.39","cifar100","plssvd","classification","accuracy",82,0.83276,10,123,"not_applicable",32,5
"0.99.39","cifar100","plssvd","classification","accuracy",83,0.83516,10,123,"not_applicable",32,5
"0.99.39","cifar100","plssvd","classification","accuracy",84,0.83696,10,123,"not_applicable",32,5
"0.99.39","cifar100","plssvd","classification","accuracy",85,0.83856,10,123,"not_applicable",32,5
"0.99.39","cifar100","plssvd","classification","accuracy",86,0.84012,10,123,"not_applicable",32,5
"0.99.39","cifar100","plssvd","classification","accuracy",87,0.84252,10,123,"not_applicable",32,5
"0.99.39","cifar100","plssvd","classification","accuracy",88,0.84496,10,123,"not_applicable",32,5
"0.99.39","cifar100","plssvd","classification","accuracy",89,0.84668,10,123,"not_applicable",32,5
"0.99.39","cifar100","plssvd","classification","accuracy",90,0.85142,10,123,"not_applicable",32,5
"0.99.39","cifar100","plssvd","classification","accuracy",91,0.85436,10,123,"not_applicable",32,5
"0.99.39","cifar100","plssvd","classification","accuracy",92,0.85776,10,123,"not_applicable",32,5
"0.99.39","cifar100","plssvd","classification","accuracy",93,0.85936,10,123,"not_applicable",32,5
"0.99.39","cifar100","plssvd","classification","accuracy",94,0.86516,10,123,"not_applicable",32,5
"0.99.39","cifar100","plssvd","classification","accuracy",95,0.8698,10,123,"not_applicable",32,5
"0.99.39","cifar100","plssvd","classification","accuracy",96,0.87092,10,123,"not_applicable",32,5
"0.99.39","cifar100","plssvd","classification","accuracy",97,0.87412,10,123,"not_applicable",32,5
"0.99.39","cifar100","plssvd","classification","accuracy",98,0.87592,10,123,"not_applicable",32,5
"0.99.39","cifar100","plssvd","classification","accuracy",99,0.87666,10,123,"not_applicable",32,5
"0.99.39","cifar100","simpls","classification","accuracy",1,0.01988,10,123,"ordinary_fast",32,5
"0.99.39","cifar100","simpls","classification","accuracy",2,0.04222,10,123,"ordinary_fast",32,5
"0.99.39","cifar100","simpls","classification","accuracy",3,0.05668,10,123,"ordinary_fast",32,5
"0.99.39","cifar100","simpls","classification","accuracy",4,0.08304,10,123,"ordinary_fast",32,5
"0.99.39","cifar100","simpls","classification","accuracy",5,0.1091,10,123,"ordinary_fast",32,5
"0.99.39","cifar100","simpls","classification","accuracy",6,0.12006,10,123,"ordinary_fast",32,5
"0.99.39","cifar100","simpls","classification","accuracy",7,0.15392,10,123,"ordinary_fast",32,5
"0.99.39","cifar100","simpls","classification","accuracy",8,0.17186,10,123,"ordinary_fast",32,5
"0.99.39","cifar100","simpls","classification","accuracy",9,0.23312,10,123,"ordinary_fast",32,5
"0.99.39","cifar100","simpls","classification","accuracy",10,0.26848,10,123,"ordinary_fast",32,5
"0.99.39","cifar100","simpls","classification","accuracy",11,0.28632,10,123,"ordinary_fast",32,5
"0.99.39","cifar100","simpls","classification","accuracy",12,0.30404,10,123,"ordinary_fast",32,5
"0.99.39","cifar100","simpls","classification","accuracy",13,0.30634,10,123,"ordinary_fast",32,5
"0.99.39","cifar100","simpls","classification","accuracy",14,0.3228,10,123,"ordinary_fast",32,5
"0.99.39","cifar100","simpls","classification","accuracy",15,0.33836,10,123,"ordinary_fast",32,5
"0.99.39","cifar100","simpls","classification","accuracy",16,0.3618,10,123,"ordinary_fast",32,5
"0.99.39","cifar100","simpls","classification","accuracy",17,0.366,10,123,"ordinary_fast",32,5
"0.99.39","cifar100","simpls","classification","accuracy",18,0.3849,10,123,"ordinary_fast",32,5
"0.99.39","cifar100","simpls","classification","accuracy",19,0.40564,10,123,"ordinary_fast",32,5
"0.99.39","cifar100","simpls","classification","accuracy",20,0.41066,10,123,"ordinary_fast",32,5
"0.99.39","cifar100","simpls","classification","accuracy",21,0.42988,10,123,"ordinary_fast",32,5
"0.99.39","cifar100","simpls","classification","accuracy",22,0.44878,10,123,"ordinary_fast",32,5
"0.99.39","cifar100","simpls","classification","accuracy",23,0.46868,10,123,"ordinary_fast",32,5
"0.99.39","cifar100","simpls","classification","accuracy",24,0.48264,10,123,"ordinary_fast",32,5
"0.99.39","cifar100","simpls","classification","accuracy",25,0.49786,10,123,"ordinary_fast",32,5
"0.99.39","cifar100","simpls","classification","accuracy",26,0.51738,10,123,"ordinary_fast",32,5
"0.99.39","cifar100","simpls","classification","accuracy",27,0.53068,10,123,"ordinary_fast",32,5
"0.99.39","cifar100","simpls","classification","accuracy",28,0.54064,10,123,"ordinary_fast",32,5
"0.99.39","cifar100","simpls","classification","accuracy",29,0.55034,10,123,"ordinary_fast",32,5
"0.99.39","cifar100","simpls","classification","accuracy",30,0.56624,10,123,"ordinary_fast",32,5
"0.99.39","cifar100","simpls","classification","accuracy",31,0.58136,10,123,"ordinary_fast",32,5
"0.99.39","cifar100","simpls","classification","accuracy",32,0.59002,10,123,"ordinary_fast",32,5
"0.99.39","cifar100","simpls","classification","accuracy",33,0.59418,10,123,"ordinary_fast",32,5
"0.99.39","cifar100","simpls","classification","accuracy",34,0.60458,10,123,"ordinary_fast",32,5
"0.99.39","cifar100","simpls","classification","accuracy",35,0.60916,10,123,"ordinary_fast",32,5
"0.99.39","cifar100","simpls","classification","accuracy",36,0.6114,10,123,"ordinary_fast",32,5
"0.99.39","cifar100","simpls","classification","accuracy",37,0.6217,10,123,"ordinary_fast",32,5
"0.99.39","cifar100","simpls","classification","accuracy",38,0.6338,10,123,"ordinary_fast",32,5
"0.99.39","cifar100","simpls","classification","accuracy",39,0.64062,10,123,"ordinary_fast",32,5
"0.99.39","cifar100","simpls","classification","accuracy",40,0.6474,10,123,"ordinary_fast",32,5
"0.99.39","cifar100","simpls","classification","accuracy",41,0.65148,10,123,"ordinary_fast",32,5
"0.99.39","cifar100","simpls","classification","accuracy",42,0.65886,10,123,"ordinary_fast",32,5
"0.99.39","cifar100","simpls","classification","accuracy",43,0.66602,10,123,"ordinary_fast",32,5
"0.99.39","cifar100","simpls","classification","accuracy",44,0.67394,10,123,"ordinary_fast",32,5
"0.99.39","cifar100","simpls","classification","accuracy",45,0.68418,10,123,"ordinary_fast",32,5
"0.99.39","cifar100","simpls","classification","accuracy",46,0.69244,10,123,"ordinary_fast",32,5
"0.99.39","cifar100","simpls","classification","accuracy",47,0.69636,10,123,"ordinary_fast",32,5
"0.99.39","cifar100","simpls","classification","accuracy",48,0.70138,10,123,"ordinary_fast",32,5
"0.99.39","cifar100","simpls","classification","accuracy",49,0.70946,10,123,"ordinary_fast",32,5
"0.99.39","cifar100","simpls","classification","accuracy",50,0.71254,10,123,"ordinary_fast",32,5
"0.99.39","cifar100","simpls","classification","accuracy",51,0.71952,10,123,"ordinary_fast",32,5
"0.99.39","cifar100","simpls","classification","accuracy",52,0.72824,10,123,"ordinary_fast",32,5
"0.99.39","cifar100","simpls","classification","accuracy",53,0.7342,10,123,"ordinary_fast",32,5
"0.99.39","cifar100","simpls","classification","accuracy",54,0.7405,10,123,"ordinary_fast",32,5
"0.99.39","cifar100","simpls","classification","accuracy",55,0.7474,10,123,"ordinary_fast",32,5
"0.99.39","cifar100","simpls","classification","accuracy",56,0.75238,10,123,"ordinary_fast",32,5
"0.99.39","cifar100","simpls","classification","accuracy",57,0.7561,10,123,"ordinary_fast",32,5
"0.99.39","cifar100","simpls","classification","accuracy",58,0.75956,10,123,"ordinary_fast",32,5
"0.99.39","cifar100","simpls","classification","accuracy",59,0.76556,10,123,"ordinary_fast",32,5
"0.99.39","cifar100","simpls","classification","accuracy",60,0.76836,10,123,"ordinary_fast",32,5
"0.99.39","cifar100","simpls","classification","accuracy",61,0.7706,10,123,"ordinary_fast",32,5
"0.99.39","cifar100","simpls","classification","accuracy",62,0.77368,10,123,"ordinary_fast",32,5
"0.99.39","cifar100","simpls","classification","accuracy",63,0.77802,10,123,"ordinary_fast",32,5
"0.99.39","cifar100","simpls","classification","accuracy",64,0.78042,10,123,"ordinary_fast",32,5
"0.99.39","cifar100","simpls","classification","accuracy",65,0.7831,10,123,"ordinary_fast",32,5
"0.99.39","cifar100","simpls","classification","accuracy",66,0.7904,10,123,"ordinary_fast",32,5
"0.99.39","cifar100","simpls","classification","accuracy",67,0.79192,10,123,"ordinary_fast",32,5
"0.99.39","cifar100","simpls","classification","accuracy",68,0.79336,10,123,"ordinary_fast",32,5
"0.99.39","cifar100","simpls","classification","accuracy",69,0.79794,10,123,"ordinary_fast",32,5
"0.99.39","cifar100","simpls","classification","accuracy",70,0.80112,10,123,"ordinary_fast",32,5
"0.99.39","cifar100","simpls","classification","accuracy",71,0.80436,10,123,"ordinary_fast",32,5
"0.99.39","cifar100","simpls","classification","accuracy",72,0.80804,10,123,"ordinary_fast",32,5
"0.99.39","cifar100","simpls","classification","accuracy",73,0.81074,10,123,"ordinary_fast",32,5
"0.99.39","cifar100","simpls","classification","accuracy",74,0.81256,10,123,"ordinary_fast",32,5
"0.99.39","cifar100","simpls","classification","accuracy",75,0.81766,10,123,"ordinary_fast",32,5
"0.99.39","cifar100","simpls","classification","accuracy",76,0.8181,10,123,"ordinary_fast",32,5
"0.99.39","cifar100","simpls","classification","accuracy",77,0.82008,10,123,"ordinary_fast",32,5
"0.99.39","cifar100","simpls","classification","accuracy",78,0.82182,10,123,"ordinary_fast",32,5
"0.99.39","cifar100","simpls","classification","accuracy",79,0.8246,10,123,"ordinary_fast",32,5
"0.99.39","cifar100","simpls","classification","accuracy",80,0.82724,10,123,"ordinary_fast",32,5
"0.99.39","cifar100","simpls","classification","accuracy",81,0.82974,10,123,"ordinary_fast",32,5
"0.99.39","cifar100","simpls","classification","accuracy",82,0.8312,10,123,"ordinary_fast",32,5
"0.99.39","cifar100","simpls","classification","accuracy",83,0.83414,10,123,"ordinary_fast",32,5
"0.99.39","cifar100","simpls","classification","accuracy",84,0.83544,10,123,"ordinary_fast",32,5
"0.99.39","cifar100","simpls","classification","accuracy",85,0.83702,10,123,"ordinary_fast",32,5
"0.99.39","cifar100","simpls","classification","accuracy",86,0.83792,10,123,"ordinary_fast",32,5
"0.99.39","cifar100","simpls","classification","accuracy",87,0.83992,10,123,"ordinary_fast",32,5
"0.99.39","cifar100","simpls","classification","accuracy",88,0.8419,10,123,"ordinary_fast",32,5
"0.99.39","cifar100","simpls","classification","accuracy",89,0.84424,10,123,"ordinary_fast",32,5
"0.99.39","cifar100","simpls","classification","accuracy",90,0.84508,10,123,"ordinary_fast",32,5
"0.99.39","cifar100","simpls","classification","accuracy",91,0.8483,10,123,"ordinary_fast",32,5
"0.99.39","cifar100","simpls","classification","accuracy",92,0.85158,10,123,"ordinary_fast",32,5
"0.99.39","cifar100","simpls","classification","accuracy",93,0.85564,10,123,"ordinary_fast",32,5
"0.99.39","cifar100","simpls","classification","accuracy",94,0.85786,10,123,"ordinary_fast",32,5
"0.99.39","cifar100","simpls","classification","accuracy",95,0.85858,10,123,"ordinary_fast",32,5
"0.99.39","cifar100","simpls","classification","accuracy",96,0.8598,10,123,"ordinary_fast",32,5
"0.99.39","cifar100","simpls","classification","accuracy",97,0.8667,10,123,"ordinary_fast",32,5
"0.99.39","cifar100","simpls","classification","accuracy",98,0.8701,10,123,"ordinary_fast",32,5
"0.99.39","cifar100","simpls","classification","accuracy",99,0.87224,10,123,"ordinary_fast",32,5
"0.99.39","cifar100","simpls","classification","accuracy",100,0.87466,10,123,"ordinary_fast",32,5
"0.99.39","cifar100","simpls","classification","accuracy",101,0.87548,10,123,"ordinary_fast",32,5
"0.99.39","cifar100","simpls","classification","accuracy",102,0.87568,10,123,"ordinary_fast",32,5
"0.99.39","cifar100","simpls","classification","accuracy",103,0.87662,10,123,"ordinary_fast",32,5
"0.99.39","cifar100","simpls","classification","accuracy",104,0.87718,10,123,"ordinary_fast",32,5
"0.99.39","cifar100","simpls","classification","accuracy",105,0.87766,10,123,"ordinary_fast",32,5
"0.99.39","cifar100","simpls","classification","accuracy",106,0.8777,10,123,"ordinary_fast",32,5
"0.99.39","cifar100","simpls","classification","accuracy",107,0.87774,10,123,"ordinary_fast",32,5
"0.99.39","cifar100","simpls","classification","accuracy",108,0.8781,10,123,"ordinary_fast",32,5
"0.99.39","cifar100","simpls","classification","accuracy",109,0.87842,10,123,"ordinary_fast",32,5
"0.99.39","cifar100","simpls","classification","accuracy",110,0.87864,10,123,"ordinary_fast",32,5
"0.99.39","cifar100","simpls","classification","accuracy",111,0.87904,10,123,"ordinary_fast",32,5
"0.99.39","cifar100","simpls","classification","accuracy",112,0.87924,10,123,"ordinary_fast",32,5
"0.99.39","cifar100","simpls","classification","accuracy",113,0.87976,10,123,"ordinary_fast",32,5
"0.99.39","cifar100","simpls","classification","accuracy",114,0.88024,10,123,"ordinary_fast",32,5
"0.99.39","cifar100","simpls","classification","accuracy",115,0.88048,10,123,"ordinary_fast",32,5
"0.99.39","cifar100","simpls","classification","accuracy",116,0.88096,10,123,"ordinary_fast",32,5
"0.99.39","cifar100","simpls","classification","accuracy",117,0.88122,10,123,"ordinary_fast",32,5
"0.99.39","cifar100","simpls","classification","accuracy",118,0.88102,10,123,"ordinary_fast",32,5
"0.99.39","cifar100","simpls","classification","accuracy",119,0.88146,10,123,"ordinary_fast",32,5
"0.99.39","cifar100","simpls","classification","accuracy",120,0.88146,10,123,"ordinary_fast",32,5
"0.99.39","cifar100","simpls","classification","accuracy",121,0.88146,10,123,"ordinary_fast",32,5
"0.99.39","cifar100","simpls","classification","accuracy",122,0.88186,10,123,"ordinary_fast",32,5
"0.99.39","cifar100","simpls","classification","accuracy",123,0.88226,10,123,"ordinary_fast",32,5
"0.99.39","cifar100","simpls","classification","accuracy",124,0.88294,10,123,"ordinary_fast",32,5
"0.99.39","cifar100","simpls","classification","accuracy",125,0.88326,10,123,"ordinary_fast",32,5
"0.99.39","cifar100","simpls","classification","accuracy",126,0.88344,10,123,"ordinary_fast",32,5
"0.99.39","cifar100","simpls","classification","accuracy",127,0.88378,10,123,"ordinary_fast",32,5
"0.99.39","cifar100","simpls","classification","accuracy",128,0.8835,10,123,"ordinary_fast",32,5
"0.99.39","cifar100","simpls","classification","accuracy",129,0.8837,10,123,"ordinary_fast",32,5
"0.99.39","cifar100","simpls","classification","accuracy",130,0.88372,10,123,"ordinary_fast",32,5
"0.99.39","cifar100","simpls","classification","accuracy",131,0.88412,10,123,"ordinary_fast",32,5
"0.99.39","cifar100","simpls","classification","accuracy",132,0.88472,10,123,"ordinary_fast",32,5
"0.99.39","cifar100","simpls","classification","accuracy",133,0.88482,10,123,"ordinary_fast",32,5
"0.99.39","cifar100","simpls","classification","accuracy",134,0.88518,10,123,"ordinary_fast",32,5
"0.99.39","cifar100","simpls","classification","accuracy",135,0.88536,10,123,"ordinary_fast",32,5
"0.99.39","cifar100","simpls","classification","accuracy",136,0.88568,10,123,"ordinary_fast",32,5
"0.99.39","cifar100","simpls","classification","accuracy",137,0.88532,10,123,"ordinary_fast",32,5
"0.99.39","cifar100","simpls","classification","accuracy",138,0.88546,10,123,"ordinary_fast",32,5
"0.99.39","cifar100","simpls","classification","accuracy",139,0.88598,10,123,"ordinary_fast",32,5
"0.99.39","cifar100","simpls","classification","accuracy",140,0.88616,10,123,"ordinary_fast",32,5
"0.99.39","cifar100","simpls","classification","accuracy",141,0.88628,10,123,"ordinary_fast",32,5
"0.99.39","cifar100","simpls","classification","accuracy",142,0.8863,10,123,"ordinary_fast",32,5
"0.99.39","cifar100","simpls","classification","accuracy",143,0.88656,10,123,"ordinary_fast",32,5
"0.99.39","cifar100","simpls","classification","accuracy",144,0.88634,10,123,"ordinary_fast",32,5
"0.99.39","cifar100","simpls","classification","accuracy",145,0.88646,10,123,"ordinary_fast",32,5
"0.99.39","cifar100","simpls","classification","accuracy",146,0.88674,10,123,"ordinary_fast",32,5
"0.99.39","cifar100","simpls","classification","accuracy",147,0.88674,10,123,"ordinary_fast",32,5
"0.99.39","cifar100","simpls","classification","accuracy",148,0.8869,10,123,"ordinary_fast",32,5
"0.99.39","cifar100","simpls","classification","accuracy",149,0.88664,10,123,"ordinary_fast",32,5
"0.99.39","cifar100","simpls","classification","accuracy",150,0.88676,10,123,"ordinary_fast",32,5
"0.99.39","cifar100","simpls","classification","accuracy",151,0.887,10,123,"ordinary_fast",32,5
"0.99.39","cifar100","simpls","classification","accuracy",152,0.88682,10,123,"ordinary_fast",32,5
"0.99.39","cifar100","simpls","classification","accuracy",153,0.88654,10,123,"ordinary_fast",32,5
"0.99.39","cifar100","simpls","classification","accuracy",154,0.8867,10,123,"ordinary_fast",32,5
"0.99.39","cifar100","simpls","classification","accuracy",155,0.88686,10,123,"ordinary_fast",32,5
"0.99.39","cifar100","simpls","classification","accuracy",156,0.88694,10,123,"ordinary_fast",32,5
"0.99.39","cifar100","simpls","classification","accuracy",157,0.88686,10,123,"ordinary_fast",32,5
"0.99.39","cifar100","simpls","classification","accuracy",158,0.88708,10,123,"ordinary_fast",32,5
"0.99.39","cifar100","simpls","classification","accuracy",159,0.88728,10,123,"ordinary_fast",32,5
"0.99.39","cifar100","simpls","classification","accuracy",160,0.8875,10,123,"ordinary_fast",32,5
"0.99.39","cifar100","simpls","classification","accuracy",161,0.8878,10,123,"ordinary_fast",32,5
"0.99.39","cifar100","simpls","classification","accuracy",162,0.8878,10,123,"ordinary_fast",32,5
"0.99.39","cifar100","simpls","classification","accuracy",163,0.88774,10,123,"ordinary_fast",32,5
"0.99.39","cifar100","simpls","classification","accuracy",164,0.88806,10,123,"ordinary_fast",32,5
"0.99.39","cifar100","simpls","classification","accuracy",165,0.88814,10,123,"ordinary_fast",32,5
"0.99.39","cifar100","simpls","classification","accuracy",166,0.88804,10,123,"ordinary_fast",32,5
"0.99.39","cifar100","simpls","classification","accuracy",167,0.8882,10,123,"ordinary_fast",32,5
"0.99.39","cifar100","simpls","classification","accuracy",168,0.88824,10,123,"ordinary_fast",32,5
"0.99.39","cifar100","simpls","classification","accuracy",169,0.88808,10,123,"ordinary_fast",32,5
"0.99.39","cifar100","simpls","classification","accuracy",170,0.88828,10,123,"ordinary_fast",32,5
"0.99.39","cifar100","simpls","classification","accuracy",171,0.8882,10,123,"ordinary_fast",32,5
"0.99.39","cifar100","simpls","classification","accuracy",172,0.88868,10,123,"ordinary_fast",32,5
"0.99.39","cifar100","simpls","classification","accuracy",173,0.88866,10,123,"ordinary_fast",32,5
"0.99.39","cifar100","simpls","classification","accuracy",174,0.88866,10,123,"ordinary_fast",32,5
"0.99.39","cifar100","simpls","classification","accuracy",175,0.8887,10,123,"ordinary_fast",32,5
"0.99.39","cifar100","simpls","classification","accuracy",176,0.8887,10,123,"ordinary_fast",32,5
"0.99.39","cifar100","simpls","classification","accuracy",177,0.88886,10,123,"ordinary_fast",32,5
"0.99.39","cifar100","simpls","classification","accuracy",178,0.88904,10,123,"ordinary_fast",32,5
"0.99.39","cifar100","simpls","classification","accuracy",179,0.88928,10,123,"ordinary_fast",32,5
"0.99.39","cifar100","simpls","classification","accuracy",180,0.88932,10,123,"ordinary_fast",32,5
"0.99.39","cifar100","simpls","classification","accuracy",181,0.88912,10,123,"ordinary_fast",32,5
"0.99.39","cifar100","simpls","classification","accuracy",182,0.88922,10,123,"ordinary_fast",32,5
"0.99.39","cifar100","simpls","classification","accuracy",183,0.88922,10,123,"ordinary_fast",32,5
"0.99.39","cifar100","simpls","classification","accuracy",184,0.88918,10,123,"ordinary_fast",32,5
"0.99.39","cifar100","simpls","classification","accuracy",185,0.88936,10,123,"ordinary_fast",32,5
"0.99.39","cifar100","simpls","classification","accuracy",186,0.88932,10,123,"ordinary_fast",32,5
"0.99.39","cifar100","simpls","classification","accuracy",187,0.88942,10,123,"ordinary_fast",32,5
"0.99.39","cifar100","simpls","classification","accuracy",188,0.8894,10,123,"ordinary_fast",32,5
"0.99.39","cifar100","simpls","classification","accuracy",189,0.8894,10,123,"ordinary_fast",32,5
"0.99.39","cifar100","simpls","classification","accuracy",190,0.88964,10,123,"ordinary_fast",32,5
"0.99.39","cifar100","simpls","classification","accuracy",191,0.88954,10,123,"ordinary_fast",32,5
"0.99.39","cifar100","simpls","classification","accuracy",192,0.88964,10,123,"ordinary_fast",32,5
"0.99.39","cifar100","simpls","classification","accuracy",193,0.88952,10,123,"ordinary_fast",32,5
"0.99.39","cifar100","simpls","classification","accuracy",194,0.8897,10,123,"ordinary_fast",32,5
"0.99.39","cifar100","simpls","classification","accuracy",195,0.88992,10,123,"ordinary_fast",32,5
"0.99.39","cifar100","simpls","classification","accuracy",196,0.88978,10,123,"ordinary_fast",32,5
"0.99.39","cifar100","simpls","classification","accuracy",197,0.89012,10,123,"ordinary_fast",32,5
"0.99.39","cifar100","simpls","classification","accuracy",198,0.89008,10,123,"ordinary_fast",32,5
"0.99.39","cifar100","simpls","classification","accuracy",199,0.88998,10,123,"ordinary_fast",32,5
"0.99.39","cifar100","simpls","classification","accuracy",200,0.89006,10,123,"ordinary_fast",32,5
"0.99.39","cifar100","simpls","classification","accuracy",201,0.89008,10,123,"ordinary_fast",32,5
"0.99.39","cifar100","simpls","classification","accuracy",202,0.89012,10,123,"ordinary_fast",32,5
"0.99.39","cifar100","simpls","classification","accuracy",203,0.89044,10,123,"ordinary_fast",32,5
"0.99.39","cifar100","simpls","classification","accuracy",204,0.89024,10,123,"ordinary_fast",32,5
"0.99.39","cifar100","simpls","classification","accuracy",205,0.89032,10,123,"ordinary_fast",32,5
"0.99.39","cifar100","simpls","classification","accuracy",206,0.89048,10,123,"ordinary_fast",32,5
"0.99.39","cifar100","simpls","classification","accuracy",207,0.89032,10,123,"ordinary_fast",32,5
"0.99.39","cifar100","simpls","classification","accuracy",208,0.89052,10,123,"ordinary_fast",32,5
"0.99.39","cifar100","simpls","classification","accuracy",209,0.8903,10,123,"ordinary_fast",32,5
"0.99.39","cifar100","simpls","classification","accuracy",210,0.89032,10,123,"ordinary_fast",32,5
"0.99.39","cifar100","simpls","classification","accuracy",211,0.89042,10,123,"ordinary_fast",32,5
"0.99.39","cifar100","simpls","classification","accuracy",212,0.89036,10,123,"ordinary_fast",32,5
"0.99.39","cifar100","simpls","classification","accuracy",213,0.89054,10,123,"ordinary_fast",32,5
"0.99.39","cifar100","simpls","classification","accuracy",214,0.89028,10,123,"ordinary_fast",32,5
"0.99.39","cifar100","simpls","classification","accuracy",215,0.89044,10,123,"ordinary_fast",32,5
"0.99.39","cifar100","simpls","classification","accuracy",216,0.89056,10,123,"ordinary_fast",32,5
"0.99.39","cifar100","simpls","classification","accuracy",217,0.8906,10,123,"ordinary_fast",32,5
"0.99.39","cifar100","simpls","classification","accuracy",218,0.89072,10,123,"ordinary_fast",32,5
"0.99.39","cifar100","simpls","classification","accuracy",219,0.89082,10,123,"ordinary_fast",32,5
"0.99.39","cifar100","simpls","classification","accuracy",220,0.8908,10,123,"ordinary_fast",32,5
"0.99.39","cifar100","simpls","classification","accuracy",221,0.89062,10,123,"ordinary_fast",32,5
"0.99.39","cifar100","simpls","classification","accuracy",222,0.8908,10,123,"ordinary_fast",32,5
"0.99.39","cifar100","simpls","classification","accuracy",223,0.89068,10,123,"ordinary_fast",32,5
"0.99.39","cifar100","simpls","classification","accuracy",224,0.8909,10,123,"ordinary_fast",32,5
"0.99.39","cifar100","simpls","classification","accuracy",225,0.89088,10,123,"ordinary_fast",32,5
"0.99.39","cifar100","simpls","classification","accuracy",226,0.89106,10,123,"ordinary_fast",32,5
"0.99.39","cifar100","simpls","classification","accuracy",227,0.89114,10,123,"ordinary_fast",32,5
"0.99.39","cifar100","simpls","classification","accuracy",228,0.89112,10,123,"ordinary_fast",32,5
"0.99.39","cifar100","simpls","classification","accuracy",229,0.89106,10,123,"ordinary_fast",32,5
"0.99.39","cifar100","simpls","classification","accuracy",230,0.89098,10,123,"ordinary_fast",32,5
"0.99.39","cifar100","simpls","classification","accuracy",231,0.89104,10,123,"ordinary_fast",32,5
"0.99.39","cifar100","simpls","classification","accuracy",232,0.89114,10,123,"ordinary_fast",32,5
"0.99.39","cifar100","simpls","classification","accuracy",233,0.89114,10,123,"ordinary_fast",32,5
"0.99.39","cifar100","simpls","classification","accuracy",234,0.89114,10,123,"ordinary_fast",32,5
"0.99.39","cifar100","simpls","classification","accuracy",235,0.89136,10,123,"ordinary_fast",32,5
"0.99.39","cifar100","simpls","classification","accuracy",236,0.89164,10,123,"ordinary_fast",32,5
"0.99.39","cifar100","simpls","classification","accuracy",237,0.8916,10,123,"ordinary_fast",32,5
"0.99.39","cifar100","simpls","classification","accuracy",238,0.89156,10,123,"ordinary_fast",32,5
"0.99.39","cifar100","simpls","classification","accuracy",239,0.89148,10,123,"ordinary_fast",32,5
"0.99.39","cifar100","simpls","classification","accuracy",240,0.8919,10,123,"ordinary_fast",32,5
"0.99.39","cifar100","simpls","classification","accuracy",241,0.89178,10,123,"ordinary_fast",32,5
"0.99.39","cifar100","simpls","classification","accuracy",242,0.8917,10,123,"ordinary_fast",32,5
"0.99.39","cifar100","simpls","classification","accuracy",243,0.8917,10,123,"ordinary_fast",32,5
"0.99.39","cifar100","simpls","classification","accuracy",244,0.89168,10,123,"ordinary_fast",32,5
"0.99.39","cifar100","simpls","classification","accuracy",245,0.89158,10,123,"ordinary_fast",32,5
"0.99.39","cifar100","simpls","classification","accuracy",246,0.89162,10,123,"ordinary_fast",32,5
"0.99.39","cifar100","simpls","classification","accuracy",247,0.89168,10,123,"ordinary_fast",32,5
"0.99.39","cifar100","simpls","classification","accuracy",248,0.89172,10,123,"ordinary_fast",32,5
"0.99.39","cifar100","simpls","classification","accuracy",249,0.89176,10,123,"ordinary_fast",32,5
"0.99.39","cifar100","simpls","classification","accuracy",250,0.89192,10,123,"ordinary_fast",32,5
"0.99.39","cifar100","simpls","classification","accuracy",251,0.892,10,123,"ordinary_fast",32,5
"0.99.39","cifar100","simpls","classification","accuracy",252,0.89198,10,123,"ordinary_fast",32,5
"0.99.39","cifar100","simpls","classification","accuracy",253,0.89172,10,123,"ordinary_fast",32,5
"0.99.39","cifar100","simpls","classification","accuracy",254,0.8917,10,123,"ordinary_fast",32,5
"0.99.39","cifar100","simpls","classification","accuracy",255,0.89176,10,123,"ordinary_fast",32,5
"0.99.39","cifar100","simpls","classification","accuracy",256,0.89176,10,123,"ordinary_fast",32,5
"0.99.39","cifar100","simpls","classification","accuracy",257,0.8919,10,123,"ordinary_fast",32,5
"0.99.39","cifar100","simpls","classification","accuracy",258,0.89178,10,123,"ordinary_fast",32,5
"0.99.39","cifar100","simpls","classification","accuracy",259,0.89184,10,123,"ordinary_fast",32,5
"0.99.39","cifar100","simpls","classification","accuracy",260,0.89188,10,123,"ordinary_fast",32,5
"0.99.39","cifar100","simpls","classification","accuracy",261,0.89194,10,123,"ordinary_fast",32,5
"0.99.39","cifar100","simpls","classification","accuracy",262,0.89216,10,123,"ordinary_fast",32,5
"0.99.39","cifar100","simpls","classification","accuracy",263,0.89226,10,123,"ordinary_fast",32,5
"0.99.39","cifar100","simpls","classification","accuracy",264,0.89226,10,123,"ordinary_fast",32,5
"0.99.39","cifar100","simpls","classification","accuracy",265,0.89216,10,123,"ordinary_fast",32,5
"0.99.39","cifar100","simpls","classification","accuracy",266,0.89212,10,123,"ordinary_fast",32,5
"0.99.39","cifar100","simpls","classification","accuracy",267,0.8922,10,123,"ordinary_fast",32,5
"0.99.39","cifar100","simpls","classification","accuracy",268,0.89216,10,123,"ordinary_fast",32,5
"0.99.39","cifar100","simpls","classification","accuracy",269,0.89222,10,123,"ordinary_fast",32,5
"0.99.39","cifar100","simpls","classification","accuracy",270,0.89224,10,123,"ordinary_fast",32,5
"0.99.39","cifar100","simpls","classification","accuracy",271,0.89222,10,123,"ordinary_fast",32,5
"0.99.39","cifar100","simpls","classification","accuracy",272,0.89218,10,123,"ordinary_fast",32,5
"0.99.39","cifar100","simpls","classification","accuracy",273,0.89208,10,123,"ordinary_fast",32,5
"0.99.39","cifar100","simpls","classification","accuracy",274,0.89212,10,123,"ordinary_fast",32,5
"0.99.39","cifar100","simpls","classification","accuracy",275,0.892,10,123,"ordinary_fast",32,5
"0.99.39","cifar100","simpls","classification","accuracy",276,0.89188,10,123,"ordinary_fast",32,5
"0.99.39","cifar100","simpls","classification","accuracy",277,0.89202,10,123,"ordinary_fast",32,5
"0.99.39","cifar100","simpls","classification","accuracy",278,0.89198,10,123,"ordinary_fast",32,5
"0.99.39","cifar100","simpls","classification","accuracy",279,0.89192,10,123,"ordinary_fast",32,5
"0.99.39","cifar100","simpls","classification","accuracy",280,0.89202,10,123,"ordinary_fast",32,5
"0.99.39","cifar100","simpls","classification","accuracy",281,0.89214,10,123,"ordinary_fast",32,5
"0.99.39","cifar100","simpls","classification","accuracy",282,0.89206,10,123,"ordinary_fast",32,5
"0.99.39","cifar100","simpls","classification","accuracy",283,0.89204,10,123,"ordinary_fast",32,5
"0.99.39","cifar100","simpls","classification","accuracy",284,0.89208,10,123,"ordinary_fast",32,5
"0.99.39","cifar100","simpls","classification","accuracy",285,0.89204,10,123,"ordinary_fast",32,5
"0.99.39","cifar100","simpls","classification","accuracy",286,0.892,10,123,"ordinary_fast",32,5
"0.99.39","cifar100","simpls","classification","accuracy",287,0.89216,10,123,"ordinary_fast",32,5
"0.99.39","cifar100","simpls","classification","accuracy",288,0.89202,10,123,"ordinary_fast",32,5
"0.99.39","cifar100","simpls","classification","accuracy",289,0.89202,10,123,"ordinary_fast",32,5
"0.99.39","cifar100","simpls","classification","accuracy",290,0.8921,10,123,"ordinary_fast",32,5
"0.99.39","cifar100","simpls","classification","accuracy",291,0.89204,10,123,"ordinary_fast",32,5
"0.99.39","cifar100","simpls","classification","accuracy",292,0.8921,10,123,"ordinary_fast",32,5
"0.99.39","cifar100","simpls","classification","accuracy",293,0.8922,10,123,"ordinary_fast",32,5
"0.99.39","cifar100","simpls","classification","accuracy",294,0.8922,10,123,"ordinary_fast",32,5
"0.99.39","cifar100","simpls","classification","accuracy",295,0.89208,10,123,"ordinary_fast",32,5
"0.99.39","cifar100","simpls","classification","accuracy",296,0.89202,10,123,"ordinary_fast",32,5
"0.99.39","cifar100","simpls","classification","accuracy",297,0.89186,10,123,"ordinary_fast",32,5
"0.99.39","cifar100","simpls","classification","accuracy",298,0.89198,10,123,"ordinary_fast",32,5
"0.99.39","cifar100","simpls","classification","accuracy",299,0.892,10,123,"ordinary_fast",32,5
"0.99.39","cifar100","simpls","classification","accuracy",300,0.89194,10,123,"ordinary_fast",32,5
"0.99.39","cifar100","opls","classification","accuracy",1,0.02,10,123,"ordinary_fast",32,5
"0.99.39","cifar100","opls","classification","accuracy",2,0.04548,10,123,"ordinary_fast",32,5
"0.99.39","cifar100","opls","classification","accuracy",3,0.06288,10,123,"ordinary_fast",32,5
"0.99.39","cifar100","opls","classification","accuracy",4,0.09296,10,123,"ordinary_fast",32,5
"0.99.39","cifar100","opls","classification","accuracy",5,0.0979,10,123,"ordinary_fast",32,5
"0.99.39","cifar100","opls","classification","accuracy",6,0.12022,10,123,"ordinary_fast",32,5
"0.99.39","cifar100","opls","classification","accuracy",7,0.15556,10,123,"ordinary_fast",32,5
"0.99.39","cifar100","opls","classification","accuracy",8,0.1652,10,123,"ordinary_fast",32,5
"0.99.39","cifar100","opls","classification","accuracy",9,0.19934,10,123,"ordinary_fast",32,5
"0.99.39","cifar100","opls","classification","accuracy",10,0.26742,10,123,"ordinary_fast",32,5
"0.99.39","cifar100","opls","classification","accuracy",11,0.29186,10,123,"ordinary_fast",32,5
"0.99.39","cifar100","opls","classification","accuracy",12,0.30676,10,123,"ordinary_fast",32,5
"0.99.39","cifar100","opls","classification","accuracy",13,0.31288,10,123,"ordinary_fast",32,5
"0.99.39","cifar100","opls","classification","accuracy",14,0.3413,10,123,"ordinary_fast",32,5
"0.99.39","cifar100","opls","classification","accuracy",15,0.37382,10,123,"ordinary_fast",32,5
"0.99.39","cifar100","opls","classification","accuracy",16,0.38392,10,123,"ordinary_fast",32,5
"0.99.39","cifar100","opls","classification","accuracy",17,0.39304,10,123,"ordinary_fast",32,5
"0.99.39","cifar100","opls","classification","accuracy",18,0.42352,10,123,"ordinary_fast",32,5
"0.99.39","cifar100","opls","classification","accuracy",19,0.42744,10,123,"ordinary_fast",32,5
"0.99.39","cifar100","opls","classification","accuracy",20,0.42812,10,123,"ordinary_fast",32,5
"0.99.39","cifar100","opls","classification","accuracy",21,0.44414,10,123,"ordinary_fast",32,5
"0.99.39","cifar100","opls","classification","accuracy",22,0.46532,10,123,"ordinary_fast",32,5
"0.99.39","cifar100","opls","classification","accuracy",23,0.47762,10,123,"ordinary_fast",32,5
"0.99.39","cifar100","opls","classification","accuracy",24,0.49496,10,123,"ordinary_fast",32,5
"0.99.39","cifar100","opls","classification","accuracy",25,0.50562,10,123,"ordinary_fast",32,5
"0.99.39","cifar100","opls","classification","accuracy",26,0.52138,10,123,"ordinary_fast",32,5
"0.99.39","cifar100","opls","classification","accuracy",27,0.53898,10,123,"ordinary_fast",32,5
"0.99.39","cifar100","opls","classification","accuracy",28,0.54772,10,123,"ordinary_fast",32,5
"0.99.39","cifar100","opls","classification","accuracy",29,0.5551,10,123,"ordinary_fast",32,5
"0.99.39","cifar100","opls","classification","accuracy",30,0.57146,10,123,"ordinary_fast",32,5
"0.99.39","cifar100","opls","classification","accuracy",31,0.57954,10,123,"ordinary_fast",32,5
"0.99.39","cifar100","opls","classification","accuracy",32,0.5879,10,123,"ordinary_fast",32,5
"0.99.39","cifar100","opls","classification","accuracy",33,0.59458,10,123,"ordinary_fast",32,5
"0.99.39","cifar100","opls","classification","accuracy",34,0.60348,10,123,"ordinary_fast",32,5
"0.99.39","cifar100","opls","classification","accuracy",35,0.61164,10,123,"ordinary_fast",32,5
"0.99.39","cifar100","opls","classification","accuracy",36,0.61954,10,123,"ordinary_fast",32,5
"0.99.39","cifar100","opls","classification","accuracy",37,0.63226,10,123,"ordinary_fast",32,5
"0.99.39","cifar100","opls","classification","accuracy",38,0.64012,10,123,"ordinary_fast",32,5
"0.99.39","cifar100","opls","classification","accuracy",39,0.64486,10,123,"ordinary_fast",32,5
"0.99.39","cifar100","opls","classification","accuracy",40,0.6501,10,123,"ordinary_fast",32,5
"0.99.39","cifar100","opls","classification","accuracy",41,0.65424,10,123,"ordinary_fast",32,5
"0.99.39","cifar100","opls","classification","accuracy",42,0.66286,10,123,"ordinary_fast",32,5
"0.99.39","cifar100","opls","classification","accuracy",43,0.67,10,123,"ordinary_fast",32,5
"0.99.39","cifar100","opls","classification","accuracy",44,0.67784,10,123,"ordinary_fast",32,5
"0.99.39","cifar100","opls","classification","accuracy",45,0.68728,10,123,"ordinary_fast",32,5
"0.99.39","cifar100","opls","classification","accuracy",46,0.6953,10,123,"ordinary_fast",32,5
"0.99.39","cifar100","opls","classification","accuracy",47,0.69996,10,123,"ordinary_fast",32,5
"0.99.39","cifar100","opls","classification","accuracy",48,0.7037,10,123,"ordinary_fast",32,5
"0.99.39","cifar100","opls","classification","accuracy",49,0.71186,10,123,"ordinary_fast",32,5
"0.99.39","cifar100","opls","classification","accuracy",50,0.71298,10,123,"ordinary_fast",32,5
"0.99.39","cifar100","opls","classification","accuracy",51,0.71918,10,123,"ordinary_fast",32,5
"0.99.39","cifar100","opls","classification","accuracy",52,0.72676,10,123,"ordinary_fast",32,5
"0.99.39","cifar100","opls","classification","accuracy",53,0.73422,10,123,"ordinary_fast",32,5
"0.99.39","cifar100","opls","classification","accuracy",54,0.73968,10,123,"ordinary_fast",32,5
"0.99.39","cifar100","opls","classification","accuracy",55,0.74838,10,123,"ordinary_fast",32,5
"0.99.39","cifar100","opls","classification","accuracy",56,0.7511,10,123,"ordinary_fast",32,5
"0.99.39","cifar100","opls","classification","accuracy",57,0.75544,10,123,"ordinary_fast",32,5
"0.99.39","cifar100","opls","classification","accuracy",58,0.75698,10,123,"ordinary_fast",32,5
"0.99.39","cifar100","opls","classification","accuracy",59,0.76356,10,123,"ordinary_fast",32,5
"0.99.39","cifar100","opls","classification","accuracy",60,0.76644,10,123,"ordinary_fast",32,5
"0.99.39","cifar100","opls","classification","accuracy",61,0.77054,10,123,"ordinary_fast",32,5
"0.99.39","cifar100","opls","classification","accuracy",62,0.77456,10,123,"ordinary_fast",32,5
"0.99.39","cifar100","opls","classification","accuracy",63,0.77908,10,123,"ordinary_fast",32,5
"0.99.39","cifar100","opls","classification","accuracy",64,0.7809,10,123,"ordinary_fast",32,5
"0.99.39","cifar100","opls","classification","accuracy",65,0.78586,10,123,"ordinary_fast",32,5
"0.99.39","cifar100","opls","classification","accuracy",66,0.78934,10,123,"ordinary_fast",32,5
"0.99.39","cifar100","opls","classification","accuracy",67,0.79088,10,123,"ordinary_fast",32,5
"0.99.39","cifar100","opls","classification","accuracy",68,0.79488,10,123,"ordinary_fast",32,5
"0.99.39","cifar100","opls","classification","accuracy",69,0.79832,10,123,"ordinary_fast",32,5
"0.99.39","cifar100","opls","classification","accuracy",70,0.8015,10,123,"ordinary_fast",32,5
"0.99.39","cifar100","opls","classification","accuracy",71,0.8054,10,123,"ordinary_fast",32,5
"0.99.39","cifar100","opls","classification","accuracy",72,0.80716,10,123,"ordinary_fast",32,5
"0.99.39","cifar100","opls","classification","accuracy",73,0.81006,10,123,"ordinary_fast",32,5
"0.99.39","cifar100","opls","classification","accuracy",74,0.8153,10,123,"ordinary_fast",32,5
"0.99.39","cifar100","opls","classification","accuracy",75,0.81622,10,123,"ordinary_fast",32,5
"0.99.39","cifar100","opls","classification","accuracy",76,0.81774,10,123,"ordinary_fast",32,5
"0.99.39","cifar100","opls","classification","accuracy",77,0.8193,10,123,"ordinary_fast",32,5
"0.99.39","cifar100","opls","classification","accuracy",78,0.82278,10,123,"ordinary_fast",32,5
"0.99.39","cifar100","opls","classification","accuracy",79,0.82464,10,123,"ordinary_fast",32,5
"0.99.39","cifar100","opls","classification","accuracy",80,0.8261,10,123,"ordinary_fast",32,5
"0.99.39","cifar100","opls","classification","accuracy",81,0.82914,10,123,"ordinary_fast",32,5
"0.99.39","cifar100","opls","classification","accuracy",82,0.83118,10,123,"ordinary_fast",32,5
"0.99.39","cifar100","opls","classification","accuracy",83,0.83348,10,123,"ordinary_fast",32,5
"0.99.39","cifar100","opls","classification","accuracy",84,0.8341,10,123,"ordinary_fast",32,5
"0.99.39","cifar100","opls","classification","accuracy",85,0.8363,10,123,"ordinary_fast",32,5
"0.99.39","cifar100","opls","classification","accuracy",86,0.83834,10,123,"ordinary_fast",32,5
"0.99.39","cifar100","opls","classification","accuracy",87,0.84034,10,123,"ordinary_fast",32,5
"0.99.39","cifar100","opls","classification","accuracy",88,0.84182,10,123,"ordinary_fast",32,5
"0.99.39","cifar100","opls","classification","accuracy",89,0.84508,10,123,"ordinary_fast",32,5
"0.99.39","cifar100","opls","classification","accuracy",90,0.847,10,123,"ordinary_fast",32,5
"0.99.39","cifar100","opls","classification","accuracy",91,0.8507,10,123,"ordinary_fast",32,5
"0.99.39","cifar100","opls","classification","accuracy",92,0.85446,10,123,"ordinary_fast",32,5
"0.99.39","cifar100","opls","classification","accuracy",93,0.8561,10,123,"ordinary_fast",32,5
"0.99.39","cifar100","opls","classification","accuracy",94,0.85742,10,123,"ordinary_fast",32,5
"0.99.39","cifar100","opls","classification","accuracy",95,0.85882,10,123,"ordinary_fast",32,5
"0.99.39","cifar100","opls","classification","accuracy",96,0.86534,10,123,"ordinary_fast",32,5
"0.99.39","cifar100","opls","classification","accuracy",97,0.86934,10,123,"ordinary_fast",32,5
"0.99.39","cifar100","opls","classification","accuracy",98,0.87134,10,123,"ordinary_fast",32,5
"0.99.39","cifar100","opls","classification","accuracy",99,0.87418,10,123,"ordinary_fast",32,5
"0.99.39","cifar100","opls","classification","accuracy",100,0.87504,10,123,"ordinary_fast",32,5
"0.99.39","cifar100","opls","classification","accuracy",101,0.8757,10,123,"ordinary_fast",32,5
"0.99.39","cifar100","opls","classification","accuracy",102,0.87638,10,123,"ordinary_fast",32,5
"0.99.39","cifar100","opls","classification","accuracy",103,0.87648,10,123,"ordinary_fast",32,5
"0.99.39","cifar100","opls","classification","accuracy",104,0.87686,10,123,"ordinary_fast",32,5
"0.99.39","cifar100","opls","classification","accuracy",105,0.87748,10,123,"ordinary_fast",32,5
"0.99.39","cifar100","opls","classification","accuracy",106,0.87752,10,123,"ordinary_fast",32,5
"0.99.39","cifar100","opls","classification","accuracy",107,0.8778,10,123,"ordinary_fast",32,5
"0.99.39","cifar100","opls","classification","accuracy",108,0.87786,10,123,"ordinary_fast",32,5
"0.99.39","cifar100","opls","classification","accuracy",109,0.87846,10,123,"ordinary_fast",32,5
"0.99.39","cifar100","opls","classification","accuracy",110,0.87858,10,123,"ordinary_fast",32,5
"0.99.39","cifar100","opls","classification","accuracy",111,0.87894,10,123,"ordinary_fast",32,5
"0.99.39","cifar100","opls","classification","accuracy",112,0.87958,10,123,"ordinary_fast",32,5
"0.99.39","cifar100","opls","classification","accuracy",113,0.87986,10,123,"ordinary_fast",32,5
"0.99.39","cifar100","opls","classification","accuracy",114,0.88018,10,123,"ordinary_fast",32,5
"0.99.39","cifar100","opls","classification","accuracy",115,0.88058,10,123,"ordinary_fast",32,5
"0.99.39","cifar100","opls","classification","accuracy",116,0.88058,10,123,"ordinary_fast",32,5
"0.99.39","cifar100","opls","classification","accuracy",117,0.8808,10,123,"ordinary_fast",32,5
"0.99.39","cifar100","opls","classification","accuracy",118,0.88098,10,123,"ordinary_fast",32,5
"0.99.39","cifar100","opls","classification","accuracy",119,0.8812,10,123,"ordinary_fast",32,5
"0.99.39","cifar100","opls","classification","accuracy",120,0.88142,10,123,"ordinary_fast",32,5
"0.99.39","cifar100","opls","classification","accuracy",121,0.8818,10,123,"ordinary_fast",32,5
"0.99.39","cifar100","opls","classification","accuracy",122,0.88208,10,123,"ordinary_fast",32,5
"0.99.39","cifar100","opls","classification","accuracy",123,0.88254,10,123,"ordinary_fast",32,5
"0.99.39","cifar100","opls","classification","accuracy",124,0.88296,10,123,"ordinary_fast",32,5
"0.99.39","cifar100","opls","classification","accuracy",125,0.88306,10,123,"ordinary_fast",32,5
"0.99.39","cifar100","opls","classification","accuracy",126,0.88312,10,123,"ordinary_fast",32,5
"0.99.39","cifar100","opls","classification","accuracy",127,0.88344,10,123,"ordinary_fast",32,5
"0.99.39","cifar100","opls","classification","accuracy",128,0.88358,10,123,"ordinary_fast",32,5
"0.99.39","cifar100","opls","classification","accuracy",129,0.88384,10,123,"ordinary_fast",32,5
"0.99.39","cifar100","opls","classification","accuracy",130,0.8838,10,123,"ordinary_fast",32,5
"0.99.39","cifar100","opls","classification","accuracy",131,0.88436,10,123,"ordinary_fast",32,5
"0.99.39","cifar100","opls","classification","accuracy",132,0.88466,10,123,"ordinary_fast",32,5
"0.99.39","cifar100","opls","classification","accuracy",133,0.88474,10,123,"ordinary_fast",32,5
"0.99.39","cifar100","opls","classification","accuracy",134,0.88488,10,123,"ordinary_fast",32,5
"0.99.39","cifar100","opls","classification","accuracy",135,0.88514,10,123,"ordinary_fast",32,5
"0.99.39","cifar100","opls","classification","accuracy",136,0.88526,10,123,"ordinary_fast",32,5
"0.99.39","cifar100","opls","classification","accuracy",137,0.88534,10,123,"ordinary_fast",32,5
"0.99.39","cifar100","opls","classification","accuracy",138,0.88554,10,123,"ordinary_fast",32,5
"0.99.39","cifar100","opls","classification","accuracy",139,0.8858,10,123,"ordinary_fast",32,5
"0.99.39","cifar100","opls","classification","accuracy",140,0.88596,10,123,"ordinary_fast",32,5
"0.99.39","cifar100","opls","classification","accuracy",141,0.88602,10,123,"ordinary_fast",32,5
"0.99.39","cifar100","opls","classification","accuracy",142,0.88598,10,123,"ordinary_fast",32,5
"0.99.39","cifar100","opls","classification","accuracy",143,0.88588,10,123,"ordinary_fast",32,5
"0.99.39","cifar100","opls","classification","accuracy",144,0.88598,10,123,"ordinary_fast",32,5
"0.99.39","cifar100","opls","classification","accuracy",145,0.88638,10,123,"ordinary_fast",32,5
"0.99.39","cifar100","opls","classification","accuracy",146,0.88646,10,123,"ordinary_fast",32,5
"0.99.39","cifar100","opls","classification","accuracy",147,0.88656,10,123,"ordinary_fast",32,5
"0.99.39","cifar100","opls","classification","accuracy",148,0.8865,10,123,"ordinary_fast",32,5
"0.99.39","cifar100","opls","classification","accuracy",149,0.88656,10,123,"ordinary_fast",32,5
"0.99.39","cifar100","opls","classification","accuracy",150,0.88676,10,123,"ordinary_fast",32,5
"0.99.39","cifar100","opls","classification","accuracy",151,0.88678,10,123,"ordinary_fast",32,5
"0.99.39","cifar100","opls","classification","accuracy",152,0.88666,10,123,"ordinary_fast",32,5
"0.99.39","cifar100","opls","classification","accuracy",153,0.88668,10,123,"ordinary_fast",32,5
"0.99.39","cifar100","opls","classification","accuracy",154,0.88688,10,123,"ordinary_fast",32,5
"0.99.39","cifar100","opls","classification","accuracy",155,0.8866,10,123,"ordinary_fast",32,5
"0.99.39","cifar100","opls","classification","accuracy",156,0.88672,10,123,"ordinary_fast",32,5
"0.99.39","cifar100","opls","classification","accuracy",157,0.8871,10,123,"ordinary_fast",32,5
"0.99.39","cifar100","opls","classification","accuracy",158,0.88724,10,123,"ordinary_fast",32,5
"0.99.39","cifar100","opls","classification","accuracy",159,0.88744,10,123,"ordinary_fast",32,5
"0.99.39","cifar100","opls","classification","accuracy",160,0.88758,10,123,"ordinary_fast",32,5
"0.99.39","cifar100","opls","classification","accuracy",161,0.88742,10,123,"ordinary_fast",32,5
"0.99.39","cifar100","opls","classification","accuracy",162,0.88742,10,123,"ordinary_fast",32,5
"0.99.39","cifar100","opls","classification","accuracy",163,0.88774,10,123,"ordinary_fast",32,5
"0.99.39","cifar100","opls","classification","accuracy",164,0.88786,10,123,"ordinary_fast",32,5
"0.99.39","cifar100","opls","classification","accuracy",165,0.88794,10,123,"ordinary_fast",32,5
"0.99.39","cifar100","opls","classification","accuracy",166,0.88772,10,123,"ordinary_fast",32,5
"0.99.39","cifar100","opls","classification","accuracy",167,0.88792,10,123,"ordinary_fast",32,5
"0.99.39","cifar100","opls","classification","accuracy",168,0.88792,10,123,"ordinary_fast",32,5
"0.99.39","cifar100","opls","classification","accuracy",169,0.88802,10,123,"ordinary_fast",32,5
"0.99.39","cifar100","opls","classification","accuracy",170,0.88832,10,123,"ordinary_fast",32,5
"0.99.39","cifar100","opls","classification","accuracy",171,0.88844,10,123,"ordinary_fast",32,5
"0.99.39","cifar100","opls","classification","accuracy",172,0.88846,10,123,"ordinary_fast",32,5
"0.99.39","cifar100","opls","classification","accuracy",173,0.88854,10,123,"ordinary_fast",32,5
"0.99.39","cifar100","opls","classification","accuracy",174,0.88868,10,123,"ordinary_fast",32,5
"0.99.39","cifar100","opls","classification","accuracy",175,0.88882,10,123,"ordinary_fast",32,5
"0.99.39","cifar100","opls","classification","accuracy",176,0.88884,10,123,"ordinary_fast",32,5
"0.99.39","cifar100","opls","classification","accuracy",177,0.88902,10,123,"ordinary_fast",32,5
"0.99.39","cifar100","opls","classification","accuracy",178,0.88892,10,123,"ordinary_fast",32,5
"0.99.39","cifar100","opls","classification","accuracy",179,0.88888,10,123,"ordinary_fast",32,5
"0.99.39","cifar100","opls","classification","accuracy",180,0.88864,10,123,"ordinary_fast",32,5
"0.99.39","cifar100","opls","classification","accuracy",181,0.8889,10,123,"ordinary_fast",32,5
"0.99.39","cifar100","opls","classification","accuracy",182,0.88902,10,123,"ordinary_fast",32,5
"0.99.39","cifar100","opls","classification","accuracy",183,0.88886,10,123,"ordinary_fast",32,5
"0.99.39","cifar100","opls","classification","accuracy",184,0.88902,10,123,"ordinary_fast",32,5
"0.99.39","cifar100","opls","classification","accuracy",185,0.88918,10,123,"ordinary_fast",32,5
"0.99.39","cifar100","opls","classification","accuracy",186,0.88914,10,123,"ordinary_fast",32,5
"0.99.39","cifar100","opls","classification","accuracy",187,0.88914,10,123,"ordinary_fast",32,5
"0.99.39","cifar100","opls","classification","accuracy",188,0.88908,10,123,"ordinary_fast",32,5
"0.99.39","cifar100","opls","classification","accuracy",189,0.88924,10,123,"ordinary_fast",32,5
"0.99.39","cifar100","opls","classification","accuracy",190,0.8894,10,123,"ordinary_fast",32,5
"0.99.39","cifar100","opls","classification","accuracy",191,0.8896,10,123,"ordinary_fast",32,5
"0.99.39","cifar100","opls","classification","accuracy",192,0.88954,10,123,"ordinary_fast",32,5
"0.99.39","cifar100","opls","classification","accuracy",193,0.88922,10,123,"ordinary_fast",32,5
"0.99.39","cifar100","opls","classification","accuracy",194,0.88948,10,123,"ordinary_fast",32,5
"0.99.39","cifar100","opls","classification","accuracy",195,0.88958,10,123,"ordinary_fast",32,5
"0.99.39","cifar100","opls","classification","accuracy",196,0.88988,10,123,"ordinary_fast",32,5
"0.99.39","cifar100","opls","classification","accuracy",197,0.88978,10,123,"ordinary_fast",32,5
"0.99.39","cifar100","opls","classification","accuracy",198,0.88986,10,123,"ordinary_fast",32,5
"0.99.39","cifar100","opls","classification","accuracy",199,0.89006,10,123,"ordinary_fast",32,5
"0.99.39","cifar100","opls","classification","accuracy",200,0.88992,10,123,"ordinary_fast",32,5
"0.99.39","cifar100","opls","classification","accuracy",201,0.88998,10,123,"ordinary_fast",32,5
"0.99.39","cifar100","opls","classification","accuracy",202,0.8902,10,123,"ordinary_fast",32,5
"0.99.39","cifar100","opls","classification","accuracy",203,0.88998,10,123,"ordinary_fast",32,5
"0.99.39","cifar100","opls","classification","accuracy",204,0.89008,10,123,"ordinary_fast",32,5
"0.99.39","cifar100","opls","classification","accuracy",205,0.8899,10,123,"ordinary_fast",32,5
"0.99.39","cifar100","opls","classification","accuracy",206,0.89008,10,123,"ordinary_fast",32,5
"0.99.39","cifar100","opls","classification","accuracy",207,0.89016,10,123,"ordinary_fast",32,5
"0.99.39","cifar100","opls","classification","accuracy",208,0.8901,10,123,"ordinary_fast",32,5
"0.99.39","cifar100","opls","classification","accuracy",209,0.89028,10,123,"ordinary_fast",32,5
"0.99.39","cifar100","opls","classification","accuracy",210,0.89044,10,123,"ordinary_fast",32,5
"0.99.39","cifar100","opls","classification","accuracy",211,0.8904,10,123,"ordinary_fast",32,5
"0.99.39","cifar100","opls","classification","accuracy",212,0.89046,10,123,"ordinary_fast",32,5
"0.99.39","cifar100","opls","classification","accuracy",213,0.89038,10,123,"ordinary_fast",32,5
"0.99.39","cifar100","opls","classification","accuracy",214,0.8904,10,123,"ordinary_fast",32,5
"0.99.39","cifar100","opls","classification","accuracy",215,0.8904,10,123,"ordinary_fast",32,5
"0.99.39","cifar100","opls","classification","accuracy",216,0.89056,10,123,"ordinary_fast",32,5
"0.99.39","cifar100","opls","classification","accuracy",217,0.89056,10,123,"ordinary_fast",32,5
"0.99.39","cifar100","opls","classification","accuracy",218,0.89048,10,123,"ordinary_fast",32,5
"0.99.39","cifar100","opls","classification","accuracy",219,0.89036,10,123,"ordinary_fast",32,5
"0.99.39","cifar100","opls","classification","accuracy",220,0.8904,10,123,"ordinary_fast",32,5
"0.99.39","cifar100","opls","classification","accuracy",221,0.89068,10,123,"ordinary_fast",32,5
"0.99.39","cifar100","opls","classification","accuracy",222,0.89066,10,123,"ordinary_fast",32,5
"0.99.39","cifar100","opls","classification","accuracy",223,0.89072,10,123,"ordinary_fast",32,5
"0.99.39","cifar100","opls","classification","accuracy",224,0.89072,10,123,"ordinary_fast",32,5
"0.99.39","cifar100","opls","classification","accuracy",225,0.8908,10,123,"ordinary_fast",32,5
"0.99.39","cifar100","opls","classification","accuracy",226,0.89082,10,123,"ordinary_fast",32,5
"0.99.39","cifar100","opls","classification","accuracy",227,0.89086,10,123,"ordinary_fast",32,5
"0.99.39","cifar100","opls","classification","accuracy",228,0.89086,10,123,"ordinary_fast",32,5
"0.99.39","cifar100","opls","classification","accuracy",229,0.8909,10,123,"ordinary_fast",32,5
"0.99.39","cifar100","opls","classification","accuracy",230,0.89084,10,123,"ordinary_fast",32,5
"0.99.39","cifar100","opls","classification","accuracy",231,0.89094,10,123,"ordinary_fast",32,5
"0.99.39","cifar100","opls","classification","accuracy",232,0.89094,10,123,"ordinary_fast",32,5
"0.99.39","cifar100","opls","classification","accuracy",233,0.89098,10,123,"ordinary_fast",32,5
"0.99.39","cifar100","opls","classification","accuracy",234,0.89114,10,123,"ordinary_fast",32,5
"0.99.39","cifar100","opls","classification","accuracy",235,0.89096,10,123,"ordinary_fast",32,5
"0.99.39","cifar100","opls","classification","accuracy",236,0.89096,10,123,"ordinary_fast",32,5
"0.99.39","cifar100","opls","classification","accuracy",237,0.89118,10,123,"ordinary_fast",32,5
"0.99.39","cifar100","opls","classification","accuracy",238,0.8911,10,123,"ordinary_fast",32,5
"0.99.39","cifar100","opls","classification","accuracy",239,0.8912,10,123,"ordinary_fast",32,5
"0.99.39","cifar100","opls","classification","accuracy",240,0.89128,10,123,"ordinary_fast",32,5
"0.99.39","cifar100","opls","classification","accuracy",241,0.89128,10,123,"ordinary_fast",32,5
"0.99.39","cifar100","opls","classification","accuracy",242,0.89136,10,123,"ordinary_fast",32,5
"0.99.39","cifar100","opls","classification","accuracy",243,0.8913,10,123,"ordinary_fast",32,5
"0.99.39","cifar100","opls","classification","accuracy",244,0.89128,10,123,"ordinary_fast",32,5
"0.99.39","cifar100","opls","classification","accuracy",245,0.89128,10,123,"ordinary_fast",32,5
"0.99.39","cifar100","opls","classification","accuracy",246,0.89128,10,123,"ordinary_fast",32,5
"0.99.39","cifar100","opls","classification","accuracy",247,0.89128,10,123,"ordinary_fast",32,5
"0.99.39","cifar100","opls","classification","accuracy",248,0.89136,10,123,"ordinary_fast",32,5
"0.99.39","cifar100","opls","classification","accuracy",249,0.89122,10,123,"ordinary_fast",32,5
"0.99.39","cifar100","opls","classification","accuracy",250,0.8912,10,123,"ordinary_fast",32,5
"0.99.39","cifar100","opls","classification","accuracy",251,0.89122,10,123,"ordinary_fast",32,5
"0.99.39","cifar100","opls","classification","accuracy",252,0.89116,10,123,"ordinary_fast",32,5
"0.99.39","cifar100","opls","classification","accuracy",253,0.89108,10,123,"ordinary_fast",32,5
"0.99.39","cifar100","opls","classification","accuracy",254,0.89134,10,123,"ordinary_fast",32,5
"0.99.39","cifar100","opls","classification","accuracy",255,0.89114,10,123,"ordinary_fast",32,5
"0.99.39","cifar100","opls","classification","accuracy",256,0.89124,10,123,"ordinary_fast",32,5
"0.99.39","cifar100","opls","classification","accuracy",257,0.89132,10,123,"ordinary_fast",32,5
"0.99.39","cifar100","opls","classification","accuracy",258,0.89128,10,123,"ordinary_fast",32,5
"0.99.39","cifar100","opls","classification","accuracy",259,0.89148,10,123,"ordinary_fast",32,5
"0.99.39","cifar100","opls","classification","accuracy",260,0.8914,10,123,"ordinary_fast",32,5
"0.99.39","cifar100","opls","classification","accuracy",261,0.8915,10,123,"ordinary_fast",32,5
"0.99.39","cifar100","opls","classification","accuracy",262,0.8916,10,123,"ordinary_fast",32,5
"0.99.39","cifar100","opls","classification","accuracy",263,0.89164,10,123,"ordinary_fast",32,5
"0.99.39","cifar100","opls","classification","accuracy",264,0.89156,10,123,"ordinary_fast",32,5
"0.99.39","cifar100","opls","classification","accuracy",265,0.89158,10,123,"ordinary_fast",32,5
"0.99.39","cifar100","opls","classification","accuracy",266,0.89144,10,123,"ordinary_fast",32,5
"0.99.39","cifar100","opls","classification","accuracy",267,0.89138,10,123,"ordinary_fast",32,5
"0.99.39","cifar100","opls","classification","accuracy",268,0.89154,10,123,"ordinary_fast",32,5
"0.99.39","cifar100","opls","classification","accuracy",269,0.89164,10,123,"ordinary_fast",32,5
"0.99.39","cifar100","opls","classification","accuracy",270,0.89174,10,123,"ordinary_fast",32,5
"0.99.39","cifar100","opls","classification","accuracy",271,0.8917,10,123,"ordinary_fast",32,5
"0.99.39","cifar100","opls","classification","accuracy",272,0.89166,10,123,"ordinary_fast",32,5
"0.99.39","cifar100","opls","classification","accuracy",273,0.89172,10,123,"ordinary_fast",32,5
"0.99.39","cifar100","opls","classification","accuracy",274,0.89176,10,123,"ordinary_fast",32,5
"0.99.39","cifar100","opls","classification","accuracy",275,0.8916,10,123,"ordinary_fast",32,5
"0.99.39","cifar100","opls","classification","accuracy",276,0.8916,10,123,"ordinary_fast",32,5
"0.99.39","cifar100","opls","classification","accuracy",277,0.8916,10,123,"ordinary_fast",32,5
"0.99.39","cifar100","opls","classification","accuracy",278,0.89166,10,123,"ordinary_fast",32,5
"0.99.39","cifar100","opls","classification","accuracy",279,0.89158,10,123,"ordinary_fast",32,5
"0.99.39","cifar100","opls","classification","accuracy",280,0.89178,10,123,"ordinary_fast",32,5
"0.99.39","cifar100","opls","classification","accuracy",281,0.89164,10,123,"ordinary_fast",32,5
"0.99.39","cifar100","opls","classification","accuracy",282,0.8917,10,123,"ordinary_fast",32,5
"0.99.39","cifar100","opls","classification","accuracy",283,0.89172,10,123,"ordinary_fast",32,5
"0.99.39","cifar100","opls","classification","accuracy",284,0.89182,10,123,"ordinary_fast",32,5
"0.99.39","cifar100","opls","classification","accuracy",285,0.89192,10,123,"ordinary_fast",32,5
"0.99.39","cifar100","opls","classification","accuracy",286,0.89194,10,123,"ordinary_fast",32,5
"0.99.39","cifar100","opls","classification","accuracy",287,0.89182,10,123,"ordinary_fast",32,5
"0.99.39","cifar100","opls","classification","accuracy",288,0.8919,10,123,"ordinary_fast",32,5
"0.99.39","cifar100","opls","classification","accuracy",289,0.89188,10,123,"ordinary_fast",32,5
"0.99.39","cifar100","opls","classification","accuracy",290,0.89184,10,123,"ordinary_fast",32,5
"0.99.39","cifar100","opls","classification","accuracy",291,0.8919,10,123,"ordinary_fast",32,5
"0.99.39","cifar100","opls","classification","accuracy",292,0.89184,10,123,"ordinary_fast",32,5
"0.99.39","cifar100","opls","classification","accuracy",293,0.89184,10,123,"ordinary_fast",32,5
"0.99.39","cifar100","opls","classification","accuracy",294,0.8919,10,123,"ordinary_fast",32,5
"0.99.39","cifar100","opls","classification","accuracy",295,0.8919,10,123,"ordinary_fast",32,5
"0.99.39","cifar100","opls","classification","accuracy",296,0.8917,10,123,"ordinary_fast",32,5
"0.99.39","cifar100","opls","classification","accuracy",297,0.89178,10,123,"ordinary_fast",32,5
"0.99.39","cifar100","opls","classification","accuracy",298,0.89174,10,123,"ordinary_fast",32,5
"0.99.39","cifar100","opls","classification","accuracy",299,0.89174,10,123,"ordinary_fast",32,5
"0.99.39","cifar100","opls","classification","accuracy",300,0.89184,10,123,"ordinary_fast",32,5
"0.99.39","cifar100","kernelpls","classification","accuracy",1,0.01988,10,123,"ordinary_fast",32,5
"0.99.39","cifar100","kernelpls","classification","accuracy",2,0.04222,10,123,"ordinary_fast",32,5
"0.99.39","cifar100","kernelpls","classification","accuracy",3,0.05668,10,123,"ordinary_fast",32,5
"0.99.39","cifar100","kernelpls","classification","accuracy",4,0.08304,10,123,"ordinary_fast",32,5
"0.99.39","cifar100","kernelpls","classification","accuracy",5,0.1091,10,123,"ordinary_fast",32,5
"0.99.39","cifar100","kernelpls","classification","accuracy",6,0.12006,10,123,"ordinary_fast",32,5
"0.99.39","cifar100","kernelpls","classification","accuracy",7,0.15392,10,123,"ordinary_fast",32,5
"0.99.39","cifar100","kernelpls","classification","accuracy",8,0.17186,10,123,"ordinary_fast",32,5
"0.99.39","cifar100","kernelpls","classification","accuracy",9,0.23312,10,123,"ordinary_fast",32,5
"0.99.39","cifar100","kernelpls","classification","accuracy",10,0.26848,10,123,"ordinary_fast",32,5
"0.99.39","cifar100","kernelpls","classification","accuracy",11,0.28632,10,123,"ordinary_fast",32,5
"0.99.39","cifar100","kernelpls","classification","accuracy",12,0.30404,10,123,"ordinary_fast",32,5
"0.99.39","cifar100","kernelpls","classification","accuracy",13,0.30634,10,123,"ordinary_fast",32,5
"0.99.39","cifar100","kernelpls","classification","accuracy",14,0.3228,10,123,"ordinary_fast",32,5
"0.99.39","cifar100","kernelpls","classification","accuracy",15,0.33836,10,123,"ordinary_fast",32,5
"0.99.39","cifar100","kernelpls","classification","accuracy",16,0.3618,10,123,"ordinary_fast",32,5
"0.99.39","cifar100","kernelpls","classification","accuracy",17,0.366,10,123,"ordinary_fast",32,5
"0.99.39","cifar100","kernelpls","classification","accuracy",18,0.3849,10,123,"ordinary_fast",32,5
"0.99.39","cifar100","kernelpls","classification","accuracy",19,0.40564,10,123,"ordinary_fast",32,5
"0.99.39","cifar100","kernelpls","classification","accuracy",20,0.41066,10,123,"ordinary_fast",32,5
"0.99.39","cifar100","kernelpls","classification","accuracy",21,0.42988,10,123,"ordinary_fast",32,5
"0.99.39","cifar100","kernelpls","classification","accuracy",22,0.44878,10,123,"ordinary_fast",32,5
"0.99.39","cifar100","kernelpls","classification","accuracy",23,0.46868,10,123,"ordinary_fast",32,5
"0.99.39","cifar100","kernelpls","classification","accuracy",24,0.48264,10,123,"ordinary_fast",32,5
"0.99.39","cifar100","kernelpls","classification","accuracy",25,0.49786,10,123,"ordinary_fast",32,5
"0.99.39","cifar100","kernelpls","classification","accuracy",26,0.51738,10,123,"ordinary_fast",32,5
"0.99.39","cifar100","kernelpls","classification","accuracy",27,0.53068,10,123,"ordinary_fast",32,5
"0.99.39","cifar100","kernelpls","classification","accuracy",28,0.54064,10,123,"ordinary_fast",32,5
"0.99.39","cifar100","kernelpls","classification","accuracy",29,0.55034,10,123,"ordinary_fast",32,5
"0.99.39","cifar100","kernelpls","classification","accuracy",30,0.56624,10,123,"ordinary_fast",32,5
"0.99.39","cifar100","kernelpls","classification","accuracy",31,0.58136,10,123,"ordinary_fast",32,5
"0.99.39","cifar100","kernelpls","classification","accuracy",32,0.59002,10,123,"ordinary_fast",32,5
"0.99.39","cifar100","kernelpls","classification","accuracy",33,0.59418,10,123,"ordinary_fast",32,5
"0.99.39","cifar100","kernelpls","classification","accuracy",34,0.60458,10,123,"ordinary_fast",32,5
"0.99.39","cifar100","kernelpls","classification","accuracy",35,0.60916,10,123,"ordinary_fast",32,5
"0.99.39","cifar100","kernelpls","classification","accuracy",36,0.6114,10,123,"ordinary_fast",32,5
"0.99.39","cifar100","kernelpls","classification","accuracy",37,0.6217,10,123,"ordinary_fast",32,5
"0.99.39","cifar100","kernelpls","classification","accuracy",38,0.6338,10,123,"ordinary_fast",32,5
"0.99.39","cifar100","kernelpls","classification","accuracy",39,0.64062,10,123,"ordinary_fast",32,5
"0.99.39","cifar100","kernelpls","classification","accuracy",40,0.6474,10,123,"ordinary_fast",32,5
"0.99.39","cifar100","kernelpls","classification","accuracy",41,0.65148,10,123,"ordinary_fast",32,5
"0.99.39","cifar100","kernelpls","classification","accuracy",42,0.65886,10,123,"ordinary_fast",32,5
"0.99.39","cifar100","kernelpls","classification","accuracy",43,0.66602,10,123,"ordinary_fast",32,5
"0.99.39","cifar100","kernelpls","classification","accuracy",44,0.67394,10,123,"ordinary_fast",32,5
"0.99.39","cifar100","kernelpls","classification","accuracy",45,0.68418,10,123,"ordinary_fast",32,5
"0.99.39","cifar100","kernelpls","classification","accuracy",46,0.69244,10,123,"ordinary_fast",32,5
"0.99.39","cifar100","kernelpls","classification","accuracy",47,0.69636,10,123,"ordinary_fast",32,5
"0.99.39","cifar100","kernelpls","classification","accuracy",48,0.70138,10,123,"ordinary_fast",32,5
"0.99.39","cifar100","kernelpls","classification","accuracy",49,0.70946,10,123,"ordinary_fast",32,5
"0.99.39","cifar100","kernelpls","classification","accuracy",50,0.71254,10,123,"ordinary_fast",32,5
"0.99.39","cifar100","kernelpls","classification","accuracy",51,0.71952,10,123,"ordinary_fast",32,5
"0.99.39","cifar100","kernelpls","classification","accuracy",52,0.72824,10,123,"ordinary_fast",32,5
"0.99.39","cifar100","kernelpls","classification","accuracy",53,0.7342,10,123,"ordinary_fast",32,5
"0.99.39","cifar100","kernelpls","classification","accuracy",54,0.7405,10,123,"ordinary_fast",32,5
"0.99.39","cifar100","kernelpls","classification","accuracy",55,0.7474,10,123,"ordinary_fast",32,5
"0.99.39","cifar100","kernelpls","classification","accuracy",56,0.75238,10,123,"ordinary_fast",32,5
"0.99.39","cifar100","kernelpls","classification","accuracy",57,0.7561,10,123,"ordinary_fast",32,5
"0.99.39","cifar100","kernelpls","classification","accuracy",58,0.75956,10,123,"ordinary_fast",32,5
"0.99.39","cifar100","kernelpls","classification","accuracy",59,0.76556,10,123,"ordinary_fast",32,5
"0.99.39","cifar100","kernelpls","classification","accuracy",60,0.76836,10,123,"ordinary_fast",32,5
"0.99.39","cifar100","kernelpls","classification","accuracy",61,0.7706,10,123,"ordinary_fast",32,5
"0.99.39","cifar100","kernelpls","classification","accuracy",62,0.77368,10,123,"ordinary_fast",32,5
"0.99.39","cifar100","kernelpls","classification","accuracy",63,0.77802,10,123,"ordinary_fast",32,5
"0.99.39","cifar100","kernelpls","classification","accuracy",64,0.78042,10,123,"ordinary_fast",32,5
"0.99.39","cifar100","kernelpls","classification","accuracy",65,0.7831,10,123,"ordinary_fast",32,5
"0.99.39","cifar100","kernelpls","classification","accuracy",66,0.7904,10,123,"ordinary_fast",32,5
"0.99.39","cifar100","kernelpls","classification","accuracy",67,0.79192,10,123,"ordinary_fast",32,5
"0.99.39","cifar100","kernelpls","classification","accuracy",68,0.79336,10,123,"ordinary_fast",32,5
"0.99.39","cifar100","kernelpls","classification","accuracy",69,0.79794,10,123,"ordinary_fast",32,5
"0.99.39","cifar100","kernelpls","classification","accuracy",70,0.80112,10,123,"ordinary_fast",32,5
"0.99.39","cifar100","kernelpls","classification","accuracy",71,0.80436,10,123,"ordinary_fast",32,5
"0.99.39","cifar100","kernelpls","classification","accuracy",72,0.80804,10,123,"ordinary_fast",32,5
"0.99.39","cifar100","kernelpls","classification","accuracy",73,0.81074,10,123,"ordinary_fast",32,5
"0.99.39","cifar100","kernelpls","classification","accuracy",74,0.81256,10,123,"ordinary_fast",32,5
"0.99.39","cifar100","kernelpls","classification","accuracy",75,0.81766,10,123,"ordinary_fast",32,5
"0.99.39","cifar100","kernelpls","classification","accuracy",76,0.8181,10,123,"ordinary_fast",32,5
"0.99.39","cifar100","kernelpls","classification","accuracy",77,0.82008,10,123,"ordinary_fast",32,5
"0.99.39","cifar100","kernelpls","classification","accuracy",78,0.82182,10,123,"ordinary_fast",32,5
"0.99.39","cifar100","kernelpls","classification","accuracy",79,0.8246,10,123,"ordinary_fast",32,5
"0.99.39","cifar100","kernelpls","classification","accuracy",80,0.82724,10,123,"ordinary_fast",32,5
"0.99.39","cifar100","kernelpls","classification","accuracy",81,0.82974,10,123,"ordinary_fast",32,5
"0.99.39","cifar100","kernelpls","classification","accuracy",82,0.8312,10,123,"ordinary_fast",32,5
"0.99.39","cifar100","kernelpls","classification","accuracy",83,0.83414,10,123,"ordinary_fast",32,5
"0.99.39","cifar100","kernelpls","classification","accuracy",84,0.83544,10,123,"ordinary_fast",32,5
"0.99.39","cifar100","kernelpls","classification","accuracy",85,0.83702,10,123,"ordinary_fast",32,5
"0.99.39","cifar100","kernelpls","classification","accuracy",86,0.83792,10,123,"ordinary_fast",32,5
"0.99.39","cifar100","kernelpls","classification","accuracy",87,0.83992,10,123,"ordinary_fast",32,5
"0.99.39","cifar100","kernelpls","classification","accuracy",88,0.8419,10,123,"ordinary_fast",32,5
"0.99.39","cifar100","kernelpls","classification","accuracy",89,0.84424,10,123,"ordinary_fast",32,5
"0.99.39","cifar100","kernelpls","classification","accuracy",90,0.84508,10,123,"ordinary_fast",32,5
"0.99.39","cifar100","kernelpls","classification","accuracy",91,0.8483,10,123,"ordinary_fast",32,5
"0.99.39","cifar100","kernelpls","classification","accuracy",92,0.85158,10,123,"ordinary_fast",32,5
"0.99.39","cifar100","kernelpls","classification","accuracy",93,0.85564,10,123,"ordinary_fast",32,5
"0.99.39","cifar100","kernelpls","classification","accuracy",94,0.85786,10,123,"ordinary_fast",32,5
"0.99.39","cifar100","kernelpls","classification","accuracy",95,0.85858,10,123,"ordinary_fast",32,5
"0.99.39","cifar100","kernelpls","classification","accuracy",96,0.8598,10,123,"ordinary_fast",32,5
"0.99.39","cifar100","kernelpls","classification","accuracy",97,0.8667,10,123,"ordinary_fast",32,5
"0.99.39","cifar100","kernelpls","classification","accuracy",98,0.8701,10,123,"ordinary_fast",32,5
"0.99.39","cifar100","kernelpls","classification","accuracy",99,0.87224,10,123,"ordinary_fast",32,5
"0.99.39","cifar100","kernelpls","classification","accuracy",100,0.87466,10,123,"ordinary_fast",32,5
"0.99.39","cifar100","kernelpls","classification","accuracy",101,0.87548,10,123,"ordinary_fast",32,5
"0.99.39","cifar100","kernelpls","classification","accuracy",102,0.87568,10,123,"ordinary_fast",32,5
"0.99.39","cifar100","kernelpls","classification","accuracy",103,0.87662,10,123,"ordinary_fast",32,5
"0.99.39","cifar100","kernelpls","classification","accuracy",104,0.87718,10,123,"ordinary_fast",32,5
"0.99.39","cifar100","kernelpls","classification","accuracy",105,0.87766,10,123,"ordinary_fast",32,5
"0.99.39","cifar100","kernelpls","classification","accuracy",106,0.8777,10,123,"ordinary_fast",32,5
"0.99.39","cifar100","kernelpls","classification","accuracy",107,0.87774,10,123,"ordinary_fast",32,5
"0.99.39","cifar100","kernelpls","classification","accuracy",108,0.8781,10,123,"ordinary_fast",32,5
"0.99.39","cifar100","kernelpls","classification","accuracy",109,0.87842,10,123,"ordinary_fast",32,5
"0.99.39","cifar100","kernelpls","classification","accuracy",110,0.87864,10,123,"ordinary_fast",32,5
"0.99.39","cifar100","kernelpls","classification","accuracy",111,0.87904,10,123,"ordinary_fast",32,5
"0.99.39","cifar100","kernelpls","classification","accuracy",112,0.87924,10,123,"ordinary_fast",32,5
"0.99.39","cifar100","kernelpls","classification","accuracy",113,0.87976,10,123,"ordinary_fast",32,5
"0.99.39","cifar100","kernelpls","classification","accuracy",114,0.88024,10,123,"ordinary_fast",32,5
"0.99.39","cifar100","kernelpls","classification","accuracy",115,0.88048,10,123,"ordinary_fast",32,5
"0.99.39","cifar100","kernelpls","classification","accuracy",116,0.88096,10,123,"ordinary_fast",32,5
"0.99.39","cifar100","kernelpls","classification","accuracy",117,0.88122,10,123,"ordinary_fast",32,5
"0.99.39","cifar100","kernelpls","classification","accuracy",118,0.88102,10,123,"ordinary_fast",32,5
"0.99.39","cifar100","kernelpls","classification","accuracy",119,0.88146,10,123,"ordinary_fast",32,5
"0.99.39","cifar100","kernelpls","classification","accuracy",120,0.88146,10,123,"ordinary_fast",32,5
"0.99.39","cifar100","kernelpls","classification","accuracy",121,0.88146,10,123,"ordinary_fast",32,5
"0.99.39","cifar100","kernelpls","classification","accuracy",122,0.88186,10,123,"ordinary_fast",32,5
"0.99.39","cifar100","kernelpls","classification","accuracy",123,0.88226,10,123,"ordinary_fast",32,5
"0.99.39","cifar100","kernelpls","classification","accuracy",124,0.88294,10,123,"ordinary_fast",32,5
"0.99.39","cifar100","kernelpls","classification","accuracy",125,0.88326,10,123,"ordinary_fast",32,5
"0.99.39","cifar100","kernelpls","classification","accuracy",126,0.88344,10,123,"ordinary_fast",32,5
"0.99.39","cifar100","kernelpls","classification","accuracy",127,0.88378,10,123,"ordinary_fast",32,5
"0.99.39","cifar100","kernelpls","classification","accuracy",128,0.8835,10,123,"ordinary_fast",32,5
"0.99.39","cifar100","kernelpls","classification","accuracy",129,0.8837,10,123,"ordinary_fast",32,5
"0.99.39","cifar100","kernelpls","classification","accuracy",130,0.88372,10,123,"ordinary_fast",32,5
"0.99.39","cifar100","kernelpls","classification","accuracy",131,0.88412,10,123,"ordinary_fast",32,5
"0.99.39","cifar100","kernelpls","classification","accuracy",132,0.88472,10,123,"ordinary_fast",32,5
"0.99.39","cifar100","kernelpls","classification","accuracy",133,0.88482,10,123,"ordinary_fast",32,5
"0.99.39","cifar100","kernelpls","classification","accuracy",134,0.88518,10,123,"ordinary_fast",32,5
"0.99.39","cifar100","kernelpls","classification","accuracy",135,0.88536,10,123,"ordinary_fast",32,5
"0.99.39","cifar100","kernelpls","classification","accuracy",136,0.88568,10,123,"ordinary_fast",32,5
"0.99.39","cifar100","kernelpls","classification","accuracy",137,0.88532,10,123,"ordinary_fast",32,5
"0.99.39","cifar100","kernelpls","classification","accuracy",138,0.88546,10,123,"ordinary_fast",32,5
"0.99.39","cifar100","kernelpls","classification","accuracy",139,0.88598,10,123,"ordinary_fast",32,5
"0.99.39","cifar100","kernelpls","classification","accuracy",140,0.88616,10,123,"ordinary_fast",32,5
"0.99.39","cifar100","kernelpls","classification","accuracy",141,0.88628,10,123,"ordinary_fast",32,5
"0.99.39","cifar100","kernelpls","classification","accuracy",142,0.8863,10,123,"ordinary_fast",32,5
"0.99.39","cifar100","kernelpls","classification","accuracy",143,0.88656,10,123,"ordinary_fast",32,5
"0.99.39","cifar100","kernelpls","classification","accuracy",144,0.88634,10,123,"ordinary_fast",32,5
"0.99.39","cifar100","kernelpls","classification","accuracy",145,0.88646,10,123,"ordinary_fast",32,5
"0.99.39","cifar100","kernelpls","classification","accuracy",146,0.88674,10,123,"ordinary_fast",32,5
"0.99.39","cifar100","kernelpls","classification","accuracy",147,0.88674,10,123,"ordinary_fast",32,5
"0.99.39","cifar100","kernelpls","classification","accuracy",148,0.8869,10,123,"ordinary_fast",32,5
"0.99.39","cifar100","kernelpls","classification","accuracy",149,0.88664,10,123,"ordinary_fast",32,5
"0.99.39","cifar100","kernelpls","classification","accuracy",150,0.88676,10,123,"ordinary_fast",32,5
"0.99.39","cifar100","kernelpls","classification","accuracy",151,0.887,10,123,"ordinary_fast",32,5
"0.99.39","cifar100","kernelpls","classification","accuracy",152,0.88682,10,123,"ordinary_fast",32,5
"0.99.39","cifar100","kernelpls","classification","accuracy",153,0.88654,10,123,"ordinary_fast",32,5
"0.99.39","cifar100","kernelpls","classification","accuracy",154,0.8867,10,123,"ordinary_fast",32,5
"0.99.39","cifar100","kernelpls","classification","accuracy",155,0.88686,10,123,"ordinary_fast",32,5
"0.99.39","cifar100","kernelpls","classification","accuracy",156,0.88694,10,123,"ordinary_fast",32,5
"0.99.39","cifar100","kernelpls","classification","accuracy",157,0.88686,10,123,"ordinary_fast",32,5
"0.99.39","cifar100","kernelpls","classification","accuracy",158,0.88708,10,123,"ordinary_fast",32,5
"0.99.39","cifar100","kernelpls","classification","accuracy",159,0.88728,10,123,"ordinary_fast",32,5
"0.99.39","cifar100","kernelpls","classification","accuracy",160,0.8875,10,123,"ordinary_fast",32,5
"0.99.39","cifar100","kernelpls","classification","accuracy",161,0.8878,10,123,"ordinary_fast",32,5
"0.99.39","cifar100","kernelpls","classification","accuracy",162,0.8878,10,123,"ordinary_fast",32,5
"0.99.39","cifar100","kernelpls","classification","accuracy",163,0.88774,10,123,"ordinary_fast",32,5
"0.99.39","cifar100","kernelpls","classification","accuracy",164,0.88806,10,123,"ordinary_fast",32,5
"0.99.39","cifar100","kernelpls","classification","accuracy",165,0.88814,10,123,"ordinary_fast",32,5
"0.99.39","cifar100","kernelpls","classification","accuracy",166,0.88804,10,123,"ordinary_fast",32,5
"0.99.39","cifar100","kernelpls","classification","accuracy",167,0.8882,10,123,"ordinary_fast",32,5
"0.99.39","cifar100","kernelpls","classification","accuracy",168,0.88824,10,123,"ordinary_fast",32,5
"0.99.39","cifar100","kernelpls","classification","accuracy",169,0.88808,10,123,"ordinary_fast",32,5
"0.99.39","cifar100","kernelpls","classification","accuracy",170,0.88828,10,123,"ordinary_fast",32,5
"0.99.39","cifar100","kernelpls","classification","accuracy",171,0.8882,10,123,"ordinary_fast",32,5
"0.99.39","cifar100","kernelpls","classification","accuracy",172,0.88868,10,123,"ordinary_fast",32,5
"0.99.39","cifar100","kernelpls","classification","accuracy",173,0.88866,10,123,"ordinary_fast",32,5
"0.99.39","cifar100","kernelpls","classification","accuracy",174,0.88866,10,123,"ordinary_fast",32,5
"0.99.39","cifar100","kernelpls","classification","accuracy",175,0.8887,10,123,"ordinary_fast",32,5
"0.99.39","cifar100","kernelpls","classification","accuracy",176,0.8887,10,123,"ordinary_fast",32,5
"0.99.39","cifar100","kernelpls","classification","accuracy",177,0.88886,10,123,"ordinary_fast",32,5
"0.99.39","cifar100","kernelpls","classification","accuracy",178,0.88904,10,123,"ordinary_fast",32,5
"0.99.39","cifar100","kernelpls","classification","accuracy",179,0.88928,10,123,"ordinary_fast",32,5
"0.99.39","cifar100","kernelpls","classification","accuracy",180,0.88932,10,123,"ordinary_fast",32,5
"0.99.39","cifar100","kernelpls","classification","accuracy",181,0.88912,10,123,"ordinary_fast",32,5
"0.99.39","cifar100","kernelpls","classification","accuracy",182,0.88922,10,123,"ordinary_fast",32,5
"0.99.39","cifar100","kernelpls","classification","accuracy",183,0.88922,10,123,"ordinary_fast",32,5
"0.99.39","cifar100","kernelpls","classification","accuracy",184,0.88918,10,123,"ordinary_fast",32,5
"0.99.39","cifar100","kernelpls","classification","accuracy",185,0.88936,10,123,"ordinary_fast",32,5
"0.99.39","cifar100","kernelpls","classification","accuracy",186,0.88932,10,123,"ordinary_fast",32,5
"0.99.39","cifar100","kernelpls","classification","accuracy",187,0.88942,10,123,"ordinary_fast",32,5
"0.99.39","cifar100","kernelpls","classification","accuracy",188,0.8894,10,123,"ordinary_fast",32,5
"0.99.39","cifar100","kernelpls","classification","accuracy",189,0.8894,10,123,"ordinary_fast",32,5
"0.99.39","cifar100","kernelpls","classification","accuracy",190,0.88964,10,123,"ordinary_fast",32,5
"0.99.39","cifar100","kernelpls","classification","accuracy",191,0.88954,10,123,"ordinary_fast",32,5
"0.99.39","cifar100","kernelpls","classification","accuracy",192,0.88964,10,123,"ordinary_fast",32,5
"0.99.39","cifar100","kernelpls","classification","accuracy",193,0.88952,10,123,"ordinary_fast",32,5
"0.99.39","cifar100","kernelpls","classification","accuracy",194,0.8897,10,123,"ordinary_fast",32,5
"0.99.39","cifar100","kernelpls","classification","accuracy",195,0.88992,10,123,"ordinary_fast",32,5
"0.99.39","cifar100","kernelpls","classification","accuracy",196,0.88978,10,123,"ordinary_fast",32,5
"0.99.39","cifar100","kernelpls","classification","accuracy",197,0.89012,10,123,"ordinary_fast",32,5
"0.99.39","cifar100","kernelpls","classification","accuracy",198,0.89008,10,123,"ordinary_fast",32,5
"0.99.39","cifar100","kernelpls","classification","accuracy",199,0.88998,10,123,"ordinary_fast",32,5
"0.99.39","cifar100","kernelpls","classification","accuracy",200,0.89006,10,123,"ordinary_fast",32,5
"0.99.39","cifar100","kernelpls","classification","accuracy",201,0.89008,10,123,"ordinary_fast",32,5
"0.99.39","cifar100","kernelpls","classification","accuracy",202,0.89012,10,123,"ordinary_fast",32,5
"0.99.39","cifar100","kernelpls","classification","accuracy",203,0.89044,10,123,"ordinary_fast",32,5
"0.99.39","cifar100","kernelpls","classification","accuracy",204,0.89024,10,123,"ordinary_fast",32,5
"0.99.39","cifar100","kernelpls","classification","accuracy",205,0.89032,10,123,"ordinary_fast",32,5
"0.99.39","cifar100","kernelpls","classification","accuracy",206,0.89048,10,123,"ordinary_fast",32,5
"0.99.39","cifar100","kernelpls","classification","accuracy",207,0.89032,10,123,"ordinary_fast",32,5
"0.99.39","cifar100","kernelpls","classification","accuracy",208,0.89052,10,123,"ordinary_fast",32,5
"0.99.39","cifar100","kernelpls","classification","accuracy",209,0.8903,10,123,"ordinary_fast",32,5
"0.99.39","cifar100","kernelpls","classification","accuracy",210,0.89032,10,123,"ordinary_fast",32,5
"0.99.39","cifar100","kernelpls","classification","accuracy",211,0.89042,10,123,"ordinary_fast",32,5
"0.99.39","cifar100","kernelpls","classification","accuracy",212,0.89036,10,123,"ordinary_fast",32,5
"0.99.39","cifar100","kernelpls","classification","accuracy",213,0.89054,10,123,"ordinary_fast",32,5
"0.99.39","cifar100","kernelpls","classification","accuracy",214,0.89028,10,123,"ordinary_fast",32,5
"0.99.39","cifar100","kernelpls","classification","accuracy",215,0.89044,10,123,"ordinary_fast",32,5
"0.99.39","cifar100","kernelpls","classification","accuracy",216,0.89056,10,123,"ordinary_fast",32,5
"0.99.39","cifar100","kernelpls","classification","accuracy",217,0.8906,10,123,"ordinary_fast",32,5
"0.99.39","cifar100","kernelpls","classification","accuracy",218,0.89072,10,123,"ordinary_fast",32,5
"0.99.39","cifar100","kernelpls","classification","accuracy",219,0.89082,10,123,"ordinary_fast",32,5
"0.99.39","cifar100","kernelpls","classification","accuracy",220,0.8908,10,123,"ordinary_fast",32,5
"0.99.39","cifar100","kernelpls","classification","accuracy",221,0.89062,10,123,"ordinary_fast",32,5
"0.99.39","cifar100","kernelpls","classification","accuracy",222,0.8908,10,123,"ordinary_fast",32,5
"0.99.39","cifar100","kernelpls","classification","accuracy",223,0.89068,10,123,"ordinary_fast",32,5
"0.99.39","cifar100","kernelpls","classification","accuracy",224,0.8909,10,123,"ordinary_fast",32,5
"0.99.39","cifar100","kernelpls","classification","accuracy",225,0.89088,10,123,"ordinary_fast",32,5
"0.99.39","cifar100","kernelpls","classification","accuracy",226,0.89106,10,123,"ordinary_fast",32,5
"0.99.39","cifar100","kernelpls","classification","accuracy",227,0.89114,10,123,"ordinary_fast",32,5
"0.99.39","cifar100","kernelpls","classification","accuracy",228,0.89112,10,123,"ordinary_fast",32,5
"0.99.39","cifar100","kernelpls","classification","accuracy",229,0.89106,10,123,"ordinary_fast",32,5
"0.99.39","cifar100","kernelpls","classification","accuracy",230,0.89098,10,123,"ordinary_fast",32,5
"0.99.39","cifar100","kernelpls","classification","accuracy",231,0.89104,10,123,"ordinary_fast",32,5
"0.99.39","cifar100","kernelpls","classification","accuracy",232,0.89114,10,123,"ordinary_fast",32,5
"0.99.39","cifar100","kernelpls","classification","accuracy",233,0.89114,10,123,"ordinary_fast",32,5
"0.99.39","cifar100","kernelpls","classification","accuracy",234,0.89114,10,123,"ordinary_fast",32,5
"0.99.39","cifar100","kernelpls","classification","accuracy",235,0.89136,10,123,"ordinary_fast",32,5
"0.99.39","cifar100","kernelpls","classification","accuracy",236,0.89164,10,123,"ordinary_fast",32,5
"0.99.39","cifar100","kernelpls","classification","accuracy",237,0.8916,10,123,"ordinary_fast",32,5
"0.99.39","cifar100","kernelpls","classification","accuracy",238,0.89156,10,123,"ordinary_fast",32,5
"0.99.39","cifar100","kernelpls","classification","accuracy",239,0.89148,10,123,"ordinary_fast",32,5
"0.99.39","cifar100","kernelpls","classification","accuracy",240,0.8919,10,123,"ordinary_fast",32,5
"0.99.39","cifar100","kernelpls","classification","accuracy",241,0.89178,10,123,"ordinary_fast",32,5
"0.99.39","cifar100","kernelpls","classification","accuracy",242,0.8917,10,123,"ordinary_fast",32,5
"0.99.39","cifar100","kernelpls","classification","accuracy",243,0.8917,10,123,"ordinary_fast",32,5
"0.99.39","cifar100","kernelpls","classification","accuracy",244,0.89168,10,123,"ordinary_fast",32,5
"0.99.39","cifar100","kernelpls","classification","accuracy",245,0.89158,10,123,"ordinary_fast",32,5
"0.99.39","cifar100","kernelpls","classification","accuracy",246,0.89162,10,123,"ordinary_fast",32,5
"0.99.39","cifar100","kernelpls","classification","accuracy",247,0.89168,10,123,"ordinary_fast",32,5
"0.99.39","cifar100","kernelpls","classification","accuracy",248,0.89172,10,123,"ordinary_fast",32,5
"0.99.39","cifar100","kernelpls","classification","accuracy",249,0.89176,10,123,"ordinary_fast",32,5
"0.99.39","cifar100","kernelpls","classification","accuracy",250,0.89192,10,123,"ordinary_fast",32,5
"0.99.39","cifar100","kernelpls","classification","accuracy",251,0.892,10,123,"ordinary_fast",32,5
"0.99.39","cifar100","kernelpls","classification","accuracy",252,0.89198,10,123,"ordinary_fast",32,5
"0.99.39","cifar100","kernelpls","classification","accuracy",253,0.89172,10,123,"ordinary_fast",32,5
"0.99.39","cifar100","kernelpls","classification","accuracy",254,0.8917,10,123,"ordinary_fast",32,5
"0.99.39","cifar100","kernelpls","classification","accuracy",255,0.89176,10,123,"ordinary_fast",32,5
"0.99.39","cifar100","kernelpls","classification","accuracy",256,0.89176,10,123,"ordinary_fast",32,5
"0.99.39","cifar100","kernelpls","classification","accuracy",257,0.8919,10,123,"ordinary_fast",32,5
"0.99.39","cifar100","kernelpls","classification","accuracy",258,0.89178,10,123,"ordinary_fast",32,5
"0.99.39","cifar100","kernelpls","classification","accuracy",259,0.89184,10,123,"ordinary_fast",32,5
"0.99.39","cifar100","kernelpls","classification","accuracy",260,0.89188,10,123,"ordinary_fast",32,5
"0.99.39","cifar100","kernelpls","classification","accuracy",261,0.89194,10,123,"ordinary_fast",32,5
"0.99.39","cifar100","kernelpls","classification","accuracy",262,0.89216,10,123,"ordinary_fast",32,5
"0.99.39","cifar100","kernelpls","classification","accuracy",263,0.89226,10,123,"ordinary_fast",32,5
"0.99.39","cifar100","kernelpls","classification","accuracy",264,0.89226,10,123,"ordinary_fast",32,5
"0.99.39","cifar100","kernelpls","classification","accuracy",265,0.89216,10,123,"ordinary_fast",32,5
"0.99.39","cifar100","kernelpls","classification","accuracy",266,0.89212,10,123,"ordinary_fast",32,5
"0.99.39","cifar100","kernelpls","classification","accuracy",267,0.8922,10,123,"ordinary_fast",32,5
"0.99.39","cifar100","kernelpls","classification","accuracy",268,0.89216,10,123,"ordinary_fast",32,5
"0.99.39","cifar100","kernelpls","classification","accuracy",269,0.89222,10,123,"ordinary_fast",32,5
"0.99.39","cifar100","kernelpls","classification","accuracy",270,0.89224,10,123,"ordinary_fast",32,5
"0.99.39","cifar100","kernelpls","classification","accuracy",271,0.89222,10,123,"ordinary_fast",32,5
"0.99.39","cifar100","kernelpls","classification","accuracy",272,0.89218,10,123,"ordinary_fast",32,5
"0.99.39","cifar100","kernelpls","classification","accuracy",273,0.89208,10,123,"ordinary_fast",32,5
"0.99.39","cifar100","kernelpls","classification","accuracy",274,0.89212,10,123,"ordinary_fast",32,5
"0.99.39","cifar100","kernelpls","classification","accuracy",275,0.892,10,123,"ordinary_fast",32,5
"0.99.39","cifar100","kernelpls","classification","accuracy",276,0.89188,10,123,"ordinary_fast",32,5
"0.99.39","cifar100","kernelpls","classification","accuracy",277,0.89202,10,123,"ordinary_fast",32,5
"0.99.39","cifar100","kernelpls","classification","accuracy",278,0.89198,10,123,"ordinary_fast",32,5
"0.99.39","cifar100","kernelpls","classification","accuracy",279,0.89192,10,123,"ordinary_fast",32,5
"0.99.39","cifar100","kernelpls","classification","accuracy",280,0.89202,10,123,"ordinary_fast",32,5
"0.99.39","cifar100","kernelpls","classification","accuracy",281,0.89214,10,123,"ordinary_fast",32,5
"0.99.39","cifar100","kernelpls","classification","accuracy",282,0.89206,10,123,"ordinary_fast",32,5
"0.99.39","cifar100","kernelpls","classification","accuracy",283,0.89204,10,123,"ordinary_fast",32,5
"0.99.39","cifar100","kernelpls","classification","accuracy",284,0.89208,10,123,"ordinary_fast",32,5
"0.99.39","cifar100","kernelpls","classification","accuracy",285,0.89204,10,123,"ordinary_fast",32,5
"0.99.39","cifar100","kernelpls","classification","accuracy",286,0.892,10,123,"ordinary_fast",32,5
"0.99.39","cifar100","kernelpls","classification","accuracy",287,0.89216,10,123,"ordinary_fast",32,5
"0.99.39","cifar100","kernelpls","classification","accuracy",288,0.89202,10,123,"ordinary_fast",32,5
"0.99.39","cifar100","kernelpls","classification","accuracy",289,0.89202,10,123,"ordinary_fast",32,5
"0.99.39","cifar100","kernelpls","classification","accuracy",290,0.8921,10,123,"ordinary_fast",32,5
"0.99.39","cifar100","kernelpls","classification","accuracy",291,0.89204,10,123,"ordinary_fast",32,5
"0.99.39","cifar100","kernelpls","classification","accuracy",292,0.8921,10,123,"ordinary_fast",32,5
"0.99.39","cifar100","kernelpls","classification","accuracy",293,0.8922,10,123,"ordinary_fast",32,5
"0.99.39","cifar100","kernelpls","classification","accuracy",294,0.8922,10,123,"ordinary_fast",32,5
"0.99.39","cifar100","kernelpls","classification","accuracy",295,0.89208,10,123,"ordinary_fast",32,5
"0.99.39","cifar100","kernelpls","classification","accuracy",296,0.89202,10,123,"ordinary_fast",32,5
"0.99.39","cifar100","kernelpls","classification","accuracy",297,0.89186,10,123,"ordinary_fast",32,5
"0.99.39","cifar100","kernelpls","classification","accuracy",298,0.89198,10,123,"ordinary_fast",32,5
"0.99.39","cifar100","kernelpls","classification","accuracy",299,0.892,10,123,"ordinary_fast",32,5
"0.99.39","cifar100","kernelpls","classification","accuracy",300,0.89194,10,123,"ordinary_fast",32,5
"0.99.39","gtex_v8","plssvd","classification","accuracy",1,0.256666666666667,10,123,"not_applicable",32,5
"0.99.39","gtex_v8","plssvd","classification","accuracy",2,0.305666666666667,10,123,"not_applicable",32,5
"0.99.39","gtex_v8","plssvd","classification","accuracy",3,0.381666666666667,10,123,"not_applicable",32,5
"0.99.39","gtex_v8","plssvd","classification","accuracy",4,0.448666666666667,10,123,"not_applicable",32,5
"0.99.39","gtex_v8","plssvd","classification","accuracy",5,0.460666666666667,10,123,"not_applicable",32,5
"0.99.39","gtex_v8","plssvd","classification","accuracy",6,0.522666666666667,10,123,"not_applicable",32,5
"0.99.39","gtex_v8","plssvd","classification","accuracy",7,0.586,10,123,"not_applicable",32,5
"0.99.39","gtex_v8","plssvd","classification","accuracy",8,0.631333333333333,10,123,"not_applicable",32,5
"0.99.39","gtex_v8","plssvd","classification","accuracy",9,0.677333333333333,10,123,"not_applicable",32,5
"0.99.39","gtex_v8","plssvd","classification","accuracy",10,0.725666666666667,10,123,"not_applicable",32,5
"0.99.39","gtex_v8","plssvd","classification","accuracy",11,0.746333333333333,10,123,"not_applicable",32,5
"0.99.39","gtex_v8","plssvd","classification","accuracy",12,0.792333333333333,10,123,"not_applicable",32,5
"0.99.39","gtex_v8","plssvd","classification","accuracy",13,0.805666666666667,10,123,"not_applicable",32,5
"0.99.39","gtex_v8","plssvd","classification","accuracy",14,0.825,10,123,"not_applicable",32,5
"0.99.39","gtex_v8","plssvd","classification","accuracy",15,0.848333333333333,10,123,"not_applicable",32,5
"0.99.39","gtex_v8","plssvd","classification","accuracy",16,0.858666666666667,10,123,"not_applicable",32,5
"0.99.39","gtex_v8","plssvd","classification","accuracy",17,0.875333333333333,10,123,"not_applicable",32,5
"0.99.39","gtex_v8","plssvd","classification","accuracy",18,0.877666666666667,10,123,"not_applicable",32,5
"0.99.39","gtex_v8","plssvd","classification","accuracy",19,0.890666666666667,10,123,"not_applicable",32,5
"0.99.39","gtex_v8","plssvd","classification","accuracy",20,0.901333333333333,10,123,"not_applicable",32,5
"0.99.39","gtex_v8","plssvd","classification","accuracy",21,0.916,10,123,"not_applicable",32,5
"0.99.39","gtex_v8","plssvd","classification","accuracy",22,0.926666666666667,10,123,"not_applicable",32,5
"0.99.39","gtex_v8","plssvd","classification","accuracy",23,0.935,10,123,"not_applicable",32,5
"0.99.39","gtex_v8","plssvd","classification","accuracy",24,0.939333333333333,10,123,"not_applicable",32,5
"0.99.39","gtex_v8","plssvd","classification","accuracy",25,0.943333333333333,10,123,"not_applicable",32,5
"0.99.39","gtex_v8","plssvd","classification","accuracy",26,0.946666666666667,10,123,"not_applicable",32,5
"0.99.39","gtex_v8","plssvd","classification","accuracy",27,0.950333333333333,10,123,"not_applicable",32,5
"0.99.39","gtex_v8","plssvd","classification","accuracy",28,0.95,10,123,"not_applicable",32,5
"0.99.39","gtex_v8","plssvd","classification","accuracy",29,0.95,10,123,"not_applicable",32,5
"0.99.39","gtex_v8","plssvd","classification","accuracy",30,0.952,10,123,"not_applicable",32,5
"0.99.39","gtex_v8","plssvd","classification","accuracy",31,0.951,10,123,"not_applicable",32,5
"0.99.39","gtex_v8","simpls","classification","accuracy",1,0.256666666666667,10,123,"ordinary_fast",32,5
"0.99.39","gtex_v8","simpls","classification","accuracy",2,0.305333333333333,10,123,"ordinary_fast",32,5
"0.99.39","gtex_v8","simpls","classification","accuracy",3,0.382333333333333,10,123,"ordinary_fast",32,5
"0.99.39","gtex_v8","simpls","classification","accuracy",4,0.446,10,123,"ordinary_fast",32,5
"0.99.39","gtex_v8","simpls","classification","accuracy",5,0.460666666666667,10,123,"ordinary_fast",32,5
"0.99.39","gtex_v8","simpls","classification","accuracy",6,0.523666666666667,10,123,"ordinary_fast",32,5
"0.99.39","gtex_v8","simpls","classification","accuracy",7,0.584,10,123,"ordinary_fast",32,5
"0.99.39","gtex_v8","simpls","classification","accuracy",8,0.630666666666667,10,123,"ordinary_fast",32,5
"0.99.39","gtex_v8","simpls","classification","accuracy",9,0.677666666666667,10,123,"ordinary_fast",32,5
"0.99.39","gtex_v8","simpls","classification","accuracy",10,0.731,10,123,"ordinary_fast",32,5
"0.99.39","gtex_v8","simpls","classification","accuracy",11,0.758,10,123,"ordinary_fast",32,5
"0.99.39","gtex_v8","simpls","classification","accuracy",12,0.775666666666667,10,123,"ordinary_fast",32,5
"0.99.39","gtex_v8","simpls","classification","accuracy",13,0.781333333333333,10,123,"ordinary_fast",32,5
"0.99.39","gtex_v8","simpls","classification","accuracy",14,0.800333333333333,10,123,"ordinary_fast",32,5
"0.99.39","gtex_v8","simpls","classification","accuracy",15,0.821666666666667,10,123,"ordinary_fast",32,5
"0.99.39","gtex_v8","simpls","classification","accuracy",16,0.830666666666667,10,123,"ordinary_fast",32,5
"0.99.39","gtex_v8","simpls","classification","accuracy",17,0.846333333333333,10,123,"ordinary_fast",32,5
"0.99.39","gtex_v8","simpls","classification","accuracy",18,0.847666666666667,10,123,"ordinary_fast",32,5
"0.99.39","gtex_v8","simpls","classification","accuracy",19,0.876666666666667,10,123,"ordinary_fast",32,5
"0.99.39","gtex_v8","simpls","classification","accuracy",20,0.886333333333333,10,123,"ordinary_fast",32,5
"0.99.39","gtex_v8","simpls","classification","accuracy",21,0.889,10,123,"ordinary_fast",32,5
"0.99.39","gtex_v8","simpls","classification","accuracy",22,0.893666666666667,10,123,"ordinary_fast",32,5
"0.99.39","gtex_v8","simpls","classification","accuracy",23,0.903,10,123,"ordinary_fast",32,5
"0.99.39","gtex_v8","simpls","classification","accuracy",24,0.916,10,123,"ordinary_fast",32,5
"0.99.39","gtex_v8","simpls","classification","accuracy",25,0.92,10,123,"ordinary_fast",32,5
"0.99.39","gtex_v8","simpls","classification","accuracy",26,0.928333333333333,10,123,"ordinary_fast",32,5
"0.99.39","gtex_v8","simpls","classification","accuracy",27,0.933333333333333,10,123,"ordinary_fast",32,5
"0.99.39","gtex_v8","simpls","classification","accuracy",28,0.934,10,123,"ordinary_fast",32,5
"0.99.39","gtex_v8","simpls","classification","accuracy",29,0.937333333333333,10,123,"ordinary_fast",32,5
"0.99.39","gtex_v8","simpls","classification","accuracy",30,0.937666666666667,10,123,"ordinary_fast",32,5
"0.99.39","gtex_v8","simpls","classification","accuracy",31,0.938333333333333,10,123,"ordinary_fast",32,5
"0.99.39","gtex_v8","simpls","classification","accuracy",32,0.942,10,123,"ordinary_fast",32,5
"0.99.39","gtex_v8","simpls","classification","accuracy",33,0.941666666666667,10,123,"ordinary_fast",32,5
"0.99.39","gtex_v8","simpls","classification","accuracy",34,0.942666666666667,10,123,"ordinary_fast",32,5
"0.99.39","gtex_v8","simpls","classification","accuracy",35,0.942666666666667,10,123,"ordinary_fast",32,5
"0.99.39","gtex_v8","simpls","classification","accuracy",36,0.945666666666667,10,123,"ordinary_fast",32,5
"0.99.39","gtex_v8","simpls","classification","accuracy",37,0.947,10,123,"ordinary_fast",32,5
"0.99.39","gtex_v8","simpls","classification","accuracy",38,0.949,10,123,"ordinary_fast",32,5
"0.99.39","gtex_v8","simpls","classification","accuracy",39,0.949333333333333,10,123,"ordinary_fast",32,5
"0.99.39","gtex_v8","simpls","classification","accuracy",40,0.951333333333333,10,123,"ordinary_fast",32,5
"0.99.39","gtex_v8","simpls","classification","accuracy",41,0.953333333333333,10,123,"ordinary_fast",32,5
"0.99.39","gtex_v8","simpls","classification","accuracy",42,0.954,10,123,"ordinary_fast",32,5
"0.99.39","gtex_v8","simpls","classification","accuracy",43,0.954666666666667,10,123,"ordinary_fast",32,5
"0.99.39","gtex_v8","simpls","classification","accuracy",44,0.955333333333333,10,123,"ordinary_fast",32,5
"0.99.39","gtex_v8","simpls","classification","accuracy",45,0.957,10,123,"ordinary_fast",32,5
"0.99.39","gtex_v8","simpls","classification","accuracy",46,0.957333333333333,10,123,"ordinary_fast",32,5
"0.99.39","gtex_v8","simpls","classification","accuracy",47,0.958,10,123,"ordinary_fast",32,5
"0.99.39","gtex_v8","simpls","classification","accuracy",48,0.959666666666667,10,123,"ordinary_fast",32,5
"0.99.39","gtex_v8","simpls","classification","accuracy",49,0.959333333333333,10,123,"ordinary_fast",32,5
"0.99.39","gtex_v8","simpls","classification","accuracy",50,0.960666666666667,10,123,"ordinary_fast",32,5
"0.99.39","gtex_v8","simpls","classification","accuracy",51,0.961666666666667,10,123,"ordinary_fast",32,5
"0.99.39","gtex_v8","simpls","classification","accuracy",52,0.962333333333333,10,123,"ordinary_fast",32,5
"0.99.39","gtex_v8","simpls","classification","accuracy",53,0.963666666666667,10,123,"ordinary_fast",32,5
"0.99.39","gtex_v8","simpls","classification","accuracy",54,0.964,10,123,"ordinary_fast",32,5
"0.99.39","gtex_v8","simpls","classification","accuracy",55,0.963666666666667,10,123,"ordinary_fast",32,5
"0.99.39","gtex_v8","simpls","classification","accuracy",56,0.964333333333333,10,123,"ordinary_fast",32,5
"0.99.39","gtex_v8","simpls","classification","accuracy",57,0.964,10,123,"ordinary_fast",32,5
"0.99.39","gtex_v8","simpls","classification","accuracy",58,0.964333333333333,10,123,"ordinary_fast",32,5
"0.99.39","gtex_v8","simpls","classification","accuracy",59,0.965333333333333,10,123,"ordinary_fast",32,5
"0.99.39","gtex_v8","simpls","classification","accuracy",60,0.964666666666667,10,123,"ordinary_fast",32,5
"0.99.39","gtex_v8","simpls","classification","accuracy",61,0.965333333333333,10,123,"ordinary_fast",32,5
"0.99.39","gtex_v8","simpls","classification","accuracy",62,0.965666666666667,10,123,"ordinary_fast",32,5
"0.99.39","gtex_v8","simpls","classification","accuracy",63,0.966,10,123,"ordinary_fast",32,5
"0.99.39","gtex_v8","simpls","classification","accuracy",64,0.965666666666667,10,123,"ordinary_fast",32,5
"0.99.39","gtex_v8","simpls","classification","accuracy",65,0.966333333333333,10,123,"ordinary_fast",32,5
"0.99.39","gtex_v8","simpls","classification","accuracy",66,0.966,10,123,"ordinary_fast",32,5
"0.99.39","gtex_v8","simpls","classification","accuracy",67,0.965666666666667,10,123,"ordinary_fast",32,5
"0.99.39","gtex_v8","simpls","classification","accuracy",68,0.965666666666667,10,123,"ordinary_fast",32,5
"0.99.39","gtex_v8","simpls","classification","accuracy",69,0.966333333333333,10,123,"ordinary_fast",32,5
"0.99.39","gtex_v8","simpls","classification","accuracy",70,0.966666666666667,10,123,"ordinary_fast",32,5
"0.99.39","gtex_v8","simpls","classification","accuracy",71,0.966,10,123,"ordinary_fast",32,5
"0.99.39","gtex_v8","simpls","classification","accuracy",72,0.966,10,123,"ordinary_fast",32,5
"0.99.39","gtex_v8","simpls","classification","accuracy",73,0.966,10,123,"ordinary_fast",32,5
"0.99.39","gtex_v8","simpls","classification","accuracy",74,0.966333333333333,10,123,"ordinary_fast",32,5
"0.99.39","gtex_v8","simpls","classification","accuracy",75,0.966333333333333,10,123,"ordinary_fast",32,5
"0.99.39","gtex_v8","simpls","classification","accuracy",76,0.966666666666667,10,123,"ordinary_fast",32,5
"0.99.39","gtex_v8","simpls","classification","accuracy",77,0.966666666666667,10,123,"ordinary_fast",32,5
"0.99.39","gtex_v8","simpls","classification","accuracy",78,0.966333333333333,10,123,"ordinary_fast",32,5
"0.99.39","gtex_v8","simpls","classification","accuracy",79,0.966666666666667,10,123,"ordinary_fast",32,5
"0.99.39","gtex_v8","simpls","classification","accuracy",80,0.966666666666667,10,123,"ordinary_fast",32,5
"0.99.39","gtex_v8","simpls","classification","accuracy",81,0.967,10,123,"ordinary_fast",32,5
"0.99.39","gtex_v8","simpls","classification","accuracy",82,0.967,10,123,"ordinary_fast",32,5
"0.99.39","gtex_v8","simpls","classification","accuracy",83,0.967666666666667,10,123,"ordinary_fast",32,5
"0.99.39","gtex_v8","simpls","classification","accuracy",84,0.968333333333333,10,123,"ordinary_fast",32,5
"0.99.39","gtex_v8","simpls","classification","accuracy",85,0.968666666666667,10,123,"ordinary_fast",32,5
"0.99.39","gtex_v8","simpls","classification","accuracy",86,0.969333333333333,10,123,"ordinary_fast",32,5
"0.99.39","gtex_v8","simpls","classification","accuracy",87,0.969,10,123,"ordinary_fast",32,5
"0.99.39","gtex_v8","simpls","classification","accuracy",88,0.969,10,123,"ordinary_fast",32,5
"0.99.39","gtex_v8","simpls","classification","accuracy",89,0.969,10,123,"ordinary_fast",32,5
"0.99.39","gtex_v8","simpls","classification","accuracy",90,0.969,10,123,"ordinary_fast",32,5
"0.99.39","gtex_v8","simpls","classification","accuracy",91,0.969,10,123,"ordinary_fast",32,5
"0.99.39","gtex_v8","simpls","classification","accuracy",92,0.969,10,123,"ordinary_fast",32,5
"0.99.39","gtex_v8","simpls","classification","accuracy",93,0.968666666666667,10,123,"ordinary_fast",32,5
"0.99.39","gtex_v8","simpls","classification","accuracy",94,0.969,10,123,"ordinary_fast",32,5
"0.99.39","gtex_v8","simpls","classification","accuracy",95,0.969,10,123,"ordinary_fast",32,5
"0.99.39","gtex_v8","simpls","classification","accuracy",96,0.969,10,123,"ordinary_fast",32,5
"0.99.39","gtex_v8","simpls","classification","accuracy",97,0.969666666666667,10,123,"ordinary_fast",32,5
"0.99.39","gtex_v8","simpls","classification","accuracy",98,0.97,10,123,"ordinary_fast",32,5
"0.99.39","gtex_v8","simpls","classification","accuracy",99,0.969666666666667,10,123,"ordinary_fast",32,5
"0.99.39","gtex_v8","simpls","classification","accuracy",100,0.97,10,123,"ordinary_fast",32,5
"0.99.39","gtex_v8","simpls","classification","accuracy",101,0.97,10,123,"ordinary_fast",32,5
"0.99.39","gtex_v8","simpls","classification","accuracy",102,0.969333333333333,10,123,"ordinary_fast",32,5
"0.99.39","gtex_v8","simpls","classification","accuracy",103,0.969333333333333,10,123,"ordinary_fast",32,5
"0.99.39","gtex_v8","simpls","classification","accuracy",104,0.969,10,123,"ordinary_fast",32,5
"0.99.39","gtex_v8","simpls","classification","accuracy",105,0.969,10,123,"ordinary_fast",32,5
"0.99.39","gtex_v8","simpls","classification","accuracy",106,0.969333333333333,10,123,"ordinary_fast",32,5
"0.99.39","gtex_v8","simpls","classification","accuracy",107,0.968666666666667,10,123,"ordinary_fast",32,5
"0.99.39","gtex_v8","simpls","classification","accuracy",108,0.968666666666667,10,123,"ordinary_fast",32,5
"0.99.39","gtex_v8","simpls","classification","accuracy",109,0.969,10,123,"ordinary_fast",32,5
"0.99.39","gtex_v8","simpls","classification","accuracy",110,0.968333333333333,10,123,"ordinary_fast",32,5
"0.99.39","gtex_v8","simpls","classification","accuracy",111,0.969,10,123,"ordinary_fast",32,5
"0.99.39","gtex_v8","simpls","classification","accuracy",112,0.969333333333333,10,123,"ordinary_fast",32,5
"0.99.39","gtex_v8","simpls","classification","accuracy",113,0.969333333333333,10,123,"ordinary_fast",32,5
"0.99.39","gtex_v8","simpls","classification","accuracy",114,0.969333333333333,10,123,"ordinary_fast",32,5
"0.99.39","gtex_v8","simpls","classification","accuracy",115,0.969333333333333,10,123,"ordinary_fast",32,5
"0.99.39","gtex_v8","simpls","classification","accuracy",116,0.97,10,123,"ordinary_fast",32,5
"0.99.39","gtex_v8","simpls","classification","accuracy",117,0.969666666666667,10,123,"ordinary_fast",32,5
"0.99.39","gtex_v8","simpls","classification","accuracy",118,0.969666666666667,10,123,"ordinary_fast",32,5
"0.99.39","gtex_v8","simpls","classification","accuracy",119,0.969666666666667,10,123,"ordinary_fast",32,5
"0.99.39","gtex_v8","simpls","classification","accuracy",120,0.97,10,123,"ordinary_fast",32,5
"0.99.39","gtex_v8","simpls","classification","accuracy",121,0.97,10,123,"ordinary_fast",32,5
"0.99.39","gtex_v8","simpls","classification","accuracy",122,0.97,10,123,"ordinary_fast",32,5
"0.99.39","gtex_v8","simpls","classification","accuracy",123,0.970666666666667,10,123,"ordinary_fast",32,5
"0.99.39","gtex_v8","simpls","classification","accuracy",124,0.970666666666667,10,123,"ordinary_fast",32,5
"0.99.39","gtex_v8","simpls","classification","accuracy",125,0.970666666666667,10,123,"ordinary_fast",32,5
"0.99.39","gtex_v8","simpls","classification","accuracy",126,0.970666666666667,10,123,"ordinary_fast",32,5
"0.99.39","gtex_v8","simpls","classification","accuracy",127,0.970666666666667,10,123,"ordinary_fast",32,5
"0.99.39","gtex_v8","simpls","classification","accuracy",128,0.971,10,123,"ordinary_fast",32,5
"0.99.39","gtex_v8","simpls","classification","accuracy",129,0.970333333333333,10,123,"ordinary_fast",32,5
"0.99.39","gtex_v8","simpls","classification","accuracy",130,0.970333333333333,10,123,"ordinary_fast",32,5
"0.99.39","gtex_v8","simpls","classification","accuracy",131,0.97,10,123,"ordinary_fast",32,5
"0.99.39","gtex_v8","simpls","classification","accuracy",132,0.97,10,123,"ordinary_fast",32,5
"0.99.39","gtex_v8","simpls","classification","accuracy",133,0.970666666666667,10,123,"ordinary_fast",32,5
"0.99.39","gtex_v8","simpls","classification","accuracy",134,0.970666666666667,10,123,"ordinary_fast",32,5
"0.99.39","gtex_v8","simpls","classification","accuracy",135,0.970666666666667,10,123,"ordinary_fast",32,5
"0.99.39","gtex_v8","simpls","classification","accuracy",136,0.970666666666667,10,123,"ordinary_fast",32,5
"0.99.39","gtex_v8","simpls","classification","accuracy",137,0.971,10,123,"ordinary_fast",32,5
"0.99.39","gtex_v8","simpls","classification","accuracy",138,0.971,10,123,"ordinary_fast",32,5
"0.99.39","gtex_v8","simpls","classification","accuracy",139,0.971,10,123,"ordinary_fast",32,5
"0.99.39","gtex_v8","simpls","classification","accuracy",140,0.970666666666667,10,123,"ordinary_fast",32,5
"0.99.39","gtex_v8","simpls","classification","accuracy",141,0.970333333333333,10,123,"ordinary_fast",32,5
"0.99.39","gtex_v8","simpls","classification","accuracy",142,0.970333333333333,10,123,"ordinary_fast",32,5
"0.99.39","gtex_v8","simpls","classification","accuracy",143,0.970666666666667,10,123,"ordinary_fast",32,5
"0.99.39","gtex_v8","simpls","classification","accuracy",144,0.970666666666667,10,123,"ordinary_fast",32,5
"0.99.39","gtex_v8","simpls","classification","accuracy",145,0.971333333333333,10,123,"ordinary_fast",32,5
"0.99.39","gtex_v8","simpls","classification","accuracy",146,0.971333333333333,10,123,"ordinary_fast",32,5
"0.99.39","gtex_v8","simpls","classification","accuracy",147,0.971333333333333,10,123,"ordinary_fast",32,5
"0.99.39","gtex_v8","simpls","classification","accuracy",148,0.971333333333333,10,123,"ordinary_fast",32,5
"0.99.39","gtex_v8","simpls","classification","accuracy",149,0.971333333333333,10,123,"ordinary_fast",32,5
"0.99.39","gtex_v8","simpls","classification","accuracy",150,0.971333333333333,10,123,"ordinary_fast",32,5
"0.99.39","gtex_v8","simpls","classification","accuracy",151,0.971333333333333,10,123,"ordinary_fast",32,5
"0.99.39","gtex_v8","simpls","classification","accuracy",152,0.971333333333333,10,123,"ordinary_fast",32,5
"0.99.39","gtex_v8","simpls","classification","accuracy",153,0.971333333333333,10,123,"ordinary_fast",32,5
"0.99.39","gtex_v8","simpls","classification","accuracy",154,0.971,10,123,"ordinary_fast",32,5
"0.99.39","gtex_v8","simpls","classification","accuracy",155,0.971,10,123,"ordinary_fast",32,5
"0.99.39","gtex_v8","simpls","classification","accuracy",156,0.971,10,123,"ordinary_fast",32,5
"0.99.39","gtex_v8","simpls","classification","accuracy",157,0.971,10,123,"ordinary_fast",32,5
"0.99.39","gtex_v8","simpls","classification","accuracy",158,0.971,10,123,"ordinary_fast",32,5
"0.99.39","gtex_v8","simpls","classification","accuracy",159,0.970666666666667,10,123,"ordinary_fast",32,5
"0.99.39","gtex_v8","simpls","classification","accuracy",160,0.970666666666667,10,123,"ordinary_fast",32,5
"0.99.39","gtex_v8","simpls","classification","accuracy",161,0.970666666666667,10,123,"ordinary_fast",32,5
"0.99.39","gtex_v8","simpls","classification","accuracy",162,0.970666666666667,10,123,"ordinary_fast",32,5
"0.99.39","gtex_v8","simpls","classification","accuracy",163,0.971,10,123,"ordinary_fast",32,5
"0.99.39","gtex_v8","simpls","classification","accuracy",164,0.971,10,123,"ordinary_fast",32,5
"0.99.39","gtex_v8","simpls","classification","accuracy",165,0.970666666666667,10,123,"ordinary_fast",32,5
"0.99.39","gtex_v8","simpls","classification","accuracy",166,0.971,10,123,"ordinary_fast",32,5
"0.99.39","gtex_v8","simpls","classification","accuracy",167,0.970666666666667,10,123,"ordinary_fast",32,5
"0.99.39","gtex_v8","simpls","classification","accuracy",168,0.970666666666667,10,123,"ordinary_fast",32,5
"0.99.39","gtex_v8","simpls","classification","accuracy",169,0.971,10,123,"ordinary_fast",32,5
"0.99.39","gtex_v8","simpls","classification","accuracy",170,0.971,10,123,"ordinary_fast",32,5
"0.99.39","gtex_v8","simpls","classification","accuracy",171,0.971,10,123,"ordinary_fast",32,5
"0.99.39","gtex_v8","simpls","classification","accuracy",172,0.971,10,123,"ordinary_fast",32,5
"0.99.39","gtex_v8","simpls","classification","accuracy",173,0.971,10,123,"ordinary_fast",32,5
"0.99.39","gtex_v8","simpls","classification","accuracy",174,0.971,10,123,"ordinary_fast",32,5
"0.99.39","gtex_v8","simpls","classification","accuracy",175,0.971,10,123,"ordinary_fast",32,5
"0.99.39","gtex_v8","simpls","classification","accuracy",176,0.971,10,123,"ordinary_fast",32,5
"0.99.39","gtex_v8","simpls","classification","accuracy",177,0.971,10,123,"ordinary_fast",32,5
"0.99.39","gtex_v8","simpls","classification","accuracy",178,0.971,10,123,"ordinary_fast",32,5
"0.99.39","gtex_v8","simpls","classification","accuracy",179,0.971,10,123,"ordinary_fast",32,5
"0.99.39","gtex_v8","simpls","classification","accuracy",180,0.971333333333333,10,123,"ordinary_fast",32,5
"0.99.39","gtex_v8","simpls","classification","accuracy",181,0.971333333333333,10,123,"ordinary_fast",32,5
"0.99.39","gtex_v8","simpls","classification","accuracy",182,0.971333333333333,10,123,"ordinary_fast",32,5
"0.99.39","gtex_v8","simpls","classification","accuracy",183,0.971333333333333,10,123,"ordinary_fast",32,5
"0.99.39","gtex_v8","simpls","classification","accuracy",184,0.971333333333333,10,123,"ordinary_fast",32,5
"0.99.39","gtex_v8","simpls","classification","accuracy",185,0.971333333333333,10,123,"ordinary_fast",32,5
"0.99.39","gtex_v8","simpls","classification","accuracy",186,0.971333333333333,10,123,"ordinary_fast",32,5
"0.99.39","gtex_v8","simpls","classification","accuracy",187,0.971333333333333,10,123,"ordinary_fast",32,5
"0.99.39","gtex_v8","simpls","classification","accuracy",188,0.971333333333333,10,123,"ordinary_fast",32,5
"0.99.39","gtex_v8","simpls","classification","accuracy",189,0.971,10,123,"ordinary_fast",32,5
"0.99.39","gtex_v8","simpls","classification","accuracy",190,0.971666666666667,10,123,"ordinary_fast",32,5
"0.99.39","gtex_v8","simpls","classification","accuracy",191,0.971333333333333,10,123,"ordinary_fast",32,5
"0.99.39","gtex_v8","simpls","classification","accuracy",192,0.971333333333333,10,123,"ordinary_fast",32,5
"0.99.39","gtex_v8","simpls","classification","accuracy",193,0.971333333333333,10,123,"ordinary_fast",32,5
"0.99.39","gtex_v8","simpls","classification","accuracy",194,0.971333333333333,10,123,"ordinary_fast",32,5
"0.99.39","gtex_v8","simpls","classification","accuracy",195,0.971333333333333,10,123,"ordinary_fast",32,5
"0.99.39","gtex_v8","simpls","classification","accuracy",196,0.971333333333333,10,123,"ordinary_fast",32,5
"0.99.39","gtex_v8","simpls","classification","accuracy",197,0.971333333333333,10,123,"ordinary_fast",32,5
"0.99.39","gtex_v8","simpls","classification","accuracy",198,0.971,10,123,"ordinary_fast",32,5
"0.99.39","gtex_v8","simpls","classification","accuracy",199,0.971,10,123,"ordinary_fast",32,5
"0.99.39","gtex_v8","simpls","classification","accuracy",200,0.971,10,123,"ordinary_fast",32,5
"0.99.39","gtex_v8","opls","classification","accuracy",1,0.257,10,123,"ordinary_fast",32,5
"0.99.39","gtex_v8","opls","classification","accuracy",2,0.335666666666667,10,123,"ordinary_fast",32,5
"0.99.39","gtex_v8","opls","classification","accuracy",3,0.387666666666667,10,123,"ordinary_fast",32,5
"0.99.39","gtex_v8","opls","classification","accuracy",4,0.452333333333333,10,123,"ordinary_fast",32,5
"0.99.39","gtex_v8","opls","classification","accuracy",5,0.507666666666667,10,123,"ordinary_fast",32,5
"0.99.39","gtex_v8","opls","classification","accuracy",6,0.571666666666667,10,123,"ordinary_fast",32,5
"0.99.39","gtex_v8","opls","classification","accuracy",7,0.624666666666667,10,123,"ordinary_fast",32,5
"0.99.39","gtex_v8","opls","classification","accuracy",8,0.673,10,123,"ordinary_fast",32,5
"0.99.39","gtex_v8","opls","classification","accuracy",9,0.719333333333333,10,123,"ordinary_fast",32,5
"0.99.39","gtex_v8","opls","classification","accuracy",10,0.740333333333333,10,123,"ordinary_fast",32,5
"0.99.39","gtex_v8","opls","classification","accuracy",11,0.765333333333333,10,123,"ordinary_fast",32,5
"0.99.39","gtex_v8","opls","classification","accuracy",12,0.775333333333333,10,123,"ordinary_fast",32,5
"0.99.39","gtex_v8","opls","classification","accuracy",13,0.796,10,123,"ordinary_fast",32,5
"0.99.39","gtex_v8","opls","classification","accuracy",14,0.820666666666667,10,123,"ordinary_fast",32,5
"0.99.39","gtex_v8","opls","classification","accuracy",15,0.831666666666667,10,123,"ordinary_fast",32,5
"0.99.39","gtex_v8","opls","classification","accuracy",16,0.844333333333333,10,123,"ordinary_fast",32,5
"0.99.39","gtex_v8","opls","classification","accuracy",17,0.846,10,123,"ordinary_fast",32,5
"0.99.39","gtex_v8","opls","classification","accuracy",18,0.876,10,123,"ordinary_fast",32,5
"0.99.39","gtex_v8","opls","classification","accuracy",19,0.884333333333333,10,123,"ordinary_fast",32,5
"0.99.39","gtex_v8","opls","classification","accuracy",20,0.888666666666667,10,123,"ordinary_fast",32,5
"0.99.39","gtex_v8","opls","classification","accuracy",21,0.892666666666667,10,123,"ordinary_fast",32,5
"0.99.39","gtex_v8","opls","classification","accuracy",22,0.899333333333333,10,123,"ordinary_fast",32,5
"0.99.39","gtex_v8","opls","classification","accuracy",23,0.913666666666667,10,123,"ordinary_fast",32,5
"0.99.39","gtex_v8","opls","classification","accuracy",24,0.919,10,123,"ordinary_fast",32,5
"0.99.39","gtex_v8","opls","classification","accuracy",25,0.927,10,123,"ordinary_fast",32,5
"0.99.39","gtex_v8","opls","classification","accuracy",26,0.931666666666667,10,123,"ordinary_fast",32,5
"0.99.39","gtex_v8","opls","classification","accuracy",27,0.932333333333333,10,123,"ordinary_fast",32,5
"0.99.39","gtex_v8","opls","classification","accuracy",28,0.936333333333333,10,123,"ordinary_fast",32,5
"0.99.39","gtex_v8","opls","classification","accuracy",29,0.936666666666667,10,123,"ordinary_fast",32,5
"0.99.39","gtex_v8","opls","classification","accuracy",30,0.937,10,123,"ordinary_fast",32,5
"0.99.39","gtex_v8","opls","classification","accuracy",31,0.940666666666667,10,123,"ordinary_fast",32,5
"0.99.39","gtex_v8","opls","classification","accuracy",32,0.941333333333333,10,123,"ordinary_fast",32,5
"0.99.39","gtex_v8","opls","classification","accuracy",33,0.941666666666667,10,123,"ordinary_fast",32,5
"0.99.39","gtex_v8","opls","classification","accuracy",34,0.942333333333333,10,123,"ordinary_fast",32,5
"0.99.39","gtex_v8","opls","classification","accuracy",35,0.945,10,123,"ordinary_fast",32,5
"0.99.39","gtex_v8","opls","classification","accuracy",36,0.946333333333333,10,123,"ordinary_fast",32,5
"0.99.39","gtex_v8","opls","classification","accuracy",37,0.947,10,123,"ordinary_fast",32,5
"0.99.39","gtex_v8","opls","classification","accuracy",38,0.947333333333333,10,123,"ordinary_fast",32,5
"0.99.39","gtex_v8","opls","classification","accuracy",39,0.949666666666667,10,123,"ordinary_fast",32,5
"0.99.39","gtex_v8","opls","classification","accuracy",40,0.951666666666667,10,123,"ordinary_fast",32,5
"0.99.39","gtex_v8","opls","classification","accuracy",41,0.952,10,123,"ordinary_fast",32,5
"0.99.39","gtex_v8","opls","classification","accuracy",42,0.953666666666667,10,123,"ordinary_fast",32,5
"0.99.39","gtex_v8","opls","classification","accuracy",43,0.954333333333333,10,123,"ordinary_fast",32,5
"0.99.39","gtex_v8","opls","classification","accuracy",44,0.955333333333333,10,123,"ordinary_fast",32,5
"0.99.39","gtex_v8","opls","classification","accuracy",45,0.955333333333333,10,123,"ordinary_fast",32,5
"0.99.39","gtex_v8","opls","classification","accuracy",46,0.956333333333333,10,123,"ordinary_fast",32,5
"0.99.39","gtex_v8","opls","classification","accuracy",47,0.958,10,123,"ordinary_fast",32,5
"0.99.39","gtex_v8","opls","classification","accuracy",48,0.957666666666667,10,123,"ordinary_fast",32,5
"0.99.39","gtex_v8","opls","classification","accuracy",49,0.959,10,123,"ordinary_fast",32,5
"0.99.39","gtex_v8","opls","classification","accuracy",50,0.960333333333333,10,123,"ordinary_fast",32,5
"0.99.39","gtex_v8","opls","classification","accuracy",51,0.960666666666667,10,123,"ordinary_fast",32,5
"0.99.39","gtex_v8","opls","classification","accuracy",52,0.962,10,123,"ordinary_fast",32,5
"0.99.39","gtex_v8","opls","classification","accuracy",53,0.962666666666667,10,123,"ordinary_fast",32,5
"0.99.39","gtex_v8","opls","classification","accuracy",54,0.962666666666667,10,123,"ordinary_fast",32,5
"0.99.39","gtex_v8","opls","classification","accuracy",55,0.963,10,123,"ordinary_fast",32,5
"0.99.39","gtex_v8","opls","classification","accuracy",56,0.962333333333333,10,123,"ordinary_fast",32,5
"0.99.39","gtex_v8","opls","classification","accuracy",57,0.962666666666667,10,123,"ordinary_fast",32,5
"0.99.39","gtex_v8","opls","classification","accuracy",58,0.963666666666667,10,123,"ordinary_fast",32,5
"0.99.39","gtex_v8","opls","classification","accuracy",59,0.963,10,123,"ordinary_fast",32,5
"0.99.39","gtex_v8","opls","classification","accuracy",60,0.963666666666667,10,123,"ordinary_fast",32,5
"0.99.39","gtex_v8","opls","classification","accuracy",61,0.964333333333333,10,123,"ordinary_fast",32,5
"0.99.39","gtex_v8","opls","classification","accuracy",62,0.964666666666667,10,123,"ordinary_fast",32,5
"0.99.39","gtex_v8","opls","classification","accuracy",63,0.964666666666667,10,123,"ordinary_fast",32,5
"0.99.39","gtex_v8","opls","classification","accuracy",64,0.965,10,123,"ordinary_fast",32,5
"0.99.39","gtex_v8","opls","classification","accuracy",65,0.964333333333333,10,123,"ordinary_fast",32,5
"0.99.39","gtex_v8","opls","classification","accuracy",66,0.964333333333333,10,123,"ordinary_fast",32,5
"0.99.39","gtex_v8","opls","classification","accuracy",67,0.964,10,123,"ordinary_fast",32,5
"0.99.39","gtex_v8","opls","classification","accuracy",68,0.964333333333333,10,123,"ordinary_fast",32,5
"0.99.39","gtex_v8","opls","classification","accuracy",69,0.964333333333333,10,123,"ordinary_fast",32,5
"0.99.39","gtex_v8","opls","classification","accuracy",70,0.963666666666667,10,123,"ordinary_fast",32,5
"0.99.39","gtex_v8","opls","classification","accuracy",71,0.964333333333333,10,123,"ordinary_fast",32,5
"0.99.39","gtex_v8","opls","classification","accuracy",72,0.964,10,123,"ordinary_fast",32,5
"0.99.39","gtex_v8","opls","classification","accuracy",73,0.964333333333333,10,123,"ordinary_fast",32,5
"0.99.39","gtex_v8","opls","classification","accuracy",74,0.964333333333333,10,123,"ordinary_fast",32,5
"0.99.39","gtex_v8","opls","classification","accuracy",75,0.964666666666667,10,123,"ordinary_fast",32,5
"0.99.39","gtex_v8","opls","classification","accuracy",76,0.964666666666667,10,123,"ordinary_fast",32,5
"0.99.39","gtex_v8","opls","classification","accuracy",77,0.964666666666667,10,123,"ordinary_fast",32,5
"0.99.39","gtex_v8","opls","classification","accuracy",78,0.965,10,123,"ordinary_fast",32,5
"0.99.39","gtex_v8","opls","classification","accuracy",79,0.965,10,123,"ordinary_fast",32,5
"0.99.39","gtex_v8","opls","classification","accuracy",80,0.965,10,123,"ordinary_fast",32,5
"0.99.39","gtex_v8","opls","classification","accuracy",81,0.965,10,123,"ordinary_fast",32,5
"0.99.39","gtex_v8","opls","classification","accuracy",82,0.965333333333333,10,123,"ordinary_fast",32,5
"0.99.39","gtex_v8","opls","classification","accuracy",83,0.965666666666667,10,123,"ordinary_fast",32,5
"0.99.39","gtex_v8","opls","classification","accuracy",84,0.966333333333333,10,123,"ordinary_fast",32,5
"0.99.39","gtex_v8","opls","classification","accuracy",85,0.967,10,123,"ordinary_fast",32,5
"0.99.39","gtex_v8","opls","classification","accuracy",86,0.967,10,123,"ordinary_fast",32,5
"0.99.39","gtex_v8","opls","classification","accuracy",87,0.967,10,123,"ordinary_fast",32,5
"0.99.39","gtex_v8","opls","classification","accuracy",88,0.967333333333333,10,123,"ordinary_fast",32,5
"0.99.39","gtex_v8","opls","classification","accuracy",89,0.967333333333333,10,123,"ordinary_fast",32,5
"0.99.39","gtex_v8","opls","classification","accuracy",90,0.967333333333333,10,123,"ordinary_fast",32,5
"0.99.39","gtex_v8","opls","classification","accuracy",91,0.967333333333333,10,123,"ordinary_fast",32,5
"0.99.39","gtex_v8","opls","classification","accuracy",92,0.967,10,123,"ordinary_fast",32,5
"0.99.39","gtex_v8","opls","classification","accuracy",93,0.967333333333333,10,123,"ordinary_fast",32,5
"0.99.39","gtex_v8","opls","classification","accuracy",94,0.967333333333333,10,123,"ordinary_fast",32,5
"0.99.39","gtex_v8","opls","classification","accuracy",95,0.967333333333333,10,123,"ordinary_fast",32,5
"0.99.39","gtex_v8","opls","classification","accuracy",96,0.967666666666667,10,123,"ordinary_fast",32,5
"0.99.39","gtex_v8","opls","classification","accuracy",97,0.968333333333333,10,123,"ordinary_fast",32,5
"0.99.39","gtex_v8","opls","classification","accuracy",98,0.967666666666667,10,123,"ordinary_fast",32,5
"0.99.39","gtex_v8","opls","classification","accuracy",99,0.968333333333333,10,123,"ordinary_fast",32,5
"0.99.39","gtex_v8","opls","classification","accuracy",100,0.968333333333333,10,123,"ordinary_fast",32,5
"0.99.39","gtex_v8","opls","classification","accuracy",101,0.968,10,123,"ordinary_fast",32,5
"0.99.39","gtex_v8","opls","classification","accuracy",102,0.968,10,123,"ordinary_fast",32,5
"0.99.39","gtex_v8","opls","classification","accuracy",103,0.968,10,123,"ordinary_fast",32,5
"0.99.39","gtex_v8","opls","classification","accuracy",104,0.968,10,123,"ordinary_fast",32,5
"0.99.39","gtex_v8","opls","classification","accuracy",105,0.967666666666667,10,123,"ordinary_fast",32,5
"0.99.39","gtex_v8","opls","classification","accuracy",106,0.967666666666667,10,123,"ordinary_fast",32,5
"0.99.39","gtex_v8","opls","classification","accuracy",107,0.967666666666667,10,123,"ordinary_fast",32,5
"0.99.39","gtex_v8","opls","classification","accuracy",108,0.967666666666667,10,123,"ordinary_fast",32,5
"0.99.39","gtex_v8","opls","classification","accuracy",109,0.967,10,123,"ordinary_fast",32,5
"0.99.39","gtex_v8","opls","classification","accuracy",110,0.967666666666667,10,123,"ordinary_fast",32,5
"0.99.39","gtex_v8","opls","classification","accuracy",111,0.968,10,123,"ordinary_fast",32,5
"0.99.39","gtex_v8","opls","classification","accuracy",112,0.968,10,123,"ordinary_fast",32,5
"0.99.39","gtex_v8","opls","classification","accuracy",113,0.968,10,123,"ordinary_fast",32,5
"0.99.39","gtex_v8","opls","classification","accuracy",114,0.968333333333333,10,123,"ordinary_fast",32,5
"0.99.39","gtex_v8","opls","classification","accuracy",115,0.968,10,123,"ordinary_fast",32,5
"0.99.39","gtex_v8","opls","classification","accuracy",116,0.968,10,123,"ordinary_fast",32,5
"0.99.39","gtex_v8","opls","classification","accuracy",117,0.968,10,123,"ordinary_fast",32,5
"0.99.39","gtex_v8","opls","classification","accuracy",118,0.968,10,123,"ordinary_fast",32,5
"0.99.39","gtex_v8","opls","classification","accuracy",119,0.968,10,123,"ordinary_fast",32,5
"0.99.39","gtex_v8","opls","classification","accuracy",120,0.968,10,123,"ordinary_fast",32,5
"0.99.39","gtex_v8","opls","classification","accuracy",121,0.968,10,123,"ordinary_fast",32,5
"0.99.39","gtex_v8","opls","classification","accuracy",122,0.968333333333333,10,123,"ordinary_fast",32,5
"0.99.39","gtex_v8","opls","classification","accuracy",123,0.968333333333333,10,123,"ordinary_fast",32,5
"0.99.39","gtex_v8","opls","classification","accuracy",124,0.968666666666667,10,123,"ordinary_fast",32,5
"0.99.39","gtex_v8","opls","classification","accuracy",125,0.969,10,123,"ordinary_fast",32,5
"0.99.39","gtex_v8","opls","classification","accuracy",126,0.969,10,123,"ordinary_fast",32,5
"0.99.39","gtex_v8","opls","classification","accuracy",127,0.969333333333333,10,123,"ordinary_fast",32,5
"0.99.39","gtex_v8","opls","classification","accuracy",128,0.968666666666667,10,123,"ordinary_fast",32,5
"0.99.39","gtex_v8","opls","classification","accuracy",129,0.968666666666667,10,123,"ordinary_fast",32,5
"0.99.39","gtex_v8","opls","classification","accuracy",130,0.968333333333333,10,123,"ordinary_fast",32,5
"0.99.39","gtex_v8","opls","classification","accuracy",131,0.967666666666667,10,123,"ordinary_fast",32,5
"0.99.39","gtex_v8","opls","classification","accuracy",132,0.968,10,123,"ordinary_fast",32,5
"0.99.39","gtex_v8","opls","classification","accuracy",133,0.968,10,123,"ordinary_fast",32,5
"0.99.39","gtex_v8","opls","classification","accuracy",134,0.968333333333333,10,123,"ordinary_fast",32,5
"0.99.39","gtex_v8","opls","classification","accuracy",135,0.968666666666667,10,123,"ordinary_fast",32,5
"0.99.39","gtex_v8","opls","classification","accuracy",136,0.969,10,123,"ordinary_fast",32,5
"0.99.39","gtex_v8","opls","classification","accuracy",137,0.968666666666667,10,123,"ordinary_fast",32,5
"0.99.39","gtex_v8","opls","classification","accuracy",138,0.968666666666667,10,123,"ordinary_fast",32,5
"0.99.39","gtex_v8","opls","classification","accuracy",139,0.968666666666667,10,123,"ordinary_fast",32,5
"0.99.39","gtex_v8","opls","classification","accuracy",140,0.968666666666667,10,123,"ordinary_fast",32,5
"0.99.39","gtex_v8","opls","classification","accuracy",141,0.968666666666667,10,123,"ordinary_fast",32,5
"0.99.39","gtex_v8","opls","classification","accuracy",142,0.968666666666667,10,123,"ordinary_fast",32,5
"0.99.39","gtex_v8","opls","classification","accuracy",143,0.968666666666667,10,123,"ordinary_fast",32,5
"0.99.39","gtex_v8","opls","classification","accuracy",144,0.969333333333333,10,123,"ordinary_fast",32,5
"0.99.39","gtex_v8","opls","classification","accuracy",145,0.969666666666667,10,123,"ordinary_fast",32,5
"0.99.39","gtex_v8","opls","classification","accuracy",146,0.969666666666667,10,123,"ordinary_fast",32,5
"0.99.39","gtex_v8","opls","classification","accuracy",147,0.969666666666667,10,123,"ordinary_fast",32,5
"0.99.39","gtex_v8","opls","classification","accuracy",148,0.969666666666667,10,123,"ordinary_fast",32,5
"0.99.39","gtex_v8","opls","classification","accuracy",149,0.969666666666667,10,123,"ordinary_fast",32,5
"0.99.39","gtex_v8","opls","classification","accuracy",150,0.969666666666667,10,123,"ordinary_fast",32,5
"0.99.39","gtex_v8","opls","classification","accuracy",151,0.969666666666667,10,123,"ordinary_fast",32,5
"0.99.39","gtex_v8","opls","classification","accuracy",152,0.969666666666667,10,123,"ordinary_fast",32,5
"0.99.39","gtex_v8","opls","classification","accuracy",153,0.969666666666667,10,123,"ordinary_fast",32,5
"0.99.39","gtex_v8","opls","classification","accuracy",154,0.969666666666667,10,123,"ordinary_fast",32,5
"0.99.39","gtex_v8","opls","classification","accuracy",155,0.969666666666667,10,123,"ordinary_fast",32,5
"0.99.39","gtex_v8","opls","classification","accuracy",156,0.969666666666667,10,123,"ordinary_fast",32,5
"0.99.39","gtex_v8","opls","classification","accuracy",157,0.969333333333333,10,123,"ordinary_fast",32,5
"0.99.39","gtex_v8","opls","classification","accuracy",158,0.969,10,123,"ordinary_fast",32,5
"0.99.39","gtex_v8","opls","classification","accuracy",159,0.969333333333333,10,123,"ordinary_fast",32,5
"0.99.39","gtex_v8","opls","classification","accuracy",160,0.969333333333333,10,123,"ordinary_fast",32,5
"0.99.39","gtex_v8","opls","classification","accuracy",161,0.969333333333333,10,123,"ordinary_fast",32,5
"0.99.39","gtex_v8","opls","classification","accuracy",162,0.969333333333333,10,123,"ordinary_fast",32,5
"0.99.39","gtex_v8","opls","classification","accuracy",163,0.969333333333333,10,123,"ordinary_fast",32,5
"0.99.39","gtex_v8","opls","classification","accuracy",164,0.969333333333333,10,123,"ordinary_fast",32,5
"0.99.39","gtex_v8","opls","classification","accuracy",165,0.969333333333333,10,123,"ordinary_fast",32,5
"0.99.39","gtex_v8","opls","classification","accuracy",166,0.969333333333333,10,123,"ordinary_fast",32,5
"0.99.39","gtex_v8","opls","classification","accuracy",167,0.969333333333333,10,123,"ordinary_fast",32,5
"0.99.39","gtex_v8","opls","classification","accuracy",168,0.969,10,123,"ordinary_fast",32,5
"0.99.39","gtex_v8","opls","classification","accuracy",169,0.969,10,123,"ordinary_fast",32,5
"0.99.39","gtex_v8","opls","classification","accuracy",170,0.969333333333333,10,123,"ordinary_fast",32,5
"0.99.39","gtex_v8","opls","classification","accuracy",171,0.969333333333333,10,123,"ordinary_fast",32,5
"0.99.39","gtex_v8","opls","classification","accuracy",172,0.969333333333333,10,123,"ordinary_fast",32,5
"0.99.39","gtex_v8","opls","classification","accuracy",173,0.969333333333333,10,123,"ordinary_fast",32,5
"0.99.39","gtex_v8","opls","classification","accuracy",174,0.969333333333333,10,123,"ordinary_fast",32,5
"0.99.39","gtex_v8","opls","classification","accuracy",175,0.969333333333333,10,123,"ordinary_fast",32,5
"0.99.39","gtex_v8","opls","classification","accuracy",176,0.969333333333333,10,123,"ordinary_fast",32,5
"0.99.39","gtex_v8","opls","classification","accuracy",177,0.969333333333333,10,123,"ordinary_fast",32,5
"0.99.39","gtex_v8","opls","classification","accuracy",178,0.969666666666667,10,123,"ordinary_fast",32,5
"0.99.39","gtex_v8","opls","classification","accuracy",179,0.97,10,123,"ordinary_fast",32,5
"0.99.39","gtex_v8","opls","classification","accuracy",180,0.97,10,123,"ordinary_fast",32,5
"0.99.39","gtex_v8","opls","classification","accuracy",181,0.969666666666667,10,123,"ordinary_fast",32,5
"0.99.39","gtex_v8","opls","classification","accuracy",182,0.969666666666667,10,123,"ordinary_fast",32,5
"0.99.39","gtex_v8","opls","classification","accuracy",183,0.97,10,123,"ordinary_fast",32,5
"0.99.39","gtex_v8","opls","classification","accuracy",184,0.97,10,123,"ordinary_fast",32,5
"0.99.39","gtex_v8","opls","classification","accuracy",185,0.969666666666667,10,123,"ordinary_fast",32,5
"0.99.39","gtex_v8","opls","classification","accuracy",186,0.97,10,123,"ordinary_fast",32,5
"0.99.39","gtex_v8","opls","classification","accuracy",187,0.969666666666667,10,123,"ordinary_fast",32,5
"0.99.39","gtex_v8","opls","classification","accuracy",188,0.969666666666667,10,123,"ordinary_fast",32,5
"0.99.39","gtex_v8","opls","classification","accuracy",189,0.969666666666667,10,123,"ordinary_fast",32,5
"0.99.39","gtex_v8","opls","classification","accuracy",190,0.969333333333333,10,123,"ordinary_fast",32,5
"0.99.39","gtex_v8","opls","classification","accuracy",191,0.97,10,123,"ordinary_fast",32,5
"0.99.39","gtex_v8","opls","classification","accuracy",192,0.97,10,123,"ordinary_fast",32,5
"0.99.39","gtex_v8","opls","classification","accuracy",193,0.97,10,123,"ordinary_fast",32,5
"0.99.39","gtex_v8","opls","classification","accuracy",194,0.969666666666667,10,123,"ordinary_fast",32,5
"0.99.39","gtex_v8","opls","classification","accuracy",195,0.969666666666667,10,123,"ordinary_fast",32,5
"0.99.39","gtex_v8","opls","classification","accuracy",196,0.969666666666667,10,123,"ordinary_fast",32,5
"0.99.39","gtex_v8","opls","classification","accuracy",197,0.969666666666667,10,123,"ordinary_fast",32,5
"0.99.39","gtex_v8","opls","classification","accuracy",198,0.969666666666667,10,123,"ordinary_fast",32,5
"0.99.39","gtex_v8","opls","classification","accuracy",199,0.969666666666667,10,123,"ordinary_fast",32,5
"0.99.39","gtex_v8","opls","classification","accuracy",200,0.969666666666667,10,123,"ordinary_fast",32,5
"0.99.39","gtex_v8","kernelpls","classification","accuracy",1,0.256666666666667,10,123,"ordinary_fast",32,5
"0.99.39","gtex_v8","kernelpls","classification","accuracy",2,0.305333333333333,10,123,"ordinary_fast",32,5
"0.99.39","gtex_v8","kernelpls","classification","accuracy",3,0.382333333333333,10,123,"ordinary_fast",32,5
"0.99.39","gtex_v8","kernelpls","classification","accuracy",4,0.446,10,123,"ordinary_fast",32,5
"0.99.39","gtex_v8","kernelpls","classification","accuracy",5,0.460666666666667,10,123,"ordinary_fast",32,5
"0.99.39","gtex_v8","kernelpls","classification","accuracy",6,0.523666666666667,10,123,"ordinary_fast",32,5
"0.99.39","gtex_v8","kernelpls","classification","accuracy",7,0.584,10,123,"ordinary_fast",32,5
"0.99.39","gtex_v8","kernelpls","classification","accuracy",8,0.630666666666667,10,123,"ordinary_fast",32,5
"0.99.39","gtex_v8","kernelpls","classification","accuracy",9,0.677666666666667,10,123,"ordinary_fast",32,5
"0.99.39","gtex_v8","kernelpls","classification","accuracy",10,0.731,10,123,"ordinary_fast",32,5
"0.99.39","gtex_v8","kernelpls","classification","accuracy",11,0.758,10,123,"ordinary_fast",32,5
"0.99.39","gtex_v8","kernelpls","classification","accuracy",12,0.775666666666667,10,123,"ordinary_fast",32,5
"0.99.39","gtex_v8","kernelpls","classification","accuracy",13,0.781333333333333,10,123,"ordinary_fast",32,5
"0.99.39","gtex_v8","kernelpls","classification","accuracy",14,0.800333333333333,10,123,"ordinary_fast",32,5
"0.99.39","gtex_v8","kernelpls","classification","accuracy",15,0.821666666666667,10,123,"ordinary_fast",32,5
"0.99.39","gtex_v8","kernelpls","classification","accuracy",16,0.830666666666667,10,123,"ordinary_fast",32,5
"0.99.39","gtex_v8","kernelpls","classification","accuracy",17,0.846333333333333,10,123,"ordinary_fast",32,5
"0.99.39","gtex_v8","kernelpls","classification","accuracy",18,0.847666666666667,10,123,"ordinary_fast",32,5
"0.99.39","gtex_v8","kernelpls","classification","accuracy",19,0.876666666666667,10,123,"ordinary_fast",32,5
"0.99.39","gtex_v8","kernelpls","classification","accuracy",20,0.886333333333333,10,123,"ordinary_fast",32,5
"0.99.39","gtex_v8","kernelpls","classification","accuracy",21,0.889,10,123,"ordinary_fast",32,5
"0.99.39","gtex_v8","kernelpls","classification","accuracy",22,0.893666666666667,10,123,"ordinary_fast",32,5
"0.99.39","gtex_v8","kernelpls","classification","accuracy",23,0.903,10,123,"ordinary_fast",32,5
"0.99.39","gtex_v8","kernelpls","classification","accuracy",24,0.916,10,123,"ordinary_fast",32,5
"0.99.39","gtex_v8","kernelpls","classification","accuracy",25,0.92,10,123,"ordinary_fast",32,5
"0.99.39","gtex_v8","kernelpls","classification","accuracy",26,0.928333333333333,10,123,"ordinary_fast",32,5
"0.99.39","gtex_v8","kernelpls","classification","accuracy",27,0.933333333333333,10,123,"ordinary_fast",32,5
"0.99.39","gtex_v8","kernelpls","classification","accuracy",28,0.934,10,123,"ordinary_fast",32,5
"0.99.39","gtex_v8","kernelpls","classification","accuracy",29,0.937333333333333,10,123,"ordinary_fast",32,5
"0.99.39","gtex_v8","kernelpls","classification","accuracy",30,0.937666666666667,10,123,"ordinary_fast",32,5
"0.99.39","gtex_v8","kernelpls","classification","accuracy",31,0.938333333333333,10,123,"ordinary_fast",32,5
"0.99.39","gtex_v8","kernelpls","classification","accuracy",32,0.942,10,123,"ordinary_fast",32,5
"0.99.39","gtex_v8","kernelpls","classification","accuracy",33,0.941666666666667,10,123,"ordinary_fast",32,5
"0.99.39","gtex_v8","kernelpls","classification","accuracy",34,0.942666666666667,10,123,"ordinary_fast",32,5
"0.99.39","gtex_v8","kernelpls","classification","accuracy",35,0.942666666666667,10,123,"ordinary_fast",32,5
"0.99.39","gtex_v8","kernelpls","classification","accuracy",36,0.945666666666667,10,123,"ordinary_fast",32,5
"0.99.39","gtex_v8","kernelpls","classification","accuracy",37,0.947,10,123,"ordinary_fast",32,5
"0.99.39","gtex_v8","kernelpls","classification","accuracy",38,0.949,10,123,"ordinary_fast",32,5
"0.99.39","gtex_v8","kernelpls","classification","accuracy",39,0.949333333333333,10,123,"ordinary_fast",32,5
"0.99.39","gtex_v8","kernelpls","classification","accuracy",40,0.951333333333333,10,123,"ordinary_fast",32,5
"0.99.39","gtex_v8","kernelpls","classification","accuracy",41,0.953333333333333,10,123,"ordinary_fast",32,5
"0.99.39","gtex_v8","kernelpls","classification","accuracy",42,0.954,10,123,"ordinary_fast",32,5
"0.99.39","gtex_v8","kernelpls","classification","accuracy",43,0.954666666666667,10,123,"ordinary_fast",32,5
"0.99.39","gtex_v8","kernelpls","classification","accuracy",44,0.955333333333333,10,123,"ordinary_fast",32,5
"0.99.39","gtex_v8","kernelpls","classification","accuracy",45,0.957,10,123,"ordinary_fast",32,5
"0.99.39","gtex_v8","kernelpls","classification","accuracy",46,0.957333333333333,10,123,"ordinary_fast",32,5
"0.99.39","gtex_v8","kernelpls","classification","accuracy",47,0.958,10,123,"ordinary_fast",32,5
"0.99.39","gtex_v8","kernelpls","classification","accuracy",48,0.959666666666667,10,123,"ordinary_fast",32,5
"0.99.39","gtex_v8","kernelpls","classification","accuracy",49,0.959333333333333,10,123,"ordinary_fast",32,5
"0.99.39","gtex_v8","kernelpls","classification","accuracy",50,0.960666666666667,10,123,"ordinary_fast",32,5
"0.99.39","gtex_v8","kernelpls","classification","accuracy",51,0.961666666666667,10,123,"ordinary_fast",32,5
"0.99.39","gtex_v8","kernelpls","classification","accuracy",52,0.962333333333333,10,123,"ordinary_fast",32,5
"0.99.39","gtex_v8","kernelpls","classification","accuracy",53,0.963666666666667,10,123,"ordinary_fast",32,5
"0.99.39","gtex_v8","kernelpls","classification","accuracy",54,0.964,10,123,"ordinary_fast",32,5
"0.99.39","gtex_v8","kernelpls","classification","accuracy",55,0.963666666666667,10,123,"ordinary_fast",32,5
"0.99.39","gtex_v8","kernelpls","classification","accuracy",56,0.964333333333333,10,123,"ordinary_fast",32,5
"0.99.39","gtex_v8","kernelpls","classification","accuracy",57,0.964,10,123,"ordinary_fast",32,5
"0.99.39","gtex_v8","kernelpls","classification","accuracy",58,0.964333333333333,10,123,"ordinary_fast",32,5
"0.99.39","gtex_v8","kernelpls","classification","accuracy",59,0.965333333333333,10,123,"ordinary_fast",32,5
"0.99.39","gtex_v8","kernelpls","classification","accuracy",60,0.964666666666667,10,123,"ordinary_fast",32,5
"0.99.39","gtex_v8","kernelpls","classification","accuracy",61,0.965333333333333,10,123,"ordinary_fast",32,5
"0.99.39","gtex_v8","kernelpls","classification","accuracy",62,0.965666666666667,10,123,"ordinary_fast",32,5
"0.99.39","gtex_v8","kernelpls","classification","accuracy",63,0.966,10,123,"ordinary_fast",32,5
"0.99.39","gtex_v8","kernelpls","classification","accuracy",64,0.965666666666667,10,123,"ordinary_fast",32,5
"0.99.39","gtex_v8","kernelpls","classification","accuracy",65,0.966333333333333,10,123,"ordinary_fast",32,5
"0.99.39","gtex_v8","kernelpls","classification","accuracy",66,0.966,10,123,"ordinary_fast",32,5
"0.99.39","gtex_v8","kernelpls","classification","accuracy",67,0.965666666666667,10,123,"ordinary_fast",32,5
"0.99.39","gtex_v8","kernelpls","classification","accuracy",68,0.965666666666667,10,123,"ordinary_fast",32,5
"0.99.39","gtex_v8","kernelpls","classification","accuracy",69,0.966333333333333,10,123,"ordinary_fast",32,5
"0.99.39","gtex_v8","kernelpls","classification","accuracy",70,0.966666666666667,10,123,"ordinary_fast",32,5
"0.99.39","gtex_v8","kernelpls","classification","accuracy",71,0.966,10,123,"ordinary_fast",32,5
"0.99.39","gtex_v8","kernelpls","classification","accuracy",72,0.966,10,123,"ordinary_fast",32,5
"0.99.39","gtex_v8","kernelpls","classification","accuracy",73,0.966,10,123,"ordinary_fast",32,5
"0.99.39","gtex_v8","kernelpls","classification","accuracy",74,0.966333333333333,10,123,"ordinary_fast",32,5
"0.99.39","gtex_v8","kernelpls","classification","accuracy",75,0.966333333333333,10,123,"ordinary_fast",32,5
"0.99.39","gtex_v8","kernelpls","classification","accuracy",76,0.966666666666667,10,123,"ordinary_fast",32,5
"0.99.39","gtex_v8","kernelpls","classification","accuracy",77,0.966666666666667,10,123,"ordinary_fast",32,5
"0.99.39","gtex_v8","kernelpls","classification","accuracy",78,0.966333333333333,10,123,"ordinary_fast",32,5
"0.99.39","gtex_v8","kernelpls","classification","accuracy",79,0.966666666666667,10,123,"ordinary_fast",32,5
"0.99.39","gtex_v8","kernelpls","classification","accuracy",80,0.966666666666667,10,123,"ordinary_fast",32,5
"0.99.39","gtex_v8","kernelpls","classification","accuracy",81,0.967,10,123,"ordinary_fast",32,5
"0.99.39","gtex_v8","kernelpls","classification","accuracy",82,0.967,10,123,"ordinary_fast",32,5
"0.99.39","gtex_v8","kernelpls","classification","accuracy",83,0.967666666666667,10,123,"ordinary_fast",32,5
"0.99.39","gtex_v8","kernelpls","classification","accuracy",84,0.968333333333333,10,123,"ordinary_fast",32,5
"0.99.39","gtex_v8","kernelpls","classification","accuracy",85,0.968666666666667,10,123,"ordinary_fast",32,5
"0.99.39","gtex_v8","kernelpls","classification","accuracy",86,0.969333333333333,10,123,"ordinary_fast",32,5
"0.99.39","gtex_v8","kernelpls","classification","accuracy",87,0.969,10,123,"ordinary_fast",32,5
"0.99.39","gtex_v8","kernelpls","classification","accuracy",88,0.969,10,123,"ordinary_fast",32,5
"0.99.39","gtex_v8","kernelpls","classification","accuracy",89,0.969,10,123,"ordinary_fast",32,5
"0.99.39","gtex_v8","kernelpls","classification","accuracy",90,0.969,10,123,"ordinary_fast",32,5
"0.99.39","gtex_v8","kernelpls","classification","accuracy",91,0.969,10,123,"ordinary_fast",32,5
"0.99.39","gtex_v8","kernelpls","classification","accuracy",92,0.969,10,123,"ordinary_fast",32,5
"0.99.39","gtex_v8","kernelpls","classification","accuracy",93,0.968666666666667,10,123,"ordinary_fast",32,5
"0.99.39","gtex_v8","kernelpls","classification","accuracy",94,0.969,10,123,"ordinary_fast",32,5
"0.99.39","gtex_v8","kernelpls","classification","accuracy",95,0.969,10,123,"ordinary_fast",32,5
"0.99.39","gtex_v8","kernelpls","classification","accuracy",96,0.969,10,123,"ordinary_fast",32,5
"0.99.39","gtex_v8","kernelpls","classification","accuracy",97,0.969666666666667,10,123,"ordinary_fast",32,5
"0.99.39","gtex_v8","kernelpls","classification","accuracy",98,0.97,10,123,"ordinary_fast",32,5
"0.99.39","gtex_v8","kernelpls","classification","accuracy",99,0.969666666666667,10,123,"ordinary_fast",32,5
"0.99.39","gtex_v8","kernelpls","classification","accuracy",100,0.97,10,123,"ordinary_fast",32,5
"0.99.39","gtex_v8","kernelpls","classification","accuracy",101,0.97,10,123,"ordinary_fast",32,5
"0.99.39","gtex_v8","kernelpls","classification","accuracy",102,0.969333333333333,10,123,"ordinary_fast",32,5
"0.99.39","gtex_v8","kernelpls","classification","accuracy",103,0.969333333333333,10,123,"ordinary_fast",32,5
"0.99.39","gtex_v8","kernelpls","classification","accuracy",104,0.969,10,123,"ordinary_fast",32,5
"0.99.39","gtex_v8","kernelpls","classification","accuracy",105,0.969,10,123,"ordinary_fast",32,5
"0.99.39","gtex_v8","kernelpls","classification","accuracy",106,0.969333333333333,10,123,"ordinary_fast",32,5
"0.99.39","gtex_v8","kernelpls","classification","accuracy",107,0.968666666666667,10,123,"ordinary_fast",32,5
"0.99.39","gtex_v8","kernelpls","classification","accuracy",108,0.968666666666667,10,123,"ordinary_fast",32,5
"0.99.39","gtex_v8","kernelpls","classification","accuracy",109,0.969,10,123,"ordinary_fast",32,5
"0.99.39","gtex_v8","kernelpls","classification","accuracy",110,0.968333333333333,10,123,"ordinary_fast",32,5
"0.99.39","gtex_v8","kernelpls","classification","accuracy",111,0.969,10,123,"ordinary_fast",32,5
"0.99.39","gtex_v8","kernelpls","classification","accuracy",112,0.969333333333333,10,123,"ordinary_fast",32,5
"0.99.39","gtex_v8","kernelpls","classification","accuracy",113,0.969333333333333,10,123,"ordinary_fast",32,5
"0.99.39","gtex_v8","kernelpls","classification","accuracy",114,0.969333333333333,10,123,"ordinary_fast",32,5
"0.99.39","gtex_v8","kernelpls","classification","accuracy",115,0.969333333333333,10,123,"ordinary_fast",32,5
"0.99.39","gtex_v8","kernelpls","classification","accuracy",116,0.97,10,123,"ordinary_fast",32,5
"0.99.39","gtex_v8","kernelpls","classification","accuracy",117,0.969666666666667,10,123,"ordinary_fast",32,5
"0.99.39","gtex_v8","kernelpls","classification","accuracy",118,0.969666666666667,10,123,"ordinary_fast",32,5
"0.99.39","gtex_v8","kernelpls","classification","accuracy",119,0.969666666666667,10,123,"ordinary_fast",32,5
"0.99.39","gtex_v8","kernelpls","classification","accuracy",120,0.97,10,123,"ordinary_fast",32,5
"0.99.39","gtex_v8","kernelpls","classification","accuracy",121,0.97,10,123,"ordinary_fast",32,5
"0.99.39","gtex_v8","kernelpls","classification","accuracy",122,0.97,10,123,"ordinary_fast",32,5
"0.99.39","gtex_v8","kernelpls","classification","accuracy",123,0.970666666666667,10,123,"ordinary_fast",32,5
"0.99.39","gtex_v8","kernelpls","classification","accuracy",124,0.970666666666667,10,123,"ordinary_fast",32,5
"0.99.39","gtex_v8","kernelpls","classification","accuracy",125,0.970666666666667,10,123,"ordinary_fast",32,5
"0.99.39","gtex_v8","kernelpls","classification","accuracy",126,0.970666666666667,10,123,"ordinary_fast",32,5
"0.99.39","gtex_v8","kernelpls","classification","accuracy",127,0.970666666666667,10,123,"ordinary_fast",32,5
"0.99.39","gtex_v8","kernelpls","classification","accuracy",128,0.971,10,123,"ordinary_fast",32,5
"0.99.39","gtex_v8","kernelpls","classification","accuracy",129,0.970333333333333,10,123,"ordinary_fast",32,5
"0.99.39","gtex_v8","kernelpls","classification","accuracy",130,0.970333333333333,10,123,"ordinary_fast",32,5
"0.99.39","gtex_v8","kernelpls","classification","accuracy",131,0.97,10,123,"ordinary_fast",32,5
"0.99.39","gtex_v8","kernelpls","classification","accuracy",132,0.97,10,123,"ordinary_fast",32,5
"0.99.39","gtex_v8","kernelpls","classification","accuracy",133,0.970666666666667,10,123,"ordinary_fast",32,5
"0.99.39","gtex_v8","kernelpls","classification","accuracy",134,0.970666666666667,10,123,"ordinary_fast",32,5
"0.99.39","gtex_v8","kernelpls","classification","accuracy",135,0.970666666666667,10,123,"ordinary_fast",32,5
"0.99.39","gtex_v8","kernelpls","classification","accuracy",136,0.970666666666667,10,123,"ordinary_fast",32,5
"0.99.39","gtex_v8","kernelpls","classification","accuracy",137,0.971,10,123,"ordinary_fast",32,5
"0.99.39","gtex_v8","kernelpls","classification","accuracy",138,0.971,10,123,"ordinary_fast",32,5
"0.99.39","gtex_v8","kernelpls","classification","accuracy",139,0.971,10,123,"ordinary_fast",32,5
"0.99.39","gtex_v8","kernelpls","classification","accuracy",140,0.970666666666667,10,123,"ordinary_fast",32,5
"0.99.39","gtex_v8","kernelpls","classification","accuracy",141,0.970333333333333,10,123,"ordinary_fast",32,5
"0.99.39","gtex_v8","kernelpls","classification","accuracy",142,0.970333333333333,10,123,"ordinary_fast",32,5
"0.99.39","gtex_v8","kernelpls","classification","accuracy",143,0.970666666666667,10,123,"ordinary_fast",32,5
"0.99.39","gtex_v8","kernelpls","classification","accuracy",144,0.970666666666667,10,123,"ordinary_fast",32,5
"0.99.39","gtex_v8","kernelpls","classification","accuracy",145,0.971333333333333,10,123,"ordinary_fast",32,5
"0.99.39","gtex_v8","kernelpls","classification","accuracy",146,0.971333333333333,10,123,"ordinary_fast",32,5
"0.99.39","gtex_v8","kernelpls","classification","accuracy",147,0.971333333333333,10,123,"ordinary_fast",32,5
"0.99.39","gtex_v8","kernelpls","classification","accuracy",148,0.971333333333333,10,123,"ordinary_fast",32,5
"0.99.39","gtex_v8","kernelpls","classification","accuracy",149,0.971333333333333,10,123,"ordinary_fast",32,5
"0.99.39","gtex_v8","kernelpls","classification","accuracy",150,0.971333333333333,10,123,"ordinary_fast",32,5
"0.99.39","gtex_v8","kernelpls","classification","accuracy",151,0.971333333333333,10,123,"ordinary_fast",32,5
"0.99.39","gtex_v8","kernelpls","classification","accuracy",152,0.971333333333333,10,123,"ordinary_fast",32,5
"0.99.39","gtex_v8","kernelpls","classification","accuracy",153,0.971333333333333,10,123,"ordinary_fast",32,5
"0.99.39","gtex_v8","kernelpls","classification","accuracy",154,0.971,10,123,"ordinary_fast",32,5
"0.99.39","gtex_v8","kernelpls","classification","accuracy",155,0.971,10,123,"ordinary_fast",32,5
"0.99.39","gtex_v8","kernelpls","classification","accuracy",156,0.971,10,123,"ordinary_fast",32,5
"0.99.39","gtex_v8","kernelpls","classification","accuracy",157,0.971,10,123,"ordinary_fast",32,5
"0.99.39","gtex_v8","kernelpls","classification","accuracy",158,0.971,10,123,"ordinary_fast",32,5
"0.99.39","gtex_v8","kernelpls","classification","accuracy",159,0.970666666666667,10,123,"ordinary_fast",32,5
"0.99.39","gtex_v8","kernelpls","classification","accuracy",160,0.970666666666667,10,123,"ordinary_fast",32,5
"0.99.39","gtex_v8","kernelpls","classification","accuracy",161,0.970666666666667,10,123,"ordinary_fast",32,5
"0.99.39","gtex_v8","kernelpls","classification","accuracy",162,0.970666666666667,10,123,"ordinary_fast",32,5
"0.99.39","gtex_v8","kernelpls","classification","accuracy",163,0.971,10,123,"ordinary_fast",32,5
"0.99.39","gtex_v8","kernelpls","classification","accuracy",164,0.971,10,123,"ordinary_fast",32,5
"0.99.39","gtex_v8","kernelpls","classification","accuracy",165,0.970666666666667,10,123,"ordinary_fast",32,5
"0.99.39","gtex_v8","kernelpls","classification","accuracy",166,0.971,10,123,"ordinary_fast",32,5
"0.99.39","gtex_v8","kernelpls","classification","accuracy",167,0.970666666666667,10,123,"ordinary_fast",32,5
"0.99.39","gtex_v8","kernelpls","classification","accuracy",168,0.970666666666667,10,123,"ordinary_fast",32,5
"0.99.39","gtex_v8","kernelpls","classification","accuracy",169,0.971,10,123,"ordinary_fast",32,5
"0.99.39","gtex_v8","kernelpls","classification","accuracy",170,0.971,10,123,"ordinary_fast",32,5
"0.99.39","gtex_v8","kernelpls","classification","accuracy",171,0.971,10,123,"ordinary_fast",32,5
"0.99.39","gtex_v8","kernelpls","classification","accuracy",172,0.971,10,123,"ordinary_fast",32,5
"0.99.39","gtex_v8","kernelpls","classification","accuracy",173,0.971,10,123,"ordinary_fast",32,5
"0.99.39","gtex_v8","kernelpls","classification","accuracy",174,0.971,10,123,"ordinary_fast",32,5
"0.99.39","gtex_v8","kernelpls","classification","accuracy",175,0.971,10,123,"ordinary_fast",32,5
"0.99.39","gtex_v8","kernelpls","classification","accuracy",176,0.971,10,123,"ordinary_fast",32,5
"0.99.39","gtex_v8","kernelpls","classification","accuracy",177,0.971,10,123,"ordinary_fast",32,5
"0.99.39","gtex_v8","kernelpls","classification","accuracy",178,0.971,10,123,"ordinary_fast",32,5
"0.99.39","gtex_v8","kernelpls","classification","accuracy",179,0.971,10,123,"ordinary_fast",32,5
"0.99.39","gtex_v8","kernelpls","classification","accuracy",180,0.971333333333333,10,123,"ordinary_fast",32,5
"0.99.39","gtex_v8","kernelpls","classification","accuracy",181,0.971333333333333,10,123,"ordinary_fast",32,5
"0.99.39","gtex_v8","kernelpls","classification","accuracy",182,0.971333333333333,10,123,"ordinary_fast",32,5
"0.99.39","gtex_v8","kernelpls","classification","accuracy",183,0.971333333333333,10,123,"ordinary_fast",32,5
"0.99.39","gtex_v8","kernelpls","classification","accuracy",184,0.971333333333333,10,123,"ordinary_fast",32,5
"0.99.39","gtex_v8","kernelpls","classification","accuracy",185,0.971333333333333,10,123,"ordinary_fast",32,5
"0.99.39","gtex_v8","kernelpls","classification","accuracy",186,0.971333333333333,10,123,"ordinary_fast",32,5
"0.99.39","gtex_v8","kernelpls","classification","accuracy",187,0.971333333333333,10,123,"ordinary_fast",32,5
"0.99.39","gtex_v8","kernelpls","classification","accuracy",188,0.971333333333333,10,123,"ordinary_fast",32,5
"0.99.39","gtex_v8","kernelpls","classification","accuracy",189,0.971,10,123,"ordinary_fast",32,5
"0.99.39","gtex_v8","kernelpls","classification","accuracy",190,0.971666666666667,10,123,"ordinary_fast",32,5
"0.99.39","gtex_v8","kernelpls","classification","accuracy",191,0.971333333333333,10,123,"ordinary_fast",32,5
"0.99.39","gtex_v8","kernelpls","classification","accuracy",192,0.971333333333333,10,123,"ordinary_fast",32,5
"0.99.39","gtex_v8","kernelpls","classification","accuracy",193,0.971333333333333,10,123,"ordinary_fast",32,5
"0.99.39","gtex_v8","kernelpls","classification","accuracy",194,0.971333333333333,10,123,"ordinary_fast",32,5
"0.99.39","gtex_v8","kernelpls","classification","accuracy",195,0.971333333333333,10,123,"ordinary_fast",32,5
"0.99.39","gtex_v8","kernelpls","classification","accuracy",196,0.971333333333333,10,123,"ordinary_fast",32,5
"0.99.39","gtex_v8","kernelpls","classification","accuracy",197,0.971333333333333,10,123,"ordinary_fast",32,5
"0.99.39","gtex_v8","kernelpls","classification","accuracy",198,0.971,10,123,"ordinary_fast",32,5
"0.99.39","gtex_v8","kernelpls","classification","accuracy",199,0.971,10,123,"ordinary_fast",32,5
"0.99.39","gtex_v8","kernelpls","classification","accuracy",200,0.971,10,123,"ordinary_fast",32,5
"0.99.39","metref","plssvd","classification","accuracy",1,0.102199223803364,10,123,"not_applicable",32,5
"0.99.39","metref","plssvd","classification","accuracy",2,0.115135834411384,10,123,"not_applicable",32,5
"0.99.39","metref","plssvd","classification","accuracy",3,0.205692108667529,10,123,"not_applicable",32,5
"0.99.39","metref","plssvd","classification","accuracy",4,0.288486416558862,10,123,"not_applicable",32,5
"0.99.39","metref","plssvd","classification","accuracy",5,0.33117723156533,10,123,"not_applicable",32,5
"0.99.39","metref","plssvd","classification","accuracy",6,0.386804657179819,10,123,"not_applicable",32,5
"0.99.39","metref","plssvd","classification","accuracy",7,0.4372574385511,10,123,"not_applicable",32,5
"0.99.39","metref","plssvd","classification","accuracy",8,0.491591203104787,10,123,"not_applicable",32,5
"0.99.39","metref","plssvd","classification","accuracy",9,0.530401034928849,10,123,"not_applicable",32,5
"0.99.39","metref","plssvd","classification","accuracy",10,0.55627425614489,10,123,"not_applicable",32,5
"0.99.39","metref","plssvd","classification","accuracy",11,0.561448900388098,10,123,"not_applicable",32,5
"0.99.39","metref","plssvd","classification","accuracy",12,0.575679172056921,10,123,"not_applicable",32,5
"0.99.39","metref","plssvd","classification","accuracy",13,0.591203104786546,10,123,"not_applicable",32,5
"0.99.39","metref","plssvd","classification","accuracy",14,0.614489003880983,10,123,"not_applicable",32,5
"0.99.39","metref","plssvd","classification","accuracy",15,0.623544631306598,10,123,"not_applicable",32,5
"0.99.39","metref","plssvd","classification","accuracy",16,0.652005174644243,10,123,"not_applicable",32,5
"0.99.39","metref","plssvd","classification","accuracy",17,0.685640362225097,10,123,"not_applicable",32,5
"0.99.39","metref","plssvd","classification","accuracy",18,0.698576972833118,10,123,"not_applicable",32,5
"0.99.39","metref","plssvd","classification","accuracy",19,0.721862871927555,10,123,"not_applicable",32,5
"0.99.39","metref","plssvd","classification","accuracy",20,0.752910737386805,10,123,"not_applicable",32,5
"0.99.39","metref","plssvd","classification","accuracy",21,0.76843467011643,10,123,"not_applicable",32,5
"0.99.39","metref","simpls","classification","accuracy",1,0.102199223803364,10,123,"ordinary_fast",32,5
"0.99.39","metref","simpls","classification","accuracy",2,0.115135834411384,10,123,"ordinary_fast",32,5
"0.99.39","metref","simpls","classification","accuracy",3,0.164294954721863,10,123,"ordinary_fast",32,5
"0.99.39","metref","simpls","classification","accuracy",4,0.283311772315653,10,123,"ordinary_fast",32,5
"0.99.39","metref","simpls","classification","accuracy",5,0.320827943078913,10,123,"ordinary_fast",32,5
"0.99.39","metref","simpls","classification","accuracy",6,0.369987063389392,10,123,"ordinary_fast",32,5
"0.99.39","metref","simpls","classification","accuracy",7,0.426908150064683,10,123,"ordinary_fast",32,5
"0.99.39","metref","simpls","classification","accuracy",8,0.496765847347995,10,123,"ordinary_fast",32,5
"0.99.39","metref","simpls","classification","accuracy",9,0.530401034928849,10,123,"ordinary_fast",32,5
"0.99.39","metref","simpls","classification","accuracy",10,0.540750323415265,10,123,"ordinary_fast",32,5
"0.99.39","metref","simpls","classification","accuracy",11,0.55627425614489,10,123,"ordinary_fast",32,5
"0.99.39","metref","simpls","classification","accuracy",12,0.565329883570505,10,123,"ordinary_fast",32,5
"0.99.39","metref","simpls","classification","accuracy",13,0.59379042690815,10,123,"ordinary_fast",32,5
"0.99.39","metref","simpls","classification","accuracy",14,0.627425614489004,10,123,"ordinary_fast",32,5
"0.99.39","metref","simpls","classification","accuracy",15,0.630012936610608,10,123,"ordinary_fast",32,5
"0.99.39","metref","simpls","classification","accuracy",16,0.653298835705045,10,123,"ordinary_fast",32,5
"0.99.39","metref","simpls","classification","accuracy",17,0.679172056921087,10,123,"ordinary_fast",32,5
"0.99.39","metref","simpls","classification","accuracy",18,0.694695989650712,10,123,"ordinary_fast",32,5
"0.99.39","metref","simpls","classification","accuracy",19,0.736093143596378,10,123,"ordinary_fast",32,5
"0.99.39","metref","simpls","classification","accuracy",20,0.742561448900388,10,123,"ordinary_fast",32,5
"0.99.39","metref","simpls","classification","accuracy",21,0.758085381630013,10,123,"ordinary_fast",32,5
"0.99.39","metref","simpls","classification","accuracy",22,0.761966364812419,10,123,"ordinary_fast",32,5
"0.99.39","metref","simpls","classification","accuracy",23,0.782664941785252,10,123,"ordinary_fast",32,5
"0.99.39","metref","simpls","classification","accuracy",24,0.785252263906856,10,123,"ordinary_fast",32,5
"0.99.39","metref","simpls","classification","accuracy",25,0.794307891332471,10,123,"ordinary_fast",32,5
"0.99.39","metref","simpls","classification","accuracy",26,0.815006468305304,10,123,"ordinary_fast",32,5
"0.99.39","metref","simpls","classification","accuracy",27,0.834411384217335,10,123,"ordinary_fast",32,5
"0.99.39","metref","simpls","classification","accuracy",28,0.858990944372574,10,123,"ordinary_fast",32,5
"0.99.39","metref","simpls","classification","accuracy",29,0.85640362225097,10,123,"ordinary_fast",32,5
"0.99.39","metref","simpls","classification","accuracy",30,0.857697283311772,10,123,"ordinary_fast",32,5
"0.99.39","metref","simpls","classification","accuracy",31,0.870633893919793,10,123,"ordinary_fast",32,5
"0.99.39","metref","simpls","classification","accuracy",32,0.88098318240621,10,123,"ordinary_fast",32,5
"0.99.39","metref","simpls","classification","accuracy",33,0.890038809831824,10,123,"ordinary_fast",32,5
"0.99.39","metref","simpls","classification","accuracy",34,0.89391979301423,10,123,"ordinary_fast",32,5
"0.99.39","metref","simpls","classification","accuracy",35,0.909443725743855,10,123,"ordinary_fast",32,5
"0.99.39","metref","simpls","classification","accuracy",36,0.917205692108668,10,123,"ordinary_fast",32,5
"0.99.39","metref","simpls","classification","accuracy",37,0.913324708926261,10,123,"ordinary_fast",32,5
"0.99.39","metref","simpls","classification","accuracy",38,0.919793014230272,10,123,"ordinary_fast",32,5
"0.99.39","metref","simpls","classification","accuracy",39,0.926261319534282,10,123,"ordinary_fast",32,5
"0.99.39","metref","simpls","classification","accuracy",40,0.932729624838292,10,123,"ordinary_fast",32,5
"0.99.39","metref","simpls","classification","accuracy",41,0.937904269081501,10,123,"ordinary_fast",32,5
"0.99.39","metref","simpls","classification","accuracy",42,0.940491591203105,10,123,"ordinary_fast",32,5
"0.99.39","metref","simpls","classification","accuracy",43,0.945666235446313,10,123,"ordinary_fast",32,5
"0.99.39","metref","simpls","classification","accuracy",44,0.946959896507115,10,123,"ordinary_fast",32,5
"0.99.39","metref","simpls","classification","accuracy",45,0.945666235446313,10,123,"ordinary_fast",32,5
"0.99.39","metref","simpls","classification","accuracy",46,0.944372574385511,10,123,"ordinary_fast",32,5
"0.99.39","metref","simpls","classification","accuracy",47,0.949547218628719,10,123,"ordinary_fast",32,5
"0.99.39","metref","simpls","classification","accuracy",48,0.950840879689521,10,123,"ordinary_fast",32,5
"0.99.39","metref","simpls","classification","accuracy",49,0.957309184993532,10,123,"ordinary_fast",32,5
"0.99.39","metref","simpls","classification","accuracy",50,0.95601552393273,10,123,"ordinary_fast",32,5
"0.99.39","metref","simpls","classification","accuracy",51,0.958602846054334,10,123,"ordinary_fast",32,5
"0.99.39","metref","simpls","classification","accuracy",52,0.96248382923674,10,123,"ordinary_fast",32,5
"0.99.39","metref","simpls","classification","accuracy",53,0.963777490297542,10,123,"ordinary_fast",32,5
"0.99.39","metref","simpls","classification","accuracy",54,0.965071151358344,10,123,"ordinary_fast",32,5
"0.99.39","metref","simpls","classification","accuracy",55,0.967658473479948,10,123,"ordinary_fast",32,5
"0.99.39","metref","simpls","classification","accuracy",56,0.966364812419146,10,123,"ordinary_fast",32,5
"0.99.39","metref","simpls","classification","accuracy",57,0.967658473479948,10,123,"ordinary_fast",32,5
"0.99.39","metref","simpls","classification","accuracy",58,0.96895213454075,10,123,"ordinary_fast",32,5
"0.99.39","metref","simpls","classification","accuracy",59,0.971539456662354,10,123,"ordinary_fast",32,5
"0.99.39","metref","simpls","classification","accuracy",60,0.971539456662354,10,123,"ordinary_fast",32,5
"0.99.39","metref","simpls","classification","accuracy",61,0.970245795601552,10,123,"ordinary_fast",32,5
"0.99.39","metref","simpls","classification","accuracy",62,0.971539456662354,10,123,"ordinary_fast",32,5
"0.99.39","metref","simpls","classification","accuracy",63,0.972833117723157,10,123,"ordinary_fast",32,5
"0.99.39","metref","simpls","classification","accuracy",64,0.974126778783959,10,123,"ordinary_fast",32,5
"0.99.39","metref","simpls","classification","accuracy",65,0.980595084087969,10,123,"ordinary_fast",32,5
"0.99.39","metref","simpls","classification","accuracy",66,0.978007761966365,10,123,"ordinary_fast",32,5
"0.99.39","metref","simpls","classification","accuracy",67,0.981888745148771,10,123,"ordinary_fast",32,5
"0.99.39","metref","simpls","classification","accuracy",68,0.984476067270375,10,123,"ordinary_fast",32,5
"0.99.39","metref","simpls","classification","accuracy",69,0.980595084087969,10,123,"ordinary_fast",32,5
"0.99.39","metref","simpls","classification","accuracy",70,0.979301423027167,10,123,"ordinary_fast",32,5
"0.99.39","metref","simpls","classification","accuracy",71,0.979301423027167,10,123,"ordinary_fast",32,5
"0.99.39","metref","simpls","classification","accuracy",72,0.980595084087969,10,123,"ordinary_fast",32,5
"0.99.39","metref","simpls","classification","accuracy",73,0.981888745148771,10,123,"ordinary_fast",32,5
"0.99.39","metref","simpls","classification","accuracy",74,0.978007761966365,10,123,"ordinary_fast",32,5
"0.99.39","metref","simpls","classification","accuracy",75,0.980595084087969,10,123,"ordinary_fast",32,5
"0.99.39","metref","simpls","classification","accuracy",76,0.980595084087969,10,123,"ordinary_fast",32,5
"0.99.39","metref","simpls","classification","accuracy",77,0.979301423027167,10,123,"ordinary_fast",32,5
"0.99.39","metref","simpls","classification","accuracy",78,0.981888745148771,10,123,"ordinary_fast",32,5
"0.99.39","metref","simpls","classification","accuracy",79,0.980595084087969,10,123,"ordinary_fast",32,5
"0.99.39","metref","simpls","classification","accuracy",80,0.984476067270375,10,123,"ordinary_fast",32,5
"0.99.39","metref","simpls","classification","accuracy",81,0.984476067270375,10,123,"ordinary_fast",32,5
"0.99.39","metref","simpls","classification","accuracy",82,0.984476067270375,10,123,"ordinary_fast",32,5
"0.99.39","metref","simpls","classification","accuracy",83,0.983182406209573,10,123,"ordinary_fast",32,5
"0.99.39","metref","simpls","classification","accuracy",84,0.984476067270375,10,123,"ordinary_fast",32,5
"0.99.39","metref","simpls","classification","accuracy",85,0.984476067270375,10,123,"ordinary_fast",32,5
"0.99.39","metref","simpls","classification","accuracy",86,0.984476067270375,10,123,"ordinary_fast",32,5
"0.99.39","metref","simpls","classification","accuracy",87,0.985769728331177,10,123,"ordinary_fast",32,5
"0.99.39","metref","simpls","classification","accuracy",88,0.985769728331177,10,123,"ordinary_fast",32,5
"0.99.39","metref","simpls","classification","accuracy",89,0.985769728331177,10,123,"ordinary_fast",32,5
"0.99.39","metref","simpls","classification","accuracy",90,0.984476067270375,10,123,"ordinary_fast",32,5
"0.99.39","metref","simpls","classification","accuracy",91,0.984476067270375,10,123,"ordinary_fast",32,5
"0.99.39","metref","simpls","classification","accuracy",92,0.983182406209573,10,123,"ordinary_fast",32,5
"0.99.39","metref","simpls","classification","accuracy",93,0.983182406209573,10,123,"ordinary_fast",32,5
"0.99.39","metref","simpls","classification","accuracy",94,0.983182406209573,10,123,"ordinary_fast",32,5
"0.99.39","metref","simpls","classification","accuracy",95,0.984476067270375,10,123,"ordinary_fast",32,5
"0.99.39","metref","simpls","classification","accuracy",96,0.984476067270375,10,123,"ordinary_fast",32,5
"0.99.39","metref","simpls","classification","accuracy",97,0.984476067270375,10,123,"ordinary_fast",32,5
"0.99.39","metref","simpls","classification","accuracy",98,0.985769728331177,10,123,"ordinary_fast",32,5
"0.99.39","metref","simpls","classification","accuracy",99,0.985769728331177,10,123,"ordinary_fast",32,5
"0.99.39","metref","simpls","classification","accuracy",100,0.987063389391979,10,123,"ordinary_fast",32,5
"0.99.39","metref","simpls","classification","accuracy",101,0.985769728331177,10,123,"ordinary_fast",32,5
"0.99.39","metref","simpls","classification","accuracy",102,0.988357050452781,10,123,"ordinary_fast",32,5
"0.99.39","metref","simpls","classification","accuracy",103,0.988357050452781,10,123,"ordinary_fast",32,5
"0.99.39","metref","simpls","classification","accuracy",104,0.988357050452781,10,123,"ordinary_fast",32,5
"0.99.39","metref","simpls","classification","accuracy",105,0.989650711513583,10,123,"ordinary_fast",32,5
"0.99.39","metref","simpls","classification","accuracy",106,0.988357050452781,10,123,"ordinary_fast",32,5
"0.99.39","metref","simpls","classification","accuracy",107,0.988357050452781,10,123,"ordinary_fast",32,5
"0.99.39","metref","simpls","classification","accuracy",108,0.987063389391979,10,123,"ordinary_fast",32,5
"0.99.39","metref","simpls","classification","accuracy",109,0.985769728331177,10,123,"ordinary_fast",32,5
"0.99.39","metref","simpls","classification","accuracy",110,0.989650711513583,10,123,"ordinary_fast",32,5
"0.99.39","metref","simpls","classification","accuracy",111,0.989650711513583,10,123,"ordinary_fast",32,5
"0.99.39","metref","simpls","classification","accuracy",112,0.989650711513583,10,123,"ordinary_fast",32,5
"0.99.39","metref","simpls","classification","accuracy",113,0.989650711513583,10,123,"ordinary_fast",32,5
"0.99.39","metref","simpls","classification","accuracy",114,0.989650711513583,10,123,"ordinary_fast",32,5
"0.99.39","metref","simpls","classification","accuracy",115,0.990944372574386,10,123,"ordinary_fast",32,5
"0.99.39","metref","simpls","classification","accuracy",116,0.989650711513583,10,123,"ordinary_fast",32,5
"0.99.39","metref","simpls","classification","accuracy",117,0.989650711513583,10,123,"ordinary_fast",32,5
"0.99.39","metref","simpls","classification","accuracy",118,0.992238033635188,10,123,"ordinary_fast",32,5
"0.99.39","metref","simpls","classification","accuracy",119,0.990944372574386,10,123,"ordinary_fast",32,5
"0.99.39","metref","simpls","classification","accuracy",120,0.990944372574386,10,123,"ordinary_fast",32,5
"0.99.39","metref","simpls","classification","accuracy",121,0.990944372574386,10,123,"ordinary_fast",32,5
"0.99.39","metref","simpls","classification","accuracy",122,0.990944372574386,10,123,"ordinary_fast",32,5
"0.99.39","metref","simpls","classification","accuracy",123,0.990944372574386,10,123,"ordinary_fast",32,5
"0.99.39","metref","simpls","classification","accuracy",124,0.990944372574386,10,123,"ordinary_fast",32,5
"0.99.39","metref","simpls","classification","accuracy",125,0.992238033635188,10,123,"ordinary_fast",32,5
"0.99.39","metref","simpls","classification","accuracy",126,0.989650711513583,10,123,"ordinary_fast",32,5
"0.99.39","metref","simpls","classification","accuracy",127,0.989650711513583,10,123,"ordinary_fast",32,5
"0.99.39","metref","simpls","classification","accuracy",128,0.990944372574386,10,123,"ordinary_fast",32,5
"0.99.39","metref","simpls","classification","accuracy",129,0.990944372574386,10,123,"ordinary_fast",32,5
"0.99.39","metref","simpls","classification","accuracy",130,0.990944372574386,10,123,"ordinary_fast",32,5
"0.99.39","metref","simpls","classification","accuracy",131,0.990944372574386,10,123,"ordinary_fast",32,5
"0.99.39","metref","simpls","classification","accuracy",132,0.988357050452781,10,123,"ordinary_fast",32,5
"0.99.39","metref","simpls","classification","accuracy",133,0.988357050452781,10,123,"ordinary_fast",32,5
"0.99.39","metref","simpls","classification","accuracy",134,0.988357050452781,10,123,"ordinary_fast",32,5
"0.99.39","metref","simpls","classification","accuracy",135,0.988357050452781,10,123,"ordinary_fast",32,5
"0.99.39","metref","simpls","classification","accuracy",136,0.989650711513583,10,123,"ordinary_fast",32,5
"0.99.39","metref","simpls","classification","accuracy",137,0.989650711513583,10,123,"ordinary_fast",32,5
"0.99.39","metref","simpls","classification","accuracy",138,0.988357050452781,10,123,"ordinary_fast",32,5
"0.99.39","metref","simpls","classification","accuracy",139,0.987063389391979,10,123,"ordinary_fast",32,5
"0.99.39","metref","simpls","classification","accuracy",140,0.987063389391979,10,123,"ordinary_fast",32,5
"0.99.39","metref","simpls","classification","accuracy",141,0.987063389391979,10,123,"ordinary_fast",32,5
"0.99.39","metref","simpls","classification","accuracy",142,0.987063389391979,10,123,"ordinary_fast",32,5
"0.99.39","metref","simpls","classification","accuracy",143,0.987063389391979,10,123,"ordinary_fast",32,5
"0.99.39","metref","simpls","classification","accuracy",144,0.988357050452781,10,123,"ordinary_fast",32,5
"0.99.39","metref","simpls","classification","accuracy",145,0.987063389391979,10,123,"ordinary_fast",32,5
"0.99.39","metref","simpls","classification","accuracy",146,0.987063389391979,10,123,"ordinary_fast",32,5
"0.99.39","metref","simpls","classification","accuracy",147,0.987063389391979,10,123,"ordinary_fast",32,5
"0.99.39","metref","simpls","classification","accuracy",148,0.987063389391979,10,123,"ordinary_fast",32,5
"0.99.39","metref","simpls","classification","accuracy",149,0.987063389391979,10,123,"ordinary_fast",32,5
"0.99.39","metref","simpls","classification","accuracy",150,0.987063389391979,10,123,"ordinary_fast",32,5
"0.99.39","metref","simpls","classification","accuracy",151,0.987063389391979,10,123,"ordinary_fast",32,5
"0.99.39","metref","simpls","classification","accuracy",152,0.987063389391979,10,123,"ordinary_fast",32,5
"0.99.39","metref","simpls","classification","accuracy",153,0.985769728331177,10,123,"ordinary_fast",32,5
"0.99.39","metref","simpls","classification","accuracy",154,0.988357050452781,10,123,"ordinary_fast",32,5
"0.99.39","metref","simpls","classification","accuracy",155,0.988357050452781,10,123,"ordinary_fast",32,5
"0.99.39","metref","simpls","classification","accuracy",156,0.987063389391979,10,123,"ordinary_fast",32,5
"0.99.39","metref","simpls","classification","accuracy",157,0.988357050452781,10,123,"ordinary_fast",32,5
"0.99.39","metref","simpls","classification","accuracy",158,0.988357050452781,10,123,"ordinary_fast",32,5
"0.99.39","metref","simpls","classification","accuracy",159,0.987063389391979,10,123,"ordinary_fast",32,5
"0.99.39","metref","simpls","classification","accuracy",160,0.988357050452781,10,123,"ordinary_fast",32,5
"0.99.39","metref","simpls","classification","accuracy",161,0.988357050452781,10,123,"ordinary_fast",32,5
"0.99.39","metref","simpls","classification","accuracy",162,0.988357050452781,10,123,"ordinary_fast",32,5
"0.99.39","metref","simpls","classification","accuracy",163,0.988357050452781,10,123,"ordinary_fast",32,5
"0.99.39","metref","simpls","classification","accuracy",164,0.988357050452781,10,123,"ordinary_fast",32,5
"0.99.39","metref","simpls","classification","accuracy",165,0.988357050452781,10,123,"ordinary_fast",32,5
"0.99.39","metref","simpls","classification","accuracy",166,0.988357050452781,10,123,"ordinary_fast",32,5
"0.99.39","metref","simpls","classification","accuracy",167,0.988357050452781,10,123,"ordinary_fast",32,5
"0.99.39","metref","simpls","classification","accuracy",168,0.988357050452781,10,123,"ordinary_fast",32,5
"0.99.39","metref","simpls","classification","accuracy",169,0.988357050452781,10,123,"ordinary_fast",32,5
"0.99.39","metref","simpls","classification","accuracy",170,0.988357050452781,10,123,"ordinary_fast",32,5
"0.99.39","metref","simpls","classification","accuracy",171,0.987063389391979,10,123,"ordinary_fast",32,5
"0.99.39","metref","simpls","classification","accuracy",172,0.987063389391979,10,123,"ordinary_fast",32,5
"0.99.39","metref","simpls","classification","accuracy",173,0.987063389391979,10,123,"ordinary_fast",32,5
"0.99.39","metref","simpls","classification","accuracy",174,0.987063389391979,10,123,"ordinary_fast",32,5
"0.99.39","metref","simpls","classification","accuracy",175,0.987063389391979,10,123,"ordinary_fast",32,5
"0.99.39","metref","simpls","classification","accuracy",176,0.988357050452781,10,123,"ordinary_fast",32,5
"0.99.39","metref","simpls","classification","accuracy",177,0.988357050452781,10,123,"ordinary_fast",32,5
"0.99.39","metref","simpls","classification","accuracy",178,0.989650711513583,10,123,"ordinary_fast",32,5
"0.99.39","metref","simpls","classification","accuracy",179,0.989650711513583,10,123,"ordinary_fast",32,5
"0.99.39","metref","simpls","classification","accuracy",180,0.988357050452781,10,123,"ordinary_fast",32,5
"0.99.39","metref","simpls","classification","accuracy",181,0.987063389391979,10,123,"ordinary_fast",32,5
"0.99.39","metref","simpls","classification","accuracy",182,0.987063389391979,10,123,"ordinary_fast",32,5
"0.99.39","metref","simpls","classification","accuracy",183,0.985769728331177,10,123,"ordinary_fast",32,5
"0.99.39","metref","simpls","classification","accuracy",184,0.985769728331177,10,123,"ordinary_fast",32,5
"0.99.39","metref","simpls","classification","accuracy",185,0.985769728331177,10,123,"ordinary_fast",32,5
"0.99.39","metref","simpls","classification","accuracy",186,0.984476067270375,10,123,"ordinary_fast",32,5
"0.99.39","metref","simpls","classification","accuracy",187,0.985769728331177,10,123,"ordinary_fast",32,5
"0.99.39","metref","simpls","classification","accuracy",188,0.985769728331177,10,123,"ordinary_fast",32,5
"0.99.39","metref","simpls","classification","accuracy",189,0.985769728331177,10,123,"ordinary_fast",32,5
"0.99.39","metref","simpls","classification","accuracy",190,0.985769728331177,10,123,"ordinary_fast",32,5
"0.99.39","metref","simpls","classification","accuracy",191,0.985769728331177,10,123,"ordinary_fast",32,5
"0.99.39","metref","simpls","classification","accuracy",192,0.985769728331177,10,123,"ordinary_fast",32,5
"0.99.39","metref","simpls","classification","accuracy",193,0.984476067270375,10,123,"ordinary_fast",32,5
"0.99.39","metref","simpls","classification","accuracy",194,0.984476067270375,10,123,"ordinary_fast",32,5
"0.99.39","metref","simpls","classification","accuracy",195,0.984476067270375,10,123,"ordinary_fast",32,5
"0.99.39","metref","simpls","classification","accuracy",196,0.984476067270375,10,123,"ordinary_fast",32,5
"0.99.39","metref","simpls","classification","accuracy",197,0.984476067270375,10,123,"ordinary_fast",32,5
"0.99.39","metref","simpls","classification","accuracy",198,0.984476067270375,10,123,"ordinary_fast",32,5
"0.99.39","metref","simpls","classification","accuracy",199,0.984476067270375,10,123,"ordinary_fast",32,5
"0.99.39","metref","simpls","classification","accuracy",200,0.984476067270375,10,123,"ordinary_fast",32,5
"0.99.39","metref","opls","classification","accuracy",1,0.093143596377749,10,123,"ordinary_fast",32,5
"0.99.39","metref","opls","classification","accuracy",2,0.107373868046572,10,123,"ordinary_fast",32,5
"0.99.39","metref","opls","classification","accuracy",3,0.212160413971539,10,123,"ordinary_fast",32,5
"0.99.39","metref","opls","classification","accuracy",4,0.266494178525226,10,123,"ordinary_fast",32,5
"0.99.39","metref","opls","classification","accuracy",5,0.33117723156533,10,123,"ordinary_fast",32,5
"0.99.39","metref","opls","classification","accuracy",6,0.359637774902975,10,123,"ordinary_fast",32,5
"0.99.39","metref","opls","classification","accuracy",7,0.4372574385511,10,123,"ordinary_fast",32,5
"0.99.39","metref","opls","classification","accuracy",8,0.499353169469599,10,123,"ordinary_fast",32,5
"0.99.39","metref","opls","classification","accuracy",9,0.509702457956016,10,123,"ordinary_fast",32,5
"0.99.39","metref","opls","classification","accuracy",10,0.535575679172057,10,123,"ordinary_fast",32,5
"0.99.39","metref","opls","classification","accuracy",11,0.547218628719276,10,123,"ordinary_fast",32,5
"0.99.39","metref","opls","classification","accuracy",12,0.570504527813713,10,123,"ordinary_fast",32,5
"0.99.39","metref","opls","classification","accuracy",13,0.602846054333765,10,123,"ordinary_fast",32,5
"0.99.39","metref","opls","classification","accuracy",14,0.610608020698577,10,123,"ordinary_fast",32,5
"0.99.39","metref","opls","classification","accuracy",15,0.630012936610608,10,123,"ordinary_fast",32,5
"0.99.39","metref","opls","classification","accuracy",16,0.654592496765847,10,123,"ordinary_fast",32,5
"0.99.39","metref","opls","classification","accuracy",17,0.672703751617076,10,123,"ordinary_fast",32,5
"0.99.39","metref","opls","classification","accuracy",18,0.710219922380336,10,123,"ordinary_fast",32,5
"0.99.39","metref","opls","classification","accuracy",19,0.716688227684347,10,123,"ordinary_fast",32,5
"0.99.39","metref","opls","classification","accuracy",20,0.725743855109961,10,123,"ordinary_fast",32,5
"0.99.39","metref","opls","classification","accuracy",21,0.732212160413972,10,123,"ordinary_fast",32,5
"0.99.39","metref","opls","classification","accuracy",22,0.761966364812419,10,123,"ordinary_fast",32,5
"0.99.39","metref","opls","classification","accuracy",23,0.758085381630013,10,123,"ordinary_fast",32,5
"0.99.39","metref","opls","classification","accuracy",24,0.773609314359638,10,123,"ordinary_fast",32,5
"0.99.39","metref","opls","classification","accuracy",25,0.796895213454075,10,123,"ordinary_fast",32,5
"0.99.39","metref","opls","classification","accuracy",26,0.820181112548512,10,123,"ordinary_fast",32,5
"0.99.39","metref","opls","classification","accuracy",27,0.847347994825356,10,123,"ordinary_fast",32,5
"0.99.39","metref","opls","classification","accuracy",28,0.847347994825356,10,123,"ordinary_fast",32,5
"0.99.39","metref","opls","classification","accuracy",29,0.848641655886158,10,123,"ordinary_fast",32,5
"0.99.39","metref","opls","classification","accuracy",30,0.866752910737387,10,123,"ordinary_fast",32,5
"0.99.39","metref","opls","classification","accuracy",31,0.877102199223803,10,123,"ordinary_fast",32,5
"0.99.39","metref","opls","classification","accuracy",32,0.884864165588616,10,123,"ordinary_fast",32,5
"0.99.39","metref","opls","classification","accuracy",33,0.888745148771022,10,123,"ordinary_fast",32,5
"0.99.39","metref","opls","classification","accuracy",34,0.895213454075032,10,123,"ordinary_fast",32,5
"0.99.39","metref","opls","classification","accuracy",35,0.905562742561449,10,123,"ordinary_fast",32,5
"0.99.39","metref","opls","classification","accuracy",36,0.906856403622251,10,123,"ordinary_fast",32,5
"0.99.39","metref","opls","classification","accuracy",37,0.912031047865459,10,123,"ordinary_fast",32,5
"0.99.39","metref","opls","classification","accuracy",38,0.917205692108668,10,123,"ordinary_fast",32,5
"0.99.39","metref","opls","classification","accuracy",39,0.926261319534282,10,123,"ordinary_fast",32,5
"0.99.39","metref","opls","classification","accuracy",40,0.932729624838292,10,123,"ordinary_fast",32,5
"0.99.39","metref","opls","classification","accuracy",41,0.934023285899094,10,123,"ordinary_fast",32,5
"0.99.39","metref","opls","classification","accuracy",42,0.939197930142303,10,123,"ordinary_fast",32,5
"0.99.39","metref","opls","classification","accuracy",43,0.940491591203105,10,123,"ordinary_fast",32,5
"0.99.39","metref","opls","classification","accuracy",44,0.946959896507115,10,123,"ordinary_fast",32,5
"0.99.39","metref","opls","classification","accuracy",45,0.943078913324709,10,123,"ordinary_fast",32,5
"0.99.39","metref","opls","classification","accuracy",46,0.949547218628719,10,123,"ordinary_fast",32,5
"0.99.39","metref","opls","classification","accuracy",47,0.950840879689521,10,123,"ordinary_fast",32,5
"0.99.39","metref","opls","classification","accuracy",48,0.953428201811126,10,123,"ordinary_fast",32,5
"0.99.39","metref","opls","classification","accuracy",49,0.952134540750323,10,123,"ordinary_fast",32,5
"0.99.39","metref","opls","classification","accuracy",50,0.958602846054334,10,123,"ordinary_fast",32,5
"0.99.39","metref","opls","classification","accuracy",51,0.959896507115136,10,123,"ordinary_fast",32,5
"0.99.39","metref","opls","classification","accuracy",52,0.96248382923674,10,123,"ordinary_fast",32,5
"0.99.39","metref","opls","classification","accuracy",53,0.96248382923674,10,123,"ordinary_fast",32,5
"0.99.39","metref","opls","classification","accuracy",54,0.966364812419146,10,123,"ordinary_fast",32,5
"0.99.39","metref","opls","classification","accuracy",55,0.963777490297542,10,123,"ordinary_fast",32,5
"0.99.39","metref","opls","classification","accuracy",56,0.96895213454075,10,123,"ordinary_fast",32,5
"0.99.39","metref","opls","classification","accuracy",57,0.965071151358344,10,123,"ordinary_fast",32,5
"0.99.39","metref","opls","classification","accuracy",58,0.96895213454075,10,123,"ordinary_fast",32,5
"0.99.39","metref","opls","classification","accuracy",59,0.966364812419146,10,123,"ordinary_fast",32,5
"0.99.39","metref","opls","classification","accuracy",60,0.967658473479948,10,123,"ordinary_fast",32,5
"0.99.39","metref","opls","classification","accuracy",61,0.966364812419146,10,123,"ordinary_fast",32,5
"0.99.39","metref","opls","classification","accuracy",62,0.970245795601552,10,123,"ordinary_fast",32,5
"0.99.39","metref","opls","classification","accuracy",63,0.970245795601552,10,123,"ordinary_fast",32,5
"0.99.39","metref","opls","classification","accuracy",64,0.976714100905563,10,123,"ordinary_fast",32,5
"0.99.39","metref","opls","classification","accuracy",65,0.975420439844761,10,123,"ordinary_fast",32,5
"0.99.39","metref","opls","classification","accuracy",66,0.978007761966365,10,123,"ordinary_fast",32,5
"0.99.39","metref","opls","classification","accuracy",67,0.979301423027167,10,123,"ordinary_fast",32,5
"0.99.39","metref","opls","classification","accuracy",68,0.975420439844761,10,123,"ordinary_fast",32,5
"0.99.39","metref","opls","classification","accuracy",69,0.975420439844761,10,123,"ordinary_fast",32,5
"0.99.39","metref","opls","classification","accuracy",70,0.976714100905563,10,123,"ordinary_fast",32,5
"0.99.39","metref","opls","classification","accuracy",71,0.978007761966365,10,123,"ordinary_fast",32,5
"0.99.39","metref","opls","classification","accuracy",72,0.975420439844761,10,123,"ordinary_fast",32,5
"0.99.39","metref","opls","classification","accuracy",73,0.974126778783959,10,123,"ordinary_fast",32,5
"0.99.39","metref","opls","classification","accuracy",74,0.979301423027167,10,123,"ordinary_fast",32,5
"0.99.39","metref","opls","classification","accuracy",75,0.976714100905563,10,123,"ordinary_fast",32,5
"0.99.39","metref","opls","classification","accuracy",76,0.974126778783959,10,123,"ordinary_fast",32,5
"0.99.39","metref","opls","classification","accuracy",77,0.976714100905563,10,123,"ordinary_fast",32,5
"0.99.39","metref","opls","classification","accuracy",78,0.976714100905563,10,123,"ordinary_fast",32,5
"0.99.39","metref","opls","classification","accuracy",79,0.979301423027167,10,123,"ordinary_fast",32,5
"0.99.39","metref","opls","classification","accuracy",80,0.979301423027167,10,123,"ordinary_fast",32,5
"0.99.39","metref","opls","classification","accuracy",81,0.978007761966365,10,123,"ordinary_fast",32,5
"0.99.39","metref","opls","classification","accuracy",82,0.976714100905563,10,123,"ordinary_fast",32,5
"0.99.39","metref","opls","classification","accuracy",83,0.978007761966365,10,123,"ordinary_fast",32,5
"0.99.39","metref","opls","classification","accuracy",84,0.979301423027167,10,123,"ordinary_fast",32,5
"0.99.39","metref","opls","classification","accuracy",85,0.979301423027167,10,123,"ordinary_fast",32,5
"0.99.39","metref","opls","classification","accuracy",86,0.980595084087969,10,123,"ordinary_fast",32,5
"0.99.39","metref","opls","classification","accuracy",87,0.980595084087969,10,123,"ordinary_fast",32,5
"0.99.39","metref","opls","classification","accuracy",88,0.981888745148771,10,123,"ordinary_fast",32,5
"0.99.39","metref","opls","classification","accuracy",89,0.981888745148771,10,123,"ordinary_fast",32,5
"0.99.39","metref","opls","classification","accuracy",90,0.980595084087969,10,123,"ordinary_fast",32,5
"0.99.39","metref","opls","classification","accuracy",91,0.983182406209573,10,123,"ordinary_fast",32,5
"0.99.39","metref","opls","classification","accuracy",92,0.983182406209573,10,123,"ordinary_fast",32,5
"0.99.39","metref","opls","classification","accuracy",93,0.983182406209573,10,123,"ordinary_fast",32,5
"0.99.39","metref","opls","classification","accuracy",94,0.983182406209573,10,123,"ordinary_fast",32,5
"0.99.39","metref","opls","classification","accuracy",95,0.983182406209573,10,123,"ordinary_fast",32,5
"0.99.39","metref","opls","classification","accuracy",96,0.983182406209573,10,123,"ordinary_fast",32,5
"0.99.39","metref","opls","classification","accuracy",97,0.983182406209573,10,123,"ordinary_fast",32,5
"0.99.39","metref","opls","classification","accuracy",98,0.984476067270375,10,123,"ordinary_fast",32,5
"0.99.39","metref","opls","classification","accuracy",99,0.985769728331177,10,123,"ordinary_fast",32,5
"0.99.39","metref","opls","classification","accuracy",100,0.984476067270375,10,123,"ordinary_fast",32,5
"0.99.39","metref","opls","classification","accuracy",101,0.985769728331177,10,123,"ordinary_fast",32,5
"0.99.39","metref","opls","classification","accuracy",102,0.988357050452781,10,123,"ordinary_fast",32,5
"0.99.39","metref","opls","classification","accuracy",103,0.987063389391979,10,123,"ordinary_fast",32,5
"0.99.39","metref","opls","classification","accuracy",104,0.989650711513583,10,123,"ordinary_fast",32,5
"0.99.39","metref","opls","classification","accuracy",105,0.988357050452781,10,123,"ordinary_fast",32,5
"0.99.39","metref","opls","classification","accuracy",106,0.988357050452781,10,123,"ordinary_fast",32,5
"0.99.39","metref","opls","classification","accuracy",107,0.988357050452781,10,123,"ordinary_fast",32,5
"0.99.39","metref","opls","classification","accuracy",108,0.988357050452781,10,123,"ordinary_fast",32,5
"0.99.39","metref","opls","classification","accuracy",109,0.989650711513583,10,123,"ordinary_fast",32,5
"0.99.39","metref","opls","classification","accuracy",110,0.989650711513583,10,123,"ordinary_fast",32,5
"0.99.39","metref","opls","classification","accuracy",111,0.988357050452781,10,123,"ordinary_fast",32,5
"0.99.39","metref","opls","classification","accuracy",112,0.988357050452781,10,123,"ordinary_fast",32,5
"0.99.39","metref","opls","classification","accuracy",113,0.988357050452781,10,123,"ordinary_fast",32,5
"0.99.39","metref","opls","classification","accuracy",114,0.988357050452781,10,123,"ordinary_fast",32,5
"0.99.39","metref","opls","classification","accuracy",115,0.988357050452781,10,123,"ordinary_fast",32,5
"0.99.39","metref","opls","classification","accuracy",116,0.989650711513583,10,123,"ordinary_fast",32,5
"0.99.39","metref","opls","classification","accuracy",117,0.989650711513583,10,123,"ordinary_fast",32,5
"0.99.39","metref","opls","classification","accuracy",118,0.990944372574386,10,123,"ordinary_fast",32,5
"0.99.39","metref","opls","classification","accuracy",119,0.990944372574386,10,123,"ordinary_fast",32,5
"0.99.39","metref","opls","classification","accuracy",120,0.990944372574386,10,123,"ordinary_fast",32,5
"0.99.39","metref","opls","classification","accuracy",121,0.990944372574386,10,123,"ordinary_fast",32,5
"0.99.39","metref","opls","classification","accuracy",122,0.990944372574386,10,123,"ordinary_fast",32,5
"0.99.39","metref","opls","classification","accuracy",123,0.989650711513583,10,123,"ordinary_fast",32,5
"0.99.39","metref","opls","classification","accuracy",124,0.989650711513583,10,123,"ordinary_fast",32,5
"0.99.39","metref","opls","classification","accuracy",125,0.987063389391979,10,123,"ordinary_fast",32,5
"0.99.39","metref","opls","classification","accuracy",126,0.985769728331177,10,123,"ordinary_fast",32,5
"0.99.39","metref","opls","classification","accuracy",127,0.985769728331177,10,123,"ordinary_fast",32,5
"0.99.39","metref","opls","classification","accuracy",128,0.988357050452781,10,123,"ordinary_fast",32,5
"0.99.39","metref","opls","classification","accuracy",129,0.988357050452781,10,123,"ordinary_fast",32,5
"0.99.39","metref","opls","classification","accuracy",130,0.989650711513583,10,123,"ordinary_fast",32,5
"0.99.39","metref","opls","classification","accuracy",131,0.987063389391979,10,123,"ordinary_fast",32,5
"0.99.39","metref","opls","classification","accuracy",132,0.987063389391979,10,123,"ordinary_fast",32,5
"0.99.39","metref","opls","classification","accuracy",133,0.988357050452781,10,123,"ordinary_fast",32,5
"0.99.39","metref","opls","classification","accuracy",134,0.987063389391979,10,123,"ordinary_fast",32,5
"0.99.39","metref","opls","classification","accuracy",135,0.987063389391979,10,123,"ordinary_fast",32,5
"0.99.39","metref","opls","classification","accuracy",136,0.988357050452781,10,123,"ordinary_fast",32,5
"0.99.39","metref","opls","classification","accuracy",137,0.988357050452781,10,123,"ordinary_fast",32,5
"0.99.39","metref","opls","classification","accuracy",138,0.985769728331177,10,123,"ordinary_fast",32,5
"0.99.39","metref","opls","classification","accuracy",139,0.985769728331177,10,123,"ordinary_fast",32,5
"0.99.39","metref","opls","classification","accuracy",140,0.985769728331177,10,123,"ordinary_fast",32,5
"0.99.39","metref","opls","classification","accuracy",141,0.987063389391979,10,123,"ordinary_fast",32,5
"0.99.39","metref","opls","classification","accuracy",142,0.987063389391979,10,123,"ordinary_fast",32,5
"0.99.39","metref","opls","classification","accuracy",143,0.987063389391979,10,123,"ordinary_fast",32,5
"0.99.39","metref","opls","classification","accuracy",144,0.987063389391979,10,123,"ordinary_fast",32,5
"0.99.39","metref","opls","classification","accuracy",145,0.987063389391979,10,123,"ordinary_fast",32,5
"0.99.39","metref","opls","classification","accuracy",146,0.987063389391979,10,123,"ordinary_fast",32,5
"0.99.39","metref","opls","classification","accuracy",147,0.987063389391979,10,123,"ordinary_fast",32,5
"0.99.39","metref","opls","classification","accuracy",148,0.987063389391979,10,123,"ordinary_fast",32,5
"0.99.39","metref","opls","classification","accuracy",149,0.985769728331177,10,123,"ordinary_fast",32,5
"0.99.39","metref","opls","classification","accuracy",150,0.985769728331177,10,123,"ordinary_fast",32,5
"0.99.39","metref","opls","classification","accuracy",151,0.985769728331177,10,123,"ordinary_fast",32,5
"0.99.39","metref","opls","classification","accuracy",152,0.985769728331177,10,123,"ordinary_fast",32,5
"0.99.39","metref","opls","classification","accuracy",153,0.987063389391979,10,123,"ordinary_fast",32,5
"0.99.39","metref","opls","classification","accuracy",154,0.987063389391979,10,123,"ordinary_fast",32,5
"0.99.39","metref","opls","classification","accuracy",155,0.987063389391979,10,123,"ordinary_fast",32,5
"0.99.39","metref","opls","classification","accuracy",156,0.985769728331177,10,123,"ordinary_fast",32,5
"0.99.39","metref","opls","classification","accuracy",157,0.985769728331177,10,123,"ordinary_fast",32,5
"0.99.39","metref","opls","classification","accuracy",158,0.985769728331177,10,123,"ordinary_fast",32,5
"0.99.39","metref","opls","classification","accuracy",159,0.987063389391979,10,123,"ordinary_fast",32,5
"0.99.39","metref","opls","classification","accuracy",160,0.988357050452781,10,123,"ordinary_fast",32,5
"0.99.39","metref","opls","classification","accuracy",161,0.987063389391979,10,123,"ordinary_fast",32,5
"0.99.39","metref","opls","classification","accuracy",162,0.987063389391979,10,123,"ordinary_fast",32,5
"0.99.39","metref","opls","classification","accuracy",163,0.988357050452781,10,123,"ordinary_fast",32,5
"0.99.39","metref","opls","classification","accuracy",164,0.988357050452781,10,123,"ordinary_fast",32,5
"0.99.39","metref","opls","classification","accuracy",165,0.988357050452781,10,123,"ordinary_fast",32,5
"0.99.39","metref","opls","classification","accuracy",166,0.988357050452781,10,123,"ordinary_fast",32,5
"0.99.39","metref","opls","classification","accuracy",167,0.987063389391979,10,123,"ordinary_fast",32,5
"0.99.39","metref","opls","classification","accuracy",168,0.985769728331177,10,123,"ordinary_fast",32,5
"0.99.39","metref","opls","classification","accuracy",169,0.987063389391979,10,123,"ordinary_fast",32,5
"0.99.39","metref","opls","classification","accuracy",170,0.985769728331177,10,123,"ordinary_fast",32,5
"0.99.39","metref","opls","classification","accuracy",171,0.985769728331177,10,123,"ordinary_fast",32,5
"0.99.39","metref","opls","classification","accuracy",172,0.985769728331177,10,123,"ordinary_fast",32,5
"0.99.39","metref","opls","classification","accuracy",173,0.985769728331177,10,123,"ordinary_fast",32,5
"0.99.39","metref","opls","classification","accuracy",174,0.985769728331177,10,123,"ordinary_fast",32,5
"0.99.39","metref","opls","classification","accuracy",175,0.988357050452781,10,123,"ordinary_fast",32,5
"0.99.39","metref","opls","classification","accuracy",176,0.988357050452781,10,123,"ordinary_fast",32,5
"0.99.39","metref","opls","classification","accuracy",177,0.989650711513583,10,123,"ordinary_fast",32,5
"0.99.39","metref","opls","classification","accuracy",178,0.988357050452781,10,123,"ordinary_fast",32,5
"0.99.39","metref","opls","classification","accuracy",179,0.988357050452781,10,123,"ordinary_fast",32,5
"0.99.39","metref","opls","classification","accuracy",180,0.987063389391979,10,123,"ordinary_fast",32,5
"0.99.39","metref","opls","classification","accuracy",181,0.987063389391979,10,123,"ordinary_fast",32,5
"0.99.39","metref","opls","classification","accuracy",182,0.987063389391979,10,123,"ordinary_fast",32,5
"0.99.39","metref","opls","classification","accuracy",183,0.987063389391979,10,123,"ordinary_fast",32,5
"0.99.39","metref","opls","classification","accuracy",184,0.985769728331177,10,123,"ordinary_fast",32,5
"0.99.39","metref","opls","classification","accuracy",185,0.985769728331177,10,123,"ordinary_fast",32,5
"0.99.39","metref","opls","classification","accuracy",186,0.985769728331177,10,123,"ordinary_fast",32,5
"0.99.39","metref","opls","classification","accuracy",187,0.987063389391979,10,123,"ordinary_fast",32,5
"0.99.39","metref","opls","classification","accuracy",188,0.987063389391979,10,123,"ordinary_fast",32,5
"0.99.39","metref","opls","classification","accuracy",189,0.985769728331177,10,123,"ordinary_fast",32,5
"0.99.39","metref","opls","classification","accuracy",190,0.987063389391979,10,123,"ordinary_fast",32,5
"0.99.39","metref","opls","classification","accuracy",191,0.987063389391979,10,123,"ordinary_fast",32,5
"0.99.39","metref","opls","classification","accuracy",192,0.984476067270375,10,123,"ordinary_fast",32,5
"0.99.39","metref","opls","classification","accuracy",193,0.984476067270375,10,123,"ordinary_fast",32,5
"0.99.39","metref","opls","classification","accuracy",194,0.984476067270375,10,123,"ordinary_fast",32,5
"0.99.39","metref","opls","classification","accuracy",195,0.983182406209573,10,123,"ordinary_fast",32,5
"0.99.39","metref","opls","classification","accuracy",196,0.981888745148771,10,123,"ordinary_fast",32,5
"0.99.39","metref","opls","classification","accuracy",197,0.983182406209573,10,123,"ordinary_fast",32,5
"0.99.39","metref","opls","classification","accuracy",198,0.983182406209573,10,123,"ordinary_fast",32,5
"0.99.39","metref","opls","classification","accuracy",199,0.981888745148771,10,123,"ordinary_fast",32,5
"0.99.39","metref","opls","classification","accuracy",200,0.983182406209573,10,123,"ordinary_fast",32,5
"0.99.39","metref","kernelpls","classification","accuracy",1,0.102199223803364,10,123,"ordinary_fast",32,5
"0.99.39","metref","kernelpls","classification","accuracy",2,0.115135834411384,10,123,"ordinary_fast",32,5
"0.99.39","metref","kernelpls","classification","accuracy",3,0.164294954721863,10,123,"ordinary_fast",32,5
"0.99.39","metref","kernelpls","classification","accuracy",4,0.283311772315653,10,123,"ordinary_fast",32,5
"0.99.39","metref","kernelpls","classification","accuracy",5,0.320827943078913,10,123,"ordinary_fast",32,5
"0.99.39","metref","kernelpls","classification","accuracy",6,0.369987063389392,10,123,"ordinary_fast",32,5
"0.99.39","metref","kernelpls","classification","accuracy",7,0.426908150064683,10,123,"ordinary_fast",32,5
"0.99.39","metref","kernelpls","classification","accuracy",8,0.496765847347995,10,123,"ordinary_fast",32,5
"0.99.39","metref","kernelpls","classification","accuracy",9,0.530401034928849,10,123,"ordinary_fast",32,5
"0.99.39","metref","kernelpls","classification","accuracy",10,0.540750323415265,10,123,"ordinary_fast",32,5
"0.99.39","metref","kernelpls","classification","accuracy",11,0.55627425614489,10,123,"ordinary_fast",32,5
"0.99.39","metref","kernelpls","classification","accuracy",12,0.565329883570505,10,123,"ordinary_fast",32,5
"0.99.39","metref","kernelpls","classification","accuracy",13,0.59379042690815,10,123,"ordinary_fast",32,5
"0.99.39","metref","kernelpls","classification","accuracy",14,0.627425614489004,10,123,"ordinary_fast",32,5
"0.99.39","metref","kernelpls","classification","accuracy",15,0.630012936610608,10,123,"ordinary_fast",32,5
"0.99.39","metref","kernelpls","classification","accuracy",16,0.653298835705045,10,123,"ordinary_fast",32,5
"0.99.39","metref","kernelpls","classification","accuracy",17,0.679172056921087,10,123,"ordinary_fast",32,5
"0.99.39","metref","kernelpls","classification","accuracy",18,0.694695989650712,10,123,"ordinary_fast",32,5
"0.99.39","metref","kernelpls","classification","accuracy",19,0.736093143596378,10,123,"ordinary_fast",32,5
"0.99.39","metref","kernelpls","classification","accuracy",20,0.742561448900388,10,123,"ordinary_fast",32,5
"0.99.39","metref","kernelpls","classification","accuracy",21,0.758085381630013,10,123,"ordinary_fast",32,5
"0.99.39","metref","kernelpls","classification","accuracy",22,0.761966364812419,10,123,"ordinary_fast",32,5
"0.99.39","metref","kernelpls","classification","accuracy",23,0.782664941785252,10,123,"ordinary_fast",32,5
"0.99.39","metref","kernelpls","classification","accuracy",24,0.785252263906856,10,123,"ordinary_fast",32,5
"0.99.39","metref","kernelpls","classification","accuracy",25,0.794307891332471,10,123,"ordinary_fast",32,5
"0.99.39","metref","kernelpls","classification","accuracy",26,0.815006468305304,10,123,"ordinary_fast",32,5
"0.99.39","metref","kernelpls","classification","accuracy",27,0.834411384217335,10,123,"ordinary_fast",32,5
"0.99.39","metref","kernelpls","classification","accuracy",28,0.858990944372574,10,123,"ordinary_fast",32,5
"0.99.39","metref","kernelpls","classification","accuracy",29,0.85640362225097,10,123,"ordinary_fast",32,5
"0.99.39","metref","kernelpls","classification","accuracy",30,0.857697283311772,10,123,"ordinary_fast",32,5
"0.99.39","metref","kernelpls","classification","accuracy",31,0.870633893919793,10,123,"ordinary_fast",32,5
"0.99.39","metref","kernelpls","classification","accuracy",32,0.88098318240621,10,123,"ordinary_fast",32,5
"0.99.39","metref","kernelpls","classification","accuracy",33,0.890038809831824,10,123,"ordinary_fast",32,5
"0.99.39","metref","kernelpls","classification","accuracy",34,0.89391979301423,10,123,"ordinary_fast",32,5
"0.99.39","metref","kernelpls","classification","accuracy",35,0.909443725743855,10,123,"ordinary_fast",32,5
"0.99.39","metref","kernelpls","classification","accuracy",36,0.917205692108668,10,123,"ordinary_fast",32,5
"0.99.39","metref","kernelpls","classification","accuracy",37,0.913324708926261,10,123,"ordinary_fast",32,5
"0.99.39","metref","kernelpls","classification","accuracy",38,0.919793014230272,10,123,"ordinary_fast",32,5
"0.99.39","metref","kernelpls","classification","accuracy",39,0.926261319534282,10,123,"ordinary_fast",32,5
"0.99.39","metref","kernelpls","classification","accuracy",40,0.932729624838292,10,123,"ordinary_fast",32,5
"0.99.39","metref","kernelpls","classification","accuracy",41,0.937904269081501,10,123,"ordinary_fast",32,5
"0.99.39","metref","kernelpls","classification","accuracy",42,0.940491591203105,10,123,"ordinary_fast",32,5
"0.99.39","metref","kernelpls","classification","accuracy",43,0.945666235446313,10,123,"ordinary_fast",32,5
"0.99.39","metref","kernelpls","classification","accuracy",44,0.946959896507115,10,123,"ordinary_fast",32,5
"0.99.39","metref","kernelpls","classification","accuracy",45,0.945666235446313,10,123,"ordinary_fast",32,5
"0.99.39","metref","kernelpls","classification","accuracy",46,0.944372574385511,10,123,"ordinary_fast",32,5
"0.99.39","metref","kernelpls","classification","accuracy",47,0.949547218628719,10,123,"ordinary_fast",32,5
"0.99.39","metref","kernelpls","classification","accuracy",48,0.950840879689521,10,123,"ordinary_fast",32,5
"0.99.39","metref","kernelpls","classification","accuracy",49,0.957309184993532,10,123,"ordinary_fast",32,5
"0.99.39","metref","kernelpls","classification","accuracy",50,0.95601552393273,10,123,"ordinary_fast",32,5
"0.99.39","metref","kernelpls","classification","accuracy",51,0.958602846054334,10,123,"ordinary_fast",32,5
"0.99.39","metref","kernelpls","classification","accuracy",52,0.96248382923674,10,123,"ordinary_fast",32,5
"0.99.39","metref","kernelpls","classification","accuracy",53,0.963777490297542,10,123,"ordinary_fast",32,5
"0.99.39","metref","kernelpls","classification","accuracy",54,0.965071151358344,10,123,"ordinary_fast",32,5
"0.99.39","metref","kernelpls","classification","accuracy",55,0.967658473479948,10,123,"ordinary_fast",32,5
"0.99.39","metref","kernelpls","classification","accuracy",56,0.966364812419146,10,123,"ordinary_fast",32,5
"0.99.39","metref","kernelpls","classification","accuracy",57,0.967658473479948,10,123,"ordinary_fast",32,5
"0.99.39","metref","kernelpls","classification","accuracy",58,0.96895213454075,10,123,"ordinary_fast",32,5
"0.99.39","metref","kernelpls","classification","accuracy",59,0.971539456662354,10,123,"ordinary_fast",32,5
"0.99.39","metref","kernelpls","classification","accuracy",60,0.971539456662354,10,123,"ordinary_fast",32,5
"0.99.39","metref","kernelpls","classification","accuracy",61,0.970245795601552,10,123,"ordinary_fast",32,5
"0.99.39","metref","kernelpls","classification","accuracy",62,0.971539456662354,10,123,"ordinary_fast",32,5
"0.99.39","metref","kernelpls","classification","accuracy",63,0.972833117723157,10,123,"ordinary_fast",32,5
"0.99.39","metref","kernelpls","classification","accuracy",64,0.974126778783959,10,123,"ordinary_fast",32,5
"0.99.39","metref","kernelpls","classification","accuracy",65,0.980595084087969,10,123,"ordinary_fast",32,5
"0.99.39","metref","kernelpls","classification","accuracy",66,0.978007761966365,10,123,"ordinary_fast",32,5
"0.99.39","metref","kernelpls","classification","accuracy",67,0.981888745148771,10,123,"ordinary_fast",32,5
"0.99.39","metref","kernelpls","classification","accuracy",68,0.984476067270375,10,123,"ordinary_fast",32,5
"0.99.39","metref","kernelpls","classification","accuracy",69,0.980595084087969,10,123,"ordinary_fast",32,5
"0.99.39","metref","kernelpls","classification","accuracy",70,0.979301423027167,10,123,"ordinary_fast",32,5
"0.99.39","metref","kernelpls","classification","accuracy",71,0.979301423027167,10,123,"ordinary_fast",32,5
"0.99.39","metref","kernelpls","classification","accuracy",72,0.980595084087969,10,123,"ordinary_fast",32,5
"0.99.39","metref","kernelpls","classification","accuracy",73,0.981888745148771,10,123,"ordinary_fast",32,5
"0.99.39","metref","kernelpls","classification","accuracy",74,0.978007761966365,10,123,"ordinary_fast",32,5
"0.99.39","metref","kernelpls","classification","accuracy",75,0.980595084087969,10,123,"ordinary_fast",32,5
"0.99.39","metref","kernelpls","classification","accuracy",76,0.980595084087969,10,123,"ordinary_fast",32,5
"0.99.39","metref","kernelpls","classification","accuracy",77,0.979301423027167,10,123,"ordinary_fast",32,5
"0.99.39","metref","kernelpls","classification","accuracy",78,0.981888745148771,10,123,"ordinary_fast",32,5
"0.99.39","metref","kernelpls","classification","accuracy",79,0.980595084087969,10,123,"ordinary_fast",32,5
"0.99.39","metref","kernelpls","classification","accuracy",80,0.984476067270375,10,123,"ordinary_fast",32,5
"0.99.39","metref","kernelpls","classification","accuracy",81,0.984476067270375,10,123,"ordinary_fast",32,5
"0.99.39","metref","kernelpls","classification","accuracy",82,0.984476067270375,10,123,"ordinary_fast",32,5
"0.99.39","metref","kernelpls","classification","accuracy",83,0.983182406209573,10,123,"ordinary_fast",32,5
"0.99.39","metref","kernelpls","classification","accuracy",84,0.984476067270375,10,123,"ordinary_fast",32,5
"0.99.39","metref","kernelpls","classification","accuracy",85,0.984476067270375,10,123,"ordinary_fast",32,5
"0.99.39","metref","kernelpls","classification","accuracy",86,0.984476067270375,10,123,"ordinary_fast",32,5
"0.99.39","metref","kernelpls","classification","accuracy",87,0.985769728331177,10,123,"ordinary_fast",32,5
"0.99.39","metref","kernelpls","classification","accuracy",88,0.985769728331177,10,123,"ordinary_fast",32,5
"0.99.39","metref","kernelpls","classification","accuracy",89,0.985769728331177,10,123,"ordinary_fast",32,5
"0.99.39","metref","kernelpls","classification","accuracy",90,0.984476067270375,10,123,"ordinary_fast",32,5
"0.99.39","metref","kernelpls","classification","accuracy",91,0.984476067270375,10,123,"ordinary_fast",32,5
"0.99.39","metref","kernelpls","classification","accuracy",92,0.983182406209573,10,123,"ordinary_fast",32,5
"0.99.39","metref","kernelpls","classification","accuracy",93,0.983182406209573,10,123,"ordinary_fast",32,5
"0.99.39","metref","kernelpls","classification","accuracy",94,0.983182406209573,10,123,"ordinary_fast",32,5
"0.99.39","metref","kernelpls","classification","accuracy",95,0.984476067270375,10,123,"ordinary_fast",32,5
"0.99.39","metref","kernelpls","classification","accuracy",96,0.984476067270375,10,123,"ordinary_fast",32,5
"0.99.39","metref","kernelpls","classification","accuracy",97,0.984476067270375,10,123,"ordinary_fast",32,5
"0.99.39","metref","kernelpls","classification","accuracy",98,0.985769728331177,10,123,"ordinary_fast",32,5
"0.99.39","metref","kernelpls","classification","accuracy",99,0.985769728331177,10,123,"ordinary_fast",32,5
"0.99.39","metref","kernelpls","classification","accuracy",100,0.987063389391979,10,123,"ordinary_fast",32,5
"0.99.39","metref","kernelpls","classification","accuracy",101,0.985769728331177,10,123,"ordinary_fast",32,5
"0.99.39","metref","kernelpls","classification","accuracy",102,0.988357050452781,10,123,"ordinary_fast",32,5
"0.99.39","metref","kernelpls","classification","accuracy",103,0.988357050452781,10,123,"ordinary_fast",32,5
"0.99.39","metref","kernelpls","classification","accuracy",104,0.988357050452781,10,123,"ordinary_fast",32,5
"0.99.39","metref","kernelpls","classification","accuracy",105,0.989650711513583,10,123,"ordinary_fast",32,5
"0.99.39","metref","kernelpls","classification","accuracy",106,0.988357050452781,10,123,"ordinary_fast",32,5
"0.99.39","metref","kernelpls","classification","accuracy",107,0.988357050452781,10,123,"ordinary_fast",32,5
"0.99.39","metref","kernelpls","classification","accuracy",108,0.987063389391979,10,123,"ordinary_fast",32,5
"0.99.39","metref","kernelpls","classification","accuracy",109,0.985769728331177,10,123,"ordinary_fast",32,5
"0.99.39","metref","kernelpls","classification","accuracy",110,0.989650711513583,10,123,"ordinary_fast",32,5
"0.99.39","metref","kernelpls","classification","accuracy",111,0.989650711513583,10,123,"ordinary_fast",32,5
"0.99.39","metref","kernelpls","classification","accuracy",112,0.989650711513583,10,123,"ordinary_fast",32,5
"0.99.39","metref","kernelpls","classification","accuracy",113,0.989650711513583,10,123,"ordinary_fast",32,5
"0.99.39","metref","kernelpls","classification","accuracy",114,0.989650711513583,10,123,"ordinary_fast",32,5
"0.99.39","metref","kernelpls","classification","accuracy",115,0.990944372574386,10,123,"ordinary_fast",32,5
"0.99.39","metref","kernelpls","classification","accuracy",116,0.989650711513583,10,123,"ordinary_fast",32,5
"0.99.39","metref","kernelpls","classification","accuracy",117,0.989650711513583,10,123,"ordinary_fast",32,5
"0.99.39","metref","kernelpls","classification","accuracy",118,0.992238033635188,10,123,"ordinary_fast",32,5
"0.99.39","metref","kernelpls","classification","accuracy",119,0.990944372574386,10,123,"ordinary_fast",32,5
"0.99.39","metref","kernelpls","classification","accuracy",120,0.990944372574386,10,123,"ordinary_fast",32,5
"0.99.39","metref","kernelpls","classification","accuracy",121,0.990944372574386,10,123,"ordinary_fast",32,5
"0.99.39","metref","kernelpls","classification","accuracy",122,0.990944372574386,10,123,"ordinary_fast",32,5
"0.99.39","metref","kernelpls","classification","accuracy",123,0.990944372574386,10,123,"ordinary_fast",32,5
"0.99.39","metref","kernelpls","classification","accuracy",124,0.990944372574386,10,123,"ordinary_fast",32,5
"0.99.39","metref","kernelpls","classification","accuracy",125,0.992238033635188,10,123,"ordinary_fast",32,5
"0.99.39","metref","kernelpls","classification","accuracy",126,0.989650711513583,10,123,"ordinary_fast",32,5
"0.99.39","metref","kernelpls","classification","accuracy",127,0.989650711513583,10,123,"ordinary_fast",32,5
"0.99.39","metref","kernelpls","classification","accuracy",128,0.990944372574386,10,123,"ordinary_fast",32,5
"0.99.39","metref","kernelpls","classification","accuracy",129,0.990944372574386,10,123,"ordinary_fast",32,5
"0.99.39","metref","kernelpls","classification","accuracy",130,0.990944372574386,10,123,"ordinary_fast",32,5
"0.99.39","metref","kernelpls","classification","accuracy",131,0.990944372574386,10,123,"ordinary_fast",32,5
"0.99.39","metref","kernelpls","classification","accuracy",132,0.988357050452781,10,123,"ordinary_fast",32,5
"0.99.39","metref","kernelpls","classification","accuracy",133,0.988357050452781,10,123,"ordinary_fast",32,5
"0.99.39","metref","kernelpls","classification","accuracy",134,0.988357050452781,10,123,"ordinary_fast",32,5
"0.99.39","metref","kernelpls","classification","accuracy",135,0.988357050452781,10,123,"ordinary_fast",32,5
"0.99.39","metref","kernelpls","classification","accuracy",136,0.989650711513583,10,123,"ordinary_fast",32,5
"0.99.39","metref","kernelpls","classification","accuracy",137,0.989650711513583,10,123,"ordinary_fast",32,5
"0.99.39","metref","kernelpls","classification","accuracy",138,0.988357050452781,10,123,"ordinary_fast",32,5
"0.99.39","metref","kernelpls","classification","accuracy",139,0.987063389391979,10,123,"ordinary_fast",32,5
"0.99.39","metref","kernelpls","classification","accuracy",140,0.987063389391979,10,123,"ordinary_fast",32,5
"0.99.39","metref","kernelpls","classification","accuracy",141,0.987063389391979,10,123,"ordinary_fast",32,5
"0.99.39","metref","kernelpls","classification","accuracy",142,0.987063389391979,10,123,"ordinary_fast",32,5
"0.99.39","metref","kernelpls","classification","accuracy",143,0.987063389391979,10,123,"ordinary_fast",32,5
"0.99.39","metref","kernelpls","classification","accuracy",144,0.988357050452781,10,123,"ordinary_fast",32,5
"0.99.39","metref","kernelpls","classification","accuracy",145,0.987063389391979,10,123,"ordinary_fast",32,5
"0.99.39","metref","kernelpls","classification","accuracy",146,0.987063389391979,10,123,"ordinary_fast",32,5
"0.99.39","metref","kernelpls","classification","accuracy",147,0.987063389391979,10,123,"ordinary_fast",32,5
"0.99.39","metref","kernelpls","classification","accuracy",148,0.987063389391979,10,123,"ordinary_fast",32,5
"0.99.39","metref","kernelpls","classification","accuracy",149,0.987063389391979,10,123,"ordinary_fast",32,5
"0.99.39","metref","kernelpls","classification","accuracy",150,0.987063389391979,10,123,"ordinary_fast",32,5
"0.99.39","metref","kernelpls","classification","accuracy",151,0.987063389391979,10,123,"ordinary_fast",32,5
"0.99.39","metref","kernelpls","classification","accuracy",152,0.987063389391979,10,123,"ordinary_fast",32,5
"0.99.39","metref","kernelpls","classification","accuracy",153,0.985769728331177,10,123,"ordinary_fast",32,5
"0.99.39","metref","kernelpls","classification","accuracy",154,0.988357050452781,10,123,"ordinary_fast",32,5
"0.99.39","metref","kernelpls","classification","accuracy",155,0.988357050452781,10,123,"ordinary_fast",32,5
"0.99.39","metref","kernelpls","classification","accuracy",156,0.987063389391979,10,123,"ordinary_fast",32,5
"0.99.39","metref","kernelpls","classification","accuracy",157,0.988357050452781,10,123,"ordinary_fast",32,5
"0.99.39","metref","kernelpls","classification","accuracy",158,0.988357050452781,10,123,"ordinary_fast",32,5
"0.99.39","metref","kernelpls","classification","accuracy",159,0.987063389391979,10,123,"ordinary_fast",32,5
"0.99.39","metref","kernelpls","classification","accuracy",160,0.988357050452781,10,123,"ordinary_fast",32,5
"0.99.39","metref","kernelpls","classification","accuracy",161,0.988357050452781,10,123,"ordinary_fast",32,5
"0.99.39","metref","kernelpls","classification","accuracy",162,0.988357050452781,10,123,"ordinary_fast",32,5
"0.99.39","metref","kernelpls","classification","accuracy",163,0.988357050452781,10,123,"ordinary_fast",32,5
"0.99.39","metref","kernelpls","classification","accuracy",164,0.988357050452781,10,123,"ordinary_fast",32,5
"0.99.39","metref","kernelpls","classification","accuracy",165,0.988357050452781,10,123,"ordinary_fast",32,5
"0.99.39","metref","kernelpls","classification","accuracy",166,0.988357050452781,10,123,"ordinary_fast",32,5
"0.99.39","metref","kernelpls","classification","accuracy",167,0.988357050452781,10,123,"ordinary_fast",32,5
"0.99.39","metref","kernelpls","classification","accuracy",168,0.988357050452781,10,123,"ordinary_fast",32,5
"0.99.39","metref","kernelpls","classification","accuracy",169,0.988357050452781,10,123,"ordinary_fast",32,5
"0.99.39","metref","kernelpls","classification","accuracy",170,0.988357050452781,10,123,"ordinary_fast",32,5
"0.99.39","metref","kernelpls","classification","accuracy",171,0.987063389391979,10,123,"ordinary_fast",32,5
"0.99.39","metref","kernelpls","classification","accuracy",172,0.987063389391979,10,123,"ordinary_fast",32,5
"0.99.39","metref","kernelpls","classification","accuracy",173,0.987063389391979,10,123,"ordinary_fast",32,5
"0.99.39","metref","kernelpls","classification","accuracy",174,0.987063389391979,10,123,"ordinary_fast",32,5
"0.99.39","metref","kernelpls","classification","accuracy",175,0.987063389391979,10,123,"ordinary_fast",32,5
"0.99.39","metref","kernelpls","classification","accuracy",176,0.988357050452781,10,123,"ordinary_fast",32,5
"0.99.39","metref","kernelpls","classification","accuracy",177,0.988357050452781,10,123,"ordinary_fast",32,5
"0.99.39","metref","kernelpls","classification","accuracy",178,0.989650711513583,10,123,"ordinary_fast",32,5
"0.99.39","metref","kernelpls","classification","accuracy",179,0.989650711513583,10,123,"ordinary_fast",32,5
"0.99.39","metref","kernelpls","classification","accuracy",180,0.988357050452781,10,123,"ordinary_fast",32,5
"0.99.39","metref","kernelpls","classification","accuracy",181,0.987063389391979,10,123,"ordinary_fast",32,5
"0.99.39","metref","kernelpls","classification","accuracy",182,0.987063389391979,10,123,"ordinary_fast",32,5
"0.99.39","metref","kernelpls","classification","accuracy",183,0.985769728331177,10,123,"ordinary_fast",32,5
"0.99.39","metref","kernelpls","classification","accuracy",184,0.985769728331177,10,123,"ordinary_fast",32,5
"0.99.39","metref","kernelpls","classification","accuracy",185,0.985769728331177,10,123,"ordinary_fast",32,5
"0.99.39","metref","kernelpls","classification","accuracy",186,0.984476067270375,10,123,"ordinary_fast",32,5
"0.99.39","metref","kernelpls","classification","accuracy",187,0.985769728331177,10,123,"ordinary_fast",32,5
"0.99.39","metref","kernelpls","classification","accuracy",188,0.985769728331177,10,123,"ordinary_fast",32,5
"0.99.39","metref","kernelpls","classification","accuracy",189,0.985769728331177,10,123,"ordinary_fast",32,5
"0.99.39","metref","kernelpls","classification","accuracy",190,0.985769728331177,10,123,"ordinary_fast",32,5
"0.99.39","metref","kernelpls","classification","accuracy",191,0.985769728331177,10,123,"ordinary_fast",32,5
"0.99.39","metref","kernelpls","classification","accuracy",192,0.985769728331177,10,123,"ordinary_fast",32,5
"0.99.39","metref","kernelpls","classification","accuracy",193,0.984476067270375,10,123,"ordinary_fast",32,5
"0.99.39","metref","kernelpls","classification","accuracy",194,0.984476067270375,10,123,"ordinary_fast",32,5
"0.99.39","metref","kernelpls","classification","accuracy",195,0.984476067270375,10,123,"ordinary_fast",32,5
"0.99.39","metref","kernelpls","classification","accuracy",196,0.984476067270375,10,123,"ordinary_fast",32,5
"0.99.39","metref","kernelpls","classification","accuracy",197,0.984476067270375,10,123,"ordinary_fast",32,5
"0.99.39","metref","kernelpls","classification","accuracy",198,0.984476067270375,10,123,"ordinary_fast",32,5
"0.99.39","metref","kernelpls","classification","accuracy",199,0.984476067270375,10,123,"ordinary_fast",32,5
"0.99.39","metref","kernelpls","classification","accuracy",200,0.984476067270375,10,123,"ordinary_fast",32,5
"0.99.39","prism","plssvd","regression","rmsd",1,0.545482711692254,10,123,"not_applicable",32,5
"0.99.39","prism","plssvd","regression","rmsd",2,0.543770539541862,10,123,"not_applicable",32,5
"0.99.39","prism","plssvd","regression","rmsd",3,0.54268836690658,10,123,"not_applicable",32,5
"0.99.39","prism","plssvd","regression","rmsd",4,0.542100038184194,10,123,"not_applicable",32,5
"0.99.39","prism","plssvd","regression","rmsd",5,0.541037088349489,10,123,"not_applicable",32,5
"0.99.39","prism","plssvd","regression","rmsd",6,0.540027174331525,10,123,"not_applicable",32,5
"0.99.39","prism","plssvd","regression","rmsd",7,0.539574051376958,10,123,"not_applicable",32,5
"0.99.39","prism","plssvd","regression","rmsd",8,0.539889542558906,10,123,"not_applicable",32,5
"0.99.39","prism","plssvd","regression","rmsd",9,0.540164075617676,10,123,"not_applicable",32,5
"0.99.39","prism","plssvd","regression","rmsd",10,0.540664535406671,10,123,"not_applicable",32,5
"0.99.39","prism","plssvd","regression","rmsd",11,0.5411186078465,10,123,"not_applicable",32,5
"0.99.39","prism","plssvd","regression","rmsd",12,0.542123208217303,10,123,"not_applicable",32,5
"0.99.39","prism","plssvd","regression","rmsd",13,0.542890622482213,10,123,"not_applicable",32,5
"0.99.39","prism","plssvd","regression","rmsd",14,0.543092116192869,10,123,"not_applicable",32,5
"0.99.39","prism","plssvd","regression","rmsd",15,0.543948116957097,10,123,"not_applicable",32,5
"0.99.39","prism","plssvd","regression","rmsd",16,0.54416758192458,10,123,"not_applicable",32,5
"0.99.39","prism","plssvd","regression","rmsd",17,0.544411792181028,10,123,"not_applicable",32,5
"0.99.39","prism","plssvd","regression","rmsd",18,0.545065972439108,10,123,"not_applicable",32,5
"0.99.39","prism","plssvd","regression","rmsd",19,0.545288060047469,10,123,"not_applicable",32,5
"0.99.39","prism","plssvd","regression","rmsd",20,0.545678597815311,10,123,"not_applicable",32,5
"0.99.39","prism","plssvd","regression","rmsd",21,0.545891608236876,10,123,"not_applicable",32,5
"0.99.39","prism","plssvd","regression","rmsd",22,0.546378357297372,10,123,"not_applicable",32,5
"0.99.39","prism","plssvd","regression","rmsd",23,0.546570188082868,10,123,"not_applicable",32,5
"0.99.39","prism","plssvd","regression","rmsd",24,0.547019163883026,10,123,"not_applicable",32,5
"0.99.39","prism","plssvd","regression","rmsd",25,0.547548484160231,10,123,"not_applicable",32,5
"0.99.39","prism","plssvd","regression","rmsd",26,0.547657794074611,10,123,"not_applicable",32,5
"0.99.39","prism","plssvd","regression","rmsd",27,0.54767875159809,10,123,"not_applicable",32,5
"0.99.39","prism","plssvd","regression","rmsd",28,0.548270571227156,10,123,"not_applicable",32,5
"0.99.39","prism","plssvd","regression","rmsd",29,0.548561468205196,10,123,"not_applicable",32,5
"0.99.39","prism","plssvd","regression","rmsd",30,0.549137652835118,10,123,"not_applicable",32,5
"0.99.39","prism","plssvd","regression","rmsd",31,0.54944238038325,10,123,"not_applicable",32,5
"0.99.39","prism","plssvd","regression","rmsd",32,0.549763993017453,10,123,"not_applicable",32,5
"0.99.39","prism","plssvd","regression","rmsd",33,0.550156183738718,10,123,"not_applicable",32,5
"0.99.39","prism","plssvd","regression","rmsd",34,0.550726725813201,10,123,"not_applicable",32,5
"0.99.39","prism","plssvd","regression","rmsd",35,0.55143274909129,10,123,"not_applicable",32,5
"0.99.39","prism","plssvd","regression","rmsd",36,0.551962692029061,10,123,"not_applicable",32,5
"0.99.39","prism","plssvd","regression","rmsd",37,0.552370060615399,10,123,"not_applicable",32,5
"0.99.39","prism","plssvd","regression","rmsd",38,0.552907456726038,10,123,"not_applicable",32,5
"0.99.39","prism","plssvd","regression","rmsd",39,0.553629617774977,10,123,"not_applicable",32,5
"0.99.39","prism","plssvd","regression","rmsd",40,0.553922469647512,10,123,"not_applicable",32,5
"0.99.39","prism","plssvd","regression","rmsd",41,0.554518490307649,10,123,"not_applicable",32,5
"0.99.39","prism","plssvd","regression","rmsd",42,0.555125309962025,10,123,"not_applicable",32,5
"0.99.39","prism","plssvd","regression","rmsd",43,0.555451249250246,10,123,"not_applicable",32,5
"0.99.39","prism","plssvd","regression","rmsd",44,0.555774154523865,10,123,"not_applicable",32,5
"0.99.39","prism","plssvd","regression","rmsd",45,0.556213710821401,10,123,"not_applicable",32,5
"0.99.39","prism","plssvd","regression","rmsd",46,0.55667536497023,10,123,"not_applicable",32,5
"0.99.39","prism","plssvd","regression","rmsd",47,0.557143818878625,10,123,"not_applicable",32,5
"0.99.39","prism","plssvd","regression","rmsd",48,0.557734789344382,10,123,"not_applicable",32,5
"0.99.39","prism","plssvd","regression","rmsd",49,0.558580380902571,10,123,"not_applicable",32,5
"0.99.39","prism","plssvd","regression","rmsd",50,0.559127575376416,10,123,"not_applicable",32,5
"0.99.39","prism","plssvd","regression","rmsd",51,0.559705046205127,10,123,"not_applicable",32,5
"0.99.39","prism","plssvd","regression","rmsd",52,0.560087158181829,10,123,"not_applicable",32,5
"0.99.39","prism","plssvd","regression","rmsd",53,0.560492532765036,10,123,"not_applicable",32,5
"0.99.39","prism","plssvd","regression","rmsd",54,0.561046051568613,10,123,"not_applicable",32,5
"0.99.39","prism","plssvd","regression","rmsd",55,0.561628941456308,10,123,"not_applicable",32,5
"0.99.39","prism","plssvd","regression","rmsd",56,0.561942510189608,10,123,"not_applicable",32,5
"0.99.39","prism","plssvd","regression","rmsd",57,0.562637946282486,10,123,"not_applicable",32,5
"0.99.39","prism","plssvd","regression","rmsd",58,0.563172977782406,10,123,"not_applicable",32,5
"0.99.39","prism","plssvd","regression","rmsd",59,0.563506776960485,10,123,"not_applicable",32,5
"0.99.39","prism","plssvd","regression","rmsd",60,0.563901537366684,10,123,"not_applicable",32,5
"0.99.39","prism","plssvd","regression","rmsd",61,0.56417340458085,10,123,"not_applicable",32,5
"0.99.39","prism","plssvd","regression","rmsd",62,0.564508633052429,10,123,"not_applicable",32,5
"0.99.39","prism","plssvd","regression","rmsd",63,0.565059491076477,10,123,"not_applicable",32,5
"0.99.39","prism","plssvd","regression","rmsd",64,0.56541238104495,10,123,"not_applicable",32,5
"0.99.39","prism","plssvd","regression","rmsd",65,0.566034351188677,10,123,"not_applicable",32,5
"0.99.39","prism","plssvd","regression","rmsd",66,0.566606231053111,10,123,"not_applicable",32,5
"0.99.39","prism","plssvd","regression","rmsd",67,0.567065059844451,10,123,"not_applicable",32,5
"0.99.39","prism","plssvd","regression","rmsd",68,0.567694968980717,10,123,"not_applicable",32,5
"0.99.39","prism","plssvd","regression","rmsd",69,0.568107456796091,10,123,"not_applicable",32,5
"0.99.39","prism","plssvd","regression","rmsd",70,0.568605749773089,10,123,"not_applicable",32,5
"0.99.39","prism","plssvd","regression","rmsd",71,0.569018026198381,10,123,"not_applicable",32,5
"0.99.39","prism","plssvd","regression","rmsd",72,0.569759079588201,10,123,"not_applicable",32,5
"0.99.39","prism","plssvd","regression","rmsd",73,0.570447527493844,10,123,"not_applicable",32,5
"0.99.39","prism","plssvd","regression","rmsd",74,0.570979693804133,10,123,"not_applicable",32,5
"0.99.39","prism","plssvd","regression","rmsd",75,0.571549470568183,10,123,"not_applicable",32,5
"0.99.39","prism","plssvd","regression","rmsd",76,0.572319346135606,10,123,"not_applicable",32,5
"0.99.39","prism","plssvd","regression","rmsd",77,0.573033637948854,10,123,"not_applicable",32,5
"0.99.39","prism","plssvd","regression","rmsd",78,0.573403799354052,10,123,"not_applicable",32,5
"0.99.39","prism","plssvd","regression","rmsd",79,0.573966850496532,10,123,"not_applicable",32,5
"0.99.39","prism","plssvd","regression","rmsd",80,0.574792584669656,10,123,"not_applicable",32,5
"0.99.39","prism","plssvd","regression","rmsd",81,0.575361936600576,10,123,"not_applicable",32,5
"0.99.39","prism","plssvd","regression","rmsd",82,0.57624631780578,10,123,"not_applicable",32,5
"0.99.39","prism","plssvd","regression","rmsd",83,0.57698387861732,10,123,"not_applicable",32,5
"0.99.39","prism","plssvd","regression","rmsd",84,0.577734622440507,10,123,"not_applicable",32,5
"0.99.39","prism","plssvd","regression","rmsd",85,0.578333639393076,10,123,"not_applicable",32,5
"0.99.39","prism","plssvd","regression","rmsd",86,0.578983895786265,10,123,"not_applicable",32,5
"0.99.39","prism","plssvd","regression","rmsd",87,0.579507207681846,10,123,"not_applicable",32,5
"0.99.39","prism","plssvd","regression","rmsd",88,0.579953215115433,10,123,"not_applicable",32,5
"0.99.39","prism","plssvd","regression","rmsd",89,0.580520460529286,10,123,"not_applicable",32,5
"0.99.39","prism","plssvd","regression","rmsd",90,0.5811575380823,10,123,"not_applicable",32,5
"0.99.39","prism","plssvd","regression","rmsd",91,0.581396883232288,10,123,"not_applicable",32,5
"0.99.39","prism","plssvd","regression","rmsd",92,0.581692021550196,10,123,"not_applicable",32,5
"0.99.39","prism","plssvd","regression","rmsd",93,0.582125352706022,10,123,"not_applicable",32,5
"0.99.39","prism","plssvd","regression","rmsd",94,0.582818291313548,10,123,"not_applicable",32,5
"0.99.39","prism","plssvd","regression","rmsd",95,0.58341070771628,10,123,"not_applicable",32,5
"0.99.39","prism","plssvd","regression","rmsd",96,0.5838501952299,10,123,"not_applicable",32,5
"0.99.39","prism","plssvd","regression","rmsd",97,0.584300294047805,10,123,"not_applicable",32,5
"0.99.39","prism","plssvd","regression","rmsd",98,0.584797211026579,10,123,"not_applicable",32,5
"0.99.39","prism","plssvd","regression","rmsd",99,0.585541662147623,10,123,"not_applicable",32,5
"0.99.39","prism","plssvd","regression","rmsd",100,0.585896233391594,10,123,"not_applicable",32,5
"0.99.39","prism","simpls","regression","rmsd",1,0.545482711692254,10,123,"high_response_stable",48,6
"0.99.39","prism","simpls","regression","rmsd",2,0.543718617866456,10,123,"high_response_stable",48,6
"0.99.39","prism","simpls","regression","rmsd",3,0.542529143746897,10,123,"high_response_stable",48,6
"0.99.39","prism","simpls","regression","rmsd",4,0.542673431183548,10,123,"high_response_stable",48,6
"0.99.39","prism","simpls","regression","rmsd",5,0.542629906116943,10,123,"high_response_stable",48,6
"0.99.39","prism","simpls","regression","rmsd",6,0.5404072142753,10,123,"high_response_stable",48,6
"0.99.39","prism","simpls","regression","rmsd",7,0.543060808154226,10,123,"high_response_stable",48,6
"0.99.39","prism","simpls","regression","rmsd",8,0.543490886408892,10,123,"high_response_stable",48,6
"0.99.39","prism","simpls","regression","rmsd",9,0.543253716692946,10,123,"high_response_stable",48,6
"0.99.39","prism","simpls","regression","rmsd",10,0.544254559819833,10,123,"high_response_stable",48,6
"0.99.39","prism","simpls","regression","rmsd",11,0.544978162607902,10,123,"high_response_stable",48,6
"0.99.39","prism","simpls","regression","rmsd",12,0.544874123857453,10,123,"high_response_stable",48,6
"0.99.39","prism","simpls","regression","rmsd",13,0.545363473800857,10,123,"high_response_stable",48,6
"0.99.39","prism","simpls","regression","rmsd",14,0.545932146252336,10,123,"high_response_stable",48,6
"0.99.39","prism","simpls","regression","rmsd",15,0.546832797397783,10,123,"high_response_stable",48,6
"0.99.39","prism","simpls","regression","rmsd",16,0.547639180014209,10,123,"high_response_stable",48,6
"0.99.39","prism","simpls","regression","rmsd",17,0.548449286018516,10,123,"high_response_stable",48,6
"0.99.39","prism","simpls","regression","rmsd",18,0.549578632552574,10,123,"high_response_stable",48,6
"0.99.39","prism","simpls","regression","rmsd",19,0.550437620468479,10,123,"high_response_stable",48,6
"0.99.39","prism","simpls","regression","rmsd",20,0.551409726859758,10,123,"high_response_stable",48,6
"0.99.39","prism","simpls","regression","rmsd",21,0.552796929622686,10,123,"high_response_stable",48,6
"0.99.39","prism","simpls","regression","rmsd",22,0.553128502353265,10,123,"high_response_stable",48,6
"0.99.39","prism","simpls","regression","rmsd",23,0.554425027618755,10,123,"high_response_stable",48,6
"0.99.39","prism","simpls","regression","rmsd",24,0.555729123310817,10,123,"high_response_stable",48,6
"0.99.39","prism","simpls","regression","rmsd",25,0.556413849344451,10,123,"high_response_stable",48,6
"0.99.39","prism","simpls","regression","rmsd",26,0.557713356941686,10,123,"high_response_stable",48,6
"0.99.39","prism","simpls","regression","rmsd",27,0.558543177655908,10,123,"high_response_stable",48,6
"0.99.39","prism","simpls","regression","rmsd",28,0.559231392445835,10,123,"high_response_stable",48,6
"0.99.39","prism","simpls","regression","rmsd",29,0.559723598135431,10,123,"high_response_stable",48,6
"0.99.39","prism","simpls","regression","rmsd",30,0.560612858793115,10,123,"high_response_stable",48,6
"0.99.39","prism","simpls","regression","rmsd",31,0.562048968503765,10,123,"high_response_stable",48,6
"0.99.39","prism","simpls","regression","rmsd",32,0.562423334828822,10,123,"high_response_stable",48,6
"0.99.39","prism","simpls","regression","rmsd",33,0.562792912521067,10,123,"high_response_stable",48,6
"0.99.39","prism","simpls","regression","rmsd",34,0.563476758858479,10,123,"high_response_stable",48,6
"0.99.39","prism","simpls","regression","rmsd",35,0.564123157648579,10,123,"high_response_stable",48,6
"0.99.39","prism","simpls","regression","rmsd",36,0.564966932003692,10,123,"high_response_stable",48,6
"0.99.39","prism","simpls","regression","rmsd",37,0.566230186943152,10,123,"high_response_stable",48,6
"0.99.39","prism","simpls","regression","rmsd",38,0.567143596020086,10,123,"high_response_stable",48,6
"0.99.39","prism","simpls","regression","rmsd",39,0.567471457165129,10,123,"high_response_stable",48,6
"0.99.39","prism","simpls","regression","rmsd",40,0.568122724023567,10,123,"high_response_stable",48,6
"0.99.39","prism","simpls","regression","rmsd",41,0.569110707242847,10,123,"high_response_stable",48,6
"0.99.39","prism","simpls","regression","rmsd",42,0.569670426203404,10,123,"high_response_stable",48,6
"0.99.39","prism","simpls","regression","rmsd",43,0.570214644468169,10,123,"high_response_stable",48,6
"0.99.39","prism","simpls","regression","rmsd",44,0.570978563011782,10,123,"high_response_stable",48,6
"0.99.39","prism","simpls","regression","rmsd",45,0.571451129506388,10,123,"high_response_stable",48,6
"0.99.39","prism","simpls","regression","rmsd",46,0.572207229442767,10,123,"high_response_stable",48,6
"0.99.39","prism","simpls","regression","rmsd",47,0.57323212457756,10,123,"high_response_stable",48,6
"0.99.39","prism","simpls","regression","rmsd",48,0.573843078126754,10,123,"high_response_stable",48,6
"0.99.39","prism","simpls","regression","rmsd",49,0.574809640191084,10,123,"high_response_stable",48,6
"0.99.39","prism","simpls","regression","rmsd",50,0.576010311673652,10,123,"high_response_stable",48,6
"0.99.39","prism","simpls","regression","rmsd",51,0.576925657029678,10,123,"high_response_stable",48,6
"0.99.39","prism","simpls","regression","rmsd",52,0.577786572041228,10,123,"high_response_stable",48,6
"0.99.39","prism","simpls","regression","rmsd",53,0.578436506834915,10,123,"high_response_stable",48,6
"0.99.39","prism","simpls","regression","rmsd",54,0.579098316675873,10,123,"high_response_stable",48,6
"0.99.39","prism","simpls","regression","rmsd",55,0.579812487566016,10,123,"high_response_stable",48,6
"0.99.39","prism","simpls","regression","rmsd",56,0.581110400944952,10,123,"high_response_stable",48,6
"0.99.39","prism","simpls","regression","rmsd",57,0.582001496005895,10,123,"high_response_stable",48,6
"0.99.39","prism","simpls","regression","rmsd",58,0.582905239156643,10,123,"high_response_stable",48,6
"0.99.39","prism","simpls","regression","rmsd",59,0.583644137510375,10,123,"high_response_stable",48,6
"0.99.39","prism","simpls","regression","rmsd",60,0.584000838684194,10,123,"high_response_stable",48,6
"0.99.39","prism","simpls","regression","rmsd",61,0.584794234545518,10,123,"high_response_stable",48,6
"0.99.39","prism","simpls","regression","rmsd",62,0.585203581906774,10,123,"high_response_stable",48,6
"0.99.39","prism","simpls","regression","rmsd",63,0.585861292252131,10,123,"high_response_stable",48,6
"0.99.39","prism","simpls","regression","rmsd",64,0.586852968820246,10,123,"high_response_stable",48,6
"0.99.39","prism","simpls","regression","rmsd",65,0.58764619155424,10,123,"high_response_stable",48,6
"0.99.39","prism","simpls","regression","rmsd",66,0.588029874908478,10,123,"high_response_stable",48,6
"0.99.39","prism","simpls","regression","rmsd",67,0.588841851255563,10,123,"high_response_stable",48,6
"0.99.39","prism","simpls","regression","rmsd",68,0.589635250755182,10,123,"high_response_stable",48,6
"0.99.39","prism","simpls","regression","rmsd",69,0.590176098430742,10,123,"high_response_stable",48,6
"0.99.39","prism","simpls","regression","rmsd",70,0.590739639514406,10,123,"high_response_stable",48,6
"0.99.39","prism","simpls","regression","rmsd",71,0.591254228583757,10,123,"high_response_stable",48,6
"0.99.39","prism","simpls","regression","rmsd",72,0.592166287698598,10,123,"high_response_stable",48,6
"0.99.39","prism","simpls","regression","rmsd",73,0.592860949967038,10,123,"high_response_stable",48,6
"0.99.39","prism","simpls","regression","rmsd",74,0.593327284434945,10,123,"high_response_stable",48,6
"0.99.39","prism","simpls","regression","rmsd",75,0.594010630286816,10,123,"high_response_stable",48,6
"0.99.39","prism","simpls","regression","rmsd",76,0.594736812568639,10,123,"high_response_stable",48,6
"0.99.39","prism","simpls","regression","rmsd",77,0.595088688883904,10,123,"high_response_stable",48,6
"0.99.39","prism","simpls","regression","rmsd",78,0.595866742135433,10,123,"high_response_stable",48,6
"0.99.39","prism","simpls","regression","rmsd",79,0.596377686003679,10,123,"high_response_stable",48,6
"0.99.39","prism","simpls","regression","rmsd",80,0.597165392062153,10,123,"high_response_stable",48,6
"0.99.39","prism","simpls","regression","rmsd",81,0.598428130646952,10,123,"high_response_stable",48,6
"0.99.39","prism","simpls","regression","rmsd",82,0.59918507136066,10,123,"high_response_stable",48,6
"0.99.39","prism","simpls","regression","rmsd",83,0.600160184819248,10,123,"high_response_stable",48,6
"0.99.39","prism","simpls","regression","rmsd",84,0.600715558089712,10,123,"high_response_stable",48,6
"0.99.39","prism","simpls","regression","rmsd",85,0.601544582309205,10,123,"high_response_stable",48,6
"0.99.39","prism","simpls","regression","rmsd",86,0.602485582287495,10,123,"high_response_stable",48,6
"0.99.39","prism","simpls","regression","rmsd",87,0.60303114525586,10,123,"high_response_stable",48,6
"0.99.39","prism","simpls","regression","rmsd",88,0.603760052978776,10,123,"high_response_stable",48,6
"0.99.39","prism","simpls","regression","rmsd",89,0.604504609561867,10,123,"high_response_stable",48,6
"0.99.39","prism","simpls","regression","rmsd",90,0.605324140680166,10,123,"high_response_stable",48,6
"0.99.39","prism","simpls","regression","rmsd",91,0.605873883813784,10,123,"high_response_stable",48,6
"0.99.39","prism","simpls","regression","rmsd",92,0.606685800377563,10,123,"high_response_stable",48,6
"0.99.39","prism","simpls","regression","rmsd",93,0.607366383318102,10,123,"high_response_stable",48,6
"0.99.39","prism","simpls","regression","rmsd",94,0.608020016593868,10,123,"high_response_stable",48,6
"0.99.39","prism","simpls","regression","rmsd",95,0.608849696859679,10,123,"high_response_stable",48,6
"0.99.39","prism","simpls","regression","rmsd",96,0.609660507146702,10,123,"high_response_stable",48,6
"0.99.39","prism","simpls","regression","rmsd",97,0.609855346422542,10,123,"high_response_stable",48,6
"0.99.39","prism","simpls","regression","rmsd",98,0.61074580738705,10,123,"high_response_stable",48,6
"0.99.39","prism","simpls","regression","rmsd",99,0.611367588467572,10,123,"high_response_stable",48,6
"0.99.39","prism","simpls","regression","rmsd",100,0.611874762264794,10,123,"high_response_stable",48,6
"0.99.39","prism","opls","regression","rmsd",1,0.544548732812024,10,123,"high_response_stable",48,6
"0.99.39","prism","opls","regression","rmsd",2,0.54350792522375,10,123,"high_response_stable",48,6
"0.99.39","prism","opls","regression","rmsd",3,0.543689541055485,10,123,"high_response_stable",48,6
"0.99.39","prism","opls","regression","rmsd",4,0.543766743354859,10,123,"high_response_stable",48,6
"0.99.39","prism","opls","regression","rmsd",5,0.542018277247297,10,123,"high_response_stable",48,6
"0.99.39","prism","opls","regression","rmsd",6,0.544934802637477,10,123,"high_response_stable",48,6
"0.99.39","prism","opls","regression","rmsd",7,0.544989917821114,10,123,"high_response_stable",48,6
"0.99.39","prism","opls","regression","rmsd",8,0.544733886558711,10,123,"high_response_stable",48,6
"0.99.39","prism","opls","regression","rmsd",9,0.545528258472683,10,123,"high_response_stable",48,6
"0.99.39","prism","opls","regression","rmsd",10,0.54616320289117,10,123,"high_response_stable",48,6
"0.99.39","prism","opls","regression","rmsd",11,0.546149117738031,10,123,"high_response_stable",48,6
"0.99.39","prism","opls","regression","rmsd",12,0.546665562397222,10,123,"high_response_stable",48,6
"0.99.39","prism","opls","regression","rmsd",13,0.547386436674235,10,123,"high_response_stable",48,6
"0.99.39","prism","opls","regression","rmsd",14,0.548040502964501,10,123,"high_response_stable",48,6
"0.99.39","prism","opls","regression","rmsd",15,0.548952014013192,10,123,"high_response_stable",48,6
"0.99.39","prism","opls","regression","rmsd",16,0.549902483939939,10,123,"high_response_stable",48,6
"0.99.39","prism","opls","regression","rmsd",17,0.551153678749562,10,123,"high_response_stable",48,6
"0.99.39","prism","opls","regression","rmsd",18,0.551719178417579,10,123,"high_response_stable",48,6
"0.99.39","prism","opls","regression","rmsd",19,0.552686729157066,10,123,"high_response_stable",48,6
"0.99.39","prism","opls","regression","rmsd",20,0.554111869480696,10,123,"high_response_stable",48,6
"0.99.39","prism","opls","regression","rmsd",21,0.554603448685883,10,123,"high_response_stable",48,6
"0.99.39","prism","opls","regression","rmsd",22,0.555725451959914,10,123,"high_response_stable",48,6
"0.99.39","prism","opls","regression","rmsd",23,0.556847658422181,10,123,"high_response_stable",48,6
"0.99.39","prism","opls","regression","rmsd",24,0.557582261929693,10,123,"high_response_stable",48,6
"0.99.39","prism","opls","regression","rmsd",25,0.558914990642331,10,123,"high_response_stable",48,6
"0.99.39","prism","opls","regression","rmsd",26,0.559720769559581,10,123,"high_response_stable",48,6
"0.99.39","prism","opls","regression","rmsd",27,0.560297984960305,10,123,"high_response_stable",48,6
"0.99.39","prism","opls","regression","rmsd",28,0.560724950207989,10,123,"high_response_stable",48,6
"0.99.39","prism","opls","regression","rmsd",29,0.561669138436337,10,123,"high_response_stable",48,6
"0.99.39","prism","opls","regression","rmsd",30,0.563362418892212,10,123,"high_response_stable",48,6
"0.99.39","prism","opls","regression","rmsd",31,0.563756460409484,10,123,"high_response_stable",48,6
"0.99.39","prism","opls","regression","rmsd",32,0.564088621586337,10,123,"high_response_stable",48,6
"0.99.39","prism","opls","regression","rmsd",33,0.564765727425368,10,123,"high_response_stable",48,6
"0.99.39","prism","opls","regression","rmsd",34,0.565348158572623,10,123,"high_response_stable",48,6
"0.99.39","prism","opls","regression","rmsd",35,0.5661607513184,10,123,"high_response_stable",48,6
"0.99.39","prism","opls","regression","rmsd",36,0.5674882817544,10,123,"high_response_stable",48,6
"0.99.39","prism","opls","regression","rmsd",37,0.568314596488892,10,123,"high_response_stable",48,6
"0.99.39","prism","opls","regression","rmsd",38,0.568773814583045,10,123,"high_response_stable",48,6
"0.99.39","prism","opls","regression","rmsd",39,0.56933719015754,10,123,"high_response_stable",48,6
"0.99.39","prism","opls","regression","rmsd",40,0.570316209829609,10,123,"high_response_stable",48,6
"0.99.39","prism","opls","regression","rmsd",41,0.570903852097323,10,123,"high_response_stable",48,6
"0.99.39","prism","opls","regression","rmsd",42,0.571477652872082,10,123,"high_response_stable",48,6
"0.99.39","prism","opls","regression","rmsd",43,0.572209041823164,10,123,"high_response_stable",48,6
"0.99.39","prism","opls","regression","rmsd",44,0.572685824975487,10,123,"high_response_stable",48,6
"0.99.39","prism","opls","regression","rmsd",45,0.573392638070221,10,123,"high_response_stable",48,6
"0.99.39","prism","opls","regression","rmsd",46,0.574407899022961,10,123,"high_response_stable",48,6
"0.99.39","prism","opls","regression","rmsd",47,0.574913954132735,10,123,"high_response_stable",48,6
"0.99.39","prism","opls","regression","rmsd",48,0.57592286077292,10,123,"high_response_stable",48,6
"0.99.39","prism","opls","regression","rmsd",49,0.577118317586858,10,123,"high_response_stable",48,6
"0.99.39","prism","opls","regression","rmsd",50,0.578082895090027,10,123,"high_response_stable",48,6
"0.99.39","prism","opls","regression","rmsd",51,0.578943741952347,10,123,"high_response_stable",48,6
"0.99.39","prism","opls","regression","rmsd",52,0.579486294504299,10,123,"high_response_stable",48,6
"0.99.39","prism","opls","regression","rmsd",53,0.580090603216105,10,123,"high_response_stable",48,6
"0.99.39","prism","opls","regression","rmsd",54,0.580814065942888,10,123,"high_response_stable",48,6
"0.99.39","prism","opls","regression","rmsd",55,0.582100542907521,10,123,"high_response_stable",48,6
"0.99.39","prism","opls","regression","rmsd",56,0.582865867532695,10,123,"high_response_stable",48,6
"0.99.39","prism","opls","regression","rmsd",57,0.583735491022063,10,123,"high_response_stable",48,6
"0.99.39","prism","opls","regression","rmsd",58,0.584451501805074,10,123,"high_response_stable",48,6
"0.99.39","prism","opls","regression","rmsd",59,0.584849576752932,10,123,"high_response_stable",48,6
"0.99.39","prism","opls","regression","rmsd",60,0.585699802316908,10,123,"high_response_stable",48,6
"0.99.39","prism","opls","regression","rmsd",61,0.586121909634803,10,123,"high_response_stable",48,6
"0.99.39","prism","opls","regression","rmsd",62,0.586769286378132,10,123,"high_response_stable",48,6
"0.99.39","prism","opls","regression","rmsd",63,0.587721533918378,10,123,"high_response_stable",48,6
"0.99.39","prism","opls","regression","rmsd",64,0.588474711130853,10,123,"high_response_stable",48,6
"0.99.39","prism","opls","regression","rmsd",65,0.588891427681951,10,123,"high_response_stable",48,6
"0.99.39","prism","opls","regression","rmsd",66,0.589630064976025,10,123,"high_response_stable",48,6
"0.99.39","prism","opls","regression","rmsd",67,0.590406658301525,10,123,"high_response_stable",48,6
"0.99.39","prism","opls","regression","rmsd",68,0.590964794717154,10,123,"high_response_stable",48,6
"0.99.39","prism","opls","regression","rmsd",69,0.591559571043461,10,123,"high_response_stable",48,6
"0.99.39","prism","opls","regression","rmsd",70,0.592075806998092,10,123,"high_response_stable",48,6
"0.99.39","prism","opls","regression","rmsd",71,0.592965816478086,10,123,"high_response_stable",48,6
"0.99.39","prism","opls","regression","rmsd",72,0.593651923861054,10,123,"high_response_stable",48,6
"0.99.39","prism","opls","regression","rmsd",73,0.594195116954917,10,123,"high_response_stable",48,6
"0.99.39","prism","opls","regression","rmsd",74,0.59488067510829,10,123,"high_response_stable",48,6
"0.99.39","prism","opls","regression","rmsd",75,0.595596379244227,10,123,"high_response_stable",48,6
"0.99.39","prism","opls","regression","rmsd",76,0.595937583847064,10,123,"high_response_stable",48,6
"0.99.39","prism","opls","regression","rmsd",77,0.59672173362,10,123,"high_response_stable",48,6
"0.99.39","prism","opls","regression","rmsd",78,0.597220037647346,10,123,"high_response_stable",48,6
"0.99.39","prism","opls","regression","rmsd",79,0.59804282215499,10,123,"high_response_stable",48,6
"0.99.39","prism","opls","regression","rmsd",80,0.599154487222228,10,123,"high_response_stable",48,6
"0.99.39","prism","opls","regression","rmsd",81,0.600010036607088,10,123,"high_response_stable",48,6
"0.99.39","prism","opls","regression","rmsd",82,0.601013328685225,10,123,"high_response_stable",48,6
"0.99.39","prism","opls","regression","rmsd",83,0.601583465777762,10,123,"high_response_stable",48,6
"0.99.39","prism","opls","regression","rmsd",84,0.602371102531647,10,123,"high_response_stable",48,6
"0.99.39","prism","opls","regression","rmsd",85,0.603314642499998,10,123,"high_response_stable",48,6
"0.99.39","prism","opls","regression","rmsd",86,0.603872092203098,10,123,"high_response_stable",48,6
"0.99.39","prism","opls","regression","rmsd",87,0.604574860487071,10,123,"high_response_stable",48,6
"0.99.39","prism","opls","regression","rmsd",88,0.605266142613377,10,123,"high_response_stable",48,6
"0.99.39","prism","opls","regression","rmsd",89,0.606048942610299,10,123,"high_response_stable",48,6
"0.99.39","prism","opls","regression","rmsd",90,0.606556906245441,10,123,"high_response_stable",48,6
"0.99.39","prism","opls","regression","rmsd",91,0.607417165208098,10,123,"high_response_stable",48,6
"0.99.39","prism","opls","regression","rmsd",92,0.608095830835073,10,123,"high_response_stable",48,6
"0.99.39","prism","opls","regression","rmsd",93,0.608780947232044,10,123,"high_response_stable",48,6
"0.99.39","prism","opls","regression","rmsd",94,0.609644158551498,10,123,"high_response_stable",48,6
"0.99.39","prism","opls","regression","rmsd",95,0.610406196796522,10,123,"high_response_stable",48,6
"0.99.39","prism","opls","regression","rmsd",96,0.610596302828719,10,123,"high_response_stable",48,6
"0.99.39","prism","opls","regression","rmsd",97,0.611542323609462,10,123,"high_response_stable",48,6
"0.99.39","prism","opls","regression","rmsd",98,0.612145453461794,10,123,"high_response_stable",48,6
"0.99.39","prism","opls","regression","rmsd",99,0.612624836895277,10,123,"high_response_stable",48,6
"0.99.39","prism","opls","regression","rmsd",100,0.613044838659539,10,123,"high_response_stable",48,6
"0.99.39","prism","kernelpls","regression","rmsd",1,0.545482711692254,10,123,"high_response_stable",48,6
"0.99.39","prism","kernelpls","regression","rmsd",2,0.543718617866456,10,123,"high_response_stable",48,6
"0.99.39","prism","kernelpls","regression","rmsd",3,0.542529143746897,10,123,"high_response_stable",48,6
"0.99.39","prism","kernelpls","regression","rmsd",4,0.542673431183548,10,123,"high_response_stable",48,6
"0.99.39","prism","kernelpls","regression","rmsd",5,0.542629906116943,10,123,"high_response_stable",48,6
"0.99.39","prism","kernelpls","regression","rmsd",6,0.5404072142753,10,123,"high_response_stable",48,6
"0.99.39","prism","kernelpls","regression","rmsd",7,0.543060808154226,10,123,"high_response_stable",48,6
"0.99.39","prism","kernelpls","regression","rmsd",8,0.543490886408892,10,123,"high_response_stable",48,6
"0.99.39","prism","kernelpls","regression","rmsd",9,0.543253716692946,10,123,"high_response_stable",48,6
"0.99.39","prism","kernelpls","regression","rmsd",10,0.544254559819833,10,123,"high_response_stable",48,6
"0.99.39","prism","kernelpls","regression","rmsd",11,0.544978162607902,10,123,"high_response_stable",48,6
"0.99.39","prism","kernelpls","regression","rmsd",12,0.544874123857453,10,123,"high_response_stable",48,6
"0.99.39","prism","kernelpls","regression","rmsd",13,0.545363473800857,10,123,"high_response_stable",48,6
"0.99.39","prism","kernelpls","regression","rmsd",14,0.545932146252336,10,123,"high_response_stable",48,6
"0.99.39","prism","kernelpls","regression","rmsd",15,0.546832797397783,10,123,"high_response_stable",48,6
"0.99.39","prism","kernelpls","regression","rmsd",16,0.547639180014209,10,123,"high_response_stable",48,6
"0.99.39","prism","kernelpls","regression","rmsd",17,0.548449286018516,10,123,"high_response_stable",48,6
"0.99.39","prism","kernelpls","regression","rmsd",18,0.549578632552574,10,123,"high_response_stable",48,6
"0.99.39","prism","kernelpls","regression","rmsd",19,0.550437620468479,10,123,"high_response_stable",48,6
"0.99.39","prism","kernelpls","regression","rmsd",20,0.551409726859758,10,123,"high_response_stable",48,6
"0.99.39","prism","kernelpls","regression","rmsd",21,0.552796929622686,10,123,"high_response_stable",48,6
"0.99.39","prism","kernelpls","regression","rmsd",22,0.553128502353265,10,123,"high_response_stable",48,6
"0.99.39","prism","kernelpls","regression","rmsd",23,0.554425027618755,10,123,"high_response_stable",48,6
"0.99.39","prism","kernelpls","regression","rmsd",24,0.555729123310817,10,123,"high_response_stable",48,6
"0.99.39","prism","kernelpls","regression","rmsd",25,0.556413849344451,10,123,"high_response_stable",48,6
"0.99.39","prism","kernelpls","regression","rmsd",26,0.557713356941686,10,123,"high_response_stable",48,6
"0.99.39","prism","kernelpls","regression","rmsd",27,0.558543177655908,10,123,"high_response_stable",48,6
"0.99.39","prism","kernelpls","regression","rmsd",28,0.559231392445835,10,123,"high_response_stable",48,6
"0.99.39","prism","kernelpls","regression","rmsd",29,0.559723598135431,10,123,"high_response_stable",48,6
"0.99.39","prism","kernelpls","regression","rmsd",30,0.560612858793115,10,123,"high_response_stable",48,6
"0.99.39","prism","kernelpls","regression","rmsd",31,0.562048968503765,10,123,"high_response_stable",48,6
"0.99.39","prism","kernelpls","regression","rmsd",32,0.562423334828822,10,123,"high_response_stable",48,6
"0.99.39","prism","kernelpls","regression","rmsd",33,0.562792912521067,10,123,"high_response_stable",48,6
"0.99.39","prism","kernelpls","regression","rmsd",34,0.563476758858479,10,123,"high_response_stable",48,6
"0.99.39","prism","kernelpls","regression","rmsd",35,0.564123157648579,10,123,"high_response_stable",48,6
"0.99.39","prism","kernelpls","regression","rmsd",36,0.564966932003692,10,123,"high_response_stable",48,6
"0.99.39","prism","kernelpls","regression","rmsd",37,0.566230186943152,10,123,"high_response_stable",48,6
"0.99.39","prism","kernelpls","regression","rmsd",38,0.567143596020086,10,123,"high_response_stable",48,6
"0.99.39","prism","kernelpls","regression","rmsd",39,0.567471457165129,10,123,"high_response_stable",48,6
"0.99.39","prism","kernelpls","regression","rmsd",40,0.568122724023567,10,123,"high_response_stable",48,6
"0.99.39","prism","kernelpls","regression","rmsd",41,0.569110707242847,10,123,"high_response_stable",48,6
"0.99.39","prism","kernelpls","regression","rmsd",42,0.569670426203404,10,123,"high_response_stable",48,6
"0.99.39","prism","kernelpls","regression","rmsd",43,0.570214644468169,10,123,"high_response_stable",48,6
"0.99.39","prism","kernelpls","regression","rmsd",44,0.570978563011782,10,123,"high_response_stable",48,6
"0.99.39","prism","kernelpls","regression","rmsd",45,0.571451129506388,10,123,"high_response_stable",48,6
"0.99.39","prism","kernelpls","regression","rmsd",46,0.572207229442767,10,123,"high_response_stable",48,6
"0.99.39","prism","kernelpls","regression","rmsd",47,0.57323212457756,10,123,"high_response_stable",48,6
"0.99.39","prism","kernelpls","regression","rmsd",48,0.573843078126754,10,123,"high_response_stable",48,6
"0.99.39","prism","kernelpls","regression","rmsd",49,0.574809640191084,10,123,"high_response_stable",48,6
"0.99.39","prism","kernelpls","regression","rmsd",50,0.576010311673652,10,123,"high_response_stable",48,6
"0.99.39","prism","kernelpls","regression","rmsd",51,0.576925657029678,10,123,"high_response_stable",48,6
"0.99.39","prism","kernelpls","regression","rmsd",52,0.577786572041228,10,123,"high_response_stable",48,6
"0.99.39","prism","kernelpls","regression","rmsd",53,0.578436506834915,10,123,"high_response_stable",48,6
"0.99.39","prism","kernelpls","regression","rmsd",54,0.579098316675873,10,123,"high_response_stable",48,6
"0.99.39","prism","kernelpls","regression","rmsd",55,0.579812487566016,10,123,"high_response_stable",48,6
"0.99.39","prism","kernelpls","regression","rmsd",56,0.581110400944952,10,123,"high_response_stable",48,6
"0.99.39","prism","kernelpls","regression","rmsd",57,0.582001496005895,10,123,"high_response_stable",48,6
"0.99.39","prism","kernelpls","regression","rmsd",58,0.582905239156643,10,123,"high_response_stable",48,6
"0.99.39","prism","kernelpls","regression","rmsd",59,0.583644137510375,10,123,"high_response_stable",48,6
"0.99.39","prism","kernelpls","regression","rmsd",60,0.584000838684194,10,123,"high_response_stable",48,6
"0.99.39","prism","kernelpls","regression","rmsd",61,0.584794234545518,10,123,"high_response_stable",48,6
"0.99.39","prism","kernelpls","regression","rmsd",62,0.585203581906774,10,123,"high_response_stable",48,6
"0.99.39","prism","kernelpls","regression","rmsd",63,0.585861292252131,10,123,"high_response_stable",48,6
"0.99.39","prism","kernelpls","regression","rmsd",64,0.586852968820246,10,123,"high_response_stable",48,6
"0.99.39","prism","kernelpls","regression","rmsd",65,0.58764619155424,10,123,"high_response_stable",48,6
"0.99.39","prism","kernelpls","regression","rmsd",66,0.588029874908478,10,123,"high_response_stable",48,6
"0.99.39","prism","kernelpls","regression","rmsd",67,0.588841851255563,10,123,"high_response_stable",48,6
"0.99.39","prism","kernelpls","regression","rmsd",68,0.589635250755182,10,123,"high_response_stable",48,6
"0.99.39","prism","kernelpls","regression","rmsd",69,0.590176098430742,10,123,"high_response_stable",48,6
"0.99.39","prism","kernelpls","regression","rmsd",70,0.590739639514406,10,123,"high_response_stable",48,6
"0.99.39","prism","kernelpls","regression","rmsd",71,0.591254228583757,10,123,"high_response_stable",48,6
"0.99.39","prism","kernelpls","regression","rmsd",72,0.592166287698598,10,123,"high_response_stable",48,6
"0.99.39","prism","kernelpls","regression","rmsd",73,0.592860949967038,10,123,"high_response_stable",48,6
"0.99.39","prism","kernelpls","regression","rmsd",74,0.593327284434945,10,123,"high_response_stable",48,6
"0.99.39","prism","kernelpls","regression","rmsd",75,0.594010630286816,10,123,"high_response_stable",48,6
"0.99.39","prism","kernelpls","regression","rmsd",76,0.594736812568639,10,123,"high_response_stable",48,6
"0.99.39","prism","kernelpls","regression","rmsd",77,0.595088688883904,10,123,"high_response_stable",48,6
"0.99.39","prism","kernelpls","regression","rmsd",78,0.595866742135433,10,123,"high_response_stable",48,6
"0.99.39","prism","kernelpls","regression","rmsd",79,0.596377686003679,10,123,"high_response_stable",48,6
"0.99.39","prism","kernelpls","regression","rmsd",80,0.597165392062153,10,123,"high_response_stable",48,6
"0.99.39","prism","kernelpls","regression","rmsd",81,0.598428130646952,10,123,"high_response_stable",48,6
"0.99.39","prism","kernelpls","regression","rmsd",82,0.59918507136066,10,123,"high_response_stable",48,6
"0.99.39","prism","kernelpls","regression","rmsd",83,0.600160184819248,10,123,"high_response_stable",48,6
"0.99.39","prism","kernelpls","regression","rmsd",84,0.600715558089712,10,123,"high_response_stable",48,6
"0.99.39","prism","kernelpls","regression","rmsd",85,0.601544582309205,10,123,"high_response_stable",48,6
"0.99.39","prism","kernelpls","regression","rmsd",86,0.602485582287495,10,123,"high_response_stable",48,6
"0.99.39","prism","kernelpls","regression","rmsd",87,0.60303114525586,10,123,"high_response_stable",48,6
"0.99.39","prism","kernelpls","regression","rmsd",88,0.603760052978776,10,123,"high_response_stable",48,6
"0.99.39","prism","kernelpls","regression","rmsd",89,0.604504609561867,10,123,"high_response_stable",48,6
"0.99.39","prism","kernelpls","regression","rmsd",90,0.605324140680166,10,123,"high_response_stable",48,6
"0.99.39","prism","kernelpls","regression","rmsd",91,0.605873883813784,10,123,"high_response_stable",48,6
"0.99.39","prism","kernelpls","regression","rmsd",92,0.606685800377563,10,123,"high_response_stable",48,6
"0.99.39","prism","kernelpls","regression","rmsd",93,0.607366383318102,10,123,"high_response_stable",48,6
"0.99.39","prism","kernelpls","regression","rmsd",94,0.608020016593868,10,123,"high_response_stable",48,6
"0.99.39","prism","kernelpls","regression","rmsd",95,0.608849696859679,10,123,"high_response_stable",48,6
"0.99.39","prism","kernelpls","regression","rmsd",96,0.609660507146702,10,123,"high_response_stable",48,6
"0.99.39","prism","kernelpls","regression","rmsd",97,0.609855346422542,10,123,"high_response_stable",48,6
"0.99.39","prism","kernelpls","regression","rmsd",98,0.61074580738705,10,123,"high_response_stable",48,6
"0.99.39","prism","kernelpls","regression","rmsd",99,0.611367588467572,10,123,"high_response_stable",48,6
"0.99.39","prism","kernelpls","regression","rmsd",100,0.611874762264794,10,123,"high_response_stable",48,6
"0.99.39","retina","plssvd","classification","accuracy",1,0.722792607802875,10,123,"not_applicable",32,5
"0.99.39","retina","plssvd","classification","accuracy",2,0.843094366574413,10,123,"not_applicable",32,5
"0.99.39","retina","plssvd","classification","accuracy",3,0.874609409874118,10,123,"not_applicable",32,5
"0.99.39","retina","plssvd","classification","accuracy",4,0.878180519596465,10,123,"not_applicable",32,5
"0.99.39","retina","plssvd","classification","accuracy",5,0.907776091420409,10,123,"not_applicable",32,5
"0.99.39","retina","plssvd","classification","accuracy",6,0.918891170431211,10,123,"not_applicable",32,5
"0.99.39","retina","plssvd","classification","accuracy",7,0.923712168556379,10,123,"not_applicable",32,5
"0.99.39","retina","plssvd","classification","accuracy",8,0.924917418087671,10,123,"not_applicable",32,5
"0.99.39","retina","plssvd","classification","accuracy",9,0.926881528434961,10,123,"not_applicable",32,5
"0.99.39","retina","plssvd","classification","accuracy",10,0.927774305865548,10,123,"not_applicable",32,5
"0.99.39","retina","plssvd","classification","accuracy",11,0.929336666369074,10,123,"not_applicable",32,5
"0.99.39","retina","simpls","classification","accuracy",1,0.722792607802875,10,123,"ordinary_fast",32,5
"0.99.39","retina","simpls","classification","accuracy",2,0.84331756093206,10,123,"ordinary_fast",32,5
"0.99.39","retina","simpls","classification","accuracy",3,0.874787965360236,10,123,"ordinary_fast",32,5
"0.99.39","retina","simpls","classification","accuracy",4,0.884340683867512,10,123,"ordinary_fast",32,5
"0.99.39","retina","simpls","classification","accuracy",5,0.925319167931435,10,123,"ordinary_fast",32,5
"0.99.39","retina","simpls","classification","accuracy",6,0.939514329077761,10,123,"ordinary_fast",32,5
"0.99.39","retina","simpls","classification","accuracy",7,0.954423712168556,10,123,"ordinary_fast",32,5
"0.99.39","retina","simpls","classification","accuracy",8,0.959200071422194,10,123,"ordinary_fast",32,5
"0.99.39","retina","simpls","classification","accuracy",9,0.960673154182662,10,123,"ordinary_fast",32,5
"0.99.39","retina","simpls","classification","accuracy",10,0.96219087581466,10,123,"ordinary_fast",32,5
"0.99.39","retina","simpls","classification","accuracy",11,0.964244263905009,10,123,"ordinary_fast",32,5
"0.99.39","retina","simpls","classification","accuracy",12,0.965270957950183,10,123,"ordinary_fast",32,5
"0.99.39","retina","simpls","classification","accuracy",13,0.966520846353004,10,123,"ordinary_fast",32,5
"0.99.39","retina","simpls","classification","accuracy",14,0.967636818141237,10,123,"ordinary_fast",32,5
"0.99.39","retina","simpls","classification","accuracy",15,0.967592179269708,10,123,"ordinary_fast",32,5
"0.99.39","retina","simpls","classification","accuracy",16,0.967815373627355,10,123,"ordinary_fast",32,5
"0.99.39","retina","simpls","classification","accuracy",17,0.968038567985001,10,123,"ordinary_fast",32,5
"0.99.39","retina","simpls","classification","accuracy",18,0.967993929113472,10,123,"ordinary_fast",32,5
"0.99.39","retina","simpls","classification","accuracy",19,0.968261762342648,10,123,"ordinary_fast",32,5
"0.99.39","retina","simpls","classification","accuracy",20,0.968083206856531,10,123,"ordinary_fast",32,5
"0.99.39","retina","simpls","classification","accuracy",21,0.968306401214177,10,123,"ordinary_fast",32,5
"0.99.39","retina","simpls","classification","accuracy",22,0.968351040085707,10,123,"ordinary_fast",32,5
"0.99.39","retina","simpls","classification","accuracy",23,0.968440317828765,10,123,"ordinary_fast",32,5
"0.99.39","retina","simpls","classification","accuracy",24,0.968440317828765,10,123,"ordinary_fast",32,5
"0.99.39","retina","simpls","classification","accuracy",25,0.968395678957236,10,123,"ordinary_fast",32,5
"0.99.39","retina","simpls","classification","accuracy",26,0.968395678957236,10,123,"ordinary_fast",32,5
"0.99.39","retina","simpls","classification","accuracy",27,0.968484956700295,10,123,"ordinary_fast",32,5
"0.99.39","retina","simpls","classification","accuracy",28,0.968484956700295,10,123,"ordinary_fast",32,5
"0.99.39","retina","simpls","classification","accuracy",29,0.968574234443353,10,123,"ordinary_fast",32,5
"0.99.39","retina","simpls","classification","accuracy",30,0.968663512186412,10,123,"ordinary_fast",32,5
"0.99.39","retina","simpls","classification","accuracy",31,0.968574234443353,10,123,"ordinary_fast",32,5
"0.99.39","retina","simpls","classification","accuracy",32,0.968574234443353,10,123,"ordinary_fast",32,5
"0.99.39","retina","simpls","classification","accuracy",33,0.968618873314883,10,123,"ordinary_fast",32,5
"0.99.39","retina","simpls","classification","accuracy",34,0.968618873314883,10,123,"ordinary_fast",32,5
"0.99.39","retina","simpls","classification","accuracy",35,0.968618873314883,10,123,"ordinary_fast",32,5
"0.99.39","retina","simpls","classification","accuracy",36,0.968618873314883,10,123,"ordinary_fast",32,5
"0.99.39","retina","simpls","classification","accuracy",37,0.968618873314883,10,123,"ordinary_fast",32,5
"0.99.39","retina","simpls","classification","accuracy",38,0.968618873314883,10,123,"ordinary_fast",32,5
"0.99.39","retina","simpls","classification","accuracy",39,0.968618873314883,10,123,"ordinary_fast",32,5
"0.99.39","retina","simpls","classification","accuracy",40,0.968618873314883,10,123,"ordinary_fast",32,5
"0.99.39","retina","simpls","classification","accuracy",41,0.968574234443353,10,123,"ordinary_fast",32,5
"0.99.39","retina","simpls","classification","accuracy",42,0.968574234443353,10,123,"ordinary_fast",32,5
"0.99.39","retina","simpls","classification","accuracy",43,0.968574234443353,10,123,"ordinary_fast",32,5
"0.99.39","retina","simpls","classification","accuracy",44,0.968574234443353,10,123,"ordinary_fast",32,5
"0.99.39","retina","simpls","classification","accuracy",45,0.968574234443353,10,123,"ordinary_fast",32,5
"0.99.39","retina","simpls","classification","accuracy",46,0.968574234443353,10,123,"ordinary_fast",32,5
"0.99.39","retina","simpls","classification","accuracy",47,0.968574234443353,10,123,"ordinary_fast",32,5
"0.99.39","retina","simpls","classification","accuracy",48,0.968574234443353,10,123,"ordinary_fast",32,5
"0.99.39","retina","simpls","classification","accuracy",49,0.968574234443353,10,123,"ordinary_fast",32,5
"0.99.39","retina","simpls","classification","accuracy",50,0.968574234443353,10,123,"ordinary_fast",32,5
"0.99.39","retina","opls","classification","accuracy",1,0.768859923221141,10,123,"ordinary_fast",32,5
"0.99.39","retina","opls","classification","accuracy",2,0.801223105079904,10,123,"ordinary_fast",32,5
"0.99.39","retina","opls","classification","accuracy",3,0.867601107044014,10,123,"ordinary_fast",32,5
"0.99.39","retina","opls","classification","accuracy",4,0.893491652531024,10,123,"ordinary_fast",32,5
"0.99.39","retina","opls","classification","accuracy",5,0.924917418087671,10,123,"ordinary_fast",32,5
"0.99.39","retina","opls","classification","accuracy",6,0.934157664494242,10,123,"ordinary_fast",32,5
"0.99.39","retina","opls","classification","accuracy",7,0.938800107133292,10,123,"ordinary_fast",32,5
"0.99.39","retina","opls","classification","accuracy",8,0.941121328452817,10,123,"ordinary_fast",32,5
"0.99.39","retina","opls","classification","accuracy",9,0.944737077046692,10,123,"ordinary_fast",32,5
"0.99.39","retina","opls","classification","accuracy",10,0.94491563253281,10,123,"ordinary_fast",32,5
"0.99.39","retina","opls","classification","accuracy",11,0.945362021248103,10,123,"ordinary_fast",32,5
"0.99.39","retina","opls","classification","accuracy",12,0.9468797428801,10,123,"ordinary_fast",32,5
"0.99.39","retina","opls","classification","accuracy",13,0.948084992411392,10,123,"ordinary_fast",32,5
"0.99.39","retina","opls","classification","accuracy",14,0.949870547272565,10,123,"ordinary_fast",32,5
"0.99.39","retina","opls","classification","accuracy",15,0.950272297116329,10,123,"ordinary_fast",32,5
"0.99.39","retina","opls","classification","accuracy",16,0.949959825015624,10,123,"ordinary_fast",32,5
"0.99.39","retina","opls","classification","accuracy",17,0.950718685831622,10,123,"ordinary_fast",32,5
"0.99.39","retina","opls","classification","accuracy",18,0.951209713418445,10,123,"ordinary_fast",32,5
"0.99.39","retina","opls","classification","accuracy",19,0.951611463262209,10,123,"ordinary_fast",32,5
"0.99.39","retina","opls","classification","accuracy",20,0.951790018748326,10,123,"ordinary_fast",32,5
"0.99.39","retina","opls","classification","accuracy",21,0.951611463262209,10,123,"ordinary_fast",32,5
"0.99.39","retina","opls","classification","accuracy",22,0.951879296491385,10,123,"ordinary_fast",32,5
"0.99.39","retina","opls","classification","accuracy",23,0.951611463262209,10,123,"ordinary_fast",32,5
"0.99.39","retina","opls","classification","accuracy",24,0.951477546647621,10,123,"ordinary_fast",32,5
"0.99.39","retina","opls","classification","accuracy",25,0.951477546647621,10,123,"ordinary_fast",32,5
"0.99.39","retina","opls","classification","accuracy",26,0.951611463262209,10,123,"ordinary_fast",32,5
"0.99.39","retina","opls","classification","accuracy",27,0.951611463262209,10,123,"ordinary_fast",32,5
"0.99.39","retina","opls","classification","accuracy",28,0.951700741005267,10,123,"ordinary_fast",32,5
"0.99.39","retina","opls","classification","accuracy",29,0.951745379876797,10,123,"ordinary_fast",32,5
"0.99.39","retina","opls","classification","accuracy",30,0.951834657619855,10,123,"ordinary_fast",32,5
"0.99.39","retina","opls","classification","accuracy",31,0.951700741005267,10,123,"ordinary_fast",32,5
"0.99.39","retina","opls","classification","accuracy",32,0.951656102133738,10,123,"ordinary_fast",32,5
"0.99.39","retina","opls","classification","accuracy",33,0.951611463262209,10,123,"ordinary_fast",32,5
"0.99.39","retina","opls","classification","accuracy",34,0.951566824390679,10,123,"ordinary_fast",32,5
"0.99.39","retina","opls","classification","accuracy",35,0.95152218551915,10,123,"ordinary_fast",32,5
"0.99.39","retina","opls","classification","accuracy",36,0.95152218551915,10,123,"ordinary_fast",32,5
"0.99.39","retina","opls","classification","accuracy",37,0.95152218551915,10,123,"ordinary_fast",32,5
"0.99.39","retina","opls","classification","accuracy",38,0.95152218551915,10,123,"ordinary_fast",32,5
"0.99.39","retina","opls","classification","accuracy",39,0.95152218551915,10,123,"ordinary_fast",32,5
"0.99.39","retina","opls","classification","accuracy",40,0.95152218551915,10,123,"ordinary_fast",32,5
"0.99.39","retina","opls","classification","accuracy",41,0.95152218551915,10,123,"ordinary_fast",32,5
"0.99.39","retina","opls","classification","accuracy",42,0.95152218551915,10,123,"ordinary_fast",32,5
"0.99.39","retina","opls","classification","accuracy",43,0.95152218551915,10,123,"ordinary_fast",32,5
"0.99.39","retina","opls","classification","accuracy",44,0.95152218551915,10,123,"ordinary_fast",32,5
"0.99.39","retina","opls","classification","accuracy",45,0.951566824390679,10,123,"ordinary_fast",32,5
"0.99.39","retina","opls","classification","accuracy",46,0.951611463262209,10,123,"ordinary_fast",32,5
"0.99.39","retina","opls","classification","accuracy",47,0.951611463262209,10,123,"ordinary_fast",32,5
"0.99.39","retina","opls","classification","accuracy",48,0.951611463262209,10,123,"ordinary_fast",32,5
"0.99.39","retina","opls","classification","accuracy",49,0.951611463262209,10,123,"ordinary_fast",32,5
"0.99.39","retina","opls","classification","accuracy",50,0.945763771091867,10,123,"ordinary_fast",32,5
"0.99.39","retina","kernelpls","classification","accuracy",1,0.722792607802875,10,123,"ordinary_fast",32,5
"0.99.39","retina","kernelpls","classification","accuracy",2,0.84331756093206,10,123,"ordinary_fast",32,5
"0.99.39","retina","kernelpls","classification","accuracy",3,0.874787965360236,10,123,"ordinary_fast",32,5
"0.99.39","retina","kernelpls","classification","accuracy",4,0.884340683867512,10,123,"ordinary_fast",32,5
"0.99.39","retina","kernelpls","classification","accuracy",5,0.925319167931435,10,123,"ordinary_fast",32,5
"0.99.39","retina","kernelpls","classification","accuracy",6,0.939514329077761,10,123,"ordinary_fast",32,5
"0.99.39","retina","kernelpls","classification","accuracy",7,0.954423712168556,10,123,"ordinary_fast",32,5
"0.99.39","retina","kernelpls","classification","accuracy",8,0.959200071422194,10,123,"ordinary_fast",32,5
"0.99.39","retina","kernelpls","classification","accuracy",9,0.960673154182662,10,123,"ordinary_fast",32,5
"0.99.39","retina","kernelpls","classification","accuracy",10,0.96219087581466,10,123,"ordinary_fast",32,5
"0.99.39","retina","kernelpls","classification","accuracy",11,0.964244263905009,10,123,"ordinary_fast",32,5
"0.99.39","retina","kernelpls","classification","accuracy",12,0.965270957950183,10,123,"ordinary_fast",32,5
"0.99.39","retina","kernelpls","classification","accuracy",13,0.966520846353004,10,123,"ordinary_fast",32,5
"0.99.39","retina","kernelpls","classification","accuracy",14,0.967636818141237,10,123,"ordinary_fast",32,5
"0.99.39","retina","kernelpls","classification","accuracy",15,0.967592179269708,10,123,"ordinary_fast",32,5
"0.99.39","retina","kernelpls","classification","accuracy",16,0.967815373627355,10,123,"ordinary_fast",32,5
"0.99.39","retina","kernelpls","classification","accuracy",17,0.968038567985001,10,123,"ordinary_fast",32,5
"0.99.39","retina","kernelpls","classification","accuracy",18,0.967993929113472,10,123,"ordinary_fast",32,5
"0.99.39","retina","kernelpls","classification","accuracy",19,0.968261762342648,10,123,"ordinary_fast",32,5
"0.99.39","retina","kernelpls","classification","accuracy",20,0.968083206856531,10,123,"ordinary_fast",32,5
"0.99.39","retina","kernelpls","classification","accuracy",21,0.968306401214177,10,123,"ordinary_fast",32,5
"0.99.39","retina","kernelpls","classification","accuracy",22,0.968351040085707,10,123,"ordinary_fast",32,5
"0.99.39","retina","kernelpls","classification","accuracy",23,0.968440317828765,10,123,"ordinary_fast",32,5
"0.99.39","retina","kernelpls","classification","accuracy",24,0.968440317828765,10,123,"ordinary_fast",32,5
"0.99.39","retina","kernelpls","classification","accuracy",25,0.968395678957236,10,123,"ordinary_fast",32,5
"0.99.39","retina","kernelpls","classification","accuracy",26,0.968395678957236,10,123,"ordinary_fast",32,5
"0.99.39","retina","kernelpls","classification","accuracy",27,0.968484956700295,10,123,"ordinary_fast",32,5
"0.99.39","retina","kernelpls","classification","accuracy",28,0.968484956700295,10,123,"ordinary_fast",32,5
"0.99.39","retina","kernelpls","classification","accuracy",29,0.968574234443353,10,123,"ordinary_fast",32,5
"0.99.39","retina","kernelpls","classification","accuracy",30,0.968663512186412,10,123,"ordinary_fast",32,5
"0.99.39","retina","kernelpls","classification","accuracy",31,0.968574234443353,10,123,"ordinary_fast",32,5
"0.99.39","retina","kernelpls","classification","accuracy",32,0.968574234443353,10,123,"ordinary_fast",32,5
"0.99.39","retina","kernelpls","classification","accuracy",33,0.968618873314883,10,123,"ordinary_fast",32,5
"0.99.39","retina","kernelpls","classification","accuracy",34,0.968618873314883,10,123,"ordinary_fast",32,5
"0.99.39","retina","kernelpls","classification","accuracy",35,0.968618873314883,10,123,"ordinary_fast",32,5
"0.99.39","retina","kernelpls","classification","accuracy",36,0.968618873314883,10,123,"ordinary_fast",32,5
"0.99.39","retina","kernelpls","classification","accuracy",37,0.968618873314883,10,123,"ordinary_fast",32,5
"0.99.39","retina","kernelpls","classification","accuracy",38,0.968618873314883,10,123,"ordinary_fast",32,5
"0.99.39","retina","kernelpls","classification","accuracy",39,0.968618873314883,10,123,"ordinary_fast",32,5
"0.99.39","retina","kernelpls","classification","accuracy",40,0.968618873314883,10,123,"ordinary_fast",32,5
"0.99.39","retina","kernelpls","classification","accuracy",41,0.968574234443353,10,123,"ordinary_fast",32,5
"0.99.39","retina","kernelpls","classification","accuracy",42,0.968574234443353,10,123,"ordinary_fast",32,5
"0.99.39","retina","kernelpls","classification","accuracy",43,0.968574234443353,10,123,"ordinary_fast",32,5
"0.99.39","retina","kernelpls","classification","accuracy",44,0.968574234443353,10,123,"ordinary_fast",32,5
"0.99.39","retina","kernelpls","classification","accuracy",45,0.968574234443353,10,123,"ordinary_fast",32,5
"0.99.39","retina","kernelpls","classification","accuracy",46,0.968574234443353,10,123,"ordinary_fast",32,5
"0.99.39","retina","kernelpls","classification","accuracy",47,0.968574234443353,10,123,"ordinary_fast",32,5
"0.99.39","retina","kernelpls","classification","accuracy",48,0.968574234443353,10,123,"ordinary_fast",32,5
"0.99.39","retina","kernelpls","classification","accuracy",49,0.968574234443353,10,123,"ordinary_fast",32,5
"0.99.39","retina","kernelpls","classification","accuracy",50,0.968574234443353,10,123,"ordinary_fast",32,5
"0.99.39","tabula","plssvd","classification","accuracy",1,0.212137561696941,10,123,"not_applicable",32,5
"0.99.39","tabula","plssvd","classification","accuracy",2,0.257498551245929,10,123,"not_applicable",32,5
"0.99.39","tabula","plssvd","classification","accuracy",3,0.323481805647143,10,123,"not_applicable",32,5
"0.99.39","tabula","plssvd","classification","accuracy",4,0.37395839577963,10,123,"not_applicable",32,5
"0.99.39","tabula","plssvd","classification","accuracy",5,0.416941430369882,10,123,"not_applicable",32,5
"0.99.39","tabula","plssvd","classification","accuracy",6,0.455488280079132,10,123,"not_applicable",32,5
"0.99.39","tabula","plssvd","classification","accuracy",7,0.514177807085906,10,123,"not_applicable",32,5
"0.99.39","tabula","plssvd","classification","accuracy",8,0.558579621525488,10,123,"not_applicable",32,5
"0.99.39","tabula","plssvd","classification","accuracy",9,0.599584357452591,10,123,"not_applicable",32,5
"0.99.39","tabula","plssvd","classification","accuracy",10,0.605439322182923,10,123,"not_applicable",32,5
"0.99.39","tabula","plssvd","classification","accuracy",11,0.604240353296165,10,123,"not_applicable",32,5
"0.99.39","tabula","plssvd","classification","accuracy",12,0.61872789401115,10,123,"not_applicable",32,5
"0.99.39","tabula","plssvd","classification","accuracy",13,0.653318146394101,10,123,"not_applicable",32,5
"0.99.39","tabula","plssvd","classification","accuracy",14,0.655716084167616,10,123,"not_applicable",32,5
"0.99.39","tabula","plssvd","classification","accuracy",15,0.6775373179066,10,123,"not_applicable",32,5
"0.99.39","tabula","plssvd","classification","accuracy",16,0.696660871650381,10,123,"not_applicable",32,5
"0.99.39","tabula","plssvd","classification","accuracy",17,0.712607157844254,10,123,"not_applicable",32,5
"0.99.39","tabula","plssvd","classification","accuracy",18,0.721259716643686,10,123,"not_applicable",32,5
"0.99.39","tabula","plssvd","classification","accuracy",19,0.734608236916252,10,123,"not_applicable",32,5
"0.99.39","tabula","plssvd","classification","accuracy",20,0.751233938812621,10,123,"not_applicable",32,5
"0.99.39","tabula","plssvd","classification","accuracy",21,0.757048937913394,10,123,"not_applicable",32,5
"0.99.39","tabula","plssvd","classification","accuracy",22,0.761744899386528,10,123,"not_applicable",32,5
"0.99.39","tabula","plssvd","classification","accuracy",23,0.764582459085187,10,123,"not_applicable",32,5
"0.99.39","tabula","plssvd","classification","accuracy",24,0.766940431229143,10,123,"not_applicable",32,5
"0.99.39","tabula","plssvd","classification","accuracy",25,0.770337509741622,10,123,"not_applicable",32,5
"0.99.39","tabula","plssvd","classification","accuracy",26,0.774653797733949,10,123,"not_applicable",32,5
"0.99.39","tabula","plssvd","classification","accuracy",27,0.777311512099594,10,123,"not_applicable",32,5
"0.99.39","tabula","plssvd","classification","accuracy",28,0.777011769877905,10,123,"not_applicable",32,5
"0.99.39","tabula","plssvd","classification","accuracy",29,0.777871030913414,10,123,"not_applicable",32,5
"0.99.39","tabula","plssvd","classification","accuracy",30,0.77910996542973,10,123,"not_applicable",32,5
"0.99.39","tabula","plssvd","classification","accuracy",31,0.782087404831845,10,123,"not_applicable",32,5
"0.99.39","tabula","simpls","classification","accuracy",1,0.212137561696941,10,123,"ordinary_fast",32,5
"0.99.39","tabula","simpls","classification","accuracy",2,0.256879083987771,10,123,"ordinary_fast",32,5
"0.99.39","tabula","simpls","classification","accuracy",3,0.323981376016626,10,123,"ordinary_fast",32,5
"0.99.39","tabula","simpls","classification","accuracy",4,0.373139100373679,10,123,"ordinary_fast",32,5
"0.99.39","tabula","simpls","classification","accuracy",5,0.408868373199049,10,123,"ordinary_fast",32,5
"0.99.39","tabula","simpls","classification","accuracy",6,0.460923605699099,10,123,"ordinary_fast",32,5
"0.99.39","tabula","simpls","classification","accuracy",7,0.516775573007214,10,123,"ordinary_fast",32,5
"0.99.39","tabula","simpls","classification","accuracy",8,0.559418899746218,10,123,"ordinary_fast",32,5
"0.99.39","tabula","simpls","classification","accuracy",9,0.581779669484244,10,123,"ordinary_fast",32,5
"0.99.39","tabula","simpls","classification","accuracy",10,0.600503566932438,10,123,"ordinary_fast",32,5
"0.99.39","tabula","simpls","classification","accuracy",11,0.601682553004416,10,123,"ordinary_fast",32,5
"0.99.39","tabula","simpls","classification","accuracy",12,0.620486381711728,10,123,"ordinary_fast",32,5
"0.99.39","tabula","simpls","classification","accuracy",13,0.643066962412325,10,123,"ordinary_fast",32,5
"0.99.39","tabula","simpls","classification","accuracy",14,0.67108286873289,10,123,"ordinary_fast",32,5
"0.99.39","tabula","simpls","classification","accuracy",15,0.683951801450752,10,123,"ordinary_fast",32,5
"0.99.39","tabula","simpls","classification","accuracy",16,0.692504446176288,10,123,"ordinary_fast",32,5
"0.99.39","tabula","simpls","classification","accuracy",17,0.711667965549627,10,123,"ordinary_fast",32,5
"0.99.39","tabula","simpls","classification","accuracy",18,0.725715884339468,10,123,"ordinary_fast",32,5
"0.99.39","tabula","simpls","classification","accuracy",19,0.72565593589513,10,123,"ordinary_fast",32,5
"0.99.39","tabula","simpls","classification","accuracy",20,0.741941929940251,10,123,"ordinary_fast",32,5
"0.99.39","tabula","simpls","classification","accuracy",21,0.748556241632196,10,123,"ordinary_fast",32,5
"0.99.39","tabula","simpls","classification","accuracy",22,0.76448254501129,10,123,"ordinary_fast",32,5
"0.99.39","tabula","simpls","classification","accuracy",23,0.772036048997862,10,123,"ordinary_fast",32,5
"0.99.39","tabula","simpls","classification","accuracy",24,0.777631237136063,10,123,"ordinary_fast",32,5
"0.99.39","tabula","simpls","classification","accuracy",25,0.78138800631457,10,123,"ordinary_fast",32,5
"0.99.39","tabula","simpls","classification","accuracy",26,0.784825050456607,10,123,"ordinary_fast",32,5
"0.99.39","tabula","simpls","classification","accuracy",27,0.785424534899986,10,123,"ordinary_fast",32,5
"0.99.39","tabula","simpls","classification","accuracy",28,0.792818176368323,10,123,"ordinary_fast",32,5
"0.99.39","tabula","simpls","classification","accuracy",29,0.792738245109206,10,123,"ordinary_fast",32,5
"0.99.39","tabula","simpls","classification","accuracy",30,0.793137901404792,10,123,"ordinary_fast",32,5
"0.99.39","tabula","simpls","classification","accuracy",31,0.796195272066023,10,123,"ordinary_fast",32,5
"0.99.39","tabula","simpls","classification","accuracy",32,0.797354275323222,10,123,"ordinary_fast",32,5
"0.99.39","tabula","simpls","classification","accuracy",33,0.798892952061227,10,123,"ordinary_fast",32,5
"0.99.39","tabula","simpls","classification","accuracy",34,0.799472453689827,10,123,"ordinary_fast",32,5
"0.99.39","tabula","simpls","classification","accuracy",35,0.799792178726295,10,123,"ordinary_fast",32,5
"0.99.39","tabula","simpls","classification","accuracy",36,0.800871250724377,10,123,"ordinary_fast",32,5
"0.99.39","tabula","simpls","classification","accuracy",37,0.801270907019963,10,123,"ordinary_fast",32,5
"0.99.39","tabula","simpls","classification","accuracy",38,0.80135083827908,10,123,"ordinary_fast",32,5
"0.99.39","tabula","simpls","classification","accuracy",39,0.801290889834742,10,123,"ordinary_fast",32,5
"0.99.39","tabula","simpls","classification","accuracy",40,0.801290889834742,10,123,"ordinary_fast",32,5
"0.99.39","tabula","simpls","classification","accuracy",41,0.801270907019963,10,123,"ordinary_fast",32,5
"0.99.39","tabula","simpls","classification","accuracy",42,0.801550666426873,10,123,"ordinary_fast",32,5
"0.99.39","tabula","simpls","classification","accuracy",43,0.802010271166797,10,123,"ordinary_fast",32,5
"0.99.39","tabula","simpls","classification","accuracy",44,0.802369961832824,10,123,"ordinary_fast",32,5
"0.99.39","tabula","simpls","classification","accuracy",45,0.802090202425914,10,123,"ordinary_fast",32,5
"0.99.39","tabula","simpls","classification","accuracy",46,0.802030253981576,10,123,"ordinary_fast",32,5
"0.99.39","tabula","simpls","classification","accuracy",47,0.802210099314589,10,123,"ordinary_fast",32,5
"0.99.39","tabula","simpls","classification","accuracy",48,0.802230082129369,10,123,"ordinary_fast",32,5
"0.99.39","tabula","simpls","classification","accuracy",49,0.802369961832824,10,123,"ordinary_fast",32,5
"0.99.39","tabula","simpls","classification","accuracy",50,0.802250064944148,10,123,"ordinary_fast",32,5
"0.99.39","tabula","opls","classification","accuracy",1,0.157024958535659,10,123,"ordinary_fast",32,5
"0.99.39","tabula","opls","classification","accuracy",2,0.295186139919669,10,123,"ordinary_fast",32,5
"0.99.39","tabula","opls","classification","accuracy",3,0.322522630537738,10,123,"ordinary_fast",32,5
"0.99.39","tabula","opls","classification","accuracy",4,0.349939052414923,10,123,"ordinary_fast",32,5
"0.99.39","tabula","opls","classification","accuracy",5,0.38800631456947,10,123,"ordinary_fast",32,5
"0.99.39","tabula","opls","classification","accuracy",6,0.46707831265112,10,123,"ordinary_fast",32,5
"0.99.39","tabula","opls","classification","accuracy",7,0.50956177687189,10,123,"ordinary_fast",32,5
"0.99.39","tabula","opls","classification","accuracy",8,0.560318126411286,10,123,"ordinary_fast",32,5
"0.99.39","tabula","opls","classification","accuracy",9,0.571548468317247,10,123,"ordinary_fast",32,5
"0.99.39","tabula","opls","classification","accuracy",10,0.581479927262554,10,123,"ordinary_fast",32,5
"0.99.39","tabula","opls","classification","accuracy",11,0.604739923665648,10,123,"ordinary_fast",32,5
"0.99.39","tabula","opls","classification","accuracy",12,0.624742721259717,10,123,"ordinary_fast",32,5
"0.99.39","tabula","opls","classification","accuracy",13,0.648901944327878,10,123,"ordinary_fast",32,5
"0.99.39","tabula","opls","classification","accuracy",14,0.666087165038067,10,123,"ordinary_fast",32,5
"0.99.39","tabula","opls","classification","accuracy",15,0.673221029914274,10,123,"ordinary_fast",32,5
"0.99.39","tabula","opls","classification","accuracy",16,0.691944927362468,10,123,"ordinary_fast",32,5
"0.99.39","tabula","opls","classification","accuracy",17,0.698599204683972,10,123,"ordinary_fast",32,5
"0.99.39","tabula","opls","classification","accuracy",18,0.703674839637911,10,123,"ordinary_fast",32,5
"0.99.39","tabula","opls","classification","accuracy",19,0.728653358112024,10,123,"ordinary_fast",32,5
"0.99.39","tabula","opls","classification","accuracy",20,0.742621345642747,10,123,"ordinary_fast",32,5
"0.99.39","tabula","opls","classification","accuracy",21,0.761145414943149,10,123,"ordinary_fast",32,5
"0.99.39","tabula","opls","classification","accuracy",22,0.768479107967148,10,123,"ordinary_fast",32,5
"0.99.39","tabula","opls","classification","accuracy",23,0.774733728993066,10,123,"ordinary_fast",32,5
"0.99.39","tabula","opls","classification","accuracy",24,0.778930120096717,10,123,"ordinary_fast",32,5
"0.99.39","tabula","opls","classification","accuracy",25,0.78306656275603,10,123,"ordinary_fast",32,5
"0.99.39","tabula","opls","classification","accuracy",26,0.783945806606319,10,123,"ordinary_fast",32,5
"0.99.39","tabula","opls","classification","accuracy",27,0.790320324520912,10,123,"ordinary_fast",32,5
"0.99.39","tabula","opls","classification","accuracy",28,0.790460204224367,10,123,"ordinary_fast",32,5
"0.99.39","tabula","opls","classification","accuracy",29,0.791479327778111,10,123,"ordinary_fast",32,5
"0.99.39","tabula","opls","classification","accuracy",30,0.794556681254121,10,123,"ordinary_fast",32,5
"0.99.39","tabula","opls","classification","accuracy",31,0.795415942289631,10,123,"ordinary_fast",32,5
"0.99.39","tabula","opls","classification","accuracy",32,0.797154447175429,10,123,"ordinary_fast",32,5
"0.99.39","tabula","opls","classification","accuracy",33,0.797014567471974,10,123,"ordinary_fast",32,5
"0.99.39","tabula","opls","classification","accuracy",34,0.797574086285794,10,123,"ordinary_fast",32,5
"0.99.39","tabula","opls","classification","accuracy",35,0.798413364506524,10,123,"ordinary_fast",32,5
"0.99.39","tabula","opls","classification","accuracy",36,0.798872969246448,10,123,"ordinary_fast",32,5
"0.99.39","tabula","opls","classification","accuracy",37,0.798872969246448,10,123,"ordinary_fast",32,5
"0.99.39","tabula","opls","classification","accuracy",38,0.799012848949903,10,123,"ordinary_fast",32,5
"0.99.39","tabula","opls","classification","accuracy",39,0.798972883320345,10,123,"ordinary_fast",32,5
"0.99.39","tabula","opls","classification","accuracy",40,0.7991127630238,10,123,"ordinary_fast",32,5
"0.99.39","tabula","opls","classification","accuracy",41,0.79909278020902,10,123,"ordinary_fast",32,5
"0.99.39","tabula","opls","classification","accuracy",42,0.799832144355854,10,123,"ordinary_fast",32,5
"0.99.39","tabula","opls","classification","accuracy",43,0.799812161541075,10,123,"ordinary_fast",32,5
"0.99.39","tabula","opls","classification","accuracy",44,0.800091920947985,10,123,"ordinary_fast",32,5
"0.99.39","tabula","opls","classification","accuracy",45,0.800131886577543,10,123,"ordinary_fast",32,5
"0.99.39","tabula","opls","classification","accuracy",46,0.799992006874088,10,123,"ordinary_fast",32,5
"0.99.39","tabula","opls","classification","accuracy",47,0.800171852207102,10,123,"ordinary_fast",32,5
"0.99.39","tabula","opls","classification","accuracy",48,0.800051955318426,10,123,"ordinary_fast",32,5
"0.99.39","tabula","opls","classification","accuracy",49,0.800011989688868,10,123,"ordinary_fast",32,5
"0.99.39","tabula","opls","classification","accuracy",50,0.796634893991168,10,123,"ordinary_fast",32,5
"0.99.39","tabula","kernelpls","classification","accuracy",1,0.212137561696941,10,123,"ordinary_fast",32,5
"0.99.39","tabula","kernelpls","classification","accuracy",2,0.256879083987771,10,123,"ordinary_fast",32,5
"0.99.39","tabula","kernelpls","classification","accuracy",3,0.323981376016626,10,123,"ordinary_fast",32,5
"0.99.39","tabula","kernelpls","classification","accuracy",4,0.373139100373679,10,123,"ordinary_fast",32,5
"0.99.39","tabula","kernelpls","classification","accuracy",5,0.408868373199049,10,123,"ordinary_fast",32,5
"0.99.39","tabula","kernelpls","classification","accuracy",6,0.460923605699099,10,123,"ordinary_fast",32,5
"0.99.39","tabula","kernelpls","classification","accuracy",7,0.516775573007214,10,123,"ordinary_fast",32,5
"0.99.39","tabula","kernelpls","classification","accuracy",8,0.559418899746218,10,123,"ordinary_fast",32,5
"0.99.39","tabula","kernelpls","classification","accuracy",9,0.581779669484244,10,123,"ordinary_fast",32,5
"0.99.39","tabula","kernelpls","classification","accuracy",10,0.600503566932438,10,123,"ordinary_fast",32,5
"0.99.39","tabula","kernelpls","classification","accuracy",11,0.601682553004416,10,123,"ordinary_fast",32,5
"0.99.39","tabula","kernelpls","classification","accuracy",12,0.620486381711728,10,123,"ordinary_fast",32,5
"0.99.39","tabula","kernelpls","classification","accuracy",13,0.643066962412325,10,123,"ordinary_fast",32,5
"0.99.39","tabula","kernelpls","classification","accuracy",14,0.67108286873289,10,123,"ordinary_fast",32,5
"0.99.39","tabula","kernelpls","classification","accuracy",15,0.683951801450752,10,123,"ordinary_fast",32,5
"0.99.39","tabula","kernelpls","classification","accuracy",16,0.692504446176288,10,123,"ordinary_fast",32,5
"0.99.39","tabula","kernelpls","classification","accuracy",17,0.711667965549627,10,123,"ordinary_fast",32,5
"0.99.39","tabula","kernelpls","classification","accuracy",18,0.725715884339468,10,123,"ordinary_fast",32,5
"0.99.39","tabula","kernelpls","classification","accuracy",19,0.72565593589513,10,123,"ordinary_fast",32,5
"0.99.39","tabula","kernelpls","classification","accuracy",20,0.741941929940251,10,123,"ordinary_fast",32,5
"0.99.39","tabula","kernelpls","classification","accuracy",21,0.748556241632196,10,123,"ordinary_fast",32,5
"0.99.39","tabula","kernelpls","classification","accuracy",22,0.76448254501129,10,123,"ordinary_fast",32,5
"0.99.39","tabula","kernelpls","classification","accuracy",23,0.772036048997862,10,123,"ordinary_fast",32,5
"0.99.39","tabula","kernelpls","classification","accuracy",24,0.777631237136063,10,123,"ordinary_fast",32,5
"0.99.39","tabula","kernelpls","classification","accuracy",25,0.78138800631457,10,123,"ordinary_fast",32,5
"0.99.39","tabula","kernelpls","classification","accuracy",26,0.784825050456607,10,123,"ordinary_fast",32,5
"0.99.39","tabula","kernelpls","classification","accuracy",27,0.785424534899986,10,123,"ordinary_fast",32,5
"0.99.39","tabula","kernelpls","classification","accuracy",28,0.792818176368323,10,123,"ordinary_fast",32,5
"0.99.39","tabula","kernelpls","classification","accuracy",29,0.792738245109206,10,123,"ordinary_fast",32,5
"0.99.39","tabula","kernelpls","classification","accuracy",30,0.793137901404792,10,123,"ordinary_fast",32,5
"0.99.39","tabula","kernelpls","classification","accuracy",31,0.796195272066023,10,123,"ordinary_fast",32,5
"0.99.39","tabula","kernelpls","classification","accuracy",32,0.797354275323222,10,123,"ordinary_fast",32,5
"0.99.39","tabula","kernelpls","classification","accuracy",33,0.798892952061227,10,123,"ordinary_fast",32,5
"0.99.39","tabula","kernelpls","classification","accuracy",34,0.799472453689827,10,123,"ordinary_fast",32,5
"0.99.39","tabula","kernelpls","classification","accuracy",35,0.799792178726295,10,123,"ordinary_fast",32,5
"0.99.39","tabula","kernelpls","classification","accuracy",36,0.800871250724377,10,123,"ordinary_fast",32,5
"0.99.39","tabula","kernelpls","classification","accuracy",37,0.801270907019963,10,123,"ordinary_fast",32,5
"0.99.39","tabula","kernelpls","classification","accuracy",38,0.80135083827908,10,123,"ordinary_fast",32,5
"0.99.39","tabula","kernelpls","classification","accuracy",39,0.801290889834742,10,123,"ordinary_fast",32,5
"0.99.39","tabula","kernelpls","classification","accuracy",40,0.801290889834742,10,123,"ordinary_fast",32,5
"0.99.39","tabula","kernelpls","classification","accuracy",41,0.801270907019963,10,123,"ordinary_fast",32,5
"0.99.39","tabula","kernelpls","classification","accuracy",42,0.801550666426873,10,123,"ordinary_fast",32,5
"0.99.39","tabula","kernelpls","classification","accuracy",43,0.802010271166797,10,123,"ordinary_fast",32,5
"0.99.39","tabula","kernelpls","classification","accuracy",44,0.802369961832824,10,123,"ordinary_fast",32,5
"0.99.39","tabula","kernelpls","classification","accuracy",45,0.802090202425914,10,123,"ordinary_fast",32,5
"0.99.39","tabula","kernelpls","classification","accuracy",46,0.802030253981576,10,123,"ordinary_fast",32,5
"0.99.39","tabula","kernelpls","classification","accuracy",47,0.802210099314589,10,123,"ordinary_fast",32,5
"0.99.39","tabula","kernelpls","classification","accuracy",48,0.802230082129369,10,123,"ordinary_fast",32,5
"0.99.39","tabula","kernelpls","classification","accuracy",49,0.802369961832824,10,123,"ordinary_fast",32,5
"0.99.39","tabula","kernelpls","classification","accuracy",50,0.802250064944148,10,123,"ordinary_fast",32,5
"0.99.39","tcga_brca","plssvd","classification","accuracy",1,0.665343915343915,10,123,"not_applicable",32,5
"0.99.39","tcga_brca","plssvd","classification","accuracy",2,0.776455026455027,10,123,"not_applicable",32,5
"0.99.39","tcga_brca","plssvd","classification","accuracy",3,0.822751322751323,10,123,"not_applicable",32,5
"0.99.39","tcga_brca","plssvd","classification","accuracy",4,0.822751322751323,10,123,"not_applicable",32,5
"0.99.39","tcga_brca","simpls","classification","accuracy",1,0.665343915343915,10,123,"ordinary_fast",32,5
"0.99.39","tcga_brca","simpls","classification","accuracy",2,0.771164021164021,10,123,"ordinary_fast",32,5
"0.99.39","tcga_brca","simpls","classification","accuracy",3,0.806878306878307,10,123,"ordinary_fast",32,5
"0.99.39","tcga_brca","simpls","classification","accuracy",4,0.837301587301587,10,123,"ordinary_fast",32,5
"0.99.39","tcga_brca","simpls","classification","accuracy",5,0.833333333333333,10,123,"ordinary_fast",32,5
"0.99.39","tcga_brca","simpls","classification","accuracy",6,0.851851851851852,10,123,"ordinary_fast",32,5
"0.99.39","tcga_brca","simpls","classification","accuracy",7,0.863756613756614,10,123,"ordinary_fast",32,5
"0.99.39","tcga_brca","simpls","classification","accuracy",8,0.854497354497355,10,123,"ordinary_fast",32,5
"0.99.39","tcga_brca","simpls","classification","accuracy",9,0.853174603174603,10,123,"ordinary_fast",32,5
"0.99.39","tcga_brca","simpls","classification","accuracy",10,0.851851851851852,10,123,"ordinary_fast",32,5
"0.99.39","tcga_brca","simpls","classification","accuracy",11,0.853174603174603,10,123,"ordinary_fast",32,5
"0.99.39","tcga_brca","simpls","classification","accuracy",12,0.843915343915344,10,123,"ordinary_fast",32,5
"0.99.39","tcga_brca","simpls","classification","accuracy",13,0.842592592592593,10,123,"ordinary_fast",32,5
"0.99.39","tcga_brca","simpls","classification","accuracy",14,0.846560846560847,10,123,"ordinary_fast",32,5
"0.99.39","tcga_brca","simpls","classification","accuracy",15,0.843915343915344,10,123,"ordinary_fast",32,5
"0.99.39","tcga_brca","simpls","classification","accuracy",16,0.834656084656085,10,123,"ordinary_fast",32,5
"0.99.39","tcga_brca","simpls","classification","accuracy",17,0.832010582010582,10,123,"ordinary_fast",32,5
"0.99.39","tcga_brca","simpls","classification","accuracy",18,0.833333333333333,10,123,"ordinary_fast",32,5
"0.99.39","tcga_brca","simpls","classification","accuracy",19,0.821428571428571,10,123,"ordinary_fast",32,5
"0.99.39","tcga_brca","simpls","classification","accuracy",20,0.825396825396825,10,123,"ordinary_fast",32,5
"0.99.39","tcga_brca","simpls","classification","accuracy",21,0.82010582010582,10,123,"ordinary_fast",32,5
"0.99.39","tcga_brca","simpls","classification","accuracy",22,0.830687830687831,10,123,"ordinary_fast",32,5
"0.99.39","tcga_brca","simpls","classification","accuracy",23,0.826719576719577,10,123,"ordinary_fast",32,5
"0.99.39","tcga_brca","simpls","classification","accuracy",24,0.821428571428571,10,123,"ordinary_fast",32,5
"0.99.39","tcga_brca","simpls","classification","accuracy",25,0.817460317460317,10,123,"ordinary_fast",32,5
"0.99.39","tcga_brca","simpls","classification","accuracy",26,0.818783068783069,10,123,"ordinary_fast",32,5
"0.99.39","tcga_brca","simpls","classification","accuracy",27,0.817460317460317,10,123,"ordinary_fast",32,5
"0.99.39","tcga_brca","simpls","classification","accuracy",28,0.813492063492063,10,123,"ordinary_fast",32,5
"0.99.39","tcga_brca","simpls","classification","accuracy",29,0.806878306878307,10,123,"ordinary_fast",32,5
"0.99.39","tcga_brca","simpls","classification","accuracy",30,0.801587301587302,10,123,"ordinary_fast",32,5
"0.99.39","tcga_brca","simpls","classification","accuracy",31,0.801587301587302,10,123,"ordinary_fast",32,5
"0.99.39","tcga_brca","simpls","classification","accuracy",32,0.797619047619048,10,123,"ordinary_fast",32,5
"0.99.39","tcga_brca","simpls","classification","accuracy",33,0.792328042328042,10,123,"ordinary_fast",32,5
"0.99.39","tcga_brca","simpls","classification","accuracy",34,0.788359788359788,10,123,"ordinary_fast",32,5
"0.99.39","tcga_brca","simpls","classification","accuracy",35,0.791005291005291,10,123,"ordinary_fast",32,5
"0.99.39","tcga_brca","simpls","classification","accuracy",36,0.78968253968254,10,123,"ordinary_fast",32,5
"0.99.39","tcga_brca","simpls","classification","accuracy",37,0.791005291005291,10,123,"ordinary_fast",32,5
"0.99.39","tcga_brca","simpls","classification","accuracy",38,0.781746031746032,10,123,"ordinary_fast",32,5
"0.99.39","tcga_brca","simpls","classification","accuracy",39,0.779100529100529,10,123,"ordinary_fast",32,5
"0.99.39","tcga_brca","simpls","classification","accuracy",40,0.78042328042328,10,123,"ordinary_fast",32,5
"0.99.39","tcga_brca","simpls","classification","accuracy",41,0.777777777777778,10,123,"ordinary_fast",32,5
"0.99.39","tcga_brca","simpls","classification","accuracy",42,0.775132275132275,10,123,"ordinary_fast",32,5
"0.99.39","tcga_brca","simpls","classification","accuracy",43,0.776455026455027,10,123,"ordinary_fast",32,5
"0.99.39","tcga_brca","simpls","classification","accuracy",44,0.767195767195767,10,123,"ordinary_fast",32,5
"0.99.39","tcga_brca","simpls","classification","accuracy",45,0.760582010582011,10,123,"ordinary_fast",32,5
"0.99.39","tcga_brca","simpls","classification","accuracy",46,0.760582010582011,10,123,"ordinary_fast",32,5
"0.99.39","tcga_brca","simpls","classification","accuracy",47,0.760582010582011,10,123,"ordinary_fast",32,5
"0.99.39","tcga_brca","simpls","classification","accuracy",48,0.761904761904762,10,123,"ordinary_fast",32,5
"0.99.39","tcga_brca","simpls","classification","accuracy",49,0.755291005291005,10,123,"ordinary_fast",32,5
"0.99.39","tcga_brca","simpls","classification","accuracy",50,0.755291005291005,10,123,"ordinary_fast",32,5
"0.99.39","tcga_brca","simpls","classification","accuracy",51,0.753968253968254,10,123,"ordinary_fast",32,5
"0.99.39","tcga_brca","simpls","classification","accuracy",52,0.752645502645503,10,123,"ordinary_fast",32,5
"0.99.39","tcga_brca","simpls","classification","accuracy",53,0.755291005291005,10,123,"ordinary_fast",32,5
"0.99.39","tcga_brca","simpls","classification","accuracy",54,0.760582010582011,10,123,"ordinary_fast",32,5
"0.99.39","tcga_brca","simpls","classification","accuracy",55,0.756613756613757,10,123,"ordinary_fast",32,5
"0.99.39","tcga_brca","simpls","classification","accuracy",56,0.755291005291005,10,123,"ordinary_fast",32,5
"0.99.39","tcga_brca","simpls","classification","accuracy",57,0.755291005291005,10,123,"ordinary_fast",32,5
"0.99.39","tcga_brca","simpls","classification","accuracy",58,0.761904761904762,10,123,"ordinary_fast",32,5
"0.99.39","tcga_brca","simpls","classification","accuracy",59,0.757936507936508,10,123,"ordinary_fast",32,5
"0.99.39","tcga_brca","simpls","classification","accuracy",60,0.761904761904762,10,123,"ordinary_fast",32,5
"0.99.39","tcga_brca","simpls","classification","accuracy",61,0.759259259259259,10,123,"ordinary_fast",32,5
"0.99.39","tcga_brca","simpls","classification","accuracy",62,0.759259259259259,10,123,"ordinary_fast",32,5
"0.99.39","tcga_brca","simpls","classification","accuracy",63,0.756613756613757,10,123,"ordinary_fast",32,5
"0.99.39","tcga_brca","simpls","classification","accuracy",64,0.761904761904762,10,123,"ordinary_fast",32,5
"0.99.39","tcga_brca","simpls","classification","accuracy",65,0.759259259259259,10,123,"ordinary_fast",32,5
"0.99.39","tcga_brca","simpls","classification","accuracy",66,0.755291005291005,10,123,"ordinary_fast",32,5
"0.99.39","tcga_brca","simpls","classification","accuracy",67,0.75,10,123,"ordinary_fast",32,5
"0.99.39","tcga_brca","simpls","classification","accuracy",68,0.743386243386243,10,123,"ordinary_fast",32,5
"0.99.39","tcga_brca","simpls","classification","accuracy",69,0.744708994708995,10,123,"ordinary_fast",32,5
"0.99.39","tcga_brca","simpls","classification","accuracy",70,0.742063492063492,10,123,"ordinary_fast",32,5
"0.99.39","tcga_brca","simpls","classification","accuracy",71,0.738095238095238,10,123,"ordinary_fast",32,5
"0.99.39","tcga_brca","simpls","classification","accuracy",72,0.73015873015873,10,123,"ordinary_fast",32,5
"0.99.39","tcga_brca","simpls","classification","accuracy",73,0.727513227513228,10,123,"ordinary_fast",32,5
"0.99.39","tcga_brca","simpls","classification","accuracy",74,0.726190476190476,10,123,"ordinary_fast",32,5
"0.99.39","tcga_brca","simpls","classification","accuracy",75,0.727513227513228,10,123,"ordinary_fast",32,5
"0.99.39","tcga_brca","simpls","classification","accuracy",76,0.726190476190476,10,123,"ordinary_fast",32,5
"0.99.39","tcga_brca","simpls","classification","accuracy",77,0.722222222222222,10,123,"ordinary_fast",32,5
"0.99.39","tcga_brca","simpls","classification","accuracy",78,0.720899470899471,10,123,"ordinary_fast",32,5
"0.99.39","tcga_brca","simpls","classification","accuracy",79,0.720899470899471,10,123,"ordinary_fast",32,5
"0.99.39","tcga_brca","simpls","classification","accuracy",80,0.720899470899471,10,123,"ordinary_fast",32,5
"0.99.39","tcga_brca","simpls","classification","accuracy",81,0.718253968253968,10,123,"ordinary_fast",32,5
"0.99.39","tcga_brca","simpls","classification","accuracy",82,0.714285714285714,10,123,"ordinary_fast",32,5
"0.99.39","tcga_brca","simpls","classification","accuracy",83,0.714285714285714,10,123,"ordinary_fast",32,5
"0.99.39","tcga_brca","simpls","classification","accuracy",84,0.711640211640212,10,123,"ordinary_fast",32,5
"0.99.39","tcga_brca","simpls","classification","accuracy",85,0.712962962962963,10,123,"ordinary_fast",32,5
"0.99.39","tcga_brca","simpls","classification","accuracy",86,0.714285714285714,10,123,"ordinary_fast",32,5
"0.99.39","tcga_brca","simpls","classification","accuracy",87,0.715608465608466,10,123,"ordinary_fast",32,5
"0.99.39","tcga_brca","simpls","classification","accuracy",88,0.712962962962963,10,123,"ordinary_fast",32,5
"0.99.39","tcga_brca","simpls","classification","accuracy",89,0.708994708994709,10,123,"ordinary_fast",32,5
"0.99.39","tcga_brca","simpls","classification","accuracy",90,0.71031746031746,10,123,"ordinary_fast",32,5
"0.99.39","tcga_brca","simpls","classification","accuracy",91,0.708994708994709,10,123,"ordinary_fast",32,5
"0.99.39","tcga_brca","simpls","classification","accuracy",92,0.698412698412698,10,123,"ordinary_fast",32,5
"0.99.39","tcga_brca","simpls","classification","accuracy",93,0.697089947089947,10,123,"ordinary_fast",32,5
"0.99.39","tcga_brca","simpls","classification","accuracy",94,0.69047619047619,10,123,"ordinary_fast",32,5
"0.99.39","tcga_brca","simpls","classification","accuracy",95,0.693121693121693,10,123,"ordinary_fast",32,5
"0.99.39","tcga_brca","simpls","classification","accuracy",96,0.687830687830688,10,123,"ordinary_fast",32,5
"0.99.39","tcga_brca","simpls","classification","accuracy",97,0.686507936507937,10,123,"ordinary_fast",32,5
"0.99.39","tcga_brca","simpls","classification","accuracy",98,0.689153439153439,10,123,"ordinary_fast",32,5
"0.99.39","tcga_brca","simpls","classification","accuracy",99,0.689153439153439,10,123,"ordinary_fast",32,5
"0.99.39","tcga_brca","simpls","classification","accuracy",100,0.691798941798942,10,123,"ordinary_fast",32,5
"0.99.39","tcga_brca","opls","classification","accuracy",1,0.665343915343915,10,123,"ordinary_fast",32,5
"0.99.39","tcga_brca","opls","classification","accuracy",2,0.732804232804233,10,123,"ordinary_fast",32,5
"0.99.39","tcga_brca","opls","classification","accuracy",3,0.793650793650794,10,123,"ordinary_fast",32,5
"0.99.39","tcga_brca","opls","classification","accuracy",4,0.791005291005291,10,123,"ordinary_fast",32,5
"0.99.39","tcga_brca","opls","classification","accuracy",5,0.80952380952381,10,123,"ordinary_fast",32,5
"0.99.39","tcga_brca","opls","classification","accuracy",6,0.80026455026455,10,123,"ordinary_fast",32,5
"0.99.39","tcga_brca","opls","classification","accuracy",7,0.798941798941799,10,123,"ordinary_fast",32,5
"0.99.39","tcga_brca","opls","classification","accuracy",8,0.806878306878307,10,123,"ordinary_fast",32,5
"0.99.39","tcga_brca","opls","classification","accuracy",9,0.80026455026455,10,123,"ordinary_fast",32,5
"0.99.39","tcga_brca","opls","classification","accuracy",10,0.802910052910053,10,123,"ordinary_fast",32,5
"0.99.39","tcga_brca","opls","classification","accuracy",11,0.798941798941799,10,123,"ordinary_fast",32,5
"0.99.39","tcga_brca","opls","classification","accuracy",12,0.797619047619048,10,123,"ordinary_fast",32,5
"0.99.39","tcga_brca","opls","classification","accuracy",13,0.798941798941799,10,123,"ordinary_fast",32,5
"0.99.39","tcga_brca","opls","classification","accuracy",14,0.794973544973545,10,123,"ordinary_fast",32,5
"0.99.39","tcga_brca","opls","classification","accuracy",15,0.78968253968254,10,123,"ordinary_fast",32,5
"0.99.39","tcga_brca","opls","classification","accuracy",16,0.791005291005291,10,123,"ordinary_fast",32,5
"0.99.39","tcga_brca","opls","classification","accuracy",17,0.794973544973545,10,123,"ordinary_fast",32,5
"0.99.39","tcga_brca","opls","classification","accuracy",18,0.787037037037037,10,123,"ordinary_fast",32,5
"0.99.39","tcga_brca","opls","classification","accuracy",19,0.791005291005291,10,123,"ordinary_fast",32,5
"0.99.39","tcga_brca","opls","classification","accuracy",20,0.783068783068783,10,123,"ordinary_fast",32,5
"0.99.39","tcga_brca","opls","classification","accuracy",21,0.78042328042328,10,123,"ordinary_fast",32,5
"0.99.39","tcga_brca","opls","classification","accuracy",22,0.773809523809524,10,123,"ordinary_fast",32,5
"0.99.39","tcga_brca","opls","classification","accuracy",23,0.76984126984127,10,123,"ordinary_fast",32,5
"0.99.39","tcga_brca","opls","classification","accuracy",24,0.772486772486772,10,123,"ordinary_fast",32,5
"0.99.39","tcga_brca","opls","classification","accuracy",25,0.768518518518518,10,123,"ordinary_fast",32,5
"0.99.39","tcga_brca","opls","classification","accuracy",26,0.764550264550265,10,123,"ordinary_fast",32,5
"0.99.39","tcga_brca","opls","classification","accuracy",27,0.753968253968254,10,123,"ordinary_fast",32,5
"0.99.39","tcga_brca","opls","classification","accuracy",28,0.747354497354497,10,123,"ordinary_fast",32,5
"0.99.39","tcga_brca","opls","classification","accuracy",29,0.744708994708995,10,123,"ordinary_fast",32,5
"0.99.39","tcga_brca","opls","classification","accuracy",30,0.739417989417989,10,123,"ordinary_fast",32,5
"0.99.39","tcga_brca","opls","classification","accuracy",31,0.742063492063492,10,123,"ordinary_fast",32,5
"0.99.39","tcga_brca","opls","classification","accuracy",32,0.739417989417989,10,123,"ordinary_fast",32,5
"0.99.39","tcga_brca","opls","classification","accuracy",33,0.732804232804233,10,123,"ordinary_fast",32,5
"0.99.39","tcga_brca","opls","classification","accuracy",34,0.738095238095238,10,123,"ordinary_fast",32,5
"0.99.39","tcga_brca","opls","classification","accuracy",35,0.738095238095238,10,123,"ordinary_fast",32,5
"0.99.39","tcga_brca","opls","classification","accuracy",36,0.738095238095238,10,123,"ordinary_fast",32,5
"0.99.39","tcga_brca","opls","classification","accuracy",37,0.732804232804233,10,123,"ordinary_fast",32,5
"0.99.39","tcga_brca","opls","classification","accuracy",38,0.735449735449735,10,123,"ordinary_fast",32,5
"0.99.39","tcga_brca","opls","classification","accuracy",39,0.73015873015873,10,123,"ordinary_fast",32,5
"0.99.39","tcga_brca","opls","classification","accuracy",40,0.73015873015873,10,123,"ordinary_fast",32,5
"0.99.39","tcga_brca","opls","classification","accuracy",41,0.722222222222222,10,123,"ordinary_fast",32,5
"0.99.39","tcga_brca","opls","classification","accuracy",42,0.723544973544973,10,123,"ordinary_fast",32,5
"0.99.39","tcga_brca","opls","classification","accuracy",43,0.716931216931217,10,123,"ordinary_fast",32,5
"0.99.39","tcga_brca","opls","classification","accuracy",44,0.715608465608466,10,123,"ordinary_fast",32,5
"0.99.39","tcga_brca","opls","classification","accuracy",45,0.705026455026455,10,123,"ordinary_fast",32,5
"0.99.39","tcga_brca","opls","classification","accuracy",46,0.707671957671958,10,123,"ordinary_fast",32,5
"0.99.39","tcga_brca","opls","classification","accuracy",47,0.711640211640212,10,123,"ordinary_fast",32,5
"0.99.39","tcga_brca","opls","classification","accuracy",48,0.707671957671958,10,123,"ordinary_fast",32,5
"0.99.39","tcga_brca","opls","classification","accuracy",49,0.708994708994709,10,123,"ordinary_fast",32,5
"0.99.39","tcga_brca","opls","classification","accuracy",50,0.71031746031746,10,123,"ordinary_fast",32,5
"0.99.39","tcga_brca","opls","classification","accuracy",51,0.706349206349206,10,123,"ordinary_fast",32,5
"0.99.39","tcga_brca","opls","classification","accuracy",52,0.706349206349206,10,123,"ordinary_fast",32,5
"0.99.39","tcga_brca","opls","classification","accuracy",53,0.71031746031746,10,123,"ordinary_fast",32,5
"0.99.39","tcga_brca","opls","classification","accuracy",54,0.712962962962963,10,123,"ordinary_fast",32,5
"0.99.39","tcga_brca","opls","classification","accuracy",55,0.71031746031746,10,123,"ordinary_fast",32,5
"0.99.39","tcga_brca","opls","classification","accuracy",56,0.711640211640212,10,123,"ordinary_fast",32,5
"0.99.39","tcga_brca","opls","classification","accuracy",57,0.712962962962963,10,123,"ordinary_fast",32,5
"0.99.39","tcga_brca","opls","classification","accuracy",58,0.707671957671958,10,123,"ordinary_fast",32,5
"0.99.39","tcga_brca","opls","classification","accuracy",59,0.702380952380952,10,123,"ordinary_fast",32,5
"0.99.39","tcga_brca","opls","classification","accuracy",60,0.706349206349206,10,123,"ordinary_fast",32,5
"0.99.39","tcga_brca","opls","classification","accuracy",61,0.71031746031746,10,123,"ordinary_fast",32,5
"0.99.39","tcga_brca","opls","classification","accuracy",62,0.71031746031746,10,123,"ordinary_fast",32,5
"0.99.39","tcga_brca","opls","classification","accuracy",63,0.705026455026455,10,123,"ordinary_fast",32,5
"0.99.39","tcga_brca","opls","classification","accuracy",64,0.705026455026455,10,123,"ordinary_fast",32,5
"0.99.39","tcga_brca","opls","classification","accuracy",65,0.706349206349206,10,123,"ordinary_fast",32,5
"0.99.39","tcga_brca","opls","classification","accuracy",66,0.701058201058201,10,123,"ordinary_fast",32,5
"0.99.39","tcga_brca","opls","classification","accuracy",67,0.698412698412698,10,123,"ordinary_fast",32,5
"0.99.39","tcga_brca","opls","classification","accuracy",68,0.698412698412698,10,123,"ordinary_fast",32,5
"0.99.39","tcga_brca","opls","classification","accuracy",69,0.695767195767196,10,123,"ordinary_fast",32,5
"0.99.39","tcga_brca","opls","classification","accuracy",70,0.698412698412698,10,123,"ordinary_fast",32,5
"0.99.39","tcga_brca","opls","classification","accuracy",71,0.702380952380952,10,123,"ordinary_fast",32,5
"0.99.39","tcga_brca","opls","classification","accuracy",72,0.695767195767196,10,123,"ordinary_fast",32,5
"0.99.39","tcga_brca","opls","classification","accuracy",73,0.694444444444444,10,123,"ordinary_fast",32,5
"0.99.39","tcga_brca","opls","classification","accuracy",74,0.691798941798942,10,123,"ordinary_fast",32,5
"0.99.39","tcga_brca","opls","classification","accuracy",75,0.693121693121693,10,123,"ordinary_fast",32,5
"0.99.39","tcga_brca","opls","classification","accuracy",76,0.689153439153439,10,123,"ordinary_fast",32,5
"0.99.39","tcga_brca","opls","classification","accuracy",77,0.682539682539683,10,123,"ordinary_fast",32,5
"0.99.39","tcga_brca","opls","classification","accuracy",78,0.681216931216931,10,123,"ordinary_fast",32,5
"0.99.39","tcga_brca","opls","classification","accuracy",79,0.682539682539683,10,123,"ordinary_fast",32,5
"0.99.39","tcga_brca","opls","classification","accuracy",80,0.682539682539683,10,123,"ordinary_fast",32,5
"0.99.39","tcga_brca","opls","classification","accuracy",81,0.683862433862434,10,123,"ordinary_fast",32,5
"0.99.39","tcga_brca","opls","classification","accuracy",82,0.685185185185185,10,123,"ordinary_fast",32,5
"0.99.39","tcga_brca","opls","classification","accuracy",83,0.683862433862434,10,123,"ordinary_fast",32,5
"0.99.39","tcga_brca","opls","classification","accuracy",84,0.681216931216931,10,123,"ordinary_fast",32,5
"0.99.39","tcga_brca","opls","classification","accuracy",85,0.674603174603175,10,123,"ordinary_fast",32,5
"0.99.39","tcga_brca","opls","classification","accuracy",86,0.673280423280423,10,123,"ordinary_fast",32,5
"0.99.39","tcga_brca","opls","classification","accuracy",87,0.674603174603175,10,123,"ordinary_fast",32,5
"0.99.39","tcga_brca","opls","classification","accuracy",88,0.670634920634921,10,123,"ordinary_fast",32,5
"0.99.39","tcga_brca","opls","classification","accuracy",89,0.667989417989418,10,123,"ordinary_fast",32,5
"0.99.39","tcga_brca","opls","classification","accuracy",90,0.666666666666667,10,123,"ordinary_fast",32,5
"0.99.39","tcga_brca","opls","classification","accuracy",91,0.667989417989418,10,123,"ordinary_fast",32,5
"0.99.39","tcga_brca","opls","classification","accuracy",92,0.665343915343915,10,123,"ordinary_fast",32,5
"0.99.39","tcga_brca","opls","classification","accuracy",93,0.661375661375661,10,123,"ordinary_fast",32,5
"0.99.39","tcga_brca","opls","classification","accuracy",94,0.666666666666667,10,123,"ordinary_fast",32,5
"0.99.39","tcga_brca","opls","classification","accuracy",95,0.666666666666667,10,123,"ordinary_fast",32,5
"0.99.39","tcga_brca","opls","classification","accuracy",96,0.664021164021164,10,123,"ordinary_fast",32,5
"0.99.39","tcga_brca","opls","classification","accuracy",97,0.658730158730159,10,123,"ordinary_fast",32,5
"0.99.39","tcga_brca","opls","classification","accuracy",98,0.656084656084656,10,123,"ordinary_fast",32,5
"0.99.39","tcga_brca","opls","classification","accuracy",99,0.658730158730159,10,123,"ordinary_fast",32,5
"0.99.39","tcga_brca","opls","classification","accuracy",100,0.652116402116402,10,123,"ordinary_fast",32,5
"0.99.39","tcga_brca","kernelpls","classification","accuracy",1,0.665343915343915,10,123,"ordinary_fast",32,5
"0.99.39","tcga_brca","kernelpls","classification","accuracy",2,0.771164021164021,10,123,"ordinary_fast",32,5
"0.99.39","tcga_brca","kernelpls","classification","accuracy",3,0.806878306878307,10,123,"ordinary_fast",32,5
"0.99.39","tcga_brca","kernelpls","classification","accuracy",4,0.837301587301587,10,123,"ordinary_fast",32,5
"0.99.39","tcga_brca","kernelpls","classification","accuracy",5,0.833333333333333,10,123,"ordinary_fast",32,5
"0.99.39","tcga_brca","kernelpls","classification","accuracy",6,0.851851851851852,10,123,"ordinary_fast",32,5
"0.99.39","tcga_brca","kernelpls","classification","accuracy",7,0.863756613756614,10,123,"ordinary_fast",32,5
"0.99.39","tcga_brca","kernelpls","classification","accuracy",8,0.854497354497355,10,123,"ordinary_fast",32,5
"0.99.39","tcga_brca","kernelpls","classification","accuracy",9,0.853174603174603,10,123,"ordinary_fast",32,5
"0.99.39","tcga_brca","kernelpls","classification","accuracy",10,0.851851851851852,10,123,"ordinary_fast",32,5
"0.99.39","tcga_brca","kernelpls","classification","accuracy",11,0.853174603174603,10,123,"ordinary_fast",32,5
"0.99.39","tcga_brca","kernelpls","classification","accuracy",12,0.843915343915344,10,123,"ordinary_fast",32,5
"0.99.39","tcga_brca","kernelpls","classification","accuracy",13,0.842592592592593,10,123,"ordinary_fast",32,5
"0.99.39","tcga_brca","kernelpls","classification","accuracy",14,0.846560846560847,10,123,"ordinary_fast",32,5
"0.99.39","tcga_brca","kernelpls","classification","accuracy",15,0.843915343915344,10,123,"ordinary_fast",32,5
"0.99.39","tcga_brca","kernelpls","classification","accuracy",16,0.834656084656085,10,123,"ordinary_fast",32,5
"0.99.39","tcga_brca","kernelpls","classification","accuracy",17,0.832010582010582,10,123,"ordinary_fast",32,5
"0.99.39","tcga_brca","kernelpls","classification","accuracy",18,0.833333333333333,10,123,"ordinary_fast",32,5
"0.99.39","tcga_brca","kernelpls","classification","accuracy",19,0.821428571428571,10,123,"ordinary_fast",32,5
"0.99.39","tcga_brca","kernelpls","classification","accuracy",20,0.825396825396825,10,123,"ordinary_fast",32,5
"0.99.39","tcga_brca","kernelpls","classification","accuracy",21,0.82010582010582,10,123,"ordinary_fast",32,5
"0.99.39","tcga_brca","kernelpls","classification","accuracy",22,0.830687830687831,10,123,"ordinary_fast",32,5
"0.99.39","tcga_brca","kernelpls","classification","accuracy",23,0.826719576719577,10,123,"ordinary_fast",32,5
"0.99.39","tcga_brca","kernelpls","classification","accuracy",24,0.821428571428571,10,123,"ordinary_fast",32,5
"0.99.39","tcga_brca","kernelpls","classification","accuracy",25,0.817460317460317,10,123,"ordinary_fast",32,5
"0.99.39","tcga_brca","kernelpls","classification","accuracy",26,0.818783068783069,10,123,"ordinary_fast",32,5
"0.99.39","tcga_brca","kernelpls","classification","accuracy",27,0.817460317460317,10,123,"ordinary_fast",32,5
"0.99.39","tcga_brca","kernelpls","classification","accuracy",28,0.813492063492063,10,123,"ordinary_fast",32,5
"0.99.39","tcga_brca","kernelpls","classification","accuracy",29,0.806878306878307,10,123,"ordinary_fast",32,5
"0.99.39","tcga_brca","kernelpls","classification","accuracy",30,0.801587301587302,10,123,"ordinary_fast",32,5
"0.99.39","tcga_brca","kernelpls","classification","accuracy",31,0.801587301587302,10,123,"ordinary_fast",32,5
"0.99.39","tcga_brca","kernelpls","classification","accuracy",32,0.797619047619048,10,123,"ordinary_fast",32,5
"0.99.39","tcga_brca","kernelpls","classification","accuracy",33,0.792328042328042,10,123,"ordinary_fast",32,5
"0.99.39","tcga_brca","kernelpls","classification","accuracy",34,0.788359788359788,10,123,"ordinary_fast",32,5
"0.99.39","tcga_brca","kernelpls","classification","accuracy",35,0.791005291005291,10,123,"ordinary_fast",32,5
"0.99.39","tcga_brca","kernelpls","classification","accuracy",36,0.78968253968254,10,123,"ordinary_fast",32,5
"0.99.39","tcga_brca","kernelpls","classification","accuracy",37,0.791005291005291,10,123,"ordinary_fast",32,5
"0.99.39","tcga_brca","kernelpls","classification","accuracy",38,0.781746031746032,10,123,"ordinary_fast",32,5
"0.99.39","tcga_brca","kernelpls","classification","accuracy",39,0.779100529100529,10,123,"ordinary_fast",32,5
"0.99.39","tcga_brca","kernelpls","classification","accuracy",40,0.78042328042328,10,123,"ordinary_fast",32,5
"0.99.39","tcga_brca","kernelpls","classification","accuracy",41,0.777777777777778,10,123,"ordinary_fast",32,5
"0.99.39","tcga_brca","kernelpls","classification","accuracy",42,0.775132275132275,10,123,"ordinary_fast",32,5
"0.99.39","tcga_brca","kernelpls","classification","accuracy",43,0.776455026455027,10,123,"ordinary_fast",32,5
"0.99.39","tcga_brca","kernelpls","classification","accuracy",44,0.767195767195767,10,123,"ordinary_fast",32,5
"0.99.39","tcga_brca","kernelpls","classification","accuracy",45,0.760582010582011,10,123,"ordinary_fast",32,5
"0.99.39","tcga_brca","kernelpls","classification","accuracy",46,0.760582010582011,10,123,"ordinary_fast",32,5
"0.99.39","tcga_brca","kernelpls","classification","accuracy",47,0.760582010582011,10,123,"ordinary_fast",32,5
"0.99.39","tcga_brca","kernelpls","classification","accuracy",48,0.761904761904762,10,123,"ordinary_fast",32,5
"0.99.39","tcga_brca","kernelpls","classification","accuracy",49,0.755291005291005,10,123,"ordinary_fast",32,5
"0.99.39","tcga_brca","kernelpls","classification","accuracy",50,0.755291005291005,10,123,"ordinary_fast",32,5
"0.99.39","tcga_brca","kernelpls","classification","accuracy",51,0.753968253968254,10,123,"ordinary_fast",32,5
"0.99.39","tcga_brca","kernelpls","classification","accuracy",52,0.752645502645503,10,123,"ordinary_fast",32,5
"0.99.39","tcga_brca","kernelpls","classification","accuracy",53,0.755291005291005,10,123,"ordinary_fast",32,5
"0.99.39","tcga_brca","kernelpls","classification","accuracy",54,0.760582010582011,10,123,"ordinary_fast",32,5
"0.99.39","tcga_brca","kernelpls","classification","accuracy",55,0.756613756613757,10,123,"ordinary_fast",32,5
"0.99.39","tcga_brca","kernelpls","classification","accuracy",56,0.755291005291005,10,123,"ordinary_fast",32,5
"0.99.39","tcga_brca","kernelpls","classification","accuracy",57,0.755291005291005,10,123,"ordinary_fast",32,5
"0.99.39","tcga_brca","kernelpls","classification","accuracy",58,0.761904761904762,10,123,"ordinary_fast",32,5
"0.99.39","tcga_brca","kernelpls","classification","accuracy",59,0.757936507936508,10,123,"ordinary_fast",32,5
"0.99.39","tcga_brca","kernelpls","classification","accuracy",60,0.761904761904762,10,123,"ordinary_fast",32,5
"0.99.39","tcga_brca","kernelpls","classification","accuracy",61,0.759259259259259,10,123,"ordinary_fast",32,5
"0.99.39","tcga_brca","kernelpls","classification","accuracy",62,0.759259259259259,10,123,"ordinary_fast",32,5
"0.99.39","tcga_brca","kernelpls","classification","accuracy",63,0.756613756613757,10,123,"ordinary_fast",32,5
"0.99.39","tcga_brca","kernelpls","classification","accuracy",64,0.761904761904762,10,123,"ordinary_fast",32,5
"0.99.39","tcga_brca","kernelpls","classification","accuracy",65,0.759259259259259,10,123,"ordinary_fast",32,5
"0.99.39","tcga_brca","kernelpls","classification","accuracy",66,0.755291005291005,10,123,"ordinary_fast",32,5
"0.99.39","tcga_brca","kernelpls","classification","accuracy",67,0.75,10,123,"ordinary_fast",32,5
"0.99.39","tcga_brca","kernelpls","classification","accuracy",68,0.743386243386243,10,123,"ordinary_fast",32,5
"0.99.39","tcga_brca","kernelpls","classification","accuracy",69,0.744708994708995,10,123,"ordinary_fast",32,5
"0.99.39","tcga_brca","kernelpls","classification","accuracy",70,0.742063492063492,10,123,"ordinary_fast",32,5
"0.99.39","tcga_brca","kernelpls","classification","accuracy",71,0.738095238095238,10,123,"ordinary_fast",32,5
"0.99.39","tcga_brca","kernelpls","classification","accuracy",72,0.73015873015873,10,123,"ordinary_fast",32,5
"0.99.39","tcga_brca","kernelpls","classification","accuracy",73,0.727513227513228,10,123,"ordinary_fast",32,5
"0.99.39","tcga_brca","kernelpls","classification","accuracy",74,0.726190476190476,10,123,"ordinary_fast",32,5
"0.99.39","tcga_brca","kernelpls","classification","accuracy",75,0.727513227513228,10,123,"ordinary_fast",32,5
"0.99.39","tcga_brca","kernelpls","classification","accuracy",76,0.726190476190476,10,123,"ordinary_fast",32,5
"0.99.39","tcga_brca","kernelpls","classification","accuracy",77,0.722222222222222,10,123,"ordinary_fast",32,5
"0.99.39","tcga_brca","kernelpls","classification","accuracy",78,0.720899470899471,10,123,"ordinary_fast",32,5
"0.99.39","tcga_brca","kernelpls","classification","accuracy",79,0.720899470899471,10,123,"ordinary_fast",32,5
"0.99.39","tcga_brca","kernelpls","classification","accuracy",80,0.720899470899471,10,123,"ordinary_fast",32,5
"0.99.39","tcga_brca","kernelpls","classification","accuracy",81,0.718253968253968,10,123,"ordinary_fast",32,5
"0.99.39","tcga_brca","kernelpls","classification","accuracy",82,0.714285714285714,10,123,"ordinary_fast",32,5
"0.99.39","tcga_brca","kernelpls","classification","accuracy",83,0.714285714285714,10,123,"ordinary_fast",32,5
"0.99.39","tcga_brca","kernelpls","classification","accuracy",84,0.711640211640212,10,123,"ordinary_fast",32,5
"0.99.39","tcga_brca","kernelpls","classification","accuracy",85,0.712962962962963,10,123,"ordinary_fast",32,5
"0.99.39","tcga_brca","kernelpls","classification","accuracy",86,0.714285714285714,10,123,"ordinary_fast",32,5
"0.99.39","tcga_brca","kernelpls","classification","accuracy",87,0.715608465608466,10,123,"ordinary_fast",32,5
"0.99.39","tcga_brca","kernelpls","classification","accuracy",88,0.712962962962963,10,123,"ordinary_fast",32,5
"0.99.39","tcga_brca","kernelpls","classification","accuracy",89,0.708994708994709,10,123,"ordinary_fast",32,5
"0.99.39","tcga_brca","kernelpls","classification","accuracy",90,0.71031746031746,10,123,"ordinary_fast",32,5
"0.99.39","tcga_brca","kernelpls","classification","accuracy",91,0.708994708994709,10,123,"ordinary_fast",32,5
"0.99.39","tcga_brca","kernelpls","classification","accuracy",92,0.698412698412698,10,123,"ordinary_fast",32,5
"0.99.39","tcga_brca","kernelpls","classification","accuracy",93,0.697089947089947,10,123,"ordinary_fast",32,5
"0.99.39","tcga_brca","kernelpls","classification","accuracy",94,0.69047619047619,10,123,"ordinary_fast",32,5
"0.99.39","tcga_brca","kernelpls","classification","accuracy",95,0.693121693121693,10,123,"ordinary_fast",32,5
"0.99.39","tcga_brca","kernelpls","classification","accuracy",96,0.687830687830688,10,123,"ordinary_fast",32,5
"0.99.39","tcga_brca","kernelpls","classification","accuracy",97,0.686507936507937,10,123,"ordinary_fast",32,5
"0.99.39","tcga_brca","kernelpls","classification","accuracy",98,0.689153439153439,10,123,"ordinary_fast",32,5
"0.99.39","tcga_brca","kernelpls","classification","accuracy",99,0.689153439153439,10,123,"ordinary_fast",32,5
"0.99.39","tcga_brca","kernelpls","classification","accuracy",100,0.691798941798942,10,123,"ordinary_fast",32,5
"0.99.39","tcga_hnsc_methylation","plssvd","classification","accuracy",1,0.984615384615385,10,123,"not_applicable",32,5
"0.99.39","tcga_hnsc_methylation","simpls","classification","accuracy",1,0.984615384615385,10,123,"ordinary_fast",32,5
"0.99.39","tcga_hnsc_methylation","simpls","classification","accuracy",2,0.988461538461539,10,123,"ordinary_fast",32,5
"0.99.39","tcga_hnsc_methylation","simpls","classification","accuracy",3,0.988461538461539,10,123,"ordinary_fast",32,5
"0.99.39","tcga_hnsc_methylation","simpls","classification","accuracy",4,0.986538461538462,10,123,"ordinary_fast",32,5
"0.99.39","tcga_hnsc_methylation","simpls","classification","accuracy",5,0.988461538461539,10,123,"ordinary_fast",32,5
"0.99.39","tcga_hnsc_methylation","simpls","classification","accuracy",6,0.988461538461539,10,123,"ordinary_fast",32,5
"0.99.39","tcga_hnsc_methylation","simpls","classification","accuracy",7,0.986538461538462,10,123,"ordinary_fast",32,5
"0.99.39","tcga_hnsc_methylation","simpls","classification","accuracy",8,0.986538461538462,10,123,"ordinary_fast",32,5
"0.99.39","tcga_hnsc_methylation","simpls","classification","accuracy",9,0.986538461538462,10,123,"ordinary_fast",32,5
"0.99.39","tcga_hnsc_methylation","simpls","classification","accuracy",10,0.984615384615385,10,123,"ordinary_fast",32,5
"0.99.39","tcga_hnsc_methylation","simpls","classification","accuracy",11,0.986538461538462,10,123,"ordinary_fast",32,5
"0.99.39","tcga_hnsc_methylation","simpls","classification","accuracy",12,0.984615384615385,10,123,"ordinary_fast",32,5
"0.99.39","tcga_hnsc_methylation","simpls","classification","accuracy",13,0.984615384615385,10,123,"ordinary_fast",32,5
"0.99.39","tcga_hnsc_methylation","simpls","classification","accuracy",14,0.984615384615385,10,123,"ordinary_fast",32,5
"0.99.39","tcga_hnsc_methylation","simpls","classification","accuracy",15,0.984615384615385,10,123,"ordinary_fast",32,5
"0.99.39","tcga_hnsc_methylation","simpls","classification","accuracy",16,0.978846153846154,10,123,"ordinary_fast",32,5
"0.99.39","tcga_hnsc_methylation","simpls","classification","accuracy",17,0.973076923076923,10,123,"ordinary_fast",32,5
"0.99.39","tcga_hnsc_methylation","simpls","classification","accuracy",18,0.973076923076923,10,123,"ordinary_fast",32,5
"0.99.39","tcga_hnsc_methylation","simpls","classification","accuracy",19,0.971153846153846,10,123,"ordinary_fast",32,5
"0.99.39","tcga_hnsc_methylation","simpls","classification","accuracy",20,0.971153846153846,10,123,"ordinary_fast",32,5
"0.99.39","tcga_hnsc_methylation","simpls","classification","accuracy",21,0.971153846153846,10,123,"ordinary_fast",32,5
"0.99.39","tcga_hnsc_methylation","simpls","classification","accuracy",22,0.971153846153846,10,123,"ordinary_fast",32,5
"0.99.39","tcga_hnsc_methylation","simpls","classification","accuracy",23,0.967307692307692,10,123,"ordinary_fast",32,5
"0.99.39","tcga_hnsc_methylation","simpls","classification","accuracy",24,0.965384615384615,10,123,"ordinary_fast",32,5
"0.99.39","tcga_hnsc_methylation","simpls","classification","accuracy",25,0.961538461538462,10,123,"ordinary_fast",32,5
"0.99.39","tcga_hnsc_methylation","simpls","classification","accuracy",26,0.959615384615385,10,123,"ordinary_fast",32,5
"0.99.39","tcga_hnsc_methylation","simpls","classification","accuracy",27,0.961538461538462,10,123,"ordinary_fast",32,5
"0.99.39","tcga_hnsc_methylation","simpls","classification","accuracy",28,0.959615384615385,10,123,"ordinary_fast",32,5
"0.99.39","tcga_hnsc_methylation","simpls","classification","accuracy",29,0.955769230769231,10,123,"ordinary_fast",32,5
"0.99.39","tcga_hnsc_methylation","simpls","classification","accuracy",30,0.955769230769231,10,123,"ordinary_fast",32,5
"0.99.39","tcga_hnsc_methylation","simpls","classification","accuracy",31,0.948076923076923,10,123,"ordinary_fast",32,5
"0.99.39","tcga_hnsc_methylation","simpls","classification","accuracy",32,0.948076923076923,10,123,"ordinary_fast",32,5
"0.99.39","tcga_hnsc_methylation","simpls","classification","accuracy",33,0.948076923076923,10,123,"ordinary_fast",32,5
"0.99.39","tcga_hnsc_methylation","simpls","classification","accuracy",34,0.948076923076923,10,123,"ordinary_fast",32,5
"0.99.39","tcga_hnsc_methylation","simpls","classification","accuracy",35,0.948076923076923,10,123,"ordinary_fast",32,5
"0.99.39","tcga_hnsc_methylation","simpls","classification","accuracy",36,0.948076923076923,10,123,"ordinary_fast",32,5
"0.99.39","tcga_hnsc_methylation","simpls","classification","accuracy",37,0.942307692307692,10,123,"ordinary_fast",32,5
"0.99.39","tcga_hnsc_methylation","simpls","classification","accuracy",38,0.944230769230769,10,123,"ordinary_fast",32,5
"0.99.39","tcga_hnsc_methylation","simpls","classification","accuracy",39,0.940384615384615,10,123,"ordinary_fast",32,5
"0.99.39","tcga_hnsc_methylation","simpls","classification","accuracy",40,0.936538461538462,10,123,"ordinary_fast",32,5
"0.99.39","tcga_hnsc_methylation","simpls","classification","accuracy",41,0.936538461538462,10,123,"ordinary_fast",32,5
"0.99.39","tcga_hnsc_methylation","simpls","classification","accuracy",42,0.934615384615385,10,123,"ordinary_fast",32,5
"0.99.39","tcga_hnsc_methylation","simpls","classification","accuracy",43,0.932692307692308,10,123,"ordinary_fast",32,5
"0.99.39","tcga_hnsc_methylation","simpls","classification","accuracy",44,0.926923076923077,10,123,"ordinary_fast",32,5
"0.99.39","tcga_hnsc_methylation","simpls","classification","accuracy",45,0.923076923076923,10,123,"ordinary_fast",32,5
"0.99.39","tcga_hnsc_methylation","simpls","classification","accuracy",46,0.921153846153846,10,123,"ordinary_fast",32,5
"0.99.39","tcga_hnsc_methylation","simpls","classification","accuracy",47,0.923076923076923,10,123,"ordinary_fast",32,5
"0.99.39","tcga_hnsc_methylation","simpls","classification","accuracy",48,0.919230769230769,10,123,"ordinary_fast",32,5
"0.99.39","tcga_hnsc_methylation","simpls","classification","accuracy",49,0.917307692307692,10,123,"ordinary_fast",32,5
"0.99.39","tcga_hnsc_methylation","simpls","classification","accuracy",50,0.917307692307692,10,123,"ordinary_fast",32,5
"0.99.39","tcga_hnsc_methylation","simpls","classification","accuracy",51,0.915384615384615,10,123,"ordinary_fast",32,5
"0.99.39","tcga_hnsc_methylation","simpls","classification","accuracy",52,0.917307692307692,10,123,"ordinary_fast",32,5
"0.99.39","tcga_hnsc_methylation","simpls","classification","accuracy",53,0.917307692307692,10,123,"ordinary_fast",32,5
"0.99.39","tcga_hnsc_methylation","simpls","classification","accuracy",54,0.917307692307692,10,123,"ordinary_fast",32,5
"0.99.39","tcga_hnsc_methylation","simpls","classification","accuracy",55,0.919230769230769,10,123,"ordinary_fast",32,5
"0.99.39","tcga_hnsc_methylation","simpls","classification","accuracy",56,0.919230769230769,10,123,"ordinary_fast",32,5
"0.99.39","tcga_hnsc_methylation","simpls","classification","accuracy",57,0.919230769230769,10,123,"ordinary_fast",32,5
"0.99.39","tcga_hnsc_methylation","simpls","classification","accuracy",58,0.921153846153846,10,123,"ordinary_fast",32,5
"0.99.39","tcga_hnsc_methylation","simpls","classification","accuracy",59,0.921153846153846,10,123,"ordinary_fast",32,5
"0.99.39","tcga_hnsc_methylation","simpls","classification","accuracy",60,0.919230769230769,10,123,"ordinary_fast",32,5
"0.99.39","tcga_hnsc_methylation","simpls","classification","accuracy",61,0.921153846153846,10,123,"ordinary_fast",32,5
"0.99.39","tcga_hnsc_methylation","simpls","classification","accuracy",62,0.923076923076923,10,123,"ordinary_fast",32,5
"0.99.39","tcga_hnsc_methylation","simpls","classification","accuracy",63,0.921153846153846,10,123,"ordinary_fast",32,5
"0.99.39","tcga_hnsc_methylation","simpls","classification","accuracy",64,0.919230769230769,10,123,"ordinary_fast",32,5
"0.99.39","tcga_hnsc_methylation","simpls","classification","accuracy",65,0.919230769230769,10,123,"ordinary_fast",32,5
"0.99.39","tcga_hnsc_methylation","simpls","classification","accuracy",66,0.917307692307692,10,123,"ordinary_fast",32,5
"0.99.39","tcga_hnsc_methylation","simpls","classification","accuracy",67,0.917307692307692,10,123,"ordinary_fast",32,5
"0.99.39","tcga_hnsc_methylation","simpls","classification","accuracy",68,0.917307692307692,10,123,"ordinary_fast",32,5
"0.99.39","tcga_hnsc_methylation","simpls","classification","accuracy",69,0.917307692307692,10,123,"ordinary_fast",32,5
"0.99.39","tcga_hnsc_methylation","simpls","classification","accuracy",70,0.917307692307692,10,123,"ordinary_fast",32,5
"0.99.39","tcga_hnsc_methylation","simpls","classification","accuracy",71,0.917307692307692,10,123,"ordinary_fast",32,5
"0.99.39","tcga_hnsc_methylation","simpls","classification","accuracy",72,0.915384615384615,10,123,"ordinary_fast",32,5
"0.99.39","tcga_hnsc_methylation","simpls","classification","accuracy",73,0.915384615384615,10,123,"ordinary_fast",32,5
"0.99.39","tcga_hnsc_methylation","simpls","classification","accuracy",74,0.915384615384615,10,123,"ordinary_fast",32,5
"0.99.39","tcga_hnsc_methylation","simpls","classification","accuracy",75,0.915384615384615,10,123,"ordinary_fast",32,5
"0.99.39","tcga_hnsc_methylation","simpls","classification","accuracy",76,0.915384615384615,10,123,"ordinary_fast",32,5
"0.99.39","tcga_hnsc_methylation","simpls","classification","accuracy",77,0.913461538461538,10,123,"ordinary_fast",32,5
"0.99.39","tcga_hnsc_methylation","simpls","classification","accuracy",78,0.913461538461538,10,123,"ordinary_fast",32,5
"0.99.39","tcga_hnsc_methylation","simpls","classification","accuracy",79,0.913461538461538,10,123,"ordinary_fast",32,5
"0.99.39","tcga_hnsc_methylation","simpls","classification","accuracy",80,0.913461538461538,10,123,"ordinary_fast",32,5
"0.99.39","tcga_hnsc_methylation","simpls","classification","accuracy",81,0.913461538461538,10,123,"ordinary_fast",32,5
"0.99.39","tcga_hnsc_methylation","simpls","classification","accuracy",82,0.913461538461538,10,123,"ordinary_fast",32,5
"0.99.39","tcga_hnsc_methylation","simpls","classification","accuracy",83,0.913461538461538,10,123,"ordinary_fast",32,5
"0.99.39","tcga_hnsc_methylation","simpls","classification","accuracy",84,0.913461538461538,10,123,"ordinary_fast",32,5
"0.99.39","tcga_hnsc_methylation","simpls","classification","accuracy",85,0.913461538461538,10,123,"ordinary_fast",32,5
"0.99.39","tcga_hnsc_methylation","simpls","classification","accuracy",86,0.915384615384615,10,123,"ordinary_fast",32,5
"0.99.39","tcga_hnsc_methylation","simpls","classification","accuracy",87,0.915384615384615,10,123,"ordinary_fast",32,5
"0.99.39","tcga_hnsc_methylation","simpls","classification","accuracy",88,0.915384615384615,10,123,"ordinary_fast",32,5
"0.99.39","tcga_hnsc_methylation","simpls","classification","accuracy",89,0.915384615384615,10,123,"ordinary_fast",32,5
"0.99.39","tcga_hnsc_methylation","simpls","classification","accuracy",90,0.915384615384615,10,123,"ordinary_fast",32,5
"0.99.39","tcga_hnsc_methylation","simpls","classification","accuracy",91,0.915384615384615,10,123,"ordinary_fast",32,5
"0.99.39","tcga_hnsc_methylation","simpls","classification","accuracy",92,0.915384615384615,10,123,"ordinary_fast",32,5
"0.99.39","tcga_hnsc_methylation","simpls","classification","accuracy",93,0.915384615384615,10,123,"ordinary_fast",32,5
"0.99.39","tcga_hnsc_methylation","simpls","classification","accuracy",94,0.915384615384615,10,123,"ordinary_fast",32,5
"0.99.39","tcga_hnsc_methylation","simpls","classification","accuracy",95,0.915384615384615,10,123,"ordinary_fast",32,5
"0.99.39","tcga_hnsc_methylation","simpls","classification","accuracy",96,0.915384615384615,10,123,"ordinary_fast",32,5
"0.99.39","tcga_hnsc_methylation","simpls","classification","accuracy",97,0.915384615384615,10,123,"ordinary_fast",32,5
"0.99.39","tcga_hnsc_methylation","simpls","classification","accuracy",98,0.915384615384615,10,123,"ordinary_fast",32,5
"0.99.39","tcga_hnsc_methylation","simpls","classification","accuracy",99,0.915384615384615,10,123,"ordinary_fast",32,5
"0.99.39","tcga_hnsc_methylation","simpls","classification","accuracy",100,0.915384615384615,10,123,"ordinary_fast",32,5
"0.99.39","tcga_hnsc_methylation","opls","classification","accuracy",1,0.988461538461539,10,123,"ordinary_fast",32,5
"0.99.39","tcga_hnsc_methylation","opls","classification","accuracy",2,0.988461538461539,10,123,"ordinary_fast",32,5
"0.99.39","tcga_hnsc_methylation","opls","classification","accuracy",3,0.986538461538462,10,123,"ordinary_fast",32,5
"0.99.39","tcga_hnsc_methylation","opls","classification","accuracy",4,0.988461538461539,10,123,"ordinary_fast",32,5
"0.99.39","tcga_hnsc_methylation","opls","classification","accuracy",5,0.988461538461539,10,123,"ordinary_fast",32,5
"0.99.39","tcga_hnsc_methylation","opls","classification","accuracy",6,0.986538461538462,10,123,"ordinary_fast",32,5
"0.99.39","tcga_hnsc_methylation","opls","classification","accuracy",7,0.986538461538462,10,123,"ordinary_fast",32,5
"0.99.39","tcga_hnsc_methylation","opls","classification","accuracy",8,0.986538461538462,10,123,"ordinary_fast",32,5
"0.99.39","tcga_hnsc_methylation","opls","classification","accuracy",9,0.984615384615385,10,123,"ordinary_fast",32,5
"0.99.39","tcga_hnsc_methylation","opls","classification","accuracy",10,0.986538461538462,10,123,"ordinary_fast",32,5
"0.99.39","tcga_hnsc_methylation","opls","classification","accuracy",11,0.984615384615385,10,123,"ordinary_fast",32,5
"0.99.39","tcga_hnsc_methylation","opls","classification","accuracy",12,0.984615384615385,10,123,"ordinary_fast",32,5
"0.99.39","tcga_hnsc_methylation","opls","classification","accuracy",13,0.984615384615385,10,123,"ordinary_fast",32,5
"0.99.39","tcga_hnsc_methylation","opls","classification","accuracy",14,0.984615384615385,10,123,"ordinary_fast",32,5
"0.99.39","tcga_hnsc_methylation","opls","classification","accuracy",15,0.978846153846154,10,123,"ordinary_fast",32,5
"0.99.39","tcga_hnsc_methylation","opls","classification","accuracy",16,0.973076923076923,10,123,"ordinary_fast",32,5
"0.99.39","tcga_hnsc_methylation","opls","classification","accuracy",17,0.973076923076923,10,123,"ordinary_fast",32,5
"0.99.39","tcga_hnsc_methylation","opls","classification","accuracy",18,0.971153846153846,10,123,"ordinary_fast",32,5
"0.99.39","tcga_hnsc_methylation","opls","classification","accuracy",19,0.971153846153846,10,123,"ordinary_fast",32,5
"0.99.39","tcga_hnsc_methylation","opls","classification","accuracy",20,0.971153846153846,10,123,"ordinary_fast",32,5
"0.99.39","tcga_hnsc_methylation","opls","classification","accuracy",21,0.971153846153846,10,123,"ordinary_fast",32,5
"0.99.39","tcga_hnsc_methylation","opls","classification","accuracy",22,0.967307692307692,10,123,"ordinary_fast",32,5
"0.99.39","tcga_hnsc_methylation","opls","classification","accuracy",23,0.965384615384615,10,123,"ordinary_fast",32,5
"0.99.39","tcga_hnsc_methylation","opls","classification","accuracy",24,0.961538461538462,10,123,"ordinary_fast",32,5
"0.99.39","tcga_hnsc_methylation","opls","classification","accuracy",25,0.959615384615385,10,123,"ordinary_fast",32,5
"0.99.39","tcga_hnsc_methylation","opls","classification","accuracy",26,0.961538461538462,10,123,"ordinary_fast",32,5
"0.99.39","tcga_hnsc_methylation","opls","classification","accuracy",27,0.959615384615385,10,123,"ordinary_fast",32,5
"0.99.39","tcga_hnsc_methylation","opls","classification","accuracy",28,0.955769230769231,10,123,"ordinary_fast",32,5
"0.99.39","tcga_hnsc_methylation","opls","classification","accuracy",29,0.955769230769231,10,123,"ordinary_fast",32,5
"0.99.39","tcga_hnsc_methylation","opls","classification","accuracy",30,0.948076923076923,10,123,"ordinary_fast",32,5
"0.99.39","tcga_hnsc_methylation","opls","classification","accuracy",31,0.948076923076923,10,123,"ordinary_fast",32,5
"0.99.39","tcga_hnsc_methylation","opls","classification","accuracy",32,0.948076923076923,10,123,"ordinary_fast",32,5
"0.99.39","tcga_hnsc_methylation","opls","classification","accuracy",33,0.948076923076923,10,123,"ordinary_fast",32,5
"0.99.39","tcga_hnsc_methylation","opls","classification","accuracy",34,0.948076923076923,10,123,"ordinary_fast",32,5
"0.99.39","tcga_hnsc_methylation","opls","classification","accuracy",35,0.948076923076923,10,123,"ordinary_fast",32,5
"0.99.39","tcga_hnsc_methylation","opls","classification","accuracy",36,0.942307692307692,10,123,"ordinary_fast",32,5
"0.99.39","tcga_hnsc_methylation","opls","classification","accuracy",37,0.944230769230769,10,123,"ordinary_fast",32,5
"0.99.39","tcga_hnsc_methylation","opls","classification","accuracy",38,0.940384615384615,10,123,"ordinary_fast",32,5
"0.99.39","tcga_hnsc_methylation","opls","classification","accuracy",39,0.936538461538462,10,123,"ordinary_fast",32,5
"0.99.39","tcga_hnsc_methylation","opls","classification","accuracy",40,0.936538461538462,10,123,"ordinary_fast",32,5
"0.99.39","tcga_hnsc_methylation","opls","classification","accuracy",41,0.934615384615385,10,123,"ordinary_fast",32,5
"0.99.39","tcga_hnsc_methylation","opls","classification","accuracy",42,0.932692307692308,10,123,"ordinary_fast",32,5
"0.99.39","tcga_hnsc_methylation","opls","classification","accuracy",43,0.926923076923077,10,123,"ordinary_fast",32,5
"0.99.39","tcga_hnsc_methylation","opls","classification","accuracy",44,0.923076923076923,10,123,"ordinary_fast",32,5
"0.99.39","tcga_hnsc_methylation","opls","classification","accuracy",45,0.921153846153846,10,123,"ordinary_fast",32,5
"0.99.39","tcga_hnsc_methylation","opls","classification","accuracy",46,0.923076923076923,10,123,"ordinary_fast",32,5
"0.99.39","tcga_hnsc_methylation","opls","classification","accuracy",47,0.919230769230769,10,123,"ordinary_fast",32,5
"0.99.39","tcga_hnsc_methylation","opls","classification","accuracy",48,0.917307692307692,10,123,"ordinary_fast",32,5
"0.99.39","tcga_hnsc_methylation","opls","classification","accuracy",49,0.917307692307692,10,123,"ordinary_fast",32,5
"0.99.39","tcga_hnsc_methylation","opls","classification","accuracy",50,0.915384615384615,10,123,"ordinary_fast",32,5
"0.99.39","tcga_hnsc_methylation","opls","classification","accuracy",51,0.917307692307692,10,123,"ordinary_fast",32,5
"0.99.39","tcga_hnsc_methylation","opls","classification","accuracy",52,0.917307692307692,10,123,"ordinary_fast",32,5
"0.99.39","tcga_hnsc_methylation","opls","classification","accuracy",53,0.917307692307692,10,123,"ordinary_fast",32,5
"0.99.39","tcga_hnsc_methylation","opls","classification","accuracy",54,0.919230769230769,10,123,"ordinary_fast",32,5
"0.99.39","tcga_hnsc_methylation","opls","classification","accuracy",55,0.919230769230769,10,123,"ordinary_fast",32,5
"0.99.39","tcga_hnsc_methylation","opls","classification","accuracy",56,0.919230769230769,10,123,"ordinary_fast",32,5
"0.99.39","tcga_hnsc_methylation","opls","classification","accuracy",57,0.921153846153846,10,123,"ordinary_fast",32,5
"0.99.39","tcga_hnsc_methylation","opls","classification","accuracy",58,0.921153846153846,10,123,"ordinary_fast",32,5
"0.99.39","tcga_hnsc_methylation","opls","classification","accuracy",59,0.919230769230769,10,123,"ordinary_fast",32,5
"0.99.39","tcga_hnsc_methylation","opls","classification","accuracy",60,0.921153846153846,10,123,"ordinary_fast",32,5
"0.99.39","tcga_hnsc_methylation","opls","classification","accuracy",61,0.923076923076923,10,123,"ordinary_fast",32,5
"0.99.39","tcga_hnsc_methylation","opls","classification","accuracy",62,0.921153846153846,10,123,"ordinary_fast",32,5
"0.99.39","tcga_hnsc_methylation","opls","classification","accuracy",63,0.919230769230769,10,123,"ordinary_fast",32,5
"0.99.39","tcga_hnsc_methylation","opls","classification","accuracy",64,0.919230769230769,10,123,"ordinary_fast",32,5
"0.99.39","tcga_hnsc_methylation","opls","classification","accuracy",65,0.917307692307692,10,123,"ordinary_fast",32,5
"0.99.39","tcga_hnsc_methylation","opls","classification","accuracy",66,0.917307692307692,10,123,"ordinary_fast",32,5
"0.99.39","tcga_hnsc_methylation","opls","classification","accuracy",67,0.917307692307692,10,123,"ordinary_fast",32,5
"0.99.39","tcga_hnsc_methylation","opls","classification","accuracy",68,0.917307692307692,10,123,"ordinary_fast",32,5
"0.99.39","tcga_hnsc_methylation","opls","classification","accuracy",69,0.917307692307692,10,123,"ordinary_fast",32,5
"0.99.39","tcga_hnsc_methylation","opls","classification","accuracy",70,0.917307692307692,10,123,"ordinary_fast",32,5
"0.99.39","tcga_hnsc_methylation","opls","classification","accuracy",71,0.915384615384615,10,123,"ordinary_fast",32,5
"0.99.39","tcga_hnsc_methylation","opls","classification","accuracy",72,0.915384615384615,10,123,"ordinary_fast",32,5
"0.99.39","tcga_hnsc_methylation","opls","classification","accuracy",73,0.915384615384615,10,123,"ordinary_fast",32,5
"0.99.39","tcga_hnsc_methylation","opls","classification","accuracy",74,0.915384615384615,10,123,"ordinary_fast",32,5
"0.99.39","tcga_hnsc_methylation","opls","classification","accuracy",75,0.915384615384615,10,123,"ordinary_fast",32,5
"0.99.39","tcga_hnsc_methylation","opls","classification","accuracy",76,0.913461538461538,10,123,"ordinary_fast",32,5
"0.99.39","tcga_hnsc_methylation","opls","classification","accuracy",77,0.913461538461538,10,123,"ordinary_fast",32,5
"0.99.39","tcga_hnsc_methylation","opls","classification","accuracy",78,0.913461538461538,10,123,"ordinary_fast",32,5
"0.99.39","tcga_hnsc_methylation","opls","classification","accuracy",79,0.913461538461538,10,123,"ordinary_fast",32,5
"0.99.39","tcga_hnsc_methylation","opls","classification","accuracy",80,0.913461538461538,10,123,"ordinary_fast",32,5
"0.99.39","tcga_hnsc_methylation","opls","classification","accuracy",81,0.913461538461538,10,123,"ordinary_fast",32,5
"0.99.39","tcga_hnsc_methylation","opls","classification","accuracy",82,0.913461538461538,10,123,"ordinary_fast",32,5
"0.99.39","tcga_hnsc_methylation","opls","classification","accuracy",83,0.913461538461538,10,123,"ordinary_fast",32,5
"0.99.39","tcga_hnsc_methylation","opls","classification","accuracy",84,0.913461538461538,10,123,"ordinary_fast",32,5
"0.99.39","tcga_hnsc_methylation","opls","classification","accuracy",85,0.915384615384615,10,123,"ordinary_fast",32,5
"0.99.39","tcga_hnsc_methylation","opls","classification","accuracy",86,0.915384615384615,10,123,"ordinary_fast",32,5
"0.99.39","tcga_hnsc_methylation","opls","classification","accuracy",87,0.915384615384615,10,123,"ordinary_fast",32,5
"0.99.39","tcga_hnsc_methylation","opls","classification","accuracy",88,0.915384615384615,10,123,"ordinary_fast",32,5
"0.99.39","tcga_hnsc_methylation","opls","classification","accuracy",89,0.915384615384615,10,123,"ordinary_fast",32,5
"0.99.39","tcga_hnsc_methylation","opls","classification","accuracy",90,0.915384615384615,10,123,"ordinary_fast",32,5
"0.99.39","tcga_hnsc_methylation","opls","classification","accuracy",91,0.915384615384615,10,123,"ordinary_fast",32,5
"0.99.39","tcga_hnsc_methylation","opls","classification","accuracy",92,0.915384615384615,10,123,"ordinary_fast",32,5
"0.99.39","tcga_hnsc_methylation","opls","classification","accuracy",93,0.915384615384615,10,123,"ordinary_fast",32,5
"0.99.39","tcga_hnsc_methylation","opls","classification","accuracy",94,0.915384615384615,10,123,"ordinary_fast",32,5
"0.99.39","tcga_hnsc_methylation","opls","classification","accuracy",95,0.915384615384615,10,123,"ordinary_fast",32,5
"0.99.39","tcga_hnsc_methylation","opls","classification","accuracy",96,0.915384615384615,10,123,"ordinary_fast",32,5
"0.99.39","tcga_hnsc_methylation","opls","classification","accuracy",97,0.915384615384615,10,123,"ordinary_fast",32,5
"0.99.39","tcga_hnsc_methylation","opls","classification","accuracy",98,0.915384615384615,10,123,"ordinary_fast",32,5
"0.99.39","tcga_hnsc_methylation","opls","classification","accuracy",99,0.915384615384615,10,123,"ordinary_fast",32,5
"0.99.39","tcga_hnsc_methylation","opls","classification","accuracy",100,0.915384615384615,10,123,"ordinary_fast",32,5
"0.99.39","tcga_hnsc_methylation","kernelpls","classification","accuracy",1,0.984615384615385,10,123,"ordinary_fast",32,5
"0.99.39","tcga_hnsc_methylation","kernelpls","classification","accuracy",2,0.988461538461539,10,123,"ordinary_fast",32,5
"0.99.39","tcga_hnsc_methylation","kernelpls","classification","accuracy",3,0.988461538461539,10,123,"ordinary_fast",32,5
"0.99.39","tcga_hnsc_methylation","kernelpls","classification","accuracy",4,0.986538461538462,10,123,"ordinary_fast",32,5
"0.99.39","tcga_hnsc_methylation","kernelpls","classification","accuracy",5,0.988461538461539,10,123,"ordinary_fast",32,5
"0.99.39","tcga_hnsc_methylation","kernelpls","classification","accuracy",6,0.988461538461539,10,123,"ordinary_fast",32,5
"0.99.39","tcga_hnsc_methylation","kernelpls","classification","accuracy",7,0.986538461538462,10,123,"ordinary_fast",32,5
"0.99.39","tcga_hnsc_methylation","kernelpls","classification","accuracy",8,0.986538461538462,10,123,"ordinary_fast",32,5
"0.99.39","tcga_hnsc_methylation","kernelpls","classification","accuracy",9,0.986538461538462,10,123,"ordinary_fast",32,5
"0.99.39","tcga_hnsc_methylation","kernelpls","classification","accuracy",10,0.984615384615385,10,123,"ordinary_fast",32,5
"0.99.39","tcga_hnsc_methylation","kernelpls","classification","accuracy",11,0.986538461538462,10,123,"ordinary_fast",32,5
"0.99.39","tcga_hnsc_methylation","kernelpls","classification","accuracy",12,0.984615384615385,10,123,"ordinary_fast",32,5
"0.99.39","tcga_hnsc_methylation","kernelpls","classification","accuracy",13,0.984615384615385,10,123,"ordinary_fast",32,5
"0.99.39","tcga_hnsc_methylation","kernelpls","classification","accuracy",14,0.984615384615385,10,123,"ordinary_fast",32,5
"0.99.39","tcga_hnsc_methylation","kernelpls","classification","accuracy",15,0.984615384615385,10,123,"ordinary_fast",32,5
"0.99.39","tcga_hnsc_methylation","kernelpls","classification","accuracy",16,0.978846153846154,10,123,"ordinary_fast",32,5
"0.99.39","tcga_hnsc_methylation","kernelpls","classification","accuracy",17,0.973076923076923,10,123,"ordinary_fast",32,5
"0.99.39","tcga_hnsc_methylation","kernelpls","classification","accuracy",18,0.973076923076923,10,123,"ordinary_fast",32,5
"0.99.39","tcga_hnsc_methylation","kernelpls","classification","accuracy",19,0.971153846153846,10,123,"ordinary_fast",32,5
"0.99.39","tcga_hnsc_methylation","kernelpls","classification","accuracy",20,0.971153846153846,10,123,"ordinary_fast",32,5
"0.99.39","tcga_hnsc_methylation","kernelpls","classification","accuracy",21,0.971153846153846,10,123,"ordinary_fast",32,5
"0.99.39","tcga_hnsc_methylation","kernelpls","classification","accuracy",22,0.971153846153846,10,123,"ordinary_fast",32,5
"0.99.39","tcga_hnsc_methylation","kernelpls","classification","accuracy",23,0.967307692307692,10,123,"ordinary_fast",32,5
"0.99.39","tcga_hnsc_methylation","kernelpls","classification","accuracy",24,0.965384615384615,10,123,"ordinary_fast",32,5
"0.99.39","tcga_hnsc_methylation","kernelpls","classification","accuracy",25,0.961538461538462,10,123,"ordinary_fast",32,5
"0.99.39","tcga_hnsc_methylation","kernelpls","classification","accuracy",26,0.959615384615385,10,123,"ordinary_fast",32,5
"0.99.39","tcga_hnsc_methylation","kernelpls","classification","accuracy",27,0.961538461538462,10,123,"ordinary_fast",32,5
"0.99.39","tcga_hnsc_methylation","kernelpls","classification","accuracy",28,0.959615384615385,10,123,"ordinary_fast",32,5
"0.99.39","tcga_hnsc_methylation","kernelpls","classification","accuracy",29,0.955769230769231,10,123,"ordinary_fast",32,5
"0.99.39","tcga_hnsc_methylation","kernelpls","classification","accuracy",30,0.955769230769231,10,123,"ordinary_fast",32,5
"0.99.39","tcga_hnsc_methylation","kernelpls","classification","accuracy",31,0.948076923076923,10,123,"ordinary_fast",32,5
"0.99.39","tcga_hnsc_methylation","kernelpls","classification","accuracy",32,0.948076923076923,10,123,"ordinary_fast",32,5
"0.99.39","tcga_hnsc_methylation","kernelpls","classification","accuracy",33,0.948076923076923,10,123,"ordinary_fast",32,5
"0.99.39","tcga_hnsc_methylation","kernelpls","classification","accuracy",34,0.948076923076923,10,123,"ordinary_fast",32,5
"0.99.39","tcga_hnsc_methylation","kernelpls","classification","accuracy",35,0.948076923076923,10,123,"ordinary_fast",32,5
"0.99.39","tcga_hnsc_methylation","kernelpls","classification","accuracy",36,0.948076923076923,10,123,"ordinary_fast",32,5
"0.99.39","tcga_hnsc_methylation","kernelpls","classification","accuracy",37,0.942307692307692,10,123,"ordinary_fast",32,5
"0.99.39","tcga_hnsc_methylation","kernelpls","classification","accuracy",38,0.944230769230769,10,123,"ordinary_fast",32,5
"0.99.39","tcga_hnsc_methylation","kernelpls","classification","accuracy",39,0.940384615384615,10,123,"ordinary_fast",32,5
"0.99.39","tcga_hnsc_methylation","kernelpls","classification","accuracy",40,0.936538461538462,10,123,"ordinary_fast",32,5
"0.99.39","tcga_hnsc_methylation","kernelpls","classification","accuracy",41,0.936538461538462,10,123,"ordinary_fast",32,5
"0.99.39","tcga_hnsc_methylation","kernelpls","classification","accuracy",42,0.934615384615385,10,123,"ordinary_fast",32,5
"0.99.39","tcga_hnsc_methylation","kernelpls","classification","accuracy",43,0.932692307692308,10,123,"ordinary_fast",32,5
"0.99.39","tcga_hnsc_methylation","kernelpls","classification","accuracy",44,0.926923076923077,10,123,"ordinary_fast",32,5
"0.99.39","tcga_hnsc_methylation","kernelpls","classification","accuracy",45,0.923076923076923,10,123,"ordinary_fast",32,5
"0.99.39","tcga_hnsc_methylation","kernelpls","classification","accuracy",46,0.921153846153846,10,123,"ordinary_fast",32,5
"0.99.39","tcga_hnsc_methylation","kernelpls","classification","accuracy",47,0.923076923076923,10,123,"ordinary_fast",32,5
"0.99.39","tcga_hnsc_methylation","kernelpls","classification","accuracy",48,0.919230769230769,10,123,"ordinary_fast",32,5
"0.99.39","tcga_hnsc_methylation","kernelpls","classification","accuracy",49,0.917307692307692,10,123,"ordinary_fast",32,5
"0.99.39","tcga_hnsc_methylation","kernelpls","classification","accuracy",50,0.917307692307692,10,123,"ordinary_fast",32,5
"0.99.39","tcga_hnsc_methylation","kernelpls","classification","accuracy",51,0.915384615384615,10,123,"ordinary_fast",32,5
"0.99.39","tcga_hnsc_methylation","kernelpls","classification","accuracy",52,0.917307692307692,10,123,"ordinary_fast",32,5
"0.99.39","tcga_hnsc_methylation","kernelpls","classification","accuracy",53,0.917307692307692,10,123,"ordinary_fast",32,5
"0.99.39","tcga_hnsc_methylation","kernelpls","classification","accuracy",54,0.917307692307692,10,123,"ordinary_fast",32,5
"0.99.39","tcga_hnsc_methylation","kernelpls","classification","accuracy",55,0.919230769230769,10,123,"ordinary_fast",32,5
"0.99.39","tcga_hnsc_methylation","kernelpls","classification","accuracy",56,0.919230769230769,10,123,"ordinary_fast",32,5
"0.99.39","tcga_hnsc_methylation","kernelpls","classification","accuracy",57,0.919230769230769,10,123,"ordinary_fast",32,5
"0.99.39","tcga_hnsc_methylation","kernelpls","classification","accuracy",58,0.921153846153846,10,123,"ordinary_fast",32,5
"0.99.39","tcga_hnsc_methylation","kernelpls","classification","accuracy",59,0.921153846153846,10,123,"ordinary_fast",32,5
"0.99.39","tcga_hnsc_methylation","kernelpls","classification","accuracy",60,0.919230769230769,10,123,"ordinary_fast",32,5
"0.99.39","tcga_hnsc_methylation","kernelpls","classification","accuracy",61,0.921153846153846,10,123,"ordinary_fast",32,5
"0.99.39","tcga_hnsc_methylation","kernelpls","classification","accuracy",62,0.923076923076923,10,123,"ordinary_fast",32,5
"0.99.39","tcga_hnsc_methylation","kernelpls","classification","accuracy",63,0.921153846153846,10,123,"ordinary_fast",32,5
"0.99.39","tcga_hnsc_methylation","kernelpls","classification","accuracy",64,0.919230769230769,10,123,"ordinary_fast",32,5
"0.99.39","tcga_hnsc_methylation","kernelpls","classification","accuracy",65,0.919230769230769,10,123,"ordinary_fast",32,5
"0.99.39","tcga_hnsc_methylation","kernelpls","classification","accuracy",66,0.917307692307692,10,123,"ordinary_fast",32,5
"0.99.39","tcga_hnsc_methylation","kernelpls","classification","accuracy",67,0.917307692307692,10,123,"ordinary_fast",32,5
"0.99.39","tcga_hnsc_methylation","kernelpls","classification","accuracy",68,0.917307692307692,10,123,"ordinary_fast",32,5
"0.99.39","tcga_hnsc_methylation","kernelpls","classification","accuracy",69,0.917307692307692,10,123,"ordinary_fast",32,5
"0.99.39","tcga_hnsc_methylation","kernelpls","classification","accuracy",70,0.917307692307692,10,123,"ordinary_fast",32,5
"0.99.39","tcga_hnsc_methylation","kernelpls","classification","accuracy",71,0.917307692307692,10,123,"ordinary_fast",32,5
"0.99.39","tcga_hnsc_methylation","kernelpls","classification","accuracy",72,0.915384615384615,10,123,"ordinary_fast",32,5
"0.99.39","tcga_hnsc_methylation","kernelpls","classification","accuracy",73,0.915384615384615,10,123,"ordinary_fast",32,5
"0.99.39","tcga_hnsc_methylation","kernelpls","classification","accuracy",74,0.915384615384615,10,123,"ordinary_fast",32,5
"0.99.39","tcga_hnsc_methylation","kernelpls","classification","accuracy",75,0.915384615384615,10,123,"ordinary_fast",32,5
"0.99.39","tcga_hnsc_methylation","kernelpls","classification","accuracy",76,0.915384615384615,10,123,"ordinary_fast",32,5
"0.99.39","tcga_hnsc_methylation","kernelpls","classification","accuracy",77,0.913461538461538,10,123,"ordinary_fast",32,5
"0.99.39","tcga_hnsc_methylation","kernelpls","classification","accuracy",78,0.913461538461538,10,123,"ordinary_fast",32,5
"0.99.39","tcga_hnsc_methylation","kernelpls","classification","accuracy",79,0.913461538461538,10,123,"ordinary_fast",32,5
"0.99.39","tcga_hnsc_methylation","kernelpls","classification","accuracy",80,0.913461538461538,10,123,"ordinary_fast",32,5
"0.99.39","tcga_hnsc_methylation","kernelpls","classification","accuracy",81,0.913461538461538,10,123,"ordinary_fast",32,5
"0.99.39","tcga_hnsc_methylation","kernelpls","classification","accuracy",82,0.913461538461538,10,123,"ordinary_fast",32,5
"0.99.39","tcga_hnsc_methylation","kernelpls","classification","accuracy",83,0.913461538461538,10,123,"ordinary_fast",32,5
"0.99.39","tcga_hnsc_methylation","kernelpls","classification","accuracy",84,0.913461538461538,10,123,"ordinary_fast",32,5
"0.99.39","tcga_hnsc_methylation","kernelpls","classification","accuracy",85,0.913461538461538,10,123,"ordinary_fast",32,5
"0.99.39","tcga_hnsc_methylation","kernelpls","classification","accuracy",86,0.915384615384615,10,123,"ordinary_fast",32,5
"0.99.39","tcga_hnsc_methylation","kernelpls","classification","accuracy",87,0.915384615384615,10,123,"ordinary_fast",32,5
"0.99.39","tcga_hnsc_methylation","kernelpls","classification","accuracy",88,0.915384615384615,10,123,"ordinary_fast",32,5
"0.99.39","tcga_hnsc_methylation","kernelpls","classification","accuracy",89,0.915384615384615,10,123,"ordinary_fast",32,5
"0.99.39","tcga_hnsc_methylation","kernelpls","classification","accuracy",90,0.915384615384615,10,123,"ordinary_fast",32,5
"0.99.39","tcga_hnsc_methylation","kernelpls","classification","accuracy",91,0.915384615384615,10,123,"ordinary_fast",32,5
"0.99.39","tcga_hnsc_methylation","kernelpls","classification","accuracy",92,0.915384615384615,10,123,"ordinary_fast",32,5
"0.99.39","tcga_hnsc_methylation","kernelpls","classification","accuracy",93,0.915384615384615,10,123,"ordinary_fast",32,5
"0.99.39","tcga_hnsc_methylation","kernelpls","classification","accuracy",94,0.915384615384615,10,123,"ordinary_fast",32,5
"0.99.39","tcga_hnsc_methylation","kernelpls","classification","accuracy",95,0.915384615384615,10,123,"ordinary_fast",32,5
"0.99.39","tcga_hnsc_methylation","kernelpls","classification","accuracy",96,0.915384615384615,10,123,"ordinary_fast",32,5
"0.99.39","tcga_hnsc_methylation","kernelpls","classification","accuracy",97,0.915384615384615,10,123,"ordinary_fast",32,5
"0.99.39","tcga_hnsc_methylation","kernelpls","classification","accuracy",98,0.915384615384615,10,123,"ordinary_fast",32,5
"0.99.39","tcga_hnsc_methylation","kernelpls","classification","accuracy",99,0.915384615384615,10,123,"ordinary_fast",32,5
"0.99.39","tcga_hnsc_methylation","kernelpls","classification","accuracy",100,0.915384615384615,10,123,"ordinary_fast",32,5
"0.99.39","tcga_pan_cancer","plssvd","classification","accuracy",1,0.206,10,123,"not_applicable",32,5
"0.99.39","tcga_pan_cancer","plssvd","classification","accuracy",2,0.243,10,123,"not_applicable",32,5
"0.99.39","tcga_pan_cancer","plssvd","classification","accuracy",3,0.246333333333333,10,123,"not_applicable",32,5
"0.99.39","tcga_pan_cancer","plssvd","classification","accuracy",4,0.364333333333333,10,123,"not_applicable",32,5
"0.99.39","tcga_pan_cancer","plssvd","classification","accuracy",5,0.438666666666667,10,123,"not_applicable",32,5
"0.99.39","tcga_pan_cancer","plssvd","classification","accuracy",6,0.453,10,123,"not_applicable",32,5
"0.99.39","tcga_pan_cancer","plssvd","classification","accuracy",7,0.453666666666667,10,123,"not_applicable",32,5
"0.99.39","tcga_pan_cancer","plssvd","classification","accuracy",8,0.547,10,123,"not_applicable",32,5
"0.99.39","tcga_pan_cancer","plssvd","classification","accuracy",9,0.569333333333333,10,123,"not_applicable",32,5
"0.99.39","tcga_pan_cancer","plssvd","classification","accuracy",10,0.603333333333333,10,123,"not_applicable",32,5
"0.99.39","tcga_pan_cancer","plssvd","classification","accuracy",11,0.657333333333333,10,123,"not_applicable",32,5
"0.99.39","tcga_pan_cancer","plssvd","classification","accuracy",12,0.69,10,123,"not_applicable",32,5
"0.99.39","tcga_pan_cancer","plssvd","classification","accuracy",13,0.702666666666667,10,123,"not_applicable",32,5
"0.99.39","tcga_pan_cancer","plssvd","classification","accuracy",14,0.709666666666667,10,123,"not_applicable",32,5
"0.99.39","tcga_pan_cancer","plssvd","classification","accuracy",15,0.743,10,123,"not_applicable",32,5
"0.99.39","tcga_pan_cancer","plssvd","classification","accuracy",16,0.751666666666667,10,123,"not_applicable",32,5
"0.99.39","tcga_pan_cancer","plssvd","classification","accuracy",17,0.772333333333333,10,123,"not_applicable",32,5
"0.99.39","tcga_pan_cancer","plssvd","classification","accuracy",18,0.787666666666667,10,123,"not_applicable",32,5
"0.99.39","tcga_pan_cancer","plssvd","classification","accuracy",19,0.807333333333333,10,123,"not_applicable",32,5
"0.99.39","tcga_pan_cancer","plssvd","classification","accuracy",20,0.822333333333333,10,123,"not_applicable",32,5
"0.99.39","tcga_pan_cancer","plssvd","classification","accuracy",21,0.837,10,123,"not_applicable",32,5
"0.99.39","tcga_pan_cancer","plssvd","classification","accuracy",22,0.847666666666667,10,123,"not_applicable",32,5
"0.99.39","tcga_pan_cancer","plssvd","classification","accuracy",23,0.862,10,123,"not_applicable",32,5
"0.99.39","tcga_pan_cancer","plssvd","classification","accuracy",24,0.868333333333333,10,123,"not_applicable",32,5
"0.99.39","tcga_pan_cancer","plssvd","classification","accuracy",25,0.875666666666667,10,123,"not_applicable",32,5
"0.99.39","tcga_pan_cancer","plssvd","classification","accuracy",26,0.881333333333333,10,123,"not_applicable",32,5
"0.99.39","tcga_pan_cancer","plssvd","classification","accuracy",27,0.884,10,123,"not_applicable",32,5
"0.99.39","tcga_pan_cancer","plssvd","classification","accuracy",28,0.886666666666667,10,123,"not_applicable",32,5
"0.99.39","tcga_pan_cancer","plssvd","classification","accuracy",29,0.891,10,123,"not_applicable",32,5
"0.99.39","tcga_pan_cancer","plssvd","classification","accuracy",30,0.892333333333333,10,123,"not_applicable",32,5
"0.99.39","tcga_pan_cancer","plssvd","classification","accuracy",31,0.892333333333333,10,123,"not_applicable",32,5
"0.99.39","tcga_pan_cancer","simpls","classification","accuracy",1,0.206,10,123,"ordinary_fast",32,5
"0.99.39","tcga_pan_cancer","simpls","classification","accuracy",2,0.243,10,123,"ordinary_fast",32,5
"0.99.39","tcga_pan_cancer","simpls","classification","accuracy",3,0.246333333333333,10,123,"ordinary_fast",32,5
"0.99.39","tcga_pan_cancer","simpls","classification","accuracy",4,0.367666666666667,10,123,"ordinary_fast",32,5
"0.99.39","tcga_pan_cancer","simpls","classification","accuracy",5,0.438666666666667,10,123,"ordinary_fast",32,5
"0.99.39","tcga_pan_cancer","simpls","classification","accuracy",6,0.452,10,123,"ordinary_fast",32,5
"0.99.39","tcga_pan_cancer","simpls","classification","accuracy",7,0.453333333333333,10,123,"ordinary_fast",32,5
"0.99.39","tcga_pan_cancer","simpls","classification","accuracy",8,0.540333333333333,10,123,"ordinary_fast",32,5
"0.99.39","tcga_pan_cancer","simpls","classification","accuracy",9,0.568666666666667,10,123,"ordinary_fast",32,5
"0.99.39","tcga_pan_cancer","simpls","classification","accuracy",10,0.603333333333333,10,123,"ordinary_fast",32,5
"0.99.39","tcga_pan_cancer","simpls","classification","accuracy",11,0.641666666666667,10,123,"ordinary_fast",32,5
"0.99.39","tcga_pan_cancer","simpls","classification","accuracy",12,0.675333333333333,10,123,"ordinary_fast",32,5
"0.99.39","tcga_pan_cancer","simpls","classification","accuracy",13,0.703333333333333,10,123,"ordinary_fast",32,5
"0.99.39","tcga_pan_cancer","simpls","classification","accuracy",14,0.711333333333333,10,123,"ordinary_fast",32,5
"0.99.39","tcga_pan_cancer","simpls","classification","accuracy",15,0.732666666666667,10,123,"ordinary_fast",32,5
"0.99.39","tcga_pan_cancer","simpls","classification","accuracy",16,0.74,10,123,"ordinary_fast",32,5
"0.99.39","tcga_pan_cancer","simpls","classification","accuracy",17,0.765333333333333,10,123,"ordinary_fast",32,5
"0.99.39","tcga_pan_cancer","simpls","classification","accuracy",18,0.783,10,123,"ordinary_fast",32,5
"0.99.39","tcga_pan_cancer","simpls","classification","accuracy",19,0.796666666666667,10,123,"ordinary_fast",32,5
"0.99.39","tcga_pan_cancer","simpls","classification","accuracy",20,0.806666666666667,10,123,"ordinary_fast",32,5
"0.99.39","tcga_pan_cancer","simpls","classification","accuracy",21,0.814666666666667,10,123,"ordinary_fast",32,5
"0.99.39","tcga_pan_cancer","simpls","classification","accuracy",22,0.831666666666667,10,123,"ordinary_fast",32,5
"0.99.39","tcga_pan_cancer","simpls","classification","accuracy",23,0.836666666666667,10,123,"ordinary_fast",32,5
"0.99.39","tcga_pan_cancer","simpls","classification","accuracy",24,0.850666666666667,10,123,"ordinary_fast",32,5
"0.99.39","tcga_pan_cancer","simpls","classification","accuracy",25,0.859,10,123,"ordinary_fast",32,5
"0.99.39","tcga_pan_cancer","simpls","classification","accuracy",26,0.874,10,123,"ordinary_fast",32,5
"0.99.39","tcga_pan_cancer","simpls","classification","accuracy",27,0.881666666666667,10,123,"ordinary_fast",32,5
"0.99.39","tcga_pan_cancer","simpls","classification","accuracy",28,0.888,10,123,"ordinary_fast",32,5
"0.99.39","tcga_pan_cancer","simpls","classification","accuracy",29,0.891666666666667,10,123,"ordinary_fast",32,5
"0.99.39","tcga_pan_cancer","simpls","classification","accuracy",30,0.893333333333333,10,123,"ordinary_fast",32,5
"0.99.39","tcga_pan_cancer","simpls","classification","accuracy",31,0.897,10,123,"ordinary_fast",32,5
"0.99.39","tcga_pan_cancer","simpls","classification","accuracy",32,0.897666666666667,10,123,"ordinary_fast",32,5
"0.99.39","tcga_pan_cancer","simpls","classification","accuracy",33,0.899666666666667,10,123,"ordinary_fast",32,5
"0.99.39","tcga_pan_cancer","simpls","classification","accuracy",34,0.901,10,123,"ordinary_fast",32,5
"0.99.39","tcga_pan_cancer","simpls","classification","accuracy",35,0.903333333333333,10,123,"ordinary_fast",32,5
"0.99.39","tcga_pan_cancer","simpls","classification","accuracy",36,0.907333333333333,10,123,"ordinary_fast",32,5
"0.99.39","tcga_pan_cancer","simpls","classification","accuracy",37,0.908666666666667,10,123,"ordinary_fast",32,5
"0.99.39","tcga_pan_cancer","simpls","classification","accuracy",38,0.91,10,123,"ordinary_fast",32,5
"0.99.39","tcga_pan_cancer","simpls","classification","accuracy",39,0.911666666666667,10,123,"ordinary_fast",32,5
"0.99.39","tcga_pan_cancer","simpls","classification","accuracy",40,0.913,10,123,"ordinary_fast",32,5
"0.99.39","tcga_pan_cancer","simpls","classification","accuracy",41,0.914666666666667,10,123,"ordinary_fast",32,5
"0.99.39","tcga_pan_cancer","simpls","classification","accuracy",42,0.915,10,123,"ordinary_fast",32,5
"0.99.39","tcga_pan_cancer","simpls","classification","accuracy",43,0.915666666666667,10,123,"ordinary_fast",32,5
"0.99.39","tcga_pan_cancer","simpls","classification","accuracy",44,0.916333333333333,10,123,"ordinary_fast",32,5
"0.99.39","tcga_pan_cancer","simpls","classification","accuracy",45,0.917666666666667,10,123,"ordinary_fast",32,5
"0.99.39","tcga_pan_cancer","simpls","classification","accuracy",46,0.918333333333333,10,123,"ordinary_fast",32,5
"0.99.39","tcga_pan_cancer","simpls","classification","accuracy",47,0.918666666666667,10,123,"ordinary_fast",32,5
"0.99.39","tcga_pan_cancer","simpls","classification","accuracy",48,0.919666666666667,10,123,"ordinary_fast",32,5
"0.99.39","tcga_pan_cancer","simpls","classification","accuracy",49,0.919666666666667,10,123,"ordinary_fast",32,5
"0.99.39","tcga_pan_cancer","simpls","classification","accuracy",50,0.920333333333333,10,123,"ordinary_fast",32,5
"0.99.39","tcga_pan_cancer","simpls","classification","accuracy",51,0.920333333333333,10,123,"ordinary_fast",32,5
"0.99.39","tcga_pan_cancer","simpls","classification","accuracy",52,0.920333333333333,10,123,"ordinary_fast",32,5
"0.99.39","tcga_pan_cancer","simpls","classification","accuracy",53,0.920666666666667,10,123,"ordinary_fast",32,5
"0.99.39","tcga_pan_cancer","simpls","classification","accuracy",54,0.921666666666667,10,123,"ordinary_fast",32,5
"0.99.39","tcga_pan_cancer","simpls","classification","accuracy",55,0.922333333333333,10,123,"ordinary_fast",32,5
"0.99.39","tcga_pan_cancer","simpls","classification","accuracy",56,0.922333333333333,10,123,"ordinary_fast",32,5
"0.99.39","tcga_pan_cancer","simpls","classification","accuracy",57,0.923,10,123,"ordinary_fast",32,5
"0.99.39","tcga_pan_cancer","simpls","classification","accuracy",58,0.923,10,123,"ordinary_fast",32,5
"0.99.39","tcga_pan_cancer","simpls","classification","accuracy",59,0.923,10,123,"ordinary_fast",32,5
"0.99.39","tcga_pan_cancer","simpls","classification","accuracy",60,0.924,10,123,"ordinary_fast",32,5
"0.99.39","tcga_pan_cancer","simpls","classification","accuracy",61,0.925,10,123,"ordinary_fast",32,5
"0.99.39","tcga_pan_cancer","simpls","classification","accuracy",62,0.925333333333333,10,123,"ordinary_fast",32,5
"0.99.39","tcga_pan_cancer","simpls","classification","accuracy",63,0.925,10,123,"ordinary_fast",32,5
"0.99.39","tcga_pan_cancer","simpls","classification","accuracy",64,0.926333333333333,10,123,"ordinary_fast",32,5
"0.99.39","tcga_pan_cancer","simpls","classification","accuracy",65,0.925666666666667,10,123,"ordinary_fast",32,5
"0.99.39","tcga_pan_cancer","simpls","classification","accuracy",66,0.926333333333333,10,123,"ordinary_fast",32,5
"0.99.39","tcga_pan_cancer","simpls","classification","accuracy",67,0.925666666666667,10,123,"ordinary_fast",32,5
"0.99.39","tcga_pan_cancer","simpls","classification","accuracy",68,0.926333333333333,10,123,"ordinary_fast",32,5
"0.99.39","tcga_pan_cancer","simpls","classification","accuracy",69,0.927,10,123,"ordinary_fast",32,5
"0.99.39","tcga_pan_cancer","simpls","classification","accuracy",70,0.927333333333333,10,123,"ordinary_fast",32,5
"0.99.39","tcga_pan_cancer","simpls","classification","accuracy",71,0.927,10,123,"ordinary_fast",32,5
"0.99.39","tcga_pan_cancer","simpls","classification","accuracy",72,0.928333333333333,10,123,"ordinary_fast",32,5
"0.99.39","tcga_pan_cancer","simpls","classification","accuracy",73,0.928333333333333,10,123,"ordinary_fast",32,5
"0.99.39","tcga_pan_cancer","simpls","classification","accuracy",74,0.929,10,123,"ordinary_fast",32,5
"0.99.39","tcga_pan_cancer","simpls","classification","accuracy",75,0.928333333333333,10,123,"ordinary_fast",32,5
"0.99.39","tcga_pan_cancer","simpls","classification","accuracy",76,0.929,10,123,"ordinary_fast",32,5
"0.99.39","tcga_pan_cancer","simpls","classification","accuracy",77,0.930666666666667,10,123,"ordinary_fast",32,5
"0.99.39","tcga_pan_cancer","simpls","classification","accuracy",78,0.930666666666667,10,123,"ordinary_fast",32,5
"0.99.39","tcga_pan_cancer","simpls","classification","accuracy",79,0.930666666666667,10,123,"ordinary_fast",32,5
"0.99.39","tcga_pan_cancer","simpls","classification","accuracy",80,0.931333333333333,10,123,"ordinary_fast",32,5
"0.99.39","tcga_pan_cancer","simpls","classification","accuracy",81,0.932333333333333,10,123,"ordinary_fast",32,5
"0.99.39","tcga_pan_cancer","simpls","classification","accuracy",82,0.932333333333333,10,123,"ordinary_fast",32,5
"0.99.39","tcga_pan_cancer","simpls","classification","accuracy",83,0.932333333333333,10,123,"ordinary_fast",32,5
"0.99.39","tcga_pan_cancer","simpls","classification","accuracy",84,0.932,10,123,"ordinary_fast",32,5
"0.99.39","tcga_pan_cancer","simpls","classification","accuracy",85,0.931333333333333,10,123,"ordinary_fast",32,5
"0.99.39","tcga_pan_cancer","simpls","classification","accuracy",86,0.931666666666667,10,123,"ordinary_fast",32,5
"0.99.39","tcga_pan_cancer","simpls","classification","accuracy",87,0.932,10,123,"ordinary_fast",32,5
"0.99.39","tcga_pan_cancer","simpls","classification","accuracy",88,0.932666666666667,10,123,"ordinary_fast",32,5
"0.99.39","tcga_pan_cancer","simpls","classification","accuracy",89,0.932666666666667,10,123,"ordinary_fast",32,5
"0.99.39","tcga_pan_cancer","simpls","classification","accuracy",90,0.933333333333333,10,123,"ordinary_fast",32,5
"0.99.39","tcga_pan_cancer","simpls","classification","accuracy",91,0.933333333333333,10,123,"ordinary_fast",32,5
"0.99.39","tcga_pan_cancer","simpls","classification","accuracy",92,0.934,10,123,"ordinary_fast",32,5
"0.99.39","tcga_pan_cancer","simpls","classification","accuracy",93,0.934,10,123,"ordinary_fast",32,5
"0.99.39","tcga_pan_cancer","simpls","classification","accuracy",94,0.934333333333333,10,123,"ordinary_fast",32,5
"0.99.39","tcga_pan_cancer","simpls","classification","accuracy",95,0.934666666666667,10,123,"ordinary_fast",32,5
"0.99.39","tcga_pan_cancer","simpls","classification","accuracy",96,0.934666666666667,10,123,"ordinary_fast",32,5
"0.99.39","tcga_pan_cancer","simpls","classification","accuracy",97,0.934666666666667,10,123,"ordinary_fast",32,5
"0.99.39","tcga_pan_cancer","simpls","classification","accuracy",98,0.934666666666667,10,123,"ordinary_fast",32,5
"0.99.39","tcga_pan_cancer","simpls","classification","accuracy",99,0.935,10,123,"ordinary_fast",32,5
"0.99.39","tcga_pan_cancer","simpls","classification","accuracy",100,0.935,10,123,"ordinary_fast",32,5
"0.99.39","tcga_pan_cancer","simpls","classification","accuracy",101,0.935,10,123,"ordinary_fast",32,5
"0.99.39","tcga_pan_cancer","simpls","classification","accuracy",102,0.935,10,123,"ordinary_fast",32,5
"0.99.39","tcga_pan_cancer","simpls","classification","accuracy",103,0.935333333333333,10,123,"ordinary_fast",32,5
"0.99.39","tcga_pan_cancer","simpls","classification","accuracy",104,0.935666666666667,10,123,"ordinary_fast",32,5
"0.99.39","tcga_pan_cancer","simpls","classification","accuracy",105,0.935666666666667,10,123,"ordinary_fast",32,5
"0.99.39","tcga_pan_cancer","simpls","classification","accuracy",106,0.936,10,123,"ordinary_fast",32,5
"0.99.39","tcga_pan_cancer","simpls","classification","accuracy",107,0.935666666666667,10,123,"ordinary_fast",32,5
"0.99.39","tcga_pan_cancer","simpls","classification","accuracy",108,0.935666666666667,10,123,"ordinary_fast",32,5
"0.99.39","tcga_pan_cancer","simpls","classification","accuracy",109,0.936333333333333,10,123,"ordinary_fast",32,5
"0.99.39","tcga_pan_cancer","simpls","classification","accuracy",110,0.936333333333333,10,123,"ordinary_fast",32,5
"0.99.39","tcga_pan_cancer","simpls","classification","accuracy",111,0.936,10,123,"ordinary_fast",32,5
"0.99.39","tcga_pan_cancer","simpls","classification","accuracy",112,0.935666666666667,10,123,"ordinary_fast",32,5
"0.99.39","tcga_pan_cancer","simpls","classification","accuracy",113,0.935333333333333,10,123,"ordinary_fast",32,5
"0.99.39","tcga_pan_cancer","simpls","classification","accuracy",114,0.935333333333333,10,123,"ordinary_fast",32,5
"0.99.39","tcga_pan_cancer","simpls","classification","accuracy",115,0.935666666666667,10,123,"ordinary_fast",32,5
"0.99.39","tcga_pan_cancer","simpls","classification","accuracy",116,0.936333333333333,10,123,"ordinary_fast",32,5
"0.99.39","tcga_pan_cancer","simpls","classification","accuracy",117,0.936,10,123,"ordinary_fast",32,5
"0.99.39","tcga_pan_cancer","simpls","classification","accuracy",118,0.935666666666667,10,123,"ordinary_fast",32,5
"0.99.39","tcga_pan_cancer","simpls","classification","accuracy",119,0.935333333333333,10,123,"ordinary_fast",32,5
"0.99.39","tcga_pan_cancer","simpls","classification","accuracy",120,0.935,10,123,"ordinary_fast",32,5
"0.99.39","tcga_pan_cancer","simpls","classification","accuracy",121,0.935,10,123,"ordinary_fast",32,5
"0.99.39","tcga_pan_cancer","simpls","classification","accuracy",122,0.936,10,123,"ordinary_fast",32,5
"0.99.39","tcga_pan_cancer","simpls","classification","accuracy",123,0.936666666666667,10,123,"ordinary_fast",32,5
"0.99.39","tcga_pan_cancer","simpls","classification","accuracy",124,0.936666666666667,10,123,"ordinary_fast",32,5
"0.99.39","tcga_pan_cancer","simpls","classification","accuracy",125,0.936,10,123,"ordinary_fast",32,5
"0.99.39","tcga_pan_cancer","simpls","classification","accuracy",126,0.936333333333333,10,123,"ordinary_fast",32,5
"0.99.39","tcga_pan_cancer","simpls","classification","accuracy",127,0.937,10,123,"ordinary_fast",32,5
"0.99.39","tcga_pan_cancer","simpls","classification","accuracy",128,0.937333333333333,10,123,"ordinary_fast",32,5
"0.99.39","tcga_pan_cancer","simpls","classification","accuracy",129,0.937,10,123,"ordinary_fast",32,5
"0.99.39","tcga_pan_cancer","simpls","classification","accuracy",130,0.936666666666667,10,123,"ordinary_fast",32,5
"0.99.39","tcga_pan_cancer","simpls","classification","accuracy",131,0.937,10,123,"ordinary_fast",32,5
"0.99.39","tcga_pan_cancer","simpls","classification","accuracy",132,0.936666666666667,10,123,"ordinary_fast",32,5
"0.99.39","tcga_pan_cancer","simpls","classification","accuracy",133,0.938333333333333,10,123,"ordinary_fast",32,5
"0.99.39","tcga_pan_cancer","simpls","classification","accuracy",134,0.937666666666667,10,123,"ordinary_fast",32,5
"0.99.39","tcga_pan_cancer","simpls","classification","accuracy",135,0.937666666666667,10,123,"ordinary_fast",32,5
"0.99.39","tcga_pan_cancer","simpls","classification","accuracy",136,0.937,10,123,"ordinary_fast",32,5
"0.99.39","tcga_pan_cancer","simpls","classification","accuracy",137,0.937,10,123,"ordinary_fast",32,5
"0.99.39","tcga_pan_cancer","simpls","classification","accuracy",138,0.937,10,123,"ordinary_fast",32,5
"0.99.39","tcga_pan_cancer","simpls","classification","accuracy",139,0.936666666666667,10,123,"ordinary_fast",32,5
"0.99.39","tcga_pan_cancer","simpls","classification","accuracy",140,0.936333333333333,10,123,"ordinary_fast",32,5
"0.99.39","tcga_pan_cancer","simpls","classification","accuracy",141,0.936666666666667,10,123,"ordinary_fast",32,5
"0.99.39","tcga_pan_cancer","simpls","classification","accuracy",142,0.936333333333333,10,123,"ordinary_fast",32,5
"0.99.39","tcga_pan_cancer","simpls","classification","accuracy",143,0.936333333333333,10,123,"ordinary_fast",32,5
"0.99.39","tcga_pan_cancer","simpls","classification","accuracy",144,0.936,10,123,"ordinary_fast",32,5
"0.99.39","tcga_pan_cancer","simpls","classification","accuracy",145,0.936,10,123,"ordinary_fast",32,5
"0.99.39","tcga_pan_cancer","simpls","classification","accuracy",146,0.936333333333333,10,123,"ordinary_fast",32,5
"0.99.39","tcga_pan_cancer","simpls","classification","accuracy",147,0.936,10,123,"ordinary_fast",32,5
"0.99.39","tcga_pan_cancer","simpls","classification","accuracy",148,0.936,10,123,"ordinary_fast",32,5
"0.99.39","tcga_pan_cancer","simpls","classification","accuracy",149,0.936666666666667,10,123,"ordinary_fast",32,5
"0.99.39","tcga_pan_cancer","simpls","classification","accuracy",150,0.937,10,123,"ordinary_fast",32,5
"0.99.39","tcga_pan_cancer","simpls","classification","accuracy",151,0.937666666666667,10,123,"ordinary_fast",32,5
"0.99.39","tcga_pan_cancer","simpls","classification","accuracy",152,0.937,10,123,"ordinary_fast",32,5
"0.99.39","tcga_pan_cancer","simpls","classification","accuracy",153,0.937666666666667,10,123,"ordinary_fast",32,5
"0.99.39","tcga_pan_cancer","simpls","classification","accuracy",154,0.937666666666667,10,123,"ordinary_fast",32,5
"0.99.39","tcga_pan_cancer","simpls","classification","accuracy",155,0.938,10,123,"ordinary_fast",32,5
"0.99.39","tcga_pan_cancer","simpls","classification","accuracy",156,0.938,10,123,"ordinary_fast",32,5
"0.99.39","tcga_pan_cancer","simpls","classification","accuracy",157,0.937,10,123,"ordinary_fast",32,5
"0.99.39","tcga_pan_cancer","simpls","classification","accuracy",158,0.937666666666667,10,123,"ordinary_fast",32,5
"0.99.39","tcga_pan_cancer","simpls","classification","accuracy",159,0.938,10,123,"ordinary_fast",32,5
"0.99.39","tcga_pan_cancer","simpls","classification","accuracy",160,0.938333333333333,10,123,"ordinary_fast",32,5
"0.99.39","tcga_pan_cancer","simpls","classification","accuracy",161,0.937333333333333,10,123,"ordinary_fast",32,5
"0.99.39","tcga_pan_cancer","simpls","classification","accuracy",162,0.938,10,123,"ordinary_fast",32,5
"0.99.39","tcga_pan_cancer","simpls","classification","accuracy",163,0.937666666666667,10,123,"ordinary_fast",32,5
"0.99.39","tcga_pan_cancer","simpls","classification","accuracy",164,0.937666666666667,10,123,"ordinary_fast",32,5
"0.99.39","tcga_pan_cancer","simpls","classification","accuracy",165,0.937666666666667,10,123,"ordinary_fast",32,5
"0.99.39","tcga_pan_cancer","simpls","classification","accuracy",166,0.938333333333333,10,123,"ordinary_fast",32,5
"0.99.39","tcga_pan_cancer","simpls","classification","accuracy",167,0.938333333333333,10,123,"ordinary_fast",32,5
"0.99.39","tcga_pan_cancer","simpls","classification","accuracy",168,0.938333333333333,10,123,"ordinary_fast",32,5
"0.99.39","tcga_pan_cancer","simpls","classification","accuracy",169,0.937333333333333,10,123,"ordinary_fast",32,5
"0.99.39","tcga_pan_cancer","simpls","classification","accuracy",170,0.938,10,123,"ordinary_fast",32,5
"0.99.39","tcga_pan_cancer","simpls","classification","accuracy",171,0.938,10,123,"ordinary_fast",32,5
"0.99.39","tcga_pan_cancer","simpls","classification","accuracy",172,0.938,10,123,"ordinary_fast",32,5
"0.99.39","tcga_pan_cancer","simpls","classification","accuracy",173,0.937666666666667,10,123,"ordinary_fast",32,5
"0.99.39","tcga_pan_cancer","simpls","classification","accuracy",174,0.937666666666667,10,123,"ordinary_fast",32,5
"0.99.39","tcga_pan_cancer","simpls","classification","accuracy",175,0.937666666666667,10,123,"ordinary_fast",32,5
"0.99.39","tcga_pan_cancer","simpls","classification","accuracy",176,0.938,10,123,"ordinary_fast",32,5
"0.99.39","tcga_pan_cancer","simpls","classification","accuracy",177,0.938,10,123,"ordinary_fast",32,5
"0.99.39","tcga_pan_cancer","simpls","classification","accuracy",178,0.938333333333333,10,123,"ordinary_fast",32,5
"0.99.39","tcga_pan_cancer","simpls","classification","accuracy",179,0.938333333333333,10,123,"ordinary_fast",32,5
"0.99.39","tcga_pan_cancer","simpls","classification","accuracy",180,0.938333333333333,10,123,"ordinary_fast",32,5
"0.99.39","tcga_pan_cancer","simpls","classification","accuracy",181,0.938333333333333,10,123,"ordinary_fast",32,5
"0.99.39","tcga_pan_cancer","simpls","classification","accuracy",182,0.938333333333333,10,123,"ordinary_fast",32,5
"0.99.39","tcga_pan_cancer","simpls","classification","accuracy",183,0.938666666666667,10,123,"ordinary_fast",32,5
"0.99.39","tcga_pan_cancer","simpls","classification","accuracy",184,0.939,10,123,"ordinary_fast",32,5
"0.99.39","tcga_pan_cancer","simpls","classification","accuracy",185,0.939333333333333,10,123,"ordinary_fast",32,5
"0.99.39","tcga_pan_cancer","simpls","classification","accuracy",186,0.938666666666667,10,123,"ordinary_fast",32,5
"0.99.39","tcga_pan_cancer","simpls","classification","accuracy",187,0.939333333333333,10,123,"ordinary_fast",32,5
"0.99.39","tcga_pan_cancer","simpls","classification","accuracy",188,0.938666666666667,10,123,"ordinary_fast",32,5
"0.99.39","tcga_pan_cancer","simpls","classification","accuracy",189,0.938,10,123,"ordinary_fast",32,5
"0.99.39","tcga_pan_cancer","simpls","classification","accuracy",190,0.937666666666667,10,123,"ordinary_fast",32,5
"0.99.39","tcga_pan_cancer","simpls","classification","accuracy",191,0.938333333333333,10,123,"ordinary_fast",32,5
"0.99.39","tcga_pan_cancer","simpls","classification","accuracy",192,0.938,10,123,"ordinary_fast",32,5
"0.99.39","tcga_pan_cancer","simpls","classification","accuracy",193,0.938,10,123,"ordinary_fast",32,5
"0.99.39","tcga_pan_cancer","simpls","classification","accuracy",194,0.938333333333333,10,123,"ordinary_fast",32,5
"0.99.39","tcga_pan_cancer","simpls","classification","accuracy",195,0.938666666666667,10,123,"ordinary_fast",32,5
"0.99.39","tcga_pan_cancer","simpls","classification","accuracy",196,0.938666666666667,10,123,"ordinary_fast",32,5
"0.99.39","tcga_pan_cancer","simpls","classification","accuracy",197,0.938666666666667,10,123,"ordinary_fast",32,5
"0.99.39","tcga_pan_cancer","simpls","classification","accuracy",198,0.939,10,123,"ordinary_fast",32,5
"0.99.39","tcga_pan_cancer","simpls","classification","accuracy",199,0.938666666666667,10,123,"ordinary_fast",32,5
"0.99.39","tcga_pan_cancer","simpls","classification","accuracy",200,0.938333333333333,10,123,"ordinary_fast",32,5
"0.99.39","tcga_pan_cancer","opls","classification","accuracy",1,0.159333333333333,10,123,"ordinary_fast",32,5
"0.99.39","tcga_pan_cancer","opls","classification","accuracy",2,0.219666666666667,10,123,"ordinary_fast",32,5
"0.99.39","tcga_pan_cancer","opls","classification","accuracy",3,0.243333333333333,10,123,"ordinary_fast",32,5
"0.99.39","tcga_pan_cancer","opls","classification","accuracy",4,0.339333333333333,10,123,"ordinary_fast",32,5
"0.99.39","tcga_pan_cancer","opls","classification","accuracy",5,0.384333333333333,10,123,"ordinary_fast",32,5
"0.99.39","tcga_pan_cancer","opls","classification","accuracy",6,0.404,10,123,"ordinary_fast",32,5
"0.99.39","tcga_pan_cancer","opls","classification","accuracy",7,0.464666666666667,10,123,"ordinary_fast",32,5
"0.99.39","tcga_pan_cancer","opls","classification","accuracy",8,0.544,10,123,"ordinary_fast",32,5
"0.99.39","tcga_pan_cancer","opls","classification","accuracy",9,0.580333333333333,10,123,"ordinary_fast",32,5
"0.99.39","tcga_pan_cancer","opls","classification","accuracy",10,0.634666666666667,10,123,"ordinary_fast",32,5
"0.99.39","tcga_pan_cancer","opls","classification","accuracy",11,0.656333333333333,10,123,"ordinary_fast",32,5
"0.99.39","tcga_pan_cancer","opls","classification","accuracy",12,0.680666666666667,10,123,"ordinary_fast",32,5
"0.99.39","tcga_pan_cancer","opls","classification","accuracy",13,0.702666666666667,10,123,"ordinary_fast",32,5
"0.99.39","tcga_pan_cancer","opls","classification","accuracy",14,0.718333333333333,10,123,"ordinary_fast",32,5
"0.99.39","tcga_pan_cancer","opls","classification","accuracy",15,0.735,10,123,"ordinary_fast",32,5
"0.99.39","tcga_pan_cancer","opls","classification","accuracy",16,0.765,10,123,"ordinary_fast",32,5
"0.99.39","tcga_pan_cancer","opls","classification","accuracy",17,0.776666666666667,10,123,"ordinary_fast",32,5
"0.99.39","tcga_pan_cancer","opls","classification","accuracy",18,0.79,10,123,"ordinary_fast",32,5
"0.99.39","tcga_pan_cancer","opls","classification","accuracy",19,0.795666666666667,10,123,"ordinary_fast",32,5
"0.99.39","tcga_pan_cancer","opls","classification","accuracy",20,0.810333333333333,10,123,"ordinary_fast",32,5
"0.99.39","tcga_pan_cancer","opls","classification","accuracy",21,0.821333333333333,10,123,"ordinary_fast",32,5
"0.99.39","tcga_pan_cancer","opls","classification","accuracy",22,0.832666666666667,10,123,"ordinary_fast",32,5
"0.99.39","tcga_pan_cancer","opls","classification","accuracy",23,0.843,10,123,"ordinary_fast",32,5
"0.99.39","tcga_pan_cancer","opls","classification","accuracy",24,0.858333333333333,10,123,"ordinary_fast",32,5
"0.99.39","tcga_pan_cancer","opls","classification","accuracy",25,0.873,10,123,"ordinary_fast",32,5
"0.99.39","tcga_pan_cancer","opls","classification","accuracy",26,0.879,10,123,"ordinary_fast",32,5
"0.99.39","tcga_pan_cancer","opls","classification","accuracy",27,0.883,10,123,"ordinary_fast",32,5
"0.99.39","tcga_pan_cancer","opls","classification","accuracy",28,0.885333333333333,10,123,"ordinary_fast",32,5
"0.99.39","tcga_pan_cancer","opls","classification","accuracy",29,0.887666666666667,10,123,"ordinary_fast",32,5
"0.99.39","tcga_pan_cancer","opls","classification","accuracy",30,0.89,10,123,"ordinary_fast",32,5
"0.99.39","tcga_pan_cancer","opls","classification","accuracy",31,0.893,10,123,"ordinary_fast",32,5
"0.99.39","tcga_pan_cancer","opls","classification","accuracy",32,0.894,10,123,"ordinary_fast",32,5
"0.99.39","tcga_pan_cancer","opls","classification","accuracy",33,0.896666666666667,10,123,"ordinary_fast",32,5
"0.99.39","tcga_pan_cancer","opls","classification","accuracy",34,0.901,10,123,"ordinary_fast",32,5
"0.99.39","tcga_pan_cancer","opls","classification","accuracy",35,0.904,10,123,"ordinary_fast",32,5
"0.99.39","tcga_pan_cancer","opls","classification","accuracy",36,0.909333333333333,10,123,"ordinary_fast",32,5
"0.99.39","tcga_pan_cancer","opls","classification","accuracy",37,0.908666666666667,10,123,"ordinary_fast",32,5
"0.99.39","tcga_pan_cancer","opls","classification","accuracy",38,0.910666666666667,10,123,"ordinary_fast",32,5
"0.99.39","tcga_pan_cancer","opls","classification","accuracy",39,0.912333333333333,10,123,"ordinary_fast",32,5
"0.99.39","tcga_pan_cancer","opls","classification","accuracy",40,0.914666666666667,10,123,"ordinary_fast",32,5
"0.99.39","tcga_pan_cancer","opls","classification","accuracy",41,0.914333333333333,10,123,"ordinary_fast",32,5
"0.99.39","tcga_pan_cancer","opls","classification","accuracy",42,0.914666666666667,10,123,"ordinary_fast",32,5
"0.99.39","tcga_pan_cancer","opls","classification","accuracy",43,0.914,10,123,"ordinary_fast",32,5
"0.99.39","tcga_pan_cancer","opls","classification","accuracy",44,0.916,10,123,"ordinary_fast",32,5
"0.99.39","tcga_pan_cancer","opls","classification","accuracy",45,0.915333333333333,10,123,"ordinary_fast",32,5
"0.99.39","tcga_pan_cancer","opls","classification","accuracy",46,0.916333333333333,10,123,"ordinary_fast",32,5
"0.99.39","tcga_pan_cancer","opls","classification","accuracy",47,0.917333333333333,10,123,"ordinary_fast",32,5
"0.99.39","tcga_pan_cancer","opls","classification","accuracy",48,0.918666666666667,10,123,"ordinary_fast",32,5
"0.99.39","tcga_pan_cancer","opls","classification","accuracy",49,0.919,10,123,"ordinary_fast",32,5
"0.99.39","tcga_pan_cancer","opls","classification","accuracy",50,0.918666666666667,10,123,"ordinary_fast",32,5
"0.99.39","tcga_pan_cancer","opls","classification","accuracy",51,0.919333333333333,10,123,"ordinary_fast",32,5
"0.99.39","tcga_pan_cancer","opls","classification","accuracy",52,0.92,10,123,"ordinary_fast",32,5
"0.99.39","tcga_pan_cancer","opls","classification","accuracy",53,0.92,10,123,"ordinary_fast",32,5
"0.99.39","tcga_pan_cancer","opls","classification","accuracy",54,0.921666666666667,10,123,"ordinary_fast",32,5
"0.99.39","tcga_pan_cancer","opls","classification","accuracy",55,0.921666666666667,10,123,"ordinary_fast",32,5
"0.99.39","tcga_pan_cancer","opls","classification","accuracy",56,0.921333333333333,10,123,"ordinary_fast",32,5
"0.99.39","tcga_pan_cancer","opls","classification","accuracy",57,0.922,10,123,"ordinary_fast",32,5
"0.99.39","tcga_pan_cancer","opls","classification","accuracy",58,0.923,10,123,"ordinary_fast",32,5
"0.99.39","tcga_pan_cancer","opls","classification","accuracy",59,0.924,10,123,"ordinary_fast",32,5
"0.99.39","tcga_pan_cancer","opls","classification","accuracy",60,0.925666666666667,10,123,"ordinary_fast",32,5
"0.99.39","tcga_pan_cancer","opls","classification","accuracy",61,0.925666666666667,10,123,"ordinary_fast",32,5
"0.99.39","tcga_pan_cancer","opls","classification","accuracy",62,0.925,10,123,"ordinary_fast",32,5
"0.99.39","tcga_pan_cancer","opls","classification","accuracy",63,0.924333333333333,10,123,"ordinary_fast",32,5
"0.99.39","tcga_pan_cancer","opls","classification","accuracy",64,0.925,10,123,"ordinary_fast",32,5
"0.99.39","tcga_pan_cancer","opls","classification","accuracy",65,0.925,10,123,"ordinary_fast",32,5
"0.99.39","tcga_pan_cancer","opls","classification","accuracy",66,0.925,10,123,"ordinary_fast",32,5
"0.99.39","tcga_pan_cancer","opls","classification","accuracy",67,0.925,10,123,"ordinary_fast",32,5
"0.99.39","tcga_pan_cancer","opls","classification","accuracy",68,0.924,10,123,"ordinary_fast",32,5
"0.99.39","tcga_pan_cancer","opls","classification","accuracy",69,0.924333333333333,10,123,"ordinary_fast",32,5
"0.99.39","tcga_pan_cancer","opls","classification","accuracy",70,0.926,10,123,"ordinary_fast",32,5
"0.99.39","tcga_pan_cancer","opls","classification","accuracy",71,0.927666666666667,10,123,"ordinary_fast",32,5
"0.99.39","tcga_pan_cancer","opls","classification","accuracy",72,0.927333333333333,10,123,"ordinary_fast",32,5
"0.99.39","tcga_pan_cancer","opls","classification","accuracy",73,0.926333333333333,10,123,"ordinary_fast",32,5
"0.99.39","tcga_pan_cancer","opls","classification","accuracy",74,0.928333333333333,10,123,"ordinary_fast",32,5
"0.99.39","tcga_pan_cancer","opls","classification","accuracy",75,0.929333333333333,10,123,"ordinary_fast",32,5
"0.99.39","tcga_pan_cancer","opls","classification","accuracy",76,0.929333333333333,10,123,"ordinary_fast",32,5
"0.99.39","tcga_pan_cancer","opls","classification","accuracy",77,0.929333333333333,10,123,"ordinary_fast",32,5
"0.99.39","tcga_pan_cancer","opls","classification","accuracy",78,0.929,10,123,"ordinary_fast",32,5
"0.99.39","tcga_pan_cancer","opls","classification","accuracy",79,0.930333333333333,10,123,"ordinary_fast",32,5
"0.99.39","tcga_pan_cancer","opls","classification","accuracy",80,0.930666666666667,10,123,"ordinary_fast",32,5
"0.99.39","tcga_pan_cancer","opls","classification","accuracy",81,0.931666666666667,10,123,"ordinary_fast",32,5
"0.99.39","tcga_pan_cancer","opls","classification","accuracy",82,0.931,10,123,"ordinary_fast",32,5
"0.99.39","tcga_pan_cancer","opls","classification","accuracy",83,0.931,10,123,"ordinary_fast",32,5
"0.99.39","tcga_pan_cancer","opls","classification","accuracy",84,0.930333333333333,10,123,"ordinary_fast",32,5
"0.99.39","tcga_pan_cancer","opls","classification","accuracy",85,0.931,10,123,"ordinary_fast",32,5
"0.99.39","tcga_pan_cancer","opls","classification","accuracy",86,0.932,10,123,"ordinary_fast",32,5
"0.99.39","tcga_pan_cancer","opls","classification","accuracy",87,0.932333333333333,10,123,"ordinary_fast",32,5
"0.99.39","tcga_pan_cancer","opls","classification","accuracy",88,0.931666666666667,10,123,"ordinary_fast",32,5
"0.99.39","tcga_pan_cancer","opls","classification","accuracy",89,0.932,10,123,"ordinary_fast",32,5
"0.99.39","tcga_pan_cancer","opls","classification","accuracy",90,0.932333333333333,10,123,"ordinary_fast",32,5
"0.99.39","tcga_pan_cancer","opls","classification","accuracy",91,0.932333333333333,10,123,"ordinary_fast",32,5
"0.99.39","tcga_pan_cancer","opls","classification","accuracy",92,0.932666666666667,10,123,"ordinary_fast",32,5
"0.99.39","tcga_pan_cancer","opls","classification","accuracy",93,0.933333333333333,10,123,"ordinary_fast",32,5
"0.99.39","tcga_pan_cancer","opls","classification","accuracy",94,0.933333333333333,10,123,"ordinary_fast",32,5
"0.99.39","tcga_pan_cancer","opls","classification","accuracy",95,0.933333333333333,10,123,"ordinary_fast",32,5
"0.99.39","tcga_pan_cancer","opls","classification","accuracy",96,0.934,10,123,"ordinary_fast",32,5
"0.99.39","tcga_pan_cancer","opls","classification","accuracy",97,0.933333333333333,10,123,"ordinary_fast",32,5
"0.99.39","tcga_pan_cancer","opls","classification","accuracy",98,0.934,10,123,"ordinary_fast",32,5
"0.99.39","tcga_pan_cancer","opls","classification","accuracy",99,0.935,10,123,"ordinary_fast",32,5
"0.99.39","tcga_pan_cancer","opls","classification","accuracy",100,0.934666666666667,10,123,"ordinary_fast",32,5
"0.99.39","tcga_pan_cancer","opls","classification","accuracy",101,0.935,10,123,"ordinary_fast",32,5
"0.99.39","tcga_pan_cancer","opls","classification","accuracy",102,0.935333333333333,10,123,"ordinary_fast",32,5
"0.99.39","tcga_pan_cancer","opls","classification","accuracy",103,0.935333333333333,10,123,"ordinary_fast",32,5
"0.99.39","tcga_pan_cancer","opls","classification","accuracy",104,0.935,10,123,"ordinary_fast",32,5
"0.99.39","tcga_pan_cancer","opls","classification","accuracy",105,0.936,10,123,"ordinary_fast",32,5
"0.99.39","tcga_pan_cancer","opls","classification","accuracy",106,0.935333333333333,10,123,"ordinary_fast",32,5
"0.99.39","tcga_pan_cancer","opls","classification","accuracy",107,0.935333333333333,10,123,"ordinary_fast",32,5
"0.99.39","tcga_pan_cancer","opls","classification","accuracy",108,0.936,10,123,"ordinary_fast",32,5
"0.99.39","tcga_pan_cancer","opls","classification","accuracy",109,0.935666666666667,10,123,"ordinary_fast",32,5
"0.99.39","tcga_pan_cancer","opls","classification","accuracy",110,0.935333333333333,10,123,"ordinary_fast",32,5
"0.99.39","tcga_pan_cancer","opls","classification","accuracy",111,0.935,10,123,"ordinary_fast",32,5
"0.99.39","tcga_pan_cancer","opls","classification","accuracy",112,0.935,10,123,"ordinary_fast",32,5
"0.99.39","tcga_pan_cancer","opls","classification","accuracy",113,0.935,10,123,"ordinary_fast",32,5
"0.99.39","tcga_pan_cancer","opls","classification","accuracy",114,0.935333333333333,10,123,"ordinary_fast",32,5
"0.99.39","tcga_pan_cancer","opls","classification","accuracy",115,0.936333333333333,10,123,"ordinary_fast",32,5
"0.99.39","tcga_pan_cancer","opls","classification","accuracy",116,0.936,10,123,"ordinary_fast",32,5
"0.99.39","tcga_pan_cancer","opls","classification","accuracy",117,0.936666666666667,10,123,"ordinary_fast",32,5
"0.99.39","tcga_pan_cancer","opls","classification","accuracy",118,0.937,10,123,"ordinary_fast",32,5
"0.99.39","tcga_pan_cancer","opls","classification","accuracy",119,0.936666666666667,10,123,"ordinary_fast",32,5
"0.99.39","tcga_pan_cancer","opls","classification","accuracy",120,0.936666666666667,10,123,"ordinary_fast",32,5
"0.99.39","tcga_pan_cancer","opls","classification","accuracy",121,0.936666666666667,10,123,"ordinary_fast",32,5
"0.99.39","tcga_pan_cancer","opls","classification","accuracy",122,0.937,10,123,"ordinary_fast",32,5
"0.99.39","tcga_pan_cancer","opls","classification","accuracy",123,0.935666666666667,10,123,"ordinary_fast",32,5
"0.99.39","tcga_pan_cancer","opls","classification","accuracy",124,0.935333333333333,10,123,"ordinary_fast",32,5
"0.99.39","tcga_pan_cancer","opls","classification","accuracy",125,0.936,10,123,"ordinary_fast",32,5
"0.99.39","tcga_pan_cancer","opls","classification","accuracy",126,0.936333333333333,10,123,"ordinary_fast",32,5
"0.99.39","tcga_pan_cancer","opls","classification","accuracy",127,0.936333333333333,10,123,"ordinary_fast",32,5
"0.99.39","tcga_pan_cancer","opls","classification","accuracy",128,0.936,10,123,"ordinary_fast",32,5
"0.99.39","tcga_pan_cancer","opls","classification","accuracy",129,0.936,10,123,"ordinary_fast",32,5
"0.99.39","tcga_pan_cancer","opls","classification","accuracy",130,0.935333333333333,10,123,"ordinary_fast",32,5
"0.99.39","tcga_pan_cancer","opls","classification","accuracy",131,0.935333333333333,10,123,"ordinary_fast",32,5
"0.99.39","tcga_pan_cancer","opls","classification","accuracy",132,0.935666666666667,10,123,"ordinary_fast",32,5
"0.99.39","tcga_pan_cancer","opls","classification","accuracy",133,0.935666666666667,10,123,"ordinary_fast",32,5
"0.99.39","tcga_pan_cancer","opls","classification","accuracy",134,0.935666666666667,10,123,"ordinary_fast",32,5
"0.99.39","tcga_pan_cancer","opls","classification","accuracy",135,0.936,10,123,"ordinary_fast",32,5
"0.99.39","tcga_pan_cancer","opls","classification","accuracy",136,0.936,10,123,"ordinary_fast",32,5
"0.99.39","tcga_pan_cancer","opls","classification","accuracy",137,0.936,10,123,"ordinary_fast",32,5
"0.99.39","tcga_pan_cancer","opls","classification","accuracy",138,0.936,10,123,"ordinary_fast",32,5
"0.99.39","tcga_pan_cancer","opls","classification","accuracy",139,0.935333333333333,10,123,"ordinary_fast",32,5
"0.99.39","tcga_pan_cancer","opls","classification","accuracy",140,0.936,10,123,"ordinary_fast",32,5
"0.99.39","tcga_pan_cancer","opls","classification","accuracy",141,0.936333333333333,10,123,"ordinary_fast",32,5
"0.99.39","tcga_pan_cancer","opls","classification","accuracy",142,0.937,10,123,"ordinary_fast",32,5
"0.99.39","tcga_pan_cancer","opls","classification","accuracy",143,0.936666666666667,10,123,"ordinary_fast",32,5
"0.99.39","tcga_pan_cancer","opls","classification","accuracy",144,0.936666666666667,10,123,"ordinary_fast",32,5
"0.99.39","tcga_pan_cancer","opls","classification","accuracy",145,0.936666666666667,10,123,"ordinary_fast",32,5
"0.99.39","tcga_pan_cancer","opls","classification","accuracy",146,0.937,10,123,"ordinary_fast",32,5
"0.99.39","tcga_pan_cancer","opls","classification","accuracy",147,0.936666666666667,10,123,"ordinary_fast",32,5
"0.99.39","tcga_pan_cancer","opls","classification","accuracy",148,0.937,10,123,"ordinary_fast",32,5
"0.99.39","tcga_pan_cancer","opls","classification","accuracy",149,0.937666666666667,10,123,"ordinary_fast",32,5
"0.99.39","tcga_pan_cancer","opls","classification","accuracy",150,0.938,10,123,"ordinary_fast",32,5
"0.99.39","tcga_pan_cancer","opls","classification","accuracy",151,0.937333333333333,10,123,"ordinary_fast",32,5
"0.99.39","tcga_pan_cancer","opls","classification","accuracy",152,0.937333333333333,10,123,"ordinary_fast",32,5
"0.99.39","tcga_pan_cancer","opls","classification","accuracy",153,0.937333333333333,10,123,"ordinary_fast",32,5
"0.99.39","tcga_pan_cancer","opls","classification","accuracy",154,0.938,10,123,"ordinary_fast",32,5
"0.99.39","tcga_pan_cancer","opls","classification","accuracy",155,0.938333333333333,10,123,"ordinary_fast",32,5
"0.99.39","tcga_pan_cancer","opls","classification","accuracy",156,0.938,10,123,"ordinary_fast",32,5
"0.99.39","tcga_pan_cancer","opls","classification","accuracy",157,0.937333333333333,10,123,"ordinary_fast",32,5
"0.99.39","tcga_pan_cancer","opls","classification","accuracy",158,0.937666666666667,10,123,"ordinary_fast",32,5
"0.99.39","tcga_pan_cancer","opls","classification","accuracy",159,0.937333333333333,10,123,"ordinary_fast",32,5
"0.99.39","tcga_pan_cancer","opls","classification","accuracy",160,0.937333333333333,10,123,"ordinary_fast",32,5
"0.99.39","tcga_pan_cancer","opls","classification","accuracy",161,0.937333333333333,10,123,"ordinary_fast",32,5
"0.99.39","tcga_pan_cancer","opls","classification","accuracy",162,0.937333333333333,10,123,"ordinary_fast",32,5
"0.99.39","tcga_pan_cancer","opls","classification","accuracy",163,0.937333333333333,10,123,"ordinary_fast",32,5
"0.99.39","tcga_pan_cancer","opls","classification","accuracy",164,0.937666666666667,10,123,"ordinary_fast",32,5
"0.99.39","tcga_pan_cancer","opls","classification","accuracy",165,0.938,10,123,"ordinary_fast",32,5
"0.99.39","tcga_pan_cancer","opls","classification","accuracy",166,0.937333333333333,10,123,"ordinary_fast",32,5
"0.99.39","tcga_pan_cancer","opls","classification","accuracy",167,0.937,10,123,"ordinary_fast",32,5
"0.99.39","tcga_pan_cancer","opls","classification","accuracy",168,0.936333333333333,10,123,"ordinary_fast",32,5
"0.99.39","tcga_pan_cancer","opls","classification","accuracy",169,0.937333333333333,10,123,"ordinary_fast",32,5
"0.99.39","tcga_pan_cancer","opls","classification","accuracy",170,0.937333333333333,10,123,"ordinary_fast",32,5
"0.99.39","tcga_pan_cancer","opls","classification","accuracy",171,0.937,10,123,"ordinary_fast",32,5
"0.99.39","tcga_pan_cancer","opls","classification","accuracy",172,0.937333333333333,10,123,"ordinary_fast",32,5
"0.99.39","tcga_pan_cancer","opls","classification","accuracy",173,0.937333333333333,10,123,"ordinary_fast",32,5
"0.99.39","tcga_pan_cancer","opls","classification","accuracy",174,0.938333333333333,10,123,"ordinary_fast",32,5
"0.99.39","tcga_pan_cancer","opls","classification","accuracy",175,0.938,10,123,"ordinary_fast",32,5
"0.99.39","tcga_pan_cancer","opls","classification","accuracy",176,0.938666666666667,10,123,"ordinary_fast",32,5
"0.99.39","tcga_pan_cancer","opls","classification","accuracy",177,0.938333333333333,10,123,"ordinary_fast",32,5
"0.99.39","tcga_pan_cancer","opls","classification","accuracy",178,0.939,10,123,"ordinary_fast",32,5
"0.99.39","tcga_pan_cancer","opls","classification","accuracy",179,0.939,10,123,"ordinary_fast",32,5
"0.99.39","tcga_pan_cancer","opls","classification","accuracy",180,0.938666666666667,10,123,"ordinary_fast",32,5
"0.99.39","tcga_pan_cancer","opls","classification","accuracy",181,0.939,10,123,"ordinary_fast",32,5
"0.99.39","tcga_pan_cancer","opls","classification","accuracy",182,0.939333333333333,10,123,"ordinary_fast",32,5
"0.99.39","tcga_pan_cancer","opls","classification","accuracy",183,0.939,10,123,"ordinary_fast",32,5
"0.99.39","tcga_pan_cancer","opls","classification","accuracy",184,0.939,10,123,"ordinary_fast",32,5
"0.99.39","tcga_pan_cancer","opls","classification","accuracy",185,0.939,10,123,"ordinary_fast",32,5
"0.99.39","tcga_pan_cancer","opls","classification","accuracy",186,0.939333333333333,10,123,"ordinary_fast",32,5
"0.99.39","tcga_pan_cancer","opls","classification","accuracy",187,0.938,10,123,"ordinary_fast",32,5
"0.99.39","tcga_pan_cancer","opls","classification","accuracy",188,0.937333333333333,10,123,"ordinary_fast",32,5
"0.99.39","tcga_pan_cancer","opls","classification","accuracy",189,0.937333333333333,10,123,"ordinary_fast",32,5
"0.99.39","tcga_pan_cancer","opls","classification","accuracy",190,0.937333333333333,10,123,"ordinary_fast",32,5
"0.99.39","tcga_pan_cancer","opls","classification","accuracy",191,0.937333333333333,10,123,"ordinary_fast",32,5
"0.99.39","tcga_pan_cancer","opls","classification","accuracy",192,0.937333333333333,10,123,"ordinary_fast",32,5
"0.99.39","tcga_pan_cancer","opls","classification","accuracy",193,0.937333333333333,10,123,"ordinary_fast",32,5
"0.99.39","tcga_pan_cancer","opls","classification","accuracy",194,0.937333333333333,10,123,"ordinary_fast",32,5
"0.99.39","tcga_pan_cancer","opls","classification","accuracy",195,0.937,10,123,"ordinary_fast",32,5
"0.99.39","tcga_pan_cancer","opls","classification","accuracy",196,0.937333333333333,10,123,"ordinary_fast",32,5
"0.99.39","tcga_pan_cancer","opls","classification","accuracy",197,0.937666666666667,10,123,"ordinary_fast",32,5
"0.99.39","tcga_pan_cancer","opls","classification","accuracy",198,0.937333333333333,10,123,"ordinary_fast",32,5
"0.99.39","tcga_pan_cancer","opls","classification","accuracy",199,0.937333333333333,10,123,"ordinary_fast",32,5
"0.99.39","tcga_pan_cancer","opls","classification","accuracy",200,0.937666666666667,10,123,"ordinary_fast",32,5
"0.99.39","tcga_pan_cancer","kernelpls","classification","accuracy",1,0.206,10,123,"ordinary_fast",32,5
"0.99.39","tcga_pan_cancer","kernelpls","classification","accuracy",2,0.243,10,123,"ordinary_fast",32,5
"0.99.39","tcga_pan_cancer","kernelpls","classification","accuracy",3,0.246333333333333,10,123,"ordinary_fast",32,5
"0.99.39","tcga_pan_cancer","kernelpls","classification","accuracy",4,0.367666666666667,10,123,"ordinary_fast",32,5
"0.99.39","tcga_pan_cancer","kernelpls","classification","accuracy",5,0.438666666666667,10,123,"ordinary_fast",32,5
"0.99.39","tcga_pan_cancer","kernelpls","classification","accuracy",6,0.452,10,123,"ordinary_fast",32,5
"0.99.39","tcga_pan_cancer","kernelpls","classification","accuracy",7,0.453333333333333,10,123,"ordinary_fast",32,5
"0.99.39","tcga_pan_cancer","kernelpls","classification","accuracy",8,0.540333333333333,10,123,"ordinary_fast",32,5
"0.99.39","tcga_pan_cancer","kernelpls","classification","accuracy",9,0.568666666666667,10,123,"ordinary_fast",32,5
"0.99.39","tcga_pan_cancer","kernelpls","classification","accuracy",10,0.603333333333333,10,123,"ordinary_fast",32,5
"0.99.39","tcga_pan_cancer","kernelpls","classification","accuracy",11,0.641666666666667,10,123,"ordinary_fast",32,5
"0.99.39","tcga_pan_cancer","kernelpls","classification","accuracy",12,0.675333333333333,10,123,"ordinary_fast",32,5
"0.99.39","tcga_pan_cancer","kernelpls","classification","accuracy",13,0.703333333333333,10,123,"ordinary_fast",32,5
"0.99.39","tcga_pan_cancer","kernelpls","classification","accuracy",14,0.711333333333333,10,123,"ordinary_fast",32,5
"0.99.39","tcga_pan_cancer","kernelpls","classification","accuracy",15,0.732666666666667,10,123,"ordinary_fast",32,5
"0.99.39","tcga_pan_cancer","kernelpls","classification","accuracy",16,0.74,10,123,"ordinary_fast",32,5
"0.99.39","tcga_pan_cancer","kernelpls","classification","accuracy",17,0.765333333333333,10,123,"ordinary_fast",32,5
"0.99.39","tcga_pan_cancer","kernelpls","classification","accuracy",18,0.783,10,123,"ordinary_fast",32,5
"0.99.39","tcga_pan_cancer","kernelpls","classification","accuracy",19,0.796666666666667,10,123,"ordinary_fast",32,5
"0.99.39","tcga_pan_cancer","kernelpls","classification","accuracy",20,0.806666666666667,10,123,"ordinary_fast",32,5
"0.99.39","tcga_pan_cancer","kernelpls","classification","accuracy",21,0.814666666666667,10,123,"ordinary_fast",32,5
"0.99.39","tcga_pan_cancer","kernelpls","classification","accuracy",22,0.831666666666667,10,123,"ordinary_fast",32,5
"0.99.39","tcga_pan_cancer","kernelpls","classification","accuracy",23,0.836666666666667,10,123,"ordinary_fast",32,5
"0.99.39","tcga_pan_cancer","kernelpls","classification","accuracy",24,0.850666666666667,10,123,"ordinary_fast",32,5
"0.99.39","tcga_pan_cancer","kernelpls","classification","accuracy",25,0.859,10,123,"ordinary_fast",32,5
"0.99.39","tcga_pan_cancer","kernelpls","classification","accuracy",26,0.874,10,123,"ordinary_fast",32,5
"0.99.39","tcga_pan_cancer","kernelpls","classification","accuracy",27,0.881666666666667,10,123,"ordinary_fast",32,5
"0.99.39","tcga_pan_cancer","kernelpls","classification","accuracy",28,0.888,10,123,"ordinary_fast",32,5
"0.99.39","tcga_pan_cancer","kernelpls","classification","accuracy",29,0.891666666666667,10,123,"ordinary_fast",32,5
"0.99.39","tcga_pan_cancer","kernelpls","classification","accuracy",30,0.893333333333333,10,123,"ordinary_fast",32,5
"0.99.39","tcga_pan_cancer","kernelpls","classification","accuracy",31,0.897,10,123,"ordinary_fast",32,5
"0.99.39","tcga_pan_cancer","kernelpls","classification","accuracy",32,0.897666666666667,10,123,"ordinary_fast",32,5
"0.99.39","tcga_pan_cancer","kernelpls","classification","accuracy",33,0.899666666666667,10,123,"ordinary_fast",32,5
"0.99.39","tcga_pan_cancer","kernelpls","classification","accuracy",34,0.901,10,123,"ordinary_fast",32,5
"0.99.39","tcga_pan_cancer","kernelpls","classification","accuracy",35,0.903333333333333,10,123,"ordinary_fast",32,5
"0.99.39","tcga_pan_cancer","kernelpls","classification","accuracy",36,0.907333333333333,10,123,"ordinary_fast",32,5
"0.99.39","tcga_pan_cancer","kernelpls","classification","accuracy",37,0.908666666666667,10,123,"ordinary_fast",32,5
"0.99.39","tcga_pan_cancer","kernelpls","classification","accuracy",38,0.91,10,123,"ordinary_fast",32,5
"0.99.39","tcga_pan_cancer","kernelpls","classification","accuracy",39,0.911666666666667,10,123,"ordinary_fast",32,5
"0.99.39","tcga_pan_cancer","kernelpls","classification","accuracy",40,0.913,10,123,"ordinary_fast",32,5
"0.99.39","tcga_pan_cancer","kernelpls","classification","accuracy",41,0.914666666666667,10,123,"ordinary_fast",32,5
"0.99.39","tcga_pan_cancer","kernelpls","classification","accuracy",42,0.915,10,123,"ordinary_fast",32,5
"0.99.39","tcga_pan_cancer","kernelpls","classification","accuracy",43,0.915666666666667,10,123,"ordinary_fast",32,5
"0.99.39","tcga_pan_cancer","kernelpls","classification","accuracy",44,0.916333333333333,10,123,"ordinary_fast",32,5
"0.99.39","tcga_pan_cancer","kernelpls","classification","accuracy",45,0.917666666666667,10,123,"ordinary_fast",32,5
"0.99.39","tcga_pan_cancer","kernelpls","classification","accuracy",46,0.918333333333333,10,123,"ordinary_fast",32,5
"0.99.39","tcga_pan_cancer","kernelpls","classification","accuracy",47,0.918666666666667,10,123,"ordinary_fast",32,5
"0.99.39","tcga_pan_cancer","kernelpls","classification","accuracy",48,0.919666666666667,10,123,"ordinary_fast",32,5
"0.99.39","tcga_pan_cancer","kernelpls","classification","accuracy",49,0.919666666666667,10,123,"ordinary_fast",32,5
"0.99.39","tcga_pan_cancer","kernelpls","classification","accuracy",50,0.920333333333333,10,123,"ordinary_fast",32,5
"0.99.39","tcga_pan_cancer","kernelpls","classification","accuracy",51,0.920333333333333,10,123,"ordinary_fast",32,5
"0.99.39","tcga_pan_cancer","kernelpls","classification","accuracy",52,0.920333333333333,10,123,"ordinary_fast",32,5
"0.99.39","tcga_pan_cancer","kernelpls","classification","accuracy",53,0.920666666666667,10,123,"ordinary_fast",32,5
"0.99.39","tcga_pan_cancer","kernelpls","classification","accuracy",54,0.921666666666667,10,123,"ordinary_fast",32,5
"0.99.39","tcga_pan_cancer","kernelpls","classification","accuracy",55,0.922333333333333,10,123,"ordinary_fast",32,5
"0.99.39","tcga_pan_cancer","kernelpls","classification","accuracy",56,0.922333333333333,10,123,"ordinary_fast",32,5
"0.99.39","tcga_pan_cancer","kernelpls","classification","accuracy",57,0.923,10,123,"ordinary_fast",32,5
"0.99.39","tcga_pan_cancer","kernelpls","classification","accuracy",58,0.923,10,123,"ordinary_fast",32,5
"0.99.39","tcga_pan_cancer","kernelpls","classification","accuracy",59,0.923,10,123,"ordinary_fast",32,5
"0.99.39","tcga_pan_cancer","kernelpls","classification","accuracy",60,0.924,10,123,"ordinary_fast",32,5
"0.99.39","tcga_pan_cancer","kernelpls","classification","accuracy",61,0.925,10,123,"ordinary_fast",32,5
"0.99.39","tcga_pan_cancer","kernelpls","classification","accuracy",62,0.925333333333333,10,123,"ordinary_fast",32,5
"0.99.39","tcga_pan_cancer","kernelpls","classification","accuracy",63,0.925,10,123,"ordinary_fast",32,5
"0.99.39","tcga_pan_cancer","kernelpls","classification","accuracy",64,0.926333333333333,10,123,"ordinary_fast",32,5
"0.99.39","tcga_pan_cancer","kernelpls","classification","accuracy",65,0.925666666666667,10,123,"ordinary_fast",32,5
"0.99.39","tcga_pan_cancer","kernelpls","classification","accuracy",66,0.926333333333333,10,123,"ordinary_fast",32,5
"0.99.39","tcga_pan_cancer","kernelpls","classification","accuracy",67,0.925666666666667,10,123,"ordinary_fast",32,5
"0.99.39","tcga_pan_cancer","kernelpls","classification","accuracy",68,0.926333333333333,10,123,"ordinary_fast",32,5
"0.99.39","tcga_pan_cancer","kernelpls","classification","accuracy",69,0.927,10,123,"ordinary_fast",32,5
"0.99.39","tcga_pan_cancer","kernelpls","classification","accuracy",70,0.927333333333333,10,123,"ordinary_fast",32,5
"0.99.39","tcga_pan_cancer","kernelpls","classification","accuracy",71,0.927,10,123,"ordinary_fast",32,5
"0.99.39","tcga_pan_cancer","kernelpls","classification","accuracy",72,0.928333333333333,10,123,"ordinary_fast",32,5
"0.99.39","tcga_pan_cancer","kernelpls","classification","accuracy",73,0.928333333333333,10,123,"ordinary_fast",32,5
"0.99.39","tcga_pan_cancer","kernelpls","classification","accuracy",74,0.929,10,123,"ordinary_fast",32,5
"0.99.39","tcga_pan_cancer","kernelpls","classification","accuracy",75,0.928333333333333,10,123,"ordinary_fast",32,5
"0.99.39","tcga_pan_cancer","kernelpls","classification","accuracy",76,0.929,10,123,"ordinary_fast",32,5
"0.99.39","tcga_pan_cancer","kernelpls","classification","accuracy",77,0.930666666666667,10,123,"ordinary_fast",32,5
"0.99.39","tcga_pan_cancer","kernelpls","classification","accuracy",78,0.930666666666667,10,123,"ordinary_fast",32,5
"0.99.39","tcga_pan_cancer","kernelpls","classification","accuracy",79,0.930666666666667,10,123,"ordinary_fast",32,5
"0.99.39","tcga_pan_cancer","kernelpls","classification","accuracy",80,0.931333333333333,10,123,"ordinary_fast",32,5
"0.99.39","tcga_pan_cancer","kernelpls","classification","accuracy",81,0.932333333333333,10,123,"ordinary_fast",32,5
"0.99.39","tcga_pan_cancer","kernelpls","classification","accuracy",82,0.932333333333333,10,123,"ordinary_fast",32,5
"0.99.39","tcga_pan_cancer","kernelpls","classification","accuracy",83,0.932333333333333,10,123,"ordinary_fast",32,5
"0.99.39","tcga_pan_cancer","kernelpls","classification","accuracy",84,0.932,10,123,"ordinary_fast",32,5
"0.99.39","tcga_pan_cancer","kernelpls","classification","accuracy",85,0.931333333333333,10,123,"ordinary_fast",32,5
"0.99.39","tcga_pan_cancer","kernelpls","classification","accuracy",86,0.931666666666667,10,123,"ordinary_fast",32,5
"0.99.39","tcga_pan_cancer","kernelpls","classification","accuracy",87,0.932,10,123,"ordinary_fast",32,5
"0.99.39","tcga_pan_cancer","kernelpls","classification","accuracy",88,0.932666666666667,10,123,"ordinary_fast",32,5
"0.99.39","tcga_pan_cancer","kernelpls","classification","accuracy",89,0.932666666666667,10,123,"ordinary_fast",32,5
"0.99.39","tcga_pan_cancer","kernelpls","classification","accuracy",90,0.933333333333333,10,123,"ordinary_fast",32,5
"0.99.39","tcga_pan_cancer","kernelpls","classification","accuracy",91,0.933333333333333,10,123,"ordinary_fast",32,5
"0.99.39","tcga_pan_cancer","kernelpls","classification","accuracy",92,0.934,10,123,"ordinary_fast",32,5
"0.99.39","tcga_pan_cancer","kernelpls","classification","accuracy",93,0.934,10,123,"ordinary_fast",32,5
"0.99.39","tcga_pan_cancer","kernelpls","classification","accuracy",94,0.934333333333333,10,123,"ordinary_fast",32,5
"0.99.39","tcga_pan_cancer","kernelpls","classification","accuracy",95,0.934666666666667,10,123,"ordinary_fast",32,5
"0.99.39","tcga_pan_cancer","kernelpls","classification","accuracy",96,0.934666666666667,10,123,"ordinary_fast",32,5
"0.99.39","tcga_pan_cancer","kernelpls","classification","accuracy",97,0.934666666666667,10,123,"ordinary_fast",32,5
"0.99.39","tcga_pan_cancer","kernelpls","classification","accuracy",98,0.934666666666667,10,123,"ordinary_fast",32,5
"0.99.39","tcga_pan_cancer","kernelpls","classification","accuracy",99,0.935,10,123,"ordinary_fast",32,5
"0.99.39","tcga_pan_cancer","kernelpls","classification","accuracy",100,0.935,10,123,"ordinary_fast",32,5
"0.99.39","tcga_pan_cancer","kernelpls","classification","accuracy",101,0.935,10,123,"ordinary_fast",32,5
"0.99.39","tcga_pan_cancer","kernelpls","classification","accuracy",102,0.935,10,123,"ordinary_fast",32,5
"0.99.39","tcga_pan_cancer","kernelpls","classification","accuracy",103,0.935333333333333,10,123,"ordinary_fast",32,5
"0.99.39","tcga_pan_cancer","kernelpls","classification","accuracy",104,0.935666666666667,10,123,"ordinary_fast",32,5
"0.99.39","tcga_pan_cancer","kernelpls","classification","accuracy",105,0.935666666666667,10,123,"ordinary_fast",32,5
"0.99.39","tcga_pan_cancer","kernelpls","classification","accuracy",106,0.936,10,123,"ordinary_fast",32,5
"0.99.39","tcga_pan_cancer","kernelpls","classification","accuracy",107,0.935666666666667,10,123,"ordinary_fast",32,5
"0.99.39","tcga_pan_cancer","kernelpls","classification","accuracy",108,0.935666666666667,10,123,"ordinary_fast",32,5
"0.99.39","tcga_pan_cancer","kernelpls","classification","accuracy",109,0.936333333333333,10,123,"ordinary_fast",32,5
"0.99.39","tcga_pan_cancer","kernelpls","classification","accuracy",110,0.936333333333333,10,123,"ordinary_fast",32,5
"0.99.39","tcga_pan_cancer","kernelpls","classification","accuracy",111,0.936,10,123,"ordinary_fast",32,5
"0.99.39","tcga_pan_cancer","kernelpls","classification","accuracy",112,0.935666666666667,10,123,"ordinary_fast",32,5
"0.99.39","tcga_pan_cancer","kernelpls","classification","accuracy",113,0.935333333333333,10,123,"ordinary_fast",32,5
"0.99.39","tcga_pan_cancer","kernelpls","classification","accuracy",114,0.935333333333333,10,123,"ordinary_fast",32,5
"0.99.39","tcga_pan_cancer","kernelpls","classification","accuracy",115,0.935666666666667,10,123,"ordinary_fast",32,5
"0.99.39","tcga_pan_cancer","kernelpls","classification","accuracy",116,0.936333333333333,10,123,"ordinary_fast",32,5
"0.99.39","tcga_pan_cancer","kernelpls","classification","accuracy",117,0.936,10,123,"ordinary_fast",32,5
"0.99.39","tcga_pan_cancer","kernelpls","classification","accuracy",118,0.935666666666667,10,123,"ordinary_fast",32,5
"0.99.39","tcga_pan_cancer","kernelpls","classification","accuracy",119,0.935333333333333,10,123,"ordinary_fast",32,5
"0.99.39","tcga_pan_cancer","kernelpls","classification","accuracy",120,0.935,10,123,"ordinary_fast",32,5
"0.99.39","tcga_pan_cancer","kernelpls","classification","accuracy",121,0.935,10,123,"ordinary_fast",32,5
"0.99.39","tcga_pan_cancer","kernelpls","classification","accuracy",122,0.936,10,123,"ordinary_fast",32,5
"0.99.39","tcga_pan_cancer","kernelpls","classification","accuracy",123,0.936666666666667,10,123,"ordinary_fast",32,5
"0.99.39","tcga_pan_cancer","kernelpls","classification","accuracy",124,0.936666666666667,10,123,"ordinary_fast",32,5
"0.99.39","tcga_pan_cancer","kernelpls","classification","accuracy",125,0.936,10,123,"ordinary_fast",32,5
"0.99.39","tcga_pan_cancer","kernelpls","classification","accuracy",126,0.936333333333333,10,123,"ordinary_fast",32,5
"0.99.39","tcga_pan_cancer","kernelpls","classification","accuracy",127,0.937,10,123,"ordinary_fast",32,5
"0.99.39","tcga_pan_cancer","kernelpls","classification","accuracy",128,0.937333333333333,10,123,"ordinary_fast",32,5
"0.99.39","tcga_pan_cancer","kernelpls","classification","accuracy",129,0.937,10,123,"ordinary_fast",32,5
"0.99.39","tcga_pan_cancer","kernelpls","classification","accuracy",130,0.936666666666667,10,123,"ordinary_fast",32,5
"0.99.39","tcga_pan_cancer","kernelpls","classification","accuracy",131,0.937,10,123,"ordinary_fast",32,5
"0.99.39","tcga_pan_cancer","kernelpls","classification","accuracy",132,0.936666666666667,10,123,"ordinary_fast",32,5
"0.99.39","tcga_pan_cancer","kernelpls","classification","accuracy",133,0.938333333333333,10,123,"ordinary_fast",32,5
"0.99.39","tcga_pan_cancer","kernelpls","classification","accuracy",134,0.937666666666667,10,123,"ordinary_fast",32,5
"0.99.39","tcga_pan_cancer","kernelpls","classification","accuracy",135,0.937666666666667,10,123,"ordinary_fast",32,5
"0.99.39","tcga_pan_cancer","kernelpls","classification","accuracy",136,0.937,10,123,"ordinary_fast",32,5
"0.99.39","tcga_pan_cancer","kernelpls","classification","accuracy",137,0.937,10,123,"ordinary_fast",32,5
"0.99.39","tcga_pan_cancer","kernelpls","classification","accuracy",138,0.937,10,123,"ordinary_fast",32,5
"0.99.39","tcga_pan_cancer","kernelpls","classification","accuracy",139,0.936666666666667,10,123,"ordinary_fast",32,5
"0.99.39","tcga_pan_cancer","kernelpls","classification","accuracy",140,0.936333333333333,10,123,"ordinary_fast",32,5
"0.99.39","tcga_pan_cancer","kernelpls","classification","accuracy",141,0.936666666666667,10,123,"ordinary_fast",32,5
"0.99.39","tcga_pan_cancer","kernelpls","classification","accuracy",142,0.936333333333333,10,123,"ordinary_fast",32,5
"0.99.39","tcga_pan_cancer","kernelpls","classification","accuracy",143,0.936333333333333,10,123,"ordinary_fast",32,5
"0.99.39","tcga_pan_cancer","kernelpls","classification","accuracy",144,0.936,10,123,"ordinary_fast",32,5
"0.99.39","tcga_pan_cancer","kernelpls","classification","accuracy",145,0.936,10,123,"ordinary_fast",32,5
"0.99.39","tcga_pan_cancer","kernelpls","classification","accuracy",146,0.936333333333333,10,123,"ordinary_fast",32,5
"0.99.39","tcga_pan_cancer","kernelpls","classification","accuracy",147,0.936,10,123,"ordinary_fast",32,5
"0.99.39","tcga_pan_cancer","kernelpls","classification","accuracy",148,0.936,10,123,"ordinary_fast",32,5
"0.99.39","tcga_pan_cancer","kernelpls","classification","accuracy",149,0.936666666666667,10,123,"ordinary_fast",32,5
"0.99.39","tcga_pan_cancer","kernelpls","classification","accuracy",150,0.937,10,123,"ordinary_fast",32,5
"0.99.39","tcga_pan_cancer","kernelpls","classification","accuracy",151,0.937666666666667,10,123,"ordinary_fast",32,5
"0.99.39","tcga_pan_cancer","kernelpls","classification","accuracy",152,0.937,10,123,"ordinary_fast",32,5
"0.99.39","tcga_pan_cancer","kernelpls","classification","accuracy",153,0.937666666666667,10,123,"ordinary_fast",32,5
"0.99.39","tcga_pan_cancer","kernelpls","classification","accuracy",154,0.937666666666667,10,123,"ordinary_fast",32,5
"0.99.39","tcga_pan_cancer","kernelpls","classification","accuracy",155,0.938,10,123,"ordinary_fast",32,5
"0.99.39","tcga_pan_cancer","kernelpls","classification","accuracy",156,0.938,10,123,"ordinary_fast",32,5
"0.99.39","tcga_pan_cancer","kernelpls","classification","accuracy",157,0.937,10,123,"ordinary_fast",32,5
"0.99.39","tcga_pan_cancer","kernelpls","classification","accuracy",158,0.937666666666667,10,123,"ordinary_fast",32,5
"0.99.39","tcga_pan_cancer","kernelpls","classification","accuracy",159,0.938,10,123,"ordinary_fast",32,5
"0.99.39","tcga_pan_cancer","kernelpls","classification","accuracy",160,0.938333333333333,10,123,"ordinary_fast",32,5
"0.99.39","tcga_pan_cancer","kernelpls","classification","accuracy",161,0.937333333333333,10,123,"ordinary_fast",32,5
"0.99.39","tcga_pan_cancer","kernelpls","classification","accuracy",162,0.938,10,123,"ordinary_fast",32,5
"0.99.39","tcga_pan_cancer","kernelpls","classification","accuracy",163,0.937666666666667,10,123,"ordinary_fast",32,5
"0.99.39","tcga_pan_cancer","kernelpls","classification","accuracy",164,0.937666666666667,10,123,"ordinary_fast",32,5
"0.99.39","tcga_pan_cancer","kernelpls","classification","accuracy",165,0.937666666666667,10,123,"ordinary_fast",32,5
"0.99.39","tcga_pan_cancer","kernelpls","classification","accuracy",166,0.938333333333333,10,123,"ordinary_fast",32,5
"0.99.39","tcga_pan_cancer","kernelpls","classification","accuracy",167,0.938333333333333,10,123,"ordinary_fast",32,5
"0.99.39","tcga_pan_cancer","kernelpls","classification","accuracy",168,0.938333333333333,10,123,"ordinary_fast",32,5
"0.99.39","tcga_pan_cancer","kernelpls","classification","accuracy",169,0.937333333333333,10,123,"ordinary_fast",32,5
"0.99.39","tcga_pan_cancer","kernelpls","classification","accuracy",170,0.938,10,123,"ordinary_fast",32,5
"0.99.39","tcga_pan_cancer","kernelpls","classification","accuracy",171,0.938,10,123,"ordinary_fast",32,5
"0.99.39","tcga_pan_cancer","kernelpls","classification","accuracy",172,0.938,10,123,"ordinary_fast",32,5
"0.99.39","tcga_pan_cancer","kernelpls","classification","accuracy",173,0.937666666666667,10,123,"ordinary_fast",32,5
"0.99.39","tcga_pan_cancer","kernelpls","classification","accuracy",174,0.937666666666667,10,123,"ordinary_fast",32,5
"0.99.39","tcga_pan_cancer","kernelpls","classification","accuracy",175,0.937666666666667,10,123,"ordinary_fast",32,5
"0.99.39","tcga_pan_cancer","kernelpls","classification","accuracy",176,0.938,10,123,"ordinary_fast",32,5
"0.99.39","tcga_pan_cancer","kernelpls","classification","accuracy",177,0.938,10,123,"ordinary_fast",32,5
"0.99.39","tcga_pan_cancer","kernelpls","classification","accuracy",178,0.938333333333333,10,123,"ordinary_fast",32,5
"0.99.39","tcga_pan_cancer","kernelpls","classification","accuracy",179,0.938333333333333,10,123,"ordinary_fast",32,5
"0.99.39","tcga_pan_cancer","kernelpls","classification","accuracy",180,0.938333333333333,10,123,"ordinary_fast",32,5
"0.99.39","tcga_pan_cancer","kernelpls","classification","accuracy",181,0.938333333333333,10,123,"ordinary_fast",32,5
"0.99.39","tcga_pan_cancer","kernelpls","classification","accuracy",182,0.938333333333333,10,123,"ordinary_fast",32,5
"0.99.39","tcga_pan_cancer","kernelpls","classification","accuracy",183,0.938666666666667,10,123,"ordinary_fast",32,5
"0.99.39","tcga_pan_cancer","kernelpls","classification","accuracy",184,0.939,10,123,"ordinary_fast",32,5
"0.99.39","tcga_pan_cancer","kernelpls","classification","accuracy",185,0.939333333333333,10,123,"ordinary_fast",32,5
"0.99.39","tcga_pan_cancer","kernelpls","classification","accuracy",186,0.938666666666667,10,123,"ordinary_fast",32,5
"0.99.39","tcga_pan_cancer","kernelpls","classification","accuracy",187,0.939333333333333,10,123,"ordinary_fast",32,5
"0.99.39","tcga_pan_cancer","kernelpls","classification","accuracy",188,0.938666666666667,10,123,"ordinary_fast",32,5
"0.99.39","tcga_pan_cancer","kernelpls","classification","accuracy",189,0.938,10,123,"ordinary_fast",32,5
"0.99.39","tcga_pan_cancer","kernelpls","classification","accuracy",190,0.937666666666667,10,123,"ordinary_fast",32,5
"0.99.39","tcga_pan_cancer","kernelpls","classification","accuracy",191,0.938333333333333,10,123,"ordinary_fast",32,5
"0.99.39","tcga_pan_cancer","kernelpls","classification","accuracy",192,0.938,10,123,"ordinary_fast",32,5
"0.99.39","tcga_pan_cancer","kernelpls","classification","accuracy",193,0.938,10,123,"ordinary_fast",32,5
"0.99.39","tcga_pan_cancer","kernelpls","classification","accuracy",194,0.938333333333333,10,123,"ordinary_fast",32,5
"0.99.39","tcga_pan_cancer","kernelpls","classification","accuracy",195,0.938666666666667,10,123,"ordinary_fast",32,5
"0.99.39","tcga_pan_cancer","kernelpls","classification","accuracy",196,0.938666666666667,10,123,"ordinary_fast",32,5
"0.99.39","tcga_pan_cancer","kernelpls","classification","accuracy",197,0.938666666666667,10,123,"ordinary_fast",32,5
"0.99.39","tcga_pan_cancer","kernelpls","classification","accuracy",198,0.939,10,123,"ordinary_fast",32,5
"0.99.39","tcga_pan_cancer","kernelpls","classification","accuracy",199,0.938666666666667,10,123,"ordinary_fast",32,5
"0.99.39","tcga_pan_cancer","kernelpls","classification","accuracy",200,0.938333333333333,10,123,"ordinary_fast",32,5
