"dataset","task_type","dataset_path","split_seed","n_train","n_test","p","n_response","input_precision","execution_precision","classifier","classifier_backend","classifier_numeric_path","input_storage_mb","ncomp_requested","replicate","method_id","package","package_version","function_name","algorithm","requested_estimator","executed_estimator","independent_implementation","total_runtime_ms","metric_name","metric_value","accuracy","balanced_accuracy","macro_f1","rmse","q2","mae","status","warning_message","error_message","peak_host_rss_mb","user_cpu_sec","system_cpu_sec","process_status"
"ccle","classification","/home/chiamaka/Documents/fastpls/data/ccle.RData",123,547,71,1000,18,"float64","float64","argmax","chemometrics","float64",4.89482116699219,26,1,"chemometrics_pls_eigen","chemometrics","1.4.4","chemometrics::pls_eigen","PLS eigen","PLS eigen","PLS eigen",TRUE,923,"accuracy",0.676056338028169,0.676056338028169,0.561243386243386,0.565722267533862,,,,"ok",,,165.480469,1.45,0.08,"ok"
"ccle","classification","/home/chiamaka/Documents/fastpls/data/ccle.RData",123,547,71,1000,18,"float64","float64","argmax","chemometrics","float64",4.89482116699219,26,2,"chemometrics_pls_eigen","chemometrics","1.4.4","chemometrics::pls_eigen","PLS eigen","PLS eigen","PLS eigen",TRUE,925,"accuracy",0.676056338028169,0.676056338028169,0.561243386243386,0.565722267533862,,,,"ok",,,164.828125,1.44,0.06,"ok"
"ccle","classification","/home/chiamaka/Documents/fastpls/data/ccle.RData",123,547,71,1000,18,"float64","float64","argmax","chemometrics","float64",4.89482116699219,26,3,"chemometrics_pls_eigen","chemometrics","1.4.4","chemometrics::pls_eigen","PLS eigen","PLS eigen","PLS eigen",TRUE,928,"accuracy",0.676056338028169,0.676056338028169,0.561243386243386,0.565722267533862,,,,"ok",,,165.179688,1.46,0.05,"ok"
"ccle","classification","/home/chiamaka/Documents/fastpls/data/ccle.RData",123,547,71,1000,18,"float64","float64","argmax","chemometrics","float64",4.89482116699219,26,4,"chemometrics_pls_eigen","chemometrics","1.4.4","chemometrics::pls_eigen","PLS eigen","PLS eigen","PLS eigen",TRUE,925,"accuracy",0.676056338028169,0.676056338028169,0.561243386243386,0.565722267533862,,,,"ok",,,165.238281,1.43,0.07,"ok"
"ccle","classification","/home/chiamaka/Documents/fastpls/data/ccle.RData",123,547,71,1000,18,"float64","float64","argmax","chemometrics","float64",4.89482116699219,26,5,"chemometrics_pls_eigen","chemometrics","1.4.4","chemometrics::pls_eigen","PLS eigen","PLS eigen","PLS eigen",TRUE,924,"accuracy",0.676056338028169,0.676056338028169,0.561243386243386,0.565722267533862,,,,"ok",,,165.609375,1.42,0.09,"ok"
"ccle","classification","/home/chiamaka/Documents/fastpls/data/ccle.RData",123,547,71,1000,18,"float64","float64","argmax","chemometrics","float64",4.89482116699219,26,6,"chemometrics_pls_eigen","chemometrics","1.4.4","chemometrics::pls_eigen","PLS eigen","PLS eigen","PLS eigen",TRUE,926,"accuracy",0.676056338028169,0.676056338028169,0.561243386243386,0.565722267533862,,,,"ok",,,164.980469,1.46,0.09,"ok"
"ccle","classification","/home/chiamaka/Documents/fastpls/data/ccle.RData",123,547,71,1000,18,"float64","float64","argmax","chemometrics","float64",4.89482116699219,26,7,"chemometrics_pls_eigen","chemometrics","1.4.4","chemometrics::pls_eigen","PLS eigen","PLS eigen","PLS eigen",TRUE,931,"accuracy",0.676056338028169,0.676056338028169,0.561243386243386,0.565722267533862,,,,"ok",,,165.515625,1.46,0.08,"ok"
"ccle","classification","/home/chiamaka/Documents/fastpls/data/ccle.RData",123,547,71,1000,18,"float64","float64","argmax","chemometrics","float64",4.89482116699219,26,8,"chemometrics_pls_eigen","chemometrics","1.4.4","chemometrics::pls_eigen","PLS eigen","PLS eigen","PLS eigen",TRUE,919,"accuracy",0.676056338028169,0.676056338028169,0.561243386243386,0.565722267533862,,,,"ok",,,165.296875,1.42,0.09,"ok"
"ccle","classification","/home/chiamaka/Documents/fastpls/data/ccle.RData",123,547,71,1000,18,"float64","float64","argmax","chemometrics","float64",4.89482116699219,26,9,"chemometrics_pls_eigen","chemometrics","1.4.4","chemometrics::pls_eigen","PLS eigen","PLS eigen","PLS eigen",TRUE,922,"accuracy",0.676056338028169,0.676056338028169,0.561243386243386,0.565722267533862,,,,"ok",,,164.925781,1.44,0.08,"ok"
"ccle","classification","/home/chiamaka/Documents/fastpls/data/ccle.RData",123,547,71,1000,18,"float64","float64","argmax","chemometrics","float64",4.89482116699219,26,10,"chemometrics_pls_eigen","chemometrics","1.4.4","chemometrics::pls_eigen","PLS eigen","PLS eigen","PLS eigen",TRUE,928,"accuracy",0.676056338028169,0.676056338028169,0.561243386243386,0.565722267533862,,,,"ok",,,165.117188,1.45,0.09,"ok"
"ccle","classification","/home/chiamaka/Documents/fastpls/data/ccle.RData",123,547,71,1000,18,"float64","float64","argmax","argmax","float64",4.89482116699219,26,1,"fastPLS_simpls_cpu_irlba","fastPLS","0.99.39","fastPLS::pls(method='simpls', backend='cpu', svd.method='irlba', classifier='argmax')","SIMPLS","simpls","simpls",TRUE,48,"accuracy",0.71830985915493,0.71830985915493,0.59021164021164,0.602765752765753,,,,"ok",,,462.984375,1.03,0.11,"ok"
"ccle","classification","/home/chiamaka/Documents/fastpls/data/ccle.RData",123,547,71,1000,18,"float64","float64","argmax","argmax","float64",4.89482116699219,26,2,"fastPLS_simpls_cpu_irlba","fastPLS","0.99.39","fastPLS::pls(method='simpls', backend='cpu', svd.method='irlba', classifier='argmax')","SIMPLS","simpls","simpls",TRUE,48.9999999999999,"accuracy",0.71830985915493,0.71830985915493,0.59021164021164,0.602765752765753,,,,"ok",,,463.378906,1.02,0.12,"ok"
"ccle","classification","/home/chiamaka/Documents/fastpls/data/ccle.RData",123,547,71,1000,18,"float64","float64","argmax","argmax","float64",4.89482116699219,26,3,"fastPLS_simpls_cpu_irlba","fastPLS","0.99.39","fastPLS::pls(method='simpls', backend='cpu', svd.method='irlba', classifier='argmax')","SIMPLS","simpls","simpls",TRUE,49.0000000000002,"accuracy",0.71830985915493,0.71830985915493,0.59021164021164,0.602765752765753,,,,"ok",,,463.085938,1.03,0.11,"ok"
"ccle","classification","/home/chiamaka/Documents/fastpls/data/ccle.RData",123,547,71,1000,18,"float64","float64","argmax","argmax","float64",4.89482116699219,26,4,"fastPLS_simpls_cpu_irlba","fastPLS","0.99.39","fastPLS::pls(method='simpls', backend='cpu', svd.method='irlba', classifier='argmax')","SIMPLS","simpls","simpls",TRUE,48,"accuracy",0.71830985915493,0.71830985915493,0.59021164021164,0.602765752765753,,,,"ok",,,463.417969,1.02,0.11,"ok"
"ccle","classification","/home/chiamaka/Documents/fastpls/data/ccle.RData",123,547,71,1000,18,"float64","float64","argmax","argmax","float64",4.89482116699219,26,5,"fastPLS_simpls_cpu_irlba","fastPLS","0.99.39","fastPLS::pls(method='simpls', backend='cpu', svd.method='irlba', classifier='argmax')","SIMPLS","simpls","simpls",TRUE,48,"accuracy",0.71830985915493,0.71830985915493,0.59021164021164,0.602765752765753,,,,"ok",,,462.804688,1.03,0.11,"ok"
"ccle","classification","/home/chiamaka/Documents/fastpls/data/ccle.RData",123,547,71,1000,18,"float64","float64","argmax","argmax","float64",4.89482116699219,26,6,"fastPLS_simpls_cpu_irlba","fastPLS","0.99.39","fastPLS::pls(method='simpls', backend='cpu', svd.method='irlba', classifier='argmax')","SIMPLS","simpls","simpls",TRUE,47.9999999999998,"accuracy",0.71830985915493,0.71830985915493,0.59021164021164,0.602765752765753,,,,"ok",,,463.105469,1.02,0.12,"ok"
"ccle","classification","/home/chiamaka/Documents/fastpls/data/ccle.RData",123,547,71,1000,18,"float64","float64","argmax","argmax","float64",4.89482116699219,26,7,"fastPLS_simpls_cpu_irlba","fastPLS","0.99.39","fastPLS::pls(method='simpls', backend='cpu', svd.method='irlba', classifier='argmax')","SIMPLS","simpls","simpls",TRUE,48.9999999999999,"accuracy",0.71830985915493,0.71830985915493,0.59021164021164,0.602765752765753,,,,"ok",,,463.140625,1.03,0.1,"ok"
"ccle","classification","/home/chiamaka/Documents/fastpls/data/ccle.RData",123,547,71,1000,18,"float64","float64","argmax","argmax","float64",4.89482116699219,26,8,"fastPLS_simpls_cpu_irlba","fastPLS","0.99.39","fastPLS::pls(method='simpls', backend='cpu', svd.method='irlba', classifier='argmax')","SIMPLS","simpls","simpls",TRUE,48,"accuracy",0.71830985915493,0.71830985915493,0.59021164021164,0.602765752765753,,,,"ok",,,462.898438,1.01,0.11,"ok"
"ccle","classification","/home/chiamaka/Documents/fastpls/data/ccle.RData",123,547,71,1000,18,"float64","float64","argmax","argmax","float64",4.89482116699219,26,9,"fastPLS_simpls_cpu_irlba","fastPLS","0.99.39","fastPLS::pls(method='simpls', backend='cpu', svd.method='irlba', classifier='argmax')","SIMPLS","simpls","simpls",TRUE,47.9999999999998,"accuracy",0.71830985915493,0.71830985915493,0.59021164021164,0.602765752765753,,,,"ok",,,463.296875,1.01,0.12,"ok"
"ccle","classification","/home/chiamaka/Documents/fastpls/data/ccle.RData",123,547,71,1000,18,"float64","float64","argmax","argmax","float64",4.89482116699219,26,10,"fastPLS_simpls_cpu_irlba","fastPLS","0.99.39","fastPLS::pls(method='simpls', backend='cpu', svd.method='irlba', classifier='argmax')","SIMPLS","simpls","simpls",TRUE,48,"accuracy",0.71830985915493,0.71830985915493,0.59021164021164,0.602765752765753,,,,"ok",,,463.261719,1.03,0.09,"ok"
"ccle","classification","/home/chiamaka/Documents/fastpls/data/ccle.RData",123,547,71,1000,18,"float64","float64","lda","cpp_project","float64",4.89482116699219,26,1,"fastPLS_simpls_cpu_irlba_lda","fastPLS","0.99.39","fastPLS::pls(method='simpls', backend='cpu', svd.method='irlba', classifier='lda')","SIMPLS + LDA","simpls","simpls",TRUE,55.9999999999998,"accuracy",0.774647887323944,0.774647887323944,0.685582010582011,0.705659772326439,,,,"ok",,,464.078125,1.02,0.13,"ok"
"ccle","classification","/home/chiamaka/Documents/fastpls/data/ccle.RData",123,547,71,1000,18,"float64","float64","lda","cpp_project","float64",4.89482116699219,26,2,"fastPLS_simpls_cpu_irlba_lda","fastPLS","0.99.39","fastPLS::pls(method='simpls', backend='cpu', svd.method='irlba', classifier='lda')","SIMPLS + LDA","simpls","simpls",TRUE,54.9999999999999,"accuracy",0.774647887323944,0.774647887323944,0.685582010582011,0.705659772326439,,,,"ok",,,464.078125,1.03,0.1,"ok"
"ccle","classification","/home/chiamaka/Documents/fastpls/data/ccle.RData",123,547,71,1000,18,"float64","float64","lda","cpp_project","float64",4.89482116699219,26,3,"fastPLS_simpls_cpu_irlba_lda","fastPLS","0.99.39","fastPLS::pls(method='simpls', backend='cpu', svd.method='irlba', classifier='lda')","SIMPLS + LDA","simpls","simpls",TRUE,53.9999999999998,"accuracy",0.774647887323944,0.774647887323944,0.685582010582011,0.705659772326439,,,,"ok",,,463.835938,1.02,0.11,"ok"
"ccle","classification","/home/chiamaka/Documents/fastpls/data/ccle.RData",123,547,71,1000,18,"float64","float64","lda","cpp_project","float64",4.89482116699219,26,4,"fastPLS_simpls_cpu_irlba_lda","fastPLS","0.99.39","fastPLS::pls(method='simpls', backend='cpu', svd.method='irlba', classifier='lda')","SIMPLS + LDA","simpls","simpls",TRUE,54.9999999999999,"accuracy",0.774647887323944,0.774647887323944,0.685582010582011,0.705659772326439,,,,"ok",,,464.167969,1,0.13,"ok"
"ccle","classification","/home/chiamaka/Documents/fastpls/data/ccle.RData",123,547,71,1000,18,"float64","float64","lda","cpp_project","float64",4.89482116699219,26,5,"fastPLS_simpls_cpu_irlba_lda","fastPLS","0.99.39","fastPLS::pls(method='simpls', backend='cpu', svd.method='irlba', classifier='lda')","SIMPLS + LDA","simpls","simpls",TRUE,54,"accuracy",0.774647887323944,0.774647887323944,0.685582010582011,0.705659772326439,,,,"ok",,,463.710938,1.03,0.11,"ok"
"ccle","classification","/home/chiamaka/Documents/fastpls/data/ccle.RData",123,547,71,1000,18,"float64","float64","lda","cpp_project","float64",4.89482116699219,26,6,"fastPLS_simpls_cpu_irlba_lda","fastPLS","0.99.39","fastPLS::pls(method='simpls', backend='cpu', svd.method='irlba', classifier='lda')","SIMPLS + LDA","simpls","simpls",TRUE,56,"accuracy",0.774647887323944,0.774647887323944,0.685582010582011,0.705659772326439,,,,"ok",,,463.429688,1.04,0.1,"ok"
"ccle","classification","/home/chiamaka/Documents/fastpls/data/ccle.RData",123,547,71,1000,18,"float64","float64","lda","cpp_project","float64",4.89482116699219,26,7,"fastPLS_simpls_cpu_irlba_lda","fastPLS","0.99.39","fastPLS::pls(method='simpls', backend='cpu', svd.method='irlba', classifier='lda')","SIMPLS + LDA","simpls","simpls",TRUE,55.9999999999998,"accuracy",0.774647887323944,0.774647887323944,0.685582010582011,0.705659772326439,,,,"ok",,,463.261719,1.04,0.11,"ok"
"ccle","classification","/home/chiamaka/Documents/fastpls/data/ccle.RData",123,547,71,1000,18,"float64","float64","lda","cpp_project","float64",4.89482116699219,26,8,"fastPLS_simpls_cpu_irlba_lda","fastPLS","0.99.39","fastPLS::pls(method='simpls', backend='cpu', svd.method='irlba', classifier='lda')","SIMPLS + LDA","simpls","simpls",TRUE,54.9999999999999,"accuracy",0.774647887323944,0.774647887323944,0.685582010582011,0.705659772326439,,,,"ok",,,463.664062,1.04,0.12,"ok"
"ccle","classification","/home/chiamaka/Documents/fastpls/data/ccle.RData",123,547,71,1000,18,"float64","float64","lda","cpp_project","float64",4.89482116699219,26,9,"fastPLS_simpls_cpu_irlba_lda","fastPLS","0.99.39","fastPLS::pls(method='simpls', backend='cpu', svd.method='irlba', classifier='lda')","SIMPLS + LDA","simpls","simpls",TRUE,54,"accuracy",0.774647887323944,0.774647887323944,0.685582010582011,0.705659772326439,,,,"ok",,,463.441406,1.02,0.12,"ok"
"ccle","classification","/home/chiamaka/Documents/fastpls/data/ccle.RData",123,547,71,1000,18,"float64","float64","lda","cpp_project","float64",4.89482116699219,26,10,"fastPLS_simpls_cpu_irlba_lda","fastPLS","0.99.39","fastPLS::pls(method='simpls', backend='cpu', svd.method='irlba', classifier='lda')","SIMPLS + LDA","simpls","simpls",TRUE,55.0000000000002,"accuracy",0.774647887323944,0.774647887323944,0.685582010582011,0.705659772326439,,,,"ok",,,463.546875,1.04,0.1,"ok"
"ccle","classification","/home/chiamaka/Documents/fastpls/data/ccle.RData",123,547,71,1000,18,"float64","float64","argmax","mdatools","float64",4.89482116699219,26,1,"mdatools_plsda_or_pls","mdatools","0.15.0","mdatools::plsda or mdatools::pls","SIMPLS/PLS-DA","SIMPLS/PLS-DA","SIMPLS/PLS-DA",TRUE,738,"accuracy",0.71830985915493,0.71830985915493,0.59021164021164,0.602765752765753,,,,"ok","No validation results were found.",,206,1.41,0.08,"ok"
"ccle","classification","/home/chiamaka/Documents/fastpls/data/ccle.RData",123,547,71,1000,18,"float64","float64","argmax","mdatools","float64",4.89482116699219,26,2,"mdatools_plsda_or_pls","mdatools","0.15.0","mdatools::plsda or mdatools::pls","SIMPLS/PLS-DA","SIMPLS/PLS-DA","SIMPLS/PLS-DA",TRUE,738,"accuracy",0.71830985915493,0.71830985915493,0.59021164021164,0.602765752765753,,,,"ok","No validation results were found.",,206.4375,1.42,0.1,"ok"
"ccle","classification","/home/chiamaka/Documents/fastpls/data/ccle.RData",123,547,71,1000,18,"float64","float64","argmax","mdatools","float64",4.89482116699219,26,3,"mdatools_plsda_or_pls","mdatools","0.15.0","mdatools::plsda or mdatools::pls","SIMPLS/PLS-DA","SIMPLS/PLS-DA","SIMPLS/PLS-DA",TRUE,741,"accuracy",0.71830985915493,0.71830985915493,0.59021164021164,0.602765752765753,,,,"ok","No validation results were found.",,206.175781,1.42,0.09,"ok"
"ccle","classification","/home/chiamaka/Documents/fastpls/data/ccle.RData",123,547,71,1000,18,"float64","float64","argmax","mdatools","float64",4.89482116699219,26,4,"mdatools_plsda_or_pls","mdatools","0.15.0","mdatools::plsda or mdatools::pls","SIMPLS/PLS-DA","SIMPLS/PLS-DA","SIMPLS/PLS-DA",TRUE,741,"accuracy",0.71830985915493,0.71830985915493,0.59021164021164,0.602765752765753,,,,"ok","No validation results were found.",,205.992188,1.41,0.09,"ok"
"ccle","classification","/home/chiamaka/Documents/fastpls/data/ccle.RData",123,547,71,1000,18,"float64","float64","argmax","mdatools","float64",4.89482116699219,26,5,"mdatools_plsda_or_pls","mdatools","0.15.0","mdatools::plsda or mdatools::pls","SIMPLS/PLS-DA","SIMPLS/PLS-DA","SIMPLS/PLS-DA",TRUE,739,"accuracy",0.71830985915493,0.71830985915493,0.59021164021164,0.602765752765753,,,,"ok","No validation results were found.",,206.328125,1.41,0.09,"ok"
"ccle","classification","/home/chiamaka/Documents/fastpls/data/ccle.RData",123,547,71,1000,18,"float64","float64","argmax","mdatools","float64",4.89482116699219,26,6,"mdatools_plsda_or_pls","mdatools","0.15.0","mdatools::plsda or mdatools::pls","SIMPLS/PLS-DA","SIMPLS/PLS-DA","SIMPLS/PLS-DA",TRUE,757,"accuracy",0.71830985915493,0.71830985915493,0.59021164021164,0.602765752765753,,,,"ok","No validation results were found.",,206.3125,1.46,0.09,"ok"
"ccle","classification","/home/chiamaka/Documents/fastpls/data/ccle.RData",123,547,71,1000,18,"float64","float64","argmax","mdatools","float64",4.89482116699219,26,7,"mdatools_plsda_or_pls","mdatools","0.15.0","mdatools::plsda or mdatools::pls","SIMPLS/PLS-DA","SIMPLS/PLS-DA","SIMPLS/PLS-DA",TRUE,743,"accuracy",0.71830985915493,0.71830985915493,0.59021164021164,0.602765752765753,,,,"ok","No validation results were found.",,206.101562,1.43,0.1,"ok"
"ccle","classification","/home/chiamaka/Documents/fastpls/data/ccle.RData",123,547,71,1000,18,"float64","float64","argmax","mdatools","float64",4.89482116699219,26,8,"mdatools_plsda_or_pls","mdatools","0.15.0","mdatools::plsda or mdatools::pls","SIMPLS/PLS-DA","SIMPLS/PLS-DA","SIMPLS/PLS-DA",TRUE,743,"accuracy",0.71830985915493,0.71830985915493,0.59021164021164,0.602765752765753,,,,"ok","No validation results were found.",,206.40625,1.41,0.09,"ok"
"ccle","classification","/home/chiamaka/Documents/fastpls/data/ccle.RData",123,547,71,1000,18,"float64","float64","argmax","mdatools","float64",4.89482116699219,26,9,"mdatools_plsda_or_pls","mdatools","0.15.0","mdatools::plsda or mdatools::pls","SIMPLS/PLS-DA","SIMPLS/PLS-DA","SIMPLS/PLS-DA",TRUE,739,"accuracy",0.71830985915493,0.71830985915493,0.59021164021164,0.602765752765753,,,,"ok","No validation results were found.",,206.355469,1.42,0.11,"ok"
"ccle","classification","/home/chiamaka/Documents/fastpls/data/ccle.RData",123,547,71,1000,18,"float64","float64","argmax","mdatools","float64",4.89482116699219,26,10,"mdatools_plsda_or_pls","mdatools","0.15.0","mdatools::plsda or mdatools::pls","SIMPLS/PLS-DA","SIMPLS/PLS-DA","SIMPLS/PLS-DA",TRUE,740,"accuracy",0.71830985915493,0.71830985915493,0.59021164021164,0.602765752765753,,,,"ok","No validation results were found.",,206.148438,1.42,0.1,"ok"
"ccle","classification","/home/chiamaka/Documents/fastpls/data/ccle.RData",123,547,71,1000,18,"float64","float64","argmax","mixOmics","float64",4.89482116699219,26,1,"mixOmics_plsda","mixOmics","6.36.0","mixOmics::plsda","PLS-DA","PLS-DA","PLS-DA",TRUE,1031,"accuracy",0.71830985915493,0.71830985915493,0.576322751322751,0.572619047619048,,,,"ok","the standard deviation is zero",,356.652344,2.48,0.13,"ok"
"ccle","classification","/home/chiamaka/Documents/fastpls/data/ccle.RData",123,547,71,1000,18,"float64","float64","argmax","mixOmics","float64",4.89482116699219,26,2,"mixOmics_plsda","mixOmics","6.36.0","mixOmics::plsda","PLS-DA","PLS-DA","PLS-DA",TRUE,1031,"accuracy",0.71830985915493,0.71830985915493,0.576322751322751,0.572619047619048,,,,"ok","the standard deviation is zero",,357.046875,2.47,0.16,"ok"
"ccle","classification","/home/chiamaka/Documents/fastpls/data/ccle.RData",123,547,71,1000,18,"float64","float64","argmax","mixOmics","float64",4.89482116699219,26,3,"mixOmics_plsda","mixOmics","6.36.0","mixOmics::plsda","PLS-DA","PLS-DA","PLS-DA",TRUE,1021,"accuracy",0.71830985915493,0.71830985915493,0.576322751322751,0.572619047619048,,,,"ok","the standard deviation is zero",,356.875,2.46,0.14,"ok"
"ccle","classification","/home/chiamaka/Documents/fastpls/data/ccle.RData",123,547,71,1000,18,"float64","float64","argmax","pcv","float64",4.89482116699219,26,1,"pcv_simpls","pcv","1.1.0","pcv:::simpls","SIMPLS","simpls","simpls",TRUE,255,"accuracy",0.71830985915493,0.71830985915493,0.59021164021164,0.602765752765753,,,,"ok",,,147.671875,0.71,0.07,"ok"
"ccle","classification","/home/chiamaka/Documents/fastpls/data/ccle.RData",123,547,71,1000,18,"float64","float64","argmax","pcv","float64",4.89482116699219,26,2,"pcv_simpls","pcv","1.1.0","pcv:::simpls","SIMPLS","simpls","simpls",TRUE,254,"accuracy",0.71830985915493,0.71830985915493,0.59021164021164,0.602765752765753,,,,"ok",,,147.640625,0.71,0.07,"ok"
"ccle","classification","/home/chiamaka/Documents/fastpls/data/ccle.RData",123,547,71,1000,18,"float64","float64","argmax","pcv","float64",4.89482116699219,26,3,"pcv_simpls","pcv","1.1.0","pcv:::simpls","SIMPLS","simpls","simpls",TRUE,254,"accuracy",0.71830985915493,0.71830985915493,0.59021164021164,0.602765752765753,,,,"ok",,,147.367188,0.69,0.07,"ok"
"ccle","classification","/home/chiamaka/Documents/fastpls/data/ccle.RData",123,547,71,1000,18,"float64","float64","argmax","pcv","float64",4.89482116699219,26,4,"pcv_simpls","pcv","1.1.0","pcv:::simpls","SIMPLS","simpls","simpls",TRUE,257,"accuracy",0.71830985915493,0.71830985915493,0.59021164021164,0.602765752765753,,,,"ok",,,147.933594,0.72,0.05,"ok"
"ccle","classification","/home/chiamaka/Documents/fastpls/data/ccle.RData",123,547,71,1000,18,"float64","float64","argmax","pcv","float64",4.89482116699219,26,5,"pcv_simpls","pcv","1.1.0","pcv:::simpls","SIMPLS","simpls","simpls",TRUE,257,"accuracy",0.71830985915493,0.71830985915493,0.59021164021164,0.602765752765753,,,,"ok",,,147.796875,0.71,0.06,"ok"
"ccle","classification","/home/chiamaka/Documents/fastpls/data/ccle.RData",123,547,71,1000,18,"float64","float64","argmax","pcv","float64",4.89482116699219,26,6,"pcv_simpls","pcv","1.1.0","pcv:::simpls","SIMPLS","simpls","simpls",TRUE,254,"accuracy",0.71830985915493,0.71830985915493,0.59021164021164,0.602765752765753,,,,"ok",,,147.96875,0.7,0.06,"ok"
"ccle","classification","/home/chiamaka/Documents/fastpls/data/ccle.RData",123,547,71,1000,18,"float64","float64","argmax","pcv","float64",4.89482116699219,26,7,"pcv_simpls","pcv","1.1.0","pcv:::simpls","SIMPLS","simpls","simpls",TRUE,256,"accuracy",0.71830985915493,0.71830985915493,0.59021164021164,0.602765752765753,,,,"ok",,,147.34375,0.72,0.05,"ok"
"ccle","classification","/home/chiamaka/Documents/fastpls/data/ccle.RData",123,547,71,1000,18,"float64","float64","argmax","pcv","float64",4.89482116699219,26,8,"pcv_simpls","pcv","1.1.0","pcv:::simpls","SIMPLS","simpls","simpls",TRUE,254,"accuracy",0.71830985915493,0.71830985915493,0.59021164021164,0.602765752765753,,,,"ok",,,147.859375,0.71,0.05,"ok"
"ccle","classification","/home/chiamaka/Documents/fastpls/data/ccle.RData",123,547,71,1000,18,"float64","float64","argmax","pcv","float64",4.89482116699219,26,9,"pcv_simpls","pcv","1.1.0","pcv:::simpls","SIMPLS","simpls","simpls",TRUE,256,"accuracy",0.71830985915493,0.71830985915493,0.59021164021164,0.602765752765753,,,,"ok",,,147.667969,0.71,0.06,"ok"
"ccle","classification","/home/chiamaka/Documents/fastpls/data/ccle.RData",123,547,71,1000,18,"float64","float64","argmax","pcv","float64",4.89482116699219,26,10,"pcv_simpls","pcv","1.1.0","pcv:::simpls","SIMPLS","simpls","simpls",TRUE,254,"accuracy",0.71830985915493,0.71830985915493,0.59021164021164,0.602765752765753,,,,"ok",,,147.46875,0.7,0.06,"ok"
"ccle","classification","/home/chiamaka/Documents/fastpls/data/ccle.RData",123,547,71,1000,18,"float64","float64","argmax","pls","float64",4.89482116699219,26,1,"pls_simpls_fit","pls","2.9.0","pls::simpls.fit","SIMPLS","simpls","simpls",TRUE,57,"accuracy",0.71830985915493,0.71830985915493,0.59021164021164,0.602765752765753,,,,"ok",,,139.269531,0.53,0.05,"ok"
"ccle","classification","/home/chiamaka/Documents/fastpls/data/ccle.RData",123,547,71,1000,18,"float64","float64","argmax","pls","float64",4.89482116699219,26,2,"pls_simpls_fit","pls","2.9.0","pls::simpls.fit","SIMPLS","simpls","simpls",TRUE,56,"accuracy",0.71830985915493,0.71830985915493,0.59021164021164,0.602765752765753,,,,"ok",,,139.050781,0.53,0.04,"ok"
"ccle","classification","/home/chiamaka/Documents/fastpls/data/ccle.RData",123,547,71,1000,18,"float64","float64","argmax","pls","float64",4.89482116699219,26,3,"pls_simpls_fit","pls","2.9.0","pls::simpls.fit","SIMPLS","simpls","simpls",TRUE,57,"accuracy",0.71830985915493,0.71830985915493,0.59021164021164,0.602765752765753,,,,"ok",,,139.109375,0.53,0.07,"ok"
"ccle","classification","/home/chiamaka/Documents/fastpls/data/ccle.RData",123,547,71,1000,18,"float64","float64","argmax","pls","float64",4.89482116699219,26,4,"pls_simpls_fit","pls","2.9.0","pls::simpls.fit","SIMPLS","simpls","simpls",TRUE,57,"accuracy",0.71830985915493,0.71830985915493,0.59021164021164,0.602765752765753,,,,"ok",,,139.484375,0.52,0.04,"ok"
"ccle","classification","/home/chiamaka/Documents/fastpls/data/ccle.RData",123,547,71,1000,18,"float64","float64","argmax","pls","float64",4.89482116699219,26,5,"pls_simpls_fit","pls","2.9.0","pls::simpls.fit","SIMPLS","simpls","simpls",TRUE,57,"accuracy",0.71830985915493,0.71830985915493,0.59021164021164,0.602765752765753,,,,"ok",,,139.023438,0.53,0.04,"ok"
"ccle","classification","/home/chiamaka/Documents/fastpls/data/ccle.RData",123,547,71,1000,18,"float64","float64","argmax","pls","float64",4.89482116699219,26,6,"pls_simpls_fit","pls","2.9.0","pls::simpls.fit","SIMPLS","simpls","simpls",TRUE,57,"accuracy",0.71830985915493,0.71830985915493,0.59021164021164,0.602765752765753,,,,"ok",,,139.304688,0.51,0.05,"ok"
"ccle","classification","/home/chiamaka/Documents/fastpls/data/ccle.RData",123,547,71,1000,18,"float64","float64","argmax","pls","float64",4.89482116699219,26,7,"pls_simpls_fit","pls","2.9.0","pls::simpls.fit","SIMPLS","simpls","simpls",TRUE,57,"accuracy",0.71830985915493,0.71830985915493,0.59021164021164,0.602765752765753,,,,"ok",,,139.144531,0.51,0.05,"ok"
"ccle","classification","/home/chiamaka/Documents/fastpls/data/ccle.RData",123,547,71,1000,18,"float64","float64","argmax","pls","float64",4.89482116699219,26,8,"pls_simpls_fit","pls","2.9.0","pls::simpls.fit","SIMPLS","simpls","simpls",TRUE,60,"accuracy",0.71830985915493,0.71830985915493,0.59021164021164,0.602765752765753,,,,"ok",,,139.394531,0.55,0.04,"ok"
"ccle","classification","/home/chiamaka/Documents/fastpls/data/ccle.RData",123,547,71,1000,18,"float64","float64","argmax","pls","float64",4.89482116699219,26,9,"pls_simpls_fit","pls","2.9.0","pls::simpls.fit","SIMPLS","simpls","simpls",TRUE,58,"accuracy",0.71830985915493,0.71830985915493,0.59021164021164,0.602765752765753,,,,"ok",,,139.339844,0.52,0.05,"ok"
"ccle","classification","/home/chiamaka/Documents/fastpls/data/ccle.RData",123,547,71,1000,18,"float64","float64","argmax","pls","float64",4.89482116699219,26,10,"pls_simpls_fit","pls","2.9.0","pls::simpls.fit","SIMPLS","simpls","simpls",TRUE,62,"accuracy",0.71830985915493,0.71830985915493,0.59021164021164,0.602765752765753,,,,"ok",,,139.019531,0.54,0.04,"ok"
"ccle","classification","/home/chiamaka/Documents/fastpls/data/ccle.RData",123,547,71,1000,18,"float64","float64","argmax","plsdepot","float64",4.89482116699219,26,1,"plsdepot_simpls","plsdepot","0.3.1","plsdepot::simpls","SIMPLS","simpls","simpls",TRUE,2939,"accuracy",0.746478873239437,0.746478873239437,0.641137566137566,0.633166551644813,,,,"ok",,,160.265625,3.43,0.07,"ok"
"ccle","classification","/home/chiamaka/Documents/fastpls/data/ccle.RData",123,547,71,1000,18,"float64","float64","argmax","plsdepot","float64",4.89482116699219,26,2,"plsdepot_simpls","plsdepot","0.3.1","plsdepot::simpls","SIMPLS","simpls","simpls",TRUE,2933,"accuracy",0.746478873239437,0.746478873239437,0.641137566137566,0.633166551644813,,,,"ok",,,159.964844,3.4,0.07,"ok"
"ccle","classification","/home/chiamaka/Documents/fastpls/data/ccle.RData",123,547,71,1000,18,"float64","float64","argmax","plsdepot","float64",4.89482116699219,26,3,"plsdepot_simpls","plsdepot","0.3.1","plsdepot::simpls","SIMPLS","simpls","simpls",TRUE,2948,"accuracy",0.746478873239437,0.746478873239437,0.641137566137566,0.633166551644813,,,,"ok",,,160.441406,3.44,0.06,"ok"
"ccle","classification","/home/chiamaka/Documents/fastpls/data/ccle.RData",123,547,71,1000,18,"float64","float64","lda","plsgenomics","float64",4.89482116699219,26,1,"plsgenomics_pls_lda","plsgenomics","1.5.3","plsgenomics::pls.lda","PLS-LDA","PLS-LDA","PLS-LDA",TRUE,65.0000000000001,"accuracy",0.774647887323944,0.774647887323944,0.685582010582011,0.705659772326439,,,,"ok",,,163.363281,0.88,0.08,"ok"
"ccle","classification","/home/chiamaka/Documents/fastpls/data/ccle.RData",123,547,71,1000,18,"float64","float64","lda","plsgenomics","float64",4.89482116699219,26,2,"plsgenomics_pls_lda","plsgenomics","1.5.3","plsgenomics::pls.lda","PLS-LDA","PLS-LDA","PLS-LDA",TRUE,63.9999999999999,"accuracy",0.774647887323944,0.774647887323944,0.685582010582011,0.705659772326439,,,,"ok",,,163.777344,0.88,0.07,"ok"
"ccle","classification","/home/chiamaka/Documents/fastpls/data/ccle.RData",123,547,71,1000,18,"float64","float64","lda","plsgenomics","float64",4.89482116699219,26,3,"plsgenomics_pls_lda","plsgenomics","1.5.3","plsgenomics::pls.lda","PLS-LDA","PLS-LDA","PLS-LDA",TRUE,63.9999999999999,"accuracy",0.774647887323944,0.774647887323944,0.685582010582011,0.705659772326439,,,,"ok",,,163.5625,0.88,0.06,"ok"
"ccle","classification","/home/chiamaka/Documents/fastpls/data/ccle.RData",123,547,71,1000,18,"float64","float64","lda","plsgenomics","float64",4.89482116699219,26,4,"plsgenomics_pls_lda","plsgenomics","1.5.3","plsgenomics::pls.lda","PLS-LDA","PLS-LDA","PLS-LDA",TRUE,63.0000000000001,"accuracy",0.774647887323944,0.774647887323944,0.685582010582011,0.705659772326439,,,,"ok",,,163.078125,0.9,0.05,"ok"
"ccle","classification","/home/chiamaka/Documents/fastpls/data/ccle.RData",123,547,71,1000,18,"float64","float64","lda","plsgenomics","float64",4.89482116699219,26,5,"plsgenomics_pls_lda","plsgenomics","1.5.3","plsgenomics::pls.lda","PLS-LDA","PLS-LDA","PLS-LDA",TRUE,64.0000000000001,"accuracy",0.774647887323944,0.774647887323944,0.685582010582011,0.705659772326439,,,,"ok",,,163.722656,0.9,0.07,"ok"
"ccle","classification","/home/chiamaka/Documents/fastpls/data/ccle.RData",123,547,71,1000,18,"float64","float64","lda","plsgenomics","float64",4.89482116699219,26,6,"plsgenomics_pls_lda","plsgenomics","1.5.3","plsgenomics::pls.lda","PLS-LDA","PLS-LDA","PLS-LDA",TRUE,63.9999999999999,"accuracy",0.774647887323944,0.774647887323944,0.685582010582011,0.705659772326439,,,,"ok",,,163.183594,0.88,0.06,"ok"
"ccle","classification","/home/chiamaka/Documents/fastpls/data/ccle.RData",123,547,71,1000,18,"float64","float64","lda","plsgenomics","float64",4.89482116699219,26,7,"plsgenomics_pls_lda","plsgenomics","1.5.3","plsgenomics::pls.lda","PLS-LDA","PLS-LDA","PLS-LDA",TRUE,63.9999999999999,"accuracy",0.774647887323944,0.774647887323944,0.685582010582011,0.705659772326439,,,,"ok",,,163.421875,0.88,0.08,"ok"
"ccle","classification","/home/chiamaka/Documents/fastpls/data/ccle.RData",123,547,71,1000,18,"float64","float64","lda","plsgenomics","float64",4.89482116699219,26,8,"plsgenomics_pls_lda","plsgenomics","1.5.3","plsgenomics::pls.lda","PLS-LDA","PLS-LDA","PLS-LDA",TRUE,65.0000000000001,"accuracy",0.774647887323944,0.774647887323944,0.685582010582011,0.705659772326439,,,,"ok",,,163.109375,0.89,0.06,"ok"
"ccle","classification","/home/chiamaka/Documents/fastpls/data/ccle.RData",123,547,71,1000,18,"float64","float64","lda","plsgenomics","float64",4.89482116699219,26,9,"plsgenomics_pls_lda","plsgenomics","1.5.3","plsgenomics::pls.lda","PLS-LDA","PLS-LDA","PLS-LDA",TRUE,63.9999999999999,"accuracy",0.774647887323944,0.774647887323944,0.685582010582011,0.705659772326439,,,,"ok",,,163.476562,0.86,0.07,"ok"
"ccle","classification","/home/chiamaka/Documents/fastpls/data/ccle.RData",123,547,71,1000,18,"float64","float64","lda","plsgenomics","float64",4.89482116699219,26,10,"plsgenomics_pls_lda","plsgenomics","1.5.3","plsgenomics::pls.lda","PLS-LDA","PLS-LDA","PLS-LDA",TRUE,62.9999999999999,"accuracy",0.774647887323944,0.774647887323944,0.685582010582011,0.705659772326439,,,,"ok",,,163.644531,0.88,0.07,"ok"
"ccle","classification","/home/chiamaka/Documents/fastpls/data/ccle.RData",123,547,71,1000,18,"float64","float64","argmax","spls","float64",4.89482116699219,26,1,"spls_splsda","spls","2.3.2","spls::splsda","sPLS-DA","sPLS-DA","sPLS-DA",TRUE,991,"accuracy",0.690140845070423,0.690140845070423,0.61957671957672,0.61711860670194,,,,"ok",,,160.65625,1.45,0.08,"ok"
"ccle","classification","/home/chiamaka/Documents/fastpls/data/ccle.RData",123,547,71,1000,18,"float64","float64","argmax","spls","float64",4.89482116699219,26,2,"spls_splsda","spls","2.3.2","spls::splsda","sPLS-DA","sPLS-DA","sPLS-DA",TRUE,983,"accuracy",0.690140845070423,0.690140845070423,0.61957671957672,0.61711860670194,,,,"ok",,,160.558594,1.43,0.07,"ok"
"ccle","classification","/home/chiamaka/Documents/fastpls/data/ccle.RData",123,547,71,1000,18,"float64","float64","argmax","spls","float64",4.89482116699219,26,3,"spls_splsda","spls","2.3.2","spls::splsda","sPLS-DA","sPLS-DA","sPLS-DA",TRUE,988,"accuracy",0.690140845070423,0.690140845070423,0.61957671957672,0.61711860670194,,,,"ok",,,160.636719,1.44,0.07,"ok"
"ccle","classification","/home/chiamaka/Documents/fastpls/data/ccle.RData",123,547,71,1000,18,"float64","float64","argmax","spls","float64",4.89482116699219,26,4,"spls_splsda","spls","2.3.2","spls::splsda","sPLS-DA","sPLS-DA","sPLS-DA",TRUE,993,"accuracy",0.690140845070423,0.690140845070423,0.61957671957672,0.61711860670194,,,,"ok",,,160.683594,1.42,0.07,"ok"
"ccle","classification","/home/chiamaka/Documents/fastpls/data/ccle.RData",123,547,71,1000,18,"float64","float64","argmax","spls","float64",4.89482116699219,26,5,"spls_splsda","spls","2.3.2","spls::splsda","sPLS-DA","sPLS-DA","sPLS-DA",TRUE,980,"accuracy",0.690140845070423,0.690140845070423,0.61957671957672,0.61711860670194,,,,"ok",,,160.414062,1.42,0.07,"ok"
"ccle","classification","/home/chiamaka/Documents/fastpls/data/ccle.RData",123,547,71,1000,18,"float64","float64","argmax","spls","float64",4.89482116699219,26,6,"spls_splsda","spls","2.3.2","spls::splsda","sPLS-DA","sPLS-DA","sPLS-DA",TRUE,1020,"accuracy",0.690140845070423,0.690140845070423,0.61957671957672,0.61711860670194,,,,"ok",,,160.273438,1.47,0.07,"ok"
"ccle","classification","/home/chiamaka/Documents/fastpls/data/ccle.RData",123,547,71,1000,18,"float64","float64","argmax","spls","float64",4.89482116699219,26,7,"spls_splsda","spls","2.3.2","spls::splsda","sPLS-DA","sPLS-DA","sPLS-DA",TRUE,994,"accuracy",0.690140845070423,0.690140845070423,0.61957671957672,0.61711860670194,,,,"ok",,,160.492188,1.44,0.07,"ok"
"ccle","classification","/home/chiamaka/Documents/fastpls/data/ccle.RData",123,547,71,1000,18,"float64","float64","argmax","spls","float64",4.89482116699219,26,8,"spls_splsda","spls","2.3.2","spls::splsda","sPLS-DA","sPLS-DA","sPLS-DA",TRUE,988,"accuracy",0.690140845070423,0.690140845070423,0.61957671957672,0.61711860670194,,,,"ok",,,160.304688,1.44,0.07,"ok"
"ccle","classification","/home/chiamaka/Documents/fastpls/data/ccle.RData",123,547,71,1000,18,"float64","float64","argmax","spls","float64",4.89482116699219,26,9,"spls_splsda","spls","2.3.2","spls::splsda","sPLS-DA","sPLS-DA","sPLS-DA",TRUE,1004,"accuracy",0.690140845070423,0.690140845070423,0.61957671957672,0.61711860670194,,,,"ok",,,160.511719,1.43,0.08,"ok"
"ccle","classification","/home/chiamaka/Documents/fastpls/data/ccle.RData",123,547,71,1000,18,"float64","float64","argmax","spls","float64",4.89482116699219,26,10,"spls_splsda","spls","2.3.2","spls::splsda","sPLS-DA","sPLS-DA","sPLS-DA",TRUE,994,"accuracy",0.690140845070423,0.690140845070423,0.61957671957672,0.61711860670194,,,,"ok",,,160.078125,1.43,0.06,"ok"
"cifar100","classification","/home/chiamaka/Documents/Rdatasets/CIFAR100.RData",123,50000,10000,768,100,"float64","float64","argmax","chemometrics","float64",351.909210205078,263,1,"chemometrics_pls_eigen","chemometrics","1.4.4","chemometrics::pls_eigen","PLS eigen","PLS eigen","PLS eigen",TRUE,34181,"accuracy",0.8741,0.8741,0.8741,0.871947611199974,,,,"ok",,,2027.210938,37.82,0.89,"ok"
"cifar100","classification","/home/chiamaka/Documents/Rdatasets/CIFAR100.RData",123,50000,10000,768,100,"float64","float64","argmax","chemometrics","float64",351.909210205078,263,2,"chemometrics_pls_eigen","chemometrics","1.4.4","chemometrics::pls_eigen","PLS eigen","PLS eigen","PLS eigen",TRUE,34211,"accuracy",0.8741,0.8741,0.8741,0.871947611199974,,,,"ok",,,2027.875,37.88,0.87,"ok"
"cifar100","classification","/home/chiamaka/Documents/Rdatasets/CIFAR100.RData",123,50000,10000,768,100,"float64","float64","argmax","chemometrics","float64",351.909210205078,263,3,"chemometrics_pls_eigen","chemometrics","1.4.4","chemometrics::pls_eigen","PLS eigen","PLS eigen","PLS eigen",TRUE,34188,"accuracy",0.8741,0.8741,0.8741,0.871947611199974,,,,"ok",,,2027.5,37.86,0.89,"ok"
"cifar100","classification","/home/chiamaka/Documents/Rdatasets/CIFAR100.RData",123,50000,10000,768,100,"float64","float64","argmax","argmax","float64",351.909210205078,263,1,"fastPLS_simpls_cpu_irlba","fastPLS","0.99.39","fastPLS::pls(method='simpls', backend='cpu', svd.method='irlba', classifier='argmax')","SIMPLS","simpls","simpls",TRUE,16295,"accuracy",0.8912,0.8912,0.8912,0.88985913883586,,,,"ok",,,1687.101562,20.65,0.66,"ok"
"cifar100","classification","/home/chiamaka/Documents/Rdatasets/CIFAR100.RData",123,50000,10000,768,100,"float64","float64","argmax","argmax","float64",351.909210205078,263,2,"fastPLS_simpls_cpu_irlba","fastPLS","0.99.39","fastPLS::pls(method='simpls', backend='cpu', svd.method='irlba', classifier='argmax')","SIMPLS","simpls","simpls",TRUE,16395,"accuracy",0.8912,0.8912,0.8912,0.88985913883586,,,,"ok",,,1687.101562,20.73,0.72,"ok"
"cifar100","classification","/home/chiamaka/Documents/Rdatasets/CIFAR100.RData",123,50000,10000,768,100,"float64","float64","argmax","argmax","float64",351.909210205078,263,3,"fastPLS_simpls_cpu_irlba","fastPLS","0.99.39","fastPLS::pls(method='simpls', backend='cpu', svd.method='irlba', classifier='argmax')","SIMPLS","simpls","simpls",TRUE,16387,"accuracy",0.8912,0.8912,0.8912,0.88985913883586,,,,"ok",,,1687.140625,20.66,0.76,"ok"
"cifar100","classification","/home/chiamaka/Documents/Rdatasets/CIFAR100.RData",123,50000,10000,768,100,"float64","float64","lda","cpp_project","float64",351.909210205078,263,1,"fastPLS_simpls_cpu_irlba_lda","fastPLS","0.99.39","fastPLS::pls(method='simpls', backend='cpu', svd.method='irlba', classifier='lda')","SIMPLS + LDA","simpls","simpls",TRUE,23364,"accuracy",0.8847,0.8847,0.8847,0.888974693902574,,,,"ok",,,1686.828125,27.66,0.7,"ok"
"cifar100","classification","/home/chiamaka/Documents/Rdatasets/CIFAR100.RData",123,50000,10000,768,100,"float64","float64","lda","cpp_project","float64",351.909210205078,263,2,"fastPLS_simpls_cpu_irlba_lda","fastPLS","0.99.39","fastPLS::pls(method='simpls', backend='cpu', svd.method='irlba', classifier='lda')","SIMPLS + LDA","simpls","simpls",TRUE,23343,"accuracy",0.8847,0.8847,0.8847,0.888974693902574,,,,"ok",,,1687.617188,27.59,0.75,"ok"
"cifar100","classification","/home/chiamaka/Documents/Rdatasets/CIFAR100.RData",123,50000,10000,768,100,"float64","float64","lda","cpp_project","float64",351.909210205078,263,3,"fastPLS_simpls_cpu_irlba_lda","fastPLS","0.99.39","fastPLS::pls(method='simpls', backend='cpu', svd.method='irlba', classifier='lda')","SIMPLS + LDA","simpls","simpls",TRUE,23339,"accuracy",0.8847,0.8847,0.8847,0.888974693902574,,,,"ok",,,1686.78125,27.72,0.67,"ok"
"cifar100","classification","/home/chiamaka/Documents/Rdatasets/CIFAR100.RData",123,50000,10000,768,100,"float64","float64","argmax","mdatools","float64",351.909210205078,263,1,"mdatools_plsda_or_pls","mdatools","0.15.0","mdatools::plsda or mdatools::pls","SIMPLS/PLS-DA","SIMPLS/PLS-DA","SIMPLS/PLS-DA",TRUE,,"accuracy",,,,,,,,"killed_sig9",,"Package comparison run terminated by signal 9",28150.277344,727.66,35.24,"error_137"
"cifar100","classification","/home/chiamaka/Documents/Rdatasets/CIFAR100.RData",123,50000,10000,768,100,"float64","float64","argmax","mdatools","float64",351.909210205078,263,2,"mdatools_plsda_or_pls","mdatools","0.15.0","mdatools::plsda or mdatools::pls","SIMPLS/PLS-DA","SIMPLS/PLS-DA","SIMPLS/PLS-DA",TRUE,,"accuracy",,,,,,,,"skipped_after_previous_failure",,"Replicate skipped because replicate 1 ended with status 'killed_sig9'.",,,,"not_started"
"cifar100","classification","/home/chiamaka/Documents/Rdatasets/CIFAR100.RData",123,50000,10000,768,100,"float64","float64","argmax","mdatools","float64",351.909210205078,263,3,"mdatools_plsda_or_pls","mdatools","0.15.0","mdatools::plsda or mdatools::pls","SIMPLS/PLS-DA","SIMPLS/PLS-DA","SIMPLS/PLS-DA",TRUE,,"accuracy",,,,,,,,"skipped_after_previous_failure",,"Replicate skipped because replicate 1 ended with status 'killed_sig9'.",,,,"not_started"
"cifar100","classification","/home/chiamaka/Documents/Rdatasets/CIFAR100.RData",123,50000,10000,768,100,"float64","float64","argmax","mixOmics","float64",351.909210205078,263,1,"mixOmics_plsda","mixOmics","6.36.0","mixOmics::plsda","PLS-DA","PLS-DA","PLS-DA",TRUE,,"accuracy",,,,,,,,"killed_timeout",,"Package comparison run exceeded timeout",12042.382812,9932.31,67.89,"killed_timeout"
"cifar100","classification","/home/chiamaka/Documents/Rdatasets/CIFAR100.RData",123,50000,10000,768,100,"float64","float64","argmax","mixOmics","float64",351.909210205078,263,2,"mixOmics_plsda","mixOmics","6.36.0","mixOmics::plsda","PLS-DA","PLS-DA","PLS-DA",TRUE,,"accuracy",,,,,,,,"skipped_after_previous_failure",,"Replicate skipped because replicate 1 ended with status 'killed_timeout'.",,,,"not_started"
"cifar100","classification","/home/chiamaka/Documents/Rdatasets/CIFAR100.RData",123,50000,10000,768,100,"float64","float64","argmax","mixOmics","float64",351.909210205078,263,3,"mixOmics_plsda","mixOmics","6.36.0","mixOmics::plsda","PLS-DA","PLS-DA","PLS-DA",TRUE,,"accuracy",,,,,,,,"skipped_after_previous_failure",,"Replicate skipped because replicate 1 ended with status 'killed_timeout'.",,,,"not_started"
"cifar100","classification","/home/chiamaka/Documents/Rdatasets/CIFAR100.RData",123,50000,10000,768,100,"float64","float64","argmax","pcv","float64",351.909210205078,263,1,"pcv_simpls","pcv","1.1.0","pcv:::simpls","SIMPLS","simpls","simpls",TRUE,48194,"accuracy",0.8912,0.8912,0.8912,0.88985913883586,,,,"ok",,,1591.050781,52.04,0.71,"ok"
"cifar100","classification","/home/chiamaka/Documents/Rdatasets/CIFAR100.RData",123,50000,10000,768,100,"float64","float64","argmax","pcv","float64",351.909210205078,263,2,"pcv_simpls","pcv","1.1.0","pcv:::simpls","SIMPLS","simpls","simpls",TRUE,48096,"accuracy",0.8912,0.8912,0.8912,0.88985913883586,,,,"ok",,,1591,51.87,0.76,"ok"
"cifar100","classification","/home/chiamaka/Documents/Rdatasets/CIFAR100.RData",123,50000,10000,768,100,"float64","float64","argmax","pcv","float64",351.909210205078,263,3,"pcv_simpls","pcv","1.1.0","pcv:::simpls","SIMPLS","simpls","simpls",TRUE,47927,"accuracy",0.8912,0.8912,0.8912,0.88985913883586,,,,"ok",,,1590.992188,51.65,0.73,"ok"
"cifar100","classification","/home/chiamaka/Documents/Rdatasets/CIFAR100.RData",123,50000,10000,768,100,"float64","float64","argmax","pls","float64",351.909210205078,263,1,"pls_simpls_fit","pls","2.9.0","pls::simpls.fit","SIMPLS","simpls","simpls",TRUE,,"accuracy",,,,,,,,"killed_sig9",,"Package comparison run terminated by signal 9",27030.210938,154.14,22.13,"error_137"
"cifar100","classification","/home/chiamaka/Documents/Rdatasets/CIFAR100.RData",123,50000,10000,768,100,"float64","float64","argmax","pls","float64",351.909210205078,263,2,"pls_simpls_fit","pls","2.9.0","pls::simpls.fit","SIMPLS","simpls","simpls",TRUE,,"accuracy",,,,,,,,"skipped_after_previous_failure",,"Replicate skipped because replicate 1 ended with status 'killed_sig9'.",,,,"not_started"
"cifar100","classification","/home/chiamaka/Documents/Rdatasets/CIFAR100.RData",123,50000,10000,768,100,"float64","float64","argmax","pls","float64",351.909210205078,263,3,"pls_simpls_fit","pls","2.9.0","pls::simpls.fit","SIMPLS","simpls","simpls",TRUE,,"accuracy",,,,,,,,"skipped_after_previous_failure",,"Replicate skipped because replicate 1 ended with status 'killed_sig9'.",,,,"not_started"
"cifar100","classification","/home/chiamaka/Documents/Rdatasets/CIFAR100.RData",123,50000,10000,768,100,"float64","float64","argmax","plsdepot","float64",351.909210205078,263,1,"plsdepot_simpls","plsdepot","0.3.1","plsdepot::simpls","SIMPLS","simpls","simpls",TRUE,2095980,"accuracy",0.8704,0.8704,0.8704,0.866232639504298,,,,"ok",,,3408.605469,2090.78,9.46,"ok"
"cifar100","classification","/home/chiamaka/Documents/Rdatasets/CIFAR100.RData",123,50000,10000,768,100,"float64","float64","argmax","plsdepot","float64",351.909210205078,263,2,"plsdepot_simpls","plsdepot","0.3.1","plsdepot::simpls","SIMPLS","simpls","simpls",TRUE,2097960,"accuracy",0.8704,0.8704,0.8704,0.866232639504298,,,,"ok",,,3408.214844,2092.58,9.78,"ok"
"cifar100","classification","/home/chiamaka/Documents/Rdatasets/CIFAR100.RData",123,50000,10000,768,100,"float64","float64","argmax","plsdepot","float64",351.909210205078,263,3,"plsdepot_simpls","plsdepot","0.3.1","plsdepot::simpls","SIMPLS","simpls","simpls",TRUE,2101471,"accuracy",0.8704,0.8704,0.8704,0.866232639504298,,,,"ok",,,3408.132812,2096.35,9.45,"ok"
"cifar100","classification","/home/chiamaka/Documents/Rdatasets/CIFAR100.RData",123,50000,10000,768,100,"float64","float64","lda","plsgenomics","float64",351.909210205078,263,1,"plsgenomics_pls_lda","plsgenomics","1.5.3","plsgenomics::pls.lda","PLS-LDA","PLS-LDA","PLS-LDA",TRUE,51202,"accuracy",0.8847,0.8847,0.8847,0.888974693902574,,,,"ok",,,1994.113281,55.09,0.92,"ok"
"cifar100","classification","/home/chiamaka/Documents/Rdatasets/CIFAR100.RData",123,50000,10000,768,100,"float64","float64","lda","plsgenomics","float64",351.909210205078,263,2,"plsgenomics_pls_lda","plsgenomics","1.5.3","plsgenomics::pls.lda","PLS-LDA","PLS-LDA","PLS-LDA",TRUE,51409,"accuracy",0.8847,0.8847,0.8847,0.888974693902574,,,,"ok",,,1994.707031,55.2,0.99,"ok"
"cifar100","classification","/home/chiamaka/Documents/Rdatasets/CIFAR100.RData",123,50000,10000,768,100,"float64","float64","lda","plsgenomics","float64",351.909210205078,263,3,"plsgenomics_pls_lda","plsgenomics","1.5.3","plsgenomics::pls.lda","PLS-LDA","PLS-LDA","PLS-LDA",TRUE,51221,"accuracy",0.8847,0.8847,0.8847,0.888974693902574,,,,"ok",,,1994.398438,55.11,0.86,"ok"
"cifar100","classification","/home/chiamaka/Documents/Rdatasets/CIFAR100.RData",123,50000,10000,768,100,"float64","float64","argmax","spls","float64",351.909210205078,263,1,"spls_splsda","spls","2.3.2","spls::splsda","sPLS-DA","sPLS-DA","sPLS-DA",TRUE,,"accuracy",,,,,,,,"killed_sig9",,"Package comparison run terminated by signal 9",27910.769531,2034.35,389.13,"error_137"
"cifar100","classification","/home/chiamaka/Documents/Rdatasets/CIFAR100.RData",123,50000,10000,768,100,"float64","float64","argmax","spls","float64",351.909210205078,263,2,"spls_splsda","spls","2.3.2","spls::splsda","sPLS-DA","sPLS-DA","sPLS-DA",TRUE,,"accuracy",,,,,,,,"skipped_after_previous_failure",,"Replicate skipped because replicate 1 ended with status 'killed_sig9'.",,,,"not_started"
"cifar100","classification","/home/chiamaka/Documents/Rdatasets/CIFAR100.RData",123,50000,10000,768,100,"float64","float64","argmax","spls","float64",351.909210205078,263,3,"spls_splsda","spls","2.3.2","spls::splsda","sPLS-DA","sPLS-DA","sPLS-DA",TRUE,,"accuracy",,,,,,,,"skipped_after_previous_failure",,"Replicate skipped because replicate 1 ended with status 'killed_sig9'.",,,,"not_started"
"gtex_v8","classification","/home/chiamaka/Documents/fastpls/data/gtex_v8.RData",123,3000,797,1000,32,"float64","float64","argmax","chemometrics","float64",29.4751892089844,190,1,"chemometrics_pls_eigen","chemometrics","1.4.4","chemometrics::pls_eigen","PLS eigen","PLS eigen","PLS eigen",TRUE,3445,"accuracy",0.941028858218319,0.941028858218319,0.770679859726495,0.781395675597552,,,,"ok",,,280.171875,4.01,0.13,"ok"
"gtex_v8","classification","/home/chiamaka/Documents/fastpls/data/gtex_v8.RData",123,3000,797,1000,32,"float64","float64","argmax","chemometrics","float64",29.4751892089844,190,2,"chemometrics_pls_eigen","chemometrics","1.4.4","chemometrics::pls_eigen","PLS eigen","PLS eigen","PLS eigen",TRUE,3429,"accuracy",0.941028858218319,0.941028858218319,0.770679859726495,0.781395675597552,,,,"ok",,,280.445312,4.01,0.12,"ok"
"gtex_v8","classification","/home/chiamaka/Documents/fastpls/data/gtex_v8.RData",123,3000,797,1000,32,"float64","float64","argmax","chemometrics","float64",29.4751892089844,190,3,"chemometrics_pls_eigen","chemometrics","1.4.4","chemometrics::pls_eigen","PLS eigen","PLS eigen","PLS eigen",TRUE,3405,"accuracy",0.941028858218319,0.941028858218319,0.770679859726495,0.781395675597552,,,,"ok",,,280.566406,3.97,0.11,"ok"
"gtex_v8","classification","/home/chiamaka/Documents/fastpls/data/gtex_v8.RData",123,3000,797,1000,32,"float64","float64","argmax","argmax","float64",29.4751892089844,190,1,"fastPLS_simpls_cpu_irlba","fastPLS","0.99.39","fastPLS::pls(method='simpls', backend='cpu', svd.method='irlba', classifier='argmax')","SIMPLS","simpls","simpls",TRUE,993,"accuracy",0.963613550815558,0.963613550815558,0.823156168906619,0.829612729932731,,,,"ok",,,501.757812,2.03,0.15,"ok"
"gtex_v8","classification","/home/chiamaka/Documents/fastpls/data/gtex_v8.RData",123,3000,797,1000,32,"float64","float64","argmax","argmax","float64",29.4751892089844,190,2,"fastPLS_simpls_cpu_irlba","fastPLS","0.99.39","fastPLS::pls(method='simpls', backend='cpu', svd.method='irlba', classifier='argmax')","SIMPLS","simpls","simpls",TRUE,998,"accuracy",0.963613550815558,0.963613550815558,0.823156168906619,0.829612729932731,,,,"ok",,,501.414062,2.02,0.15,"ok"
"gtex_v8","classification","/home/chiamaka/Documents/fastpls/data/gtex_v8.RData",123,3000,797,1000,32,"float64","float64","argmax","argmax","float64",29.4751892089844,190,3,"fastPLS_simpls_cpu_irlba","fastPLS","0.99.39","fastPLS::pls(method='simpls', backend='cpu', svd.method='irlba', classifier='argmax')","SIMPLS","simpls","simpls",TRUE,992,"accuracy",0.963613550815558,0.963613550815558,0.823156168906619,0.829612729932731,,,,"ok",,,501.996094,2.01,0.15,"ok"
"gtex_v8","classification","/home/chiamaka/Documents/fastpls/data/gtex_v8.RData",123,3000,797,1000,32,"float64","float64","argmax","argmax","float64",29.4751892089844,190,4,"fastPLS_simpls_cpu_irlba","fastPLS","0.99.39","fastPLS::pls(method='simpls', backend='cpu', svd.method='irlba', classifier='argmax')","SIMPLS","simpls","simpls",TRUE,998,"accuracy",0.963613550815558,0.963613550815558,0.823156168906619,0.829612729932731,,,,"ok",,,501.613281,2.05,0.13,"ok"
"gtex_v8","classification","/home/chiamaka/Documents/fastpls/data/gtex_v8.RData",123,3000,797,1000,32,"float64","float64","argmax","argmax","float64",29.4751892089844,190,5,"fastPLS_simpls_cpu_irlba","fastPLS","0.99.39","fastPLS::pls(method='simpls', backend='cpu', svd.method='irlba', classifier='argmax')","SIMPLS","simpls","simpls",TRUE,994,"accuracy",0.963613550815558,0.963613550815558,0.823156168906619,0.829612729932731,,,,"ok",,,501.984375,2.04,0.15,"ok"
"gtex_v8","classification","/home/chiamaka/Documents/fastpls/data/gtex_v8.RData",123,3000,797,1000,32,"float64","float64","argmax","argmax","float64",29.4751892089844,190,6,"fastPLS_simpls_cpu_irlba","fastPLS","0.99.39","fastPLS::pls(method='simpls', backend='cpu', svd.method='irlba', classifier='argmax')","SIMPLS","simpls","simpls",TRUE,991,"accuracy",0.963613550815558,0.963613550815558,0.823156168906619,0.829612729932731,,,,"ok",,,502.070312,2.04,0.13,"ok"
"gtex_v8","classification","/home/chiamaka/Documents/fastpls/data/gtex_v8.RData",123,3000,797,1000,32,"float64","float64","argmax","argmax","float64",29.4751892089844,190,7,"fastPLS_simpls_cpu_irlba","fastPLS","0.99.39","fastPLS::pls(method='simpls', backend='cpu', svd.method='irlba', classifier='argmax')","SIMPLS","simpls","simpls",TRUE,993,"accuracy",0.963613550815558,0.963613550815558,0.823156168906619,0.829612729932731,,,,"ok",,,501.808594,2.03,0.13,"ok"
"gtex_v8","classification","/home/chiamaka/Documents/fastpls/data/gtex_v8.RData",123,3000,797,1000,32,"float64","float64","argmax","argmax","float64",29.4751892089844,190,8,"fastPLS_simpls_cpu_irlba","fastPLS","0.99.39","fastPLS::pls(method='simpls', backend='cpu', svd.method='irlba', classifier='argmax')","SIMPLS","simpls","simpls",TRUE,996,"accuracy",0.963613550815558,0.963613550815558,0.823156168906619,0.829612729932731,,,,"ok",,,502.207031,2.03,0.13,"ok"
"gtex_v8","classification","/home/chiamaka/Documents/fastpls/data/gtex_v8.RData",123,3000,797,1000,32,"float64","float64","argmax","argmax","float64",29.4751892089844,190,9,"fastPLS_simpls_cpu_irlba","fastPLS","0.99.39","fastPLS::pls(method='simpls', backend='cpu', svd.method='irlba', classifier='argmax')","SIMPLS","simpls","simpls",TRUE,997,"accuracy",0.963613550815558,0.963613550815558,0.823156168906619,0.829612729932731,,,,"ok",,,501.46875,2.02,0.15,"ok"
"gtex_v8","classification","/home/chiamaka/Documents/fastpls/data/gtex_v8.RData",123,3000,797,1000,32,"float64","float64","argmax","argmax","float64",29.4751892089844,190,10,"fastPLS_simpls_cpu_irlba","fastPLS","0.99.39","fastPLS::pls(method='simpls', backend='cpu', svd.method='irlba', classifier='argmax')","SIMPLS","simpls","simpls",TRUE,991,"accuracy",0.963613550815558,0.963613550815558,0.823156168906619,0.829612729932731,,,,"ok",,,501.714844,2.03,0.14,"ok"
"gtex_v8","classification","/home/chiamaka/Documents/fastpls/data/gtex_v8.RData",123,3000,797,1000,32,"float64","float64","lda","cpp_project","float64",29.4751892089844,190,1,"fastPLS_simpls_cpu_irlba_lda","fastPLS","0.99.39","fastPLS::pls(method='simpls', backend='cpu', svd.method='irlba', classifier='lda')","SIMPLS + LDA","simpls","simpls",TRUE,1305,"accuracy",0.969887076537014,0.969887076537014,0.867805915711538,0.87156122383465,,,,"ok",,,505.785156,2.34,0.13,"ok"
"gtex_v8","classification","/home/chiamaka/Documents/fastpls/data/gtex_v8.RData",123,3000,797,1000,32,"float64","float64","lda","cpp_project","float64",29.4751892089844,190,2,"fastPLS_simpls_cpu_irlba_lda","fastPLS","0.99.39","fastPLS::pls(method='simpls', backend='cpu', svd.method='irlba', classifier='lda')","SIMPLS + LDA","simpls","simpls",TRUE,1286,"accuracy",0.969887076537014,0.969887076537014,0.867805915711538,0.87156122383465,,,,"ok",,,502.039062,2.33,0.15,"ok"
"gtex_v8","classification","/home/chiamaka/Documents/fastpls/data/gtex_v8.RData",123,3000,797,1000,32,"float64","float64","lda","cpp_project","float64",29.4751892089844,190,3,"fastPLS_simpls_cpu_irlba_lda","fastPLS","0.99.39","fastPLS::pls(method='simpls', backend='cpu', svd.method='irlba', classifier='lda')","SIMPLS + LDA","simpls","simpls",TRUE,1281,"accuracy",0.969887076537014,0.969887076537014,0.867805915711538,0.87156122383465,,,,"ok",,,502,2.32,0.14,"ok"
"gtex_v8","classification","/home/chiamaka/Documents/fastpls/data/gtex_v8.RData",123,3000,797,1000,32,"float64","float64","argmax","mdatools","float64",29.4751892089844,190,1,"mdatools_plsda_or_pls","mdatools","0.15.0","mdatools::plsda or mdatools::pls","SIMPLS/PLS-DA","SIMPLS/PLS-DA","SIMPLS/PLS-DA",TRUE,25186,"accuracy",0.963613550815558,0.963613550815558,0.823156168906619,0.829612729932731,,,,"ok","No validation results were found.",,1344.105469,24.5,1.58,"ok"
"gtex_v8","classification","/home/chiamaka/Documents/fastpls/data/gtex_v8.RData",123,3000,797,1000,32,"float64","float64","argmax","mdatools","float64",29.4751892089844,190,2,"mdatools_plsda_or_pls","mdatools","0.15.0","mdatools::plsda or mdatools::pls","SIMPLS/PLS-DA","SIMPLS/PLS-DA","SIMPLS/PLS-DA",TRUE,25053,"accuracy",0.963613550815558,0.963613550815558,0.823156168906619,0.829612729932731,,,,"ok","No validation results were found.",,1344.433594,24.4,1.54,"ok"
"gtex_v8","classification","/home/chiamaka/Documents/fastpls/data/gtex_v8.RData",123,3000,797,1000,32,"float64","float64","argmax","mdatools","float64",29.4751892089844,190,3,"mdatools_plsda_or_pls","mdatools","0.15.0","mdatools::plsda or mdatools::pls","SIMPLS/PLS-DA","SIMPLS/PLS-DA","SIMPLS/PLS-DA",TRUE,25206,"accuracy",0.963613550815558,0.963613550815558,0.823156168906619,0.829612729932731,,,,"ok","No validation results were found.",,1344.328125,24.53,1.58,"ok"
"gtex_v8","classification","/home/chiamaka/Documents/fastpls/data/gtex_v8.RData",123,3000,797,1000,32,"float64","float64","argmax","mixOmics","float64",29.4751892089844,190,1,"mixOmics_plsda","mixOmics","6.36.0","mixOmics::plsda","PLS-DA","PLS-DA","PLS-DA",TRUE,3336963,"accuracy",0.963613550815558,0.963613550815558,0.823156168906619,0.8296355966322,,,,"ok","the standard deviation is zero",,845.917969,3292.5,45.92,"ok"
"gtex_v8","classification","/home/chiamaka/Documents/fastpls/data/gtex_v8.RData",123,3000,797,1000,32,"float64","float64","argmax","mixOmics","float64",29.4751892089844,190,2,"mixOmics_plsda","mixOmics","6.36.0","mixOmics::plsda","PLS-DA","PLS-DA","PLS-DA",TRUE,3341605,"accuracy",0.963613550815558,0.963613550815558,0.823156168906619,0.8296355966322,,,,"ok","the standard deviation is zero",,845.773438,3295.64,47.37,"ok"
"gtex_v8","classification","/home/chiamaka/Documents/fastpls/data/gtex_v8.RData",123,3000,797,1000,32,"float64","float64","argmax","mixOmics","float64",29.4751892089844,190,3,"mixOmics_plsda","mixOmics","6.36.0","mixOmics::plsda","PLS-DA","PLS-DA","PLS-DA",TRUE,3348116,"accuracy",0.963613550815558,0.963613550815558,0.823156168906619,0.8296355966322,,,,"ok","the standard deviation is zero",,846.390625,3301.49,48.05,"ok"
"gtex_v8","classification","/home/chiamaka/Documents/fastpls/data/gtex_v8.RData",123,3000,797,1000,32,"float64","float64","argmax","pcv","float64",29.4751892089844,190,1,"pcv_simpls","pcv","1.1.0","pcv:::simpls","SIMPLS","simpls","simpls",TRUE,2981,"accuracy",0.963613550815558,0.963613550815558,0.823156168906619,0.829612729932731,,,,"ok",,,237.328125,3.49,0.1,"ok"
"gtex_v8","classification","/home/chiamaka/Documents/fastpls/data/gtex_v8.RData",123,3000,797,1000,32,"float64","float64","argmax","pcv","float64",29.4751892089844,190,2,"pcv_simpls","pcv","1.1.0","pcv:::simpls","SIMPLS","simpls","simpls",TRUE,2972,"accuracy",0.963613550815558,0.963613550815558,0.823156168906619,0.829612729932731,,,,"ok",,,236.972656,3.48,0.1,"ok"
"gtex_v8","classification","/home/chiamaka/Documents/fastpls/data/gtex_v8.RData",123,3000,797,1000,32,"float64","float64","argmax","pcv","float64",29.4751892089844,190,3,"pcv_simpls","pcv","1.1.0","pcv:::simpls","SIMPLS","simpls","simpls",TRUE,2975,"accuracy",0.963613550815558,0.963613550815558,0.823156168906619,0.829612729932731,,,,"ok",,,236.925781,3.48,0.09,"ok"
"gtex_v8","classification","/home/chiamaka/Documents/fastpls/data/gtex_v8.RData",123,3000,797,1000,32,"float64","float64","argmax","pls","float64",29.4751892089844,190,1,"pls_simpls_fit","pls","2.9.0","pls::simpls.fit","SIMPLS","simpls","simpls",TRUE,2860,"accuracy",0.963613550815558,0.963613550815558,0.823156168906619,0.829612729932731,,,,"ok",,,692.191406,3.27,0.21,"ok"
"gtex_v8","classification","/home/chiamaka/Documents/fastpls/data/gtex_v8.RData",123,3000,797,1000,32,"float64","float64","argmax","pls","float64",29.4751892089844,190,2,"pls_simpls_fit","pls","2.9.0","pls::simpls.fit","SIMPLS","simpls","simpls",TRUE,2836,"accuracy",0.963613550815558,0.963613550815558,0.823156168906619,0.829612729932731,,,,"ok",,,692.375,3.24,0.22,"ok"
"gtex_v8","classification","/home/chiamaka/Documents/fastpls/data/gtex_v8.RData",123,3000,797,1000,32,"float64","float64","argmax","pls","float64",29.4751892089844,190,3,"pls_simpls_fit","pls","2.9.0","pls::simpls.fit","SIMPLS","simpls","simpls",TRUE,2839,"accuracy",0.963613550815558,0.963613550815558,0.823156168906619,0.829612729932731,,,,"ok",,,692.117188,3.24,0.2,"ok"
"gtex_v8","classification","/home/chiamaka/Documents/fastpls/data/gtex_v8.RData",123,3000,797,1000,32,"float64","float64","argmax","plsdepot","float64",29.4751892089844,190,1,"plsdepot_simpls","plsdepot","0.3.1","plsdepot::simpls","SIMPLS","simpls","simpls",TRUE,37998,"accuracy",0.938519447929737,0.938519447929737,0.753705869542005,0.754070138219657,,,,"ok",,,351,38.48,0.12,"ok"
"gtex_v8","classification","/home/chiamaka/Documents/fastpls/data/gtex_v8.RData",123,3000,797,1000,32,"float64","float64","argmax","plsdepot","float64",29.4751892089844,190,2,"plsdepot_simpls","plsdepot","0.3.1","plsdepot::simpls","SIMPLS","simpls","simpls",TRUE,37618,"accuracy",0.938519447929737,0.938519447929737,0.753705869542005,0.754070138219657,,,,"ok",,,350.84375,38.06,0.17,"ok"
"gtex_v8","classification","/home/chiamaka/Documents/fastpls/data/gtex_v8.RData",123,3000,797,1000,32,"float64","float64","argmax","plsdepot","float64",29.4751892089844,190,3,"plsdepot_simpls","plsdepot","0.3.1","plsdepot::simpls","SIMPLS","simpls","simpls",TRUE,37806,"accuracy",0.938519447929737,0.938519447929737,0.753705869542005,0.754070138219657,,,,"ok",,,351.261719,38.3,0.12,"ok"
"gtex_v8","classification","/home/chiamaka/Documents/fastpls/data/gtex_v8.RData",123,3000,797,1000,32,"float64","float64","lda","plsgenomics","float64",29.4751892089844,190,1,"plsgenomics_pls_lda","plsgenomics","1.5.3","plsgenomics::pls.lda","PLS-LDA","PLS-LDA","PLS-LDA",TRUE,2261,"accuracy",0.969887076537014,0.969887076537014,0.867805915711538,0.87156122383465,,,,"ok",,,225.8125,3.13,0.11,"ok"
"gtex_v8","classification","/home/chiamaka/Documents/fastpls/data/gtex_v8.RData",123,3000,797,1000,32,"float64","float64","lda","plsgenomics","float64",29.4751892089844,190,2,"plsgenomics_pls_lda","plsgenomics","1.5.3","plsgenomics::pls.lda","PLS-LDA","PLS-LDA","PLS-LDA",TRUE,2261,"accuracy",0.969887076537014,0.969887076537014,0.867805915711538,0.87156122383465,,,,"ok",,,224.851562,3.13,0.1,"ok"
"gtex_v8","classification","/home/chiamaka/Documents/fastpls/data/gtex_v8.RData",123,3000,797,1000,32,"float64","float64","lda","plsgenomics","float64",29.4751892089844,190,3,"plsgenomics_pls_lda","plsgenomics","1.5.3","plsgenomics::pls.lda","PLS-LDA","PLS-LDA","PLS-LDA",TRUE,2261,"accuracy",0.969887076537014,0.969887076537014,0.867805915711538,0.87156122383465,,,,"ok",,,224.769531,3.13,0.11,"ok"
"gtex_v8","classification","/home/chiamaka/Documents/fastpls/data/gtex_v8.RData",123,3000,797,1000,32,"float64","float64","argmax","spls","float64",29.4751892089844,190,1,"spls_splsda","spls","2.3.2","spls::splsda","sPLS-DA","sPLS-DA","sPLS-DA",TRUE,147175,"accuracy",0.973651191969887,0.973651191969887,0.870970372782245,0.874443010606482,,,,"ok",,,1601.835938,138.31,9.52,"ok"
"gtex_v8","classification","/home/chiamaka/Documents/fastpls/data/gtex_v8.RData",123,3000,797,1000,32,"float64","float64","argmax","spls","float64",29.4751892089844,190,2,"spls_splsda","spls","2.3.2","spls::splsda","sPLS-DA","sPLS-DA","sPLS-DA",TRUE,147152,"accuracy",0.973651191969887,0.973651191969887,0.870970372782245,0.874443010606482,,,,"ok",,,1601.238281,138.45,9.35,"ok"
"gtex_v8","classification","/home/chiamaka/Documents/fastpls/data/gtex_v8.RData",123,3000,797,1000,32,"float64","float64","argmax","spls","float64",29.4751892089844,190,3,"spls_splsda","spls","2.3.2","spls::splsda","sPLS-DA","sPLS-DA","sPLS-DA",TRUE,147107,"accuracy",0.973651191969887,0.973651191969887,0.870970372782245,0.874443010606482,,,,"ok",,,1601.519531,138.24,9.53,"ok"
"metref","classification","/home/chiamaka/Documents/fastpls/data/metref.RData",123,773,100,375,22,"float64","float64","argmax","chemometrics","float64",2.60450744628906,118,1,"chemometrics_pls_eigen","chemometrics","1.4.4","chemometrics::pls_eigen","PLS eigen","PLS eigen","PLS eigen",TRUE,117,"accuracy",0.82,0.82,0.839935064935065,0.809346209346209,,,,"ok",,,138.242188,0.67,0.05,"ok"
"metref","classification","/home/chiamaka/Documents/fastpls/data/metref.RData",123,773,100,375,22,"float64","float64","argmax","chemometrics","float64",2.60450744628906,118,2,"chemometrics_pls_eigen","chemometrics","1.4.4","chemometrics::pls_eigen","PLS eigen","PLS eigen","PLS eigen",TRUE,109,"accuracy",0.82,0.82,0.839935064935065,0.809346209346209,,,,"ok",,,137.6875,0.64,0.04,"ok"
"metref","classification","/home/chiamaka/Documents/fastpls/data/metref.RData",123,773,100,375,22,"float64","float64","argmax","chemometrics","float64",2.60450744628906,118,3,"chemometrics_pls_eigen","chemometrics","1.4.4","chemometrics::pls_eigen","PLS eigen","PLS eigen","PLS eigen",TRUE,113,"accuracy",0.82,0.82,0.839935064935065,0.809346209346209,,,,"ok",,,138.160156,0.66,0.06,"ok"
"metref","classification","/home/chiamaka/Documents/fastpls/data/metref.RData",123,773,100,375,22,"float64","float64","argmax","chemometrics","float64",2.60450744628906,118,4,"chemometrics_pls_eigen","chemometrics","1.4.4","chemometrics::pls_eigen","PLS eigen","PLS eigen","PLS eigen",TRUE,116,"accuracy",0.82,0.82,0.839935064935065,0.809346209346209,,,,"ok",,,138.371094,0.66,0.05,"ok"
"metref","classification","/home/chiamaka/Documents/fastpls/data/metref.RData",123,773,100,375,22,"float64","float64","argmax","chemometrics","float64",2.60450744628906,118,5,"chemometrics_pls_eigen","chemometrics","1.4.4","chemometrics::pls_eigen","PLS eigen","PLS eigen","PLS eigen",TRUE,107,"accuracy",0.82,0.82,0.839935064935065,0.809346209346209,,,,"ok",,,138.179688,0.65,0.04,"ok"
"metref","classification","/home/chiamaka/Documents/fastpls/data/metref.RData",123,773,100,375,22,"float64","float64","argmax","chemometrics","float64",2.60450744628906,118,6,"chemometrics_pls_eigen","chemometrics","1.4.4","chemometrics::pls_eigen","PLS eigen","PLS eigen","PLS eigen",TRUE,110,"accuracy",0.82,0.82,0.839935064935065,0.809346209346209,,,,"ok",,,138.148438,0.65,0.05,"ok"
"metref","classification","/home/chiamaka/Documents/fastpls/data/metref.RData",123,773,100,375,22,"float64","float64","argmax","chemometrics","float64",2.60450744628906,118,7,"chemometrics_pls_eigen","chemometrics","1.4.4","chemometrics::pls_eigen","PLS eigen","PLS eigen","PLS eigen",TRUE,108,"accuracy",0.82,0.82,0.839935064935065,0.809346209346209,,,,"ok",,,138.492188,0.65,0.05,"ok"
"metref","classification","/home/chiamaka/Documents/fastpls/data/metref.RData",123,773,100,375,22,"float64","float64","argmax","chemometrics","float64",2.60450744628906,118,8,"chemometrics_pls_eigen","chemometrics","1.4.4","chemometrics::pls_eigen","PLS eigen","PLS eigen","PLS eigen",TRUE,108,"accuracy",0.82,0.82,0.839935064935065,0.809346209346209,,,,"ok",,,137.621094,0.64,0.05,"ok"
"metref","classification","/home/chiamaka/Documents/fastpls/data/metref.RData",123,773,100,375,22,"float64","float64","argmax","chemometrics","float64",2.60450744628906,118,9,"chemometrics_pls_eigen","chemometrics","1.4.4","chemometrics::pls_eigen","PLS eigen","PLS eigen","PLS eigen",TRUE,107,"accuracy",0.82,0.82,0.839935064935065,0.809346209346209,,,,"ok",,,137.507812,0.64,0.05,"ok"
"metref","classification","/home/chiamaka/Documents/fastpls/data/metref.RData",123,773,100,375,22,"float64","float64","argmax","chemometrics","float64",2.60450744628906,118,10,"chemometrics_pls_eigen","chemometrics","1.4.4","chemometrics::pls_eigen","PLS eigen","PLS eigen","PLS eigen",TRUE,108,"accuracy",0.82,0.82,0.839935064935065,0.809346209346209,,,,"ok",,,138.546875,0.64,0.06,"ok"
"metref","classification","/home/chiamaka/Documents/fastpls/data/metref.RData",123,773,100,375,22,"float64","float64","argmax","argmax","float64",2.60450744628906,118,1,"fastPLS_simpls_cpu_irlba","fastPLS","0.99.39","fastPLS::pls(method='simpls', backend='cpu', svd.method='irlba', classifier='argmax')","SIMPLS","simpls","simpls",TRUE,89,"accuracy",0.97,0.97,0.972727272727273,0.973096348096348,,,,"ok",,,461.832031,1.07,0.19,"ok"
"metref","classification","/home/chiamaka/Documents/fastpls/data/metref.RData",123,773,100,375,22,"float64","float64","argmax","argmax","float64",2.60450744628906,118,2,"fastPLS_simpls_cpu_irlba","fastPLS","0.99.39","fastPLS::pls(method='simpls', backend='cpu', svd.method='irlba', classifier='argmax')","SIMPLS","simpls","simpls",TRUE,82.0000000000001,"accuracy",0.97,0.97,0.972727272727273,0.973096348096348,,,,"ok",,,465.691406,1.05,0.1,"ok"
"metref","classification","/home/chiamaka/Documents/fastpls/data/metref.RData",123,773,100,375,22,"float64","float64","argmax","argmax","float64",2.60450744628906,118,3,"fastPLS_simpls_cpu_irlba","fastPLS","0.99.39","fastPLS::pls(method='simpls', backend='cpu', svd.method='irlba', classifier='argmax')","SIMPLS","simpls","simpls",TRUE,83,"accuracy",0.97,0.97,0.972727272727273,0.973096348096348,,,,"ok",,,465.546875,1.07,0.1,"ok"
"metref","classification","/home/chiamaka/Documents/fastpls/data/metref.RData",123,773,100,375,22,"float64","float64","argmax","argmax","float64",2.60450744628906,118,4,"fastPLS_simpls_cpu_irlba","fastPLS","0.99.39","fastPLS::pls(method='simpls', backend='cpu', svd.method='irlba', classifier='argmax')","SIMPLS","simpls","simpls",TRUE,82.0000000000001,"accuracy",0.97,0.97,0.972727272727273,0.973096348096348,,,,"ok",,,465.242188,1.07,0.1,"ok"
"metref","classification","/home/chiamaka/Documents/fastpls/data/metref.RData",123,773,100,375,22,"float64","float64","argmax","argmax","float64",2.60450744628906,118,5,"fastPLS_simpls_cpu_irlba","fastPLS","0.99.39","fastPLS::pls(method='simpls', backend='cpu', svd.method='irlba', classifier='argmax')","SIMPLS","simpls","simpls",TRUE,83,"accuracy",0.97,0.97,0.972727272727273,0.973096348096348,,,,"ok",,,466.019531,1.05,0.14,"ok"
"metref","classification","/home/chiamaka/Documents/fastpls/data/metref.RData",123,773,100,375,22,"float64","float64","argmax","argmax","float64",2.60450744628906,118,6,"fastPLS_simpls_cpu_irlba","fastPLS","0.99.39","fastPLS::pls(method='simpls', backend='cpu', svd.method='irlba', classifier='argmax')","SIMPLS","simpls","simpls",TRUE,81.9999999999999,"accuracy",0.97,0.97,0.972727272727273,0.973096348096348,,,,"ok",,,464.878906,1.05,0.11,"ok"
"metref","classification","/home/chiamaka/Documents/fastpls/data/metref.RData",123,773,100,375,22,"float64","float64","argmax","argmax","float64",2.60450744628906,118,7,"fastPLS_simpls_cpu_irlba","fastPLS","0.99.39","fastPLS::pls(method='simpls', backend='cpu', svd.method='irlba', classifier='argmax')","SIMPLS","simpls","simpls",TRUE,82.0000000000001,"accuracy",0.97,0.97,0.972727272727273,0.973096348096348,,,,"ok",,,465.417969,1.08,0.12,"ok"
"metref","classification","/home/chiamaka/Documents/fastpls/data/metref.RData",123,773,100,375,22,"float64","float64","argmax","argmax","float64",2.60450744628906,118,8,"fastPLS_simpls_cpu_irlba","fastPLS","0.99.39","fastPLS::pls(method='simpls', backend='cpu', svd.method='irlba', classifier='argmax')","SIMPLS","simpls","simpls",TRUE,83,"accuracy",0.97,0.97,0.972727272727273,0.973096348096348,,,,"ok",,,465.316406,1.08,0.11,"ok"
"metref","classification","/home/chiamaka/Documents/fastpls/data/metref.RData",123,773,100,375,22,"float64","float64","argmax","argmax","float64",2.60450744628906,118,9,"fastPLS_simpls_cpu_irlba","fastPLS","0.99.39","fastPLS::pls(method='simpls', backend='cpu', svd.method='irlba', classifier='argmax')","SIMPLS","simpls","simpls",TRUE,85.0000000000002,"accuracy",0.97,0.97,0.972727272727273,0.973096348096348,,,,"ok",,,465.320312,1.06,0.1,"ok"
"metref","classification","/home/chiamaka/Documents/fastpls/data/metref.RData",123,773,100,375,22,"float64","float64","argmax","argmax","float64",2.60450744628906,118,10,"fastPLS_simpls_cpu_irlba","fastPLS","0.99.39","fastPLS::pls(method='simpls', backend='cpu', svd.method='irlba', classifier='argmax')","SIMPLS","simpls","simpls",TRUE,81.9999999999999,"accuracy",0.97,0.97,0.972727272727273,0.973096348096348,,,,"ok",,,465.515625,1.04,0.12,"ok"
"metref","classification","/home/chiamaka/Documents/fastpls/data/metref.RData",123,773,100,375,22,"float64","float64","lda","cpp_project","float64",2.60450744628906,118,1,"fastPLS_simpls_cpu_irlba_lda","fastPLS","0.99.39","fastPLS::pls(method='simpls', backend='cpu', svd.method='irlba', classifier='lda')","SIMPLS + LDA","simpls","simpls",TRUE,101,"accuracy",0.99,0.99,0.988636363636364,0.988455988455988,,,,"ok",,,465.785156,1.08,0.11,"ok"
"metref","classification","/home/chiamaka/Documents/fastpls/data/metref.RData",123,773,100,375,22,"float64","float64","lda","cpp_project","float64",2.60450744628906,118,2,"fastPLS_simpls_cpu_irlba_lda","fastPLS","0.99.39","fastPLS::pls(method='simpls', backend='cpu', svd.method='irlba', classifier='lda')","SIMPLS + LDA","simpls","simpls",TRUE,99,"accuracy",0.99,0.99,0.988636363636364,0.988455988455988,,,,"ok",,,465.671875,1.06,0.13,"ok"
"metref","classification","/home/chiamaka/Documents/fastpls/data/metref.RData",123,773,100,375,22,"float64","float64","lda","cpp_project","float64",2.60450744628906,118,3,"fastPLS_simpls_cpu_irlba_lda","fastPLS","0.99.39","fastPLS::pls(method='simpls', backend='cpu', svd.method='irlba', classifier='lda')","SIMPLS + LDA","simpls","simpls",TRUE,99,"accuracy",0.99,0.99,0.988636363636364,0.988455988455988,,,,"ok",,,465.835938,1.08,0.12,"ok"
"metref","classification","/home/chiamaka/Documents/fastpls/data/metref.RData",123,773,100,375,22,"float64","float64","lda","cpp_project","float64",2.60450744628906,118,4,"fastPLS_simpls_cpu_irlba_lda","fastPLS","0.99.39","fastPLS::pls(method='simpls', backend='cpu', svd.method='irlba', classifier='lda')","SIMPLS + LDA","simpls","simpls",TRUE,99,"accuracy",0.99,0.99,0.988636363636364,0.988455988455988,,,,"ok",,,465.730469,1.06,0.12,"ok"
"metref","classification","/home/chiamaka/Documents/fastpls/data/metref.RData",123,773,100,375,22,"float64","float64","lda","cpp_project","float64",2.60450744628906,118,5,"fastPLS_simpls_cpu_irlba_lda","fastPLS","0.99.39","fastPLS::pls(method='simpls', backend='cpu', svd.method='irlba', classifier='lda')","SIMPLS + LDA","simpls","simpls",TRUE,99.0000000000002,"accuracy",0.99,0.99,0.988636363636364,0.988455988455988,,,,"ok",,,465.78125,1.08,0.12,"ok"
"metref","classification","/home/chiamaka/Documents/fastpls/data/metref.RData",123,773,100,375,22,"float64","float64","lda","cpp_project","float64",2.60450744628906,118,6,"fastPLS_simpls_cpu_irlba_lda","fastPLS","0.99.39","fastPLS::pls(method='simpls', backend='cpu', svd.method='irlba', classifier='lda')","SIMPLS + LDA","simpls","simpls",TRUE,99,"accuracy",0.99,0.99,0.988636363636364,0.988455988455988,,,,"ok",,,465.367188,1.07,0.11,"ok"
"metref","classification","/home/chiamaka/Documents/fastpls/data/metref.RData",123,773,100,375,22,"float64","float64","lda","cpp_project","float64",2.60450744628906,118,7,"fastPLS_simpls_cpu_irlba_lda","fastPLS","0.99.39","fastPLS::pls(method='simpls', backend='cpu', svd.method='irlba', classifier='lda')","SIMPLS + LDA","simpls","simpls",TRUE,99.0000000000002,"accuracy",0.99,0.99,0.988636363636364,0.988455988455988,,,,"ok",,,465.574219,1.08,0.11,"ok"
"metref","classification","/home/chiamaka/Documents/fastpls/data/metref.RData",123,773,100,375,22,"float64","float64","lda","cpp_project","float64",2.60450744628906,118,8,"fastPLS_simpls_cpu_irlba_lda","fastPLS","0.99.39","fastPLS::pls(method='simpls', backend='cpu', svd.method='irlba', classifier='lda')","SIMPLS + LDA","simpls","simpls",TRUE,104,"accuracy",0.99,0.99,0.988636363636364,0.988455988455988,,,,"ok",,,465.699219,1.08,0.11,"ok"
"metref","classification","/home/chiamaka/Documents/fastpls/data/metref.RData",123,773,100,375,22,"float64","float64","lda","cpp_project","float64",2.60450744628906,118,9,"fastPLS_simpls_cpu_irlba_lda","fastPLS","0.99.39","fastPLS::pls(method='simpls', backend='cpu', svd.method='irlba', classifier='lda')","SIMPLS + LDA","simpls","simpls",TRUE,100,"accuracy",0.99,0.99,0.988636363636364,0.988455988455988,,,,"ok",,,465.328125,1.07,0.11,"ok"
"metref","classification","/home/chiamaka/Documents/fastpls/data/metref.RData",123,773,100,375,22,"float64","float64","lda","cpp_project","float64",2.60450744628906,118,10,"fastPLS_simpls_cpu_irlba_lda","fastPLS","0.99.39","fastPLS::pls(method='simpls', backend='cpu', svd.method='irlba', classifier='lda')","SIMPLS + LDA","simpls","simpls",TRUE,99,"accuracy",0.99,0.99,0.988636363636364,0.988455988455988,,,,"ok",,,465.761719,1.08,0.1,"ok"
"metref","classification","/home/chiamaka/Documents/fastpls/data/metref.RData",123,773,100,375,22,"float64","float64","argmax","mdatools","float64",2.60450744628906,118,1,"mdatools_plsda_or_pls","mdatools","0.15.0","mdatools::plsda or mdatools::pls","SIMPLS/PLS-DA","SIMPLS/PLS-DA","SIMPLS/PLS-DA",TRUE,1491,"accuracy",0.97,0.97,0.972727272727273,0.973096348096348,,,,"ok","No validation results were found.",,285.09375,2.17,0.11,"ok"
"metref","classification","/home/chiamaka/Documents/fastpls/data/metref.RData",123,773,100,375,22,"float64","float64","argmax","mdatools","float64",2.60450744628906,118,2,"mdatools_plsda_or_pls","mdatools","0.15.0","mdatools::plsda or mdatools::pls","SIMPLS/PLS-DA","SIMPLS/PLS-DA","SIMPLS/PLS-DA",TRUE,1450,"accuracy",0.97,0.97,0.972727272727273,0.973096348096348,,,,"ok","No validation results were found.",,285.414062,2.1,0.13,"ok"
"metref","classification","/home/chiamaka/Documents/fastpls/data/metref.RData",123,773,100,375,22,"float64","float64","argmax","mdatools","float64",2.60450744628906,118,3,"mdatools_plsda_or_pls","mdatools","0.15.0","mdatools::plsda or mdatools::pls","SIMPLS/PLS-DA","SIMPLS/PLS-DA","SIMPLS/PLS-DA",TRUE,1445,"accuracy",0.97,0.97,0.972727272727273,0.973096348096348,,,,"ok","No validation results were found.",,284.925781,2.09,0.13,"ok"
"metref","classification","/home/chiamaka/Documents/fastpls/data/metref.RData",123,773,100,375,22,"float64","float64","argmax","mixOmics","float64",2.60450744628906,118,1,"mixOmics_plsda","mixOmics","6.36.0","mixOmics::plsda","PLS-DA","PLS-DA","PLS-DA",TRUE,35086,"accuracy",0.97,0.97,0.972727272727273,0.973096348096348,,,,"ok",,,416.640625,36.53,0.18,"ok"
"metref","classification","/home/chiamaka/Documents/fastpls/data/metref.RData",123,773,100,375,22,"float64","float64","argmax","mixOmics","float64",2.60450744628906,118,2,"mixOmics_plsda","mixOmics","6.36.0","mixOmics::plsda","PLS-DA","PLS-DA","PLS-DA",TRUE,34971,"accuracy",0.97,0.97,0.972727272727273,0.973096348096348,,,,"ok",,,417.742188,36.37,0.18,"ok"
"metref","classification","/home/chiamaka/Documents/fastpls/data/metref.RData",123,773,100,375,22,"float64","float64","argmax","mixOmics","float64",2.60450744628906,118,3,"mixOmics_plsda","mixOmics","6.36.0","mixOmics::plsda","PLS-DA","PLS-DA","PLS-DA",TRUE,34979,"accuracy",0.97,0.97,0.972727272727273,0.973096348096348,,,,"ok",,,417.445312,36.35,0.2,"ok"
"metref","classification","/home/chiamaka/Documents/fastpls/data/metref.RData",123,773,100,375,22,"float64","float64","argmax","pcv","float64",2.60450744628906,118,1,"pcv_simpls","pcv","1.1.0","pcv:::simpls","SIMPLS","simpls","simpls",TRUE,198,"accuracy",0.97,0.97,0.972727272727273,0.973096348096348,,,,"ok",,,142.417969,0.66,0.05,"ok"
"metref","classification","/home/chiamaka/Documents/fastpls/data/metref.RData",123,773,100,375,22,"float64","float64","argmax","pcv","float64",2.60450744628906,118,2,"pcv_simpls","pcv","1.1.0","pcv:::simpls","SIMPLS","simpls","simpls",TRUE,195,"accuracy",0.97,0.97,0.972727272727273,0.973096348096348,,,,"ok",,,142.546875,0.66,0.04,"ok"
"metref","classification","/home/chiamaka/Documents/fastpls/data/metref.RData",123,773,100,375,22,"float64","float64","argmax","pcv","float64",2.60450744628906,118,3,"pcv_simpls","pcv","1.1.0","pcv:::simpls","SIMPLS","simpls","simpls",TRUE,197,"accuracy",0.97,0.97,0.972727272727273,0.973096348096348,,,,"ok",,,142.519531,0.66,0.05,"ok"
"metref","classification","/home/chiamaka/Documents/fastpls/data/metref.RData",123,773,100,375,22,"float64","float64","argmax","pcv","float64",2.60450744628906,118,4,"pcv_simpls","pcv","1.1.0","pcv:::simpls","SIMPLS","simpls","simpls",TRUE,194,"accuracy",0.97,0.97,0.972727272727273,0.973096348096348,,,,"ok",,,142.460938,0.66,0.04,"ok"
"metref","classification","/home/chiamaka/Documents/fastpls/data/metref.RData",123,773,100,375,22,"float64","float64","argmax","pcv","float64",2.60450744628906,118,5,"pcv_simpls","pcv","1.1.0","pcv:::simpls","SIMPLS","simpls","simpls",TRUE,208,"accuracy",0.97,0.97,0.972727272727273,0.973096348096348,,,,"ok",,,142.792969,0.68,0.05,"ok"
"metref","classification","/home/chiamaka/Documents/fastpls/data/metref.RData",123,773,100,375,22,"float64","float64","argmax","pcv","float64",2.60450744628906,118,6,"pcv_simpls","pcv","1.1.0","pcv:::simpls","SIMPLS","simpls","simpls",TRUE,194,"accuracy",0.97,0.97,0.972727272727273,0.973096348096348,,,,"ok",,,142.449219,0.67,0.07,"ok"
"metref","classification","/home/chiamaka/Documents/fastpls/data/metref.RData",123,773,100,375,22,"float64","float64","argmax","pcv","float64",2.60450744628906,118,7,"pcv_simpls","pcv","1.1.0","pcv:::simpls","SIMPLS","simpls","simpls",TRUE,195,"accuracy",0.97,0.97,0.972727272727273,0.973096348096348,,,,"ok",,,143.207031,0.65,0.05,"ok"
"metref","classification","/home/chiamaka/Documents/fastpls/data/metref.RData",123,773,100,375,22,"float64","float64","argmax","pcv","float64",2.60450744628906,118,8,"pcv_simpls","pcv","1.1.0","pcv:::simpls","SIMPLS","simpls","simpls",TRUE,195,"accuracy",0.97,0.97,0.972727272727273,0.973096348096348,,,,"ok",,,143.207031,0.66,0.04,"ok"
"metref","classification","/home/chiamaka/Documents/fastpls/data/metref.RData",123,773,100,375,22,"float64","float64","argmax","pcv","float64",2.60450744628906,118,9,"pcv_simpls","pcv","1.1.0","pcv:::simpls","SIMPLS","simpls","simpls",TRUE,195,"accuracy",0.97,0.97,0.972727272727273,0.973096348096348,,,,"ok",,,142.648438,0.69,0.03,"ok"
"metref","classification","/home/chiamaka/Documents/fastpls/data/metref.RData",123,773,100,375,22,"float64","float64","argmax","pcv","float64",2.60450744628906,118,10,"pcv_simpls","pcv","1.1.0","pcv:::simpls","SIMPLS","simpls","simpls",TRUE,195,"accuracy",0.97,0.97,0.972727272727273,0.973096348096348,,,,"ok",,,142.757812,0.67,0.05,"ok"
"metref","classification","/home/chiamaka/Documents/fastpls/data/metref.RData",123,773,100,375,22,"float64","float64","argmax","pls","float64",2.60450744628906,118,1,"pls_simpls_fit","pls","2.9.0","pls::simpls.fit","SIMPLS","simpls","simpls",TRUE,257,"accuracy",0.97,0.97,0.972727272727273,0.973096348096348,,,,"ok",,,157.429688,0.74,0.06,"ok"
"metref","classification","/home/chiamaka/Documents/fastpls/data/metref.RData",123,773,100,375,22,"float64","float64","argmax","pls","float64",2.60450744628906,118,2,"pls_simpls_fit","pls","2.9.0","pls::simpls.fit","SIMPLS","simpls","simpls",TRUE,238,"accuracy",0.97,0.97,0.972727272727273,0.973096348096348,,,,"ok",,,156.867188,0.7,0.06,"ok"
"metref","classification","/home/chiamaka/Documents/fastpls/data/metref.RData",123,773,100,375,22,"float64","float64","argmax","pls","float64",2.60450744628906,118,3,"pls_simpls_fit","pls","2.9.0","pls::simpls.fit","SIMPLS","simpls","simpls",TRUE,236,"accuracy",0.97,0.97,0.972727272727273,0.973096348096348,,,,"ok",,,156.894531,0.7,0.04,"ok"
"metref","classification","/home/chiamaka/Documents/fastpls/data/metref.RData",123,773,100,375,22,"float64","float64","argmax","pls","float64",2.60450744628906,118,4,"pls_simpls_fit","pls","2.9.0","pls::simpls.fit","SIMPLS","simpls","simpls",TRUE,251,"accuracy",0.97,0.97,0.972727272727273,0.973096348096348,,,,"ok",,,157.199219,0.72,0.07,"ok"
"metref","classification","/home/chiamaka/Documents/fastpls/data/metref.RData",123,773,100,375,22,"float64","float64","argmax","pls","float64",2.60450744628906,118,5,"pls_simpls_fit","pls","2.9.0","pls::simpls.fit","SIMPLS","simpls","simpls",TRUE,240,"accuracy",0.97,0.97,0.972727272727273,0.973096348096348,,,,"ok",,,157.078125,0.69,0.05,"ok"
"metref","classification","/home/chiamaka/Documents/fastpls/data/metref.RData",123,773,100,375,22,"float64","float64","argmax","pls","float64",2.60450744628906,118,6,"pls_simpls_fit","pls","2.9.0","pls::simpls.fit","SIMPLS","simpls","simpls",TRUE,237,"accuracy",0.97,0.97,0.972727272727273,0.973096348096348,,,,"ok",,,157.257812,0.7,0.05,"ok"
"metref","classification","/home/chiamaka/Documents/fastpls/data/metref.RData",123,773,100,375,22,"float64","float64","argmax","pls","float64",2.60450744628906,118,7,"pls_simpls_fit","pls","2.9.0","pls::simpls.fit","SIMPLS","simpls","simpls",TRUE,239,"accuracy",0.97,0.97,0.972727272727273,0.973096348096348,,,,"ok",,,157.128906,0.7,0.05,"ok"
"metref","classification","/home/chiamaka/Documents/fastpls/data/metref.RData",123,773,100,375,22,"float64","float64","argmax","pls","float64",2.60450744628906,118,8,"pls_simpls_fit","pls","2.9.0","pls::simpls.fit","SIMPLS","simpls","simpls",TRUE,239,"accuracy",0.97,0.97,0.972727272727273,0.973096348096348,,,,"ok",,,157.0625,0.71,0.06,"ok"
"metref","classification","/home/chiamaka/Documents/fastpls/data/metref.RData",123,773,100,375,22,"float64","float64","argmax","pls","float64",2.60450744628906,118,9,"pls_simpls_fit","pls","2.9.0","pls::simpls.fit","SIMPLS","simpls","simpls",TRUE,252,"accuracy",0.97,0.97,0.972727272727273,0.973096348096348,,,,"ok",,,157.417969,0.72,0.05,"ok"
"metref","classification","/home/chiamaka/Documents/fastpls/data/metref.RData",123,773,100,375,22,"float64","float64","argmax","pls","float64",2.60450744628906,118,10,"pls_simpls_fit","pls","2.9.0","pls::simpls.fit","SIMPLS","simpls","simpls",TRUE,239,"accuracy",0.97,0.97,0.972727272727273,0.973096348096348,,,,"ok",,,157.175781,0.7,0.06,"ok"
"metref","classification","/home/chiamaka/Documents/fastpls/data/metref.RData",123,773,100,375,22,"float64","float64","argmax","plsdepot","float64",2.60450744628906,118,1,"plsdepot_simpls","plsdepot","0.3.1","plsdepot::simpls","SIMPLS","simpls","simpls",TRUE,1234,"accuracy",0.84,0.84,0.847619047619048,0.816347541347541,,,,"ok",,,145.492188,1.72,0.07,"ok"
"metref","classification","/home/chiamaka/Documents/fastpls/data/metref.RData",123,773,100,375,22,"float64","float64","argmax","plsdepot","float64",2.60450744628906,118,2,"plsdepot_simpls","plsdepot","0.3.1","plsdepot::simpls","SIMPLS","simpls","simpls",TRUE,1246,"accuracy",0.84,0.84,0.847619047619048,0.816347541347541,,,,"ok",,,145.25,1.7,0.06,"ok"
"metref","classification","/home/chiamaka/Documents/fastpls/data/metref.RData",123,773,100,375,22,"float64","float64","argmax","plsdepot","float64",2.60450744628906,118,3,"plsdepot_simpls","plsdepot","0.3.1","plsdepot::simpls","SIMPLS","simpls","simpls",TRUE,1238,"accuracy",0.84,0.84,0.847619047619048,0.816347541347541,,,,"ok",,,145.511719,1.68,0.06,"ok"
"metref","classification","/home/chiamaka/Documents/fastpls/data/metref.RData",123,773,100,375,22,"float64","float64","lda","plsgenomics","float64",2.60450744628906,118,1,"plsgenomics_pls_lda","plsgenomics","1.5.3","plsgenomics::pls.lda","PLS-LDA","PLS-LDA","PLS-LDA",TRUE,194,"accuracy",0.99,0.99,0.988636363636364,0.988455988455988,,,,"ok",,,171.777344,1.03,0.07,"ok"
"metref","classification","/home/chiamaka/Documents/fastpls/data/metref.RData",123,773,100,375,22,"float64","float64","lda","plsgenomics","float64",2.60450744628906,118,2,"plsgenomics_pls_lda","plsgenomics","1.5.3","plsgenomics::pls.lda","PLS-LDA","PLS-LDA","PLS-LDA",TRUE,192,"accuracy",0.99,0.99,0.988636363636364,0.988455988455988,,,,"ok",,,172.023438,1,0.06,"ok"
"metref","classification","/home/chiamaka/Documents/fastpls/data/metref.RData",123,773,100,375,22,"float64","float64","lda","plsgenomics","float64",2.60450744628906,118,3,"plsgenomics_pls_lda","plsgenomics","1.5.3","plsgenomics::pls.lda","PLS-LDA","PLS-LDA","PLS-LDA",TRUE,192,"accuracy",0.99,0.99,0.988636363636364,0.988455988455988,,,,"ok",,,171.546875,1.02,0.08,"ok"
"metref","classification","/home/chiamaka/Documents/fastpls/data/metref.RData",123,773,100,375,22,"float64","float64","lda","plsgenomics","float64",2.60450744628906,118,4,"plsgenomics_pls_lda","plsgenomics","1.5.3","plsgenomics::pls.lda","PLS-LDA","PLS-LDA","PLS-LDA",TRUE,190,"accuracy",0.99,0.99,0.988636363636364,0.988455988455988,,,,"ok",,,171.742188,1.03,0.06,"ok"
"metref","classification","/home/chiamaka/Documents/fastpls/data/metref.RData",123,773,100,375,22,"float64","float64","lda","plsgenomics","float64",2.60450744628906,118,5,"plsgenomics_pls_lda","plsgenomics","1.5.3","plsgenomics::pls.lda","PLS-LDA","PLS-LDA","PLS-LDA",TRUE,193,"accuracy",0.99,0.99,0.988636363636364,0.988455988455988,,,,"ok",,,171.566406,1.01,0.06,"ok"
"metref","classification","/home/chiamaka/Documents/fastpls/data/metref.RData",123,773,100,375,22,"float64","float64","lda","plsgenomics","float64",2.60450744628906,118,6,"plsgenomics_pls_lda","plsgenomics","1.5.3","plsgenomics::pls.lda","PLS-LDA","PLS-LDA","PLS-LDA",TRUE,193,"accuracy",0.99,0.99,0.988636363636364,0.988455988455988,,,,"ok",,,172.085938,1.02,0.05,"ok"
"metref","classification","/home/chiamaka/Documents/fastpls/data/metref.RData",123,773,100,375,22,"float64","float64","lda","plsgenomics","float64",2.60450744628906,118,7,"plsgenomics_pls_lda","plsgenomics","1.5.3","plsgenomics::pls.lda","PLS-LDA","PLS-LDA","PLS-LDA",TRUE,193,"accuracy",0.99,0.99,0.988636363636364,0.988455988455988,,,,"ok",,,171.746094,1.01,0.06,"ok"
"metref","classification","/home/chiamaka/Documents/fastpls/data/metref.RData",123,773,100,375,22,"float64","float64","lda","plsgenomics","float64",2.60450744628906,118,8,"plsgenomics_pls_lda","plsgenomics","1.5.3","plsgenomics::pls.lda","PLS-LDA","PLS-LDA","PLS-LDA",TRUE,192,"accuracy",0.99,0.99,0.988636363636364,0.988455988455988,,,,"ok",,,171.761719,1,0.07,"ok"
"metref","classification","/home/chiamaka/Documents/fastpls/data/metref.RData",123,773,100,375,22,"float64","float64","lda","plsgenomics","float64",2.60450744628906,118,9,"plsgenomics_pls_lda","plsgenomics","1.5.3","plsgenomics::pls.lda","PLS-LDA","PLS-LDA","PLS-LDA",TRUE,194,"accuracy",0.99,0.99,0.988636363636364,0.988455988455988,,,,"ok",,,171.851562,1,0.06,"ok"
"metref","classification","/home/chiamaka/Documents/fastpls/data/metref.RData",123,773,100,375,22,"float64","float64","lda","plsgenomics","float64",2.60450744628906,118,10,"plsgenomics_pls_lda","plsgenomics","1.5.3","plsgenomics::pls.lda","PLS-LDA","PLS-LDA","PLS-LDA",TRUE,200,"accuracy",0.99,0.99,0.988636363636364,0.988455988455988,,,,"ok",,,171.613281,1,0.06,"ok"
"metref","classification","/home/chiamaka/Documents/fastpls/data/metref.RData",123,773,100,375,22,"float64","float64","argmax","spls","float64",2.60450744628906,118,1,"spls_splsda","spls","2.3.2","spls::splsda","sPLS-DA","sPLS-DA","sPLS-DA",TRUE,9140,"accuracy",0.98,0.98,0.982142857142857,0.981462981462981,,,,"ok",,,245.496094,8.87,0.81,"ok"
"metref","classification","/home/chiamaka/Documents/fastpls/data/metref.RData",123,773,100,375,22,"float64","float64","argmax","spls","float64",2.60450744628906,118,2,"spls_splsda","spls","2.3.2","spls::splsda","sPLS-DA","sPLS-DA","sPLS-DA",TRUE,9150,"accuracy",0.98,0.98,0.982142857142857,0.981462981462981,,,,"ok",,,245.277344,8.92,0.76,"ok"
"metref","classification","/home/chiamaka/Documents/fastpls/data/metref.RData",123,773,100,375,22,"float64","float64","argmax","spls","float64",2.60450744628906,118,3,"spls_splsda","spls","2.3.2","spls::splsda","sPLS-DA","sPLS-DA","sPLS-DA",TRUE,9161,"accuracy",0.98,0.98,0.982142857142857,0.981462981462981,,,,"ok",,,245.503906,8.93,0.76,"ok"
"retina","classification","/home/chiamaka/Documents/fastpls/data/Macosko2015_retina_float32.RData",123,22402,22406,50,12,"float64","float64","argmax","chemometrics","float64",17.2733612060547,30,1,"chemometrics_pls_eigen","chemometrics","1.4.4","chemometrics::pls_eigen","PLS eigen","PLS eigen","PLS eigen",TRUE,136,"accuracy",0.934392573417835,0.934392573417835,0.753518881508825,0.838363295027981,,,,"ok",,,163.171875,1.11,0.07,"ok"
"retina","classification","/home/chiamaka/Documents/fastpls/data/Macosko2015_retina_float32.RData",123,22402,22406,50,12,"float64","float64","argmax","chemometrics","float64",17.2733612060547,30,2,"chemometrics_pls_eigen","chemometrics","1.4.4","chemometrics::pls_eigen","PLS eigen","PLS eigen","PLS eigen",TRUE,135,"accuracy",0.934392573417835,0.934392573417835,0.753518881508825,0.838363295027981,,,,"ok",,,163.011719,1.1,0.06,"ok"
"retina","classification","/home/chiamaka/Documents/fastpls/data/Macosko2015_retina_float32.RData",123,22402,22406,50,12,"float64","float64","argmax","chemometrics","float64",17.2733612060547,30,3,"chemometrics_pls_eigen","chemometrics","1.4.4","chemometrics::pls_eigen","PLS eigen","PLS eigen","PLS eigen",TRUE,137,"accuracy",0.934392573417835,0.934392573417835,0.753518881508825,0.838363295027981,,,,"ok",,,163.046875,1.1,0.07,"ok"
"retina","classification","/home/chiamaka/Documents/fastpls/data/Macosko2015_retina_float32.RData",123,22402,22406,50,12,"float64","float64","argmax","chemometrics","float64",17.2733612060547,30,4,"chemometrics_pls_eigen","chemometrics","1.4.4","chemometrics::pls_eigen","PLS eigen","PLS eigen","PLS eigen",TRUE,136,"accuracy",0.934392573417835,0.934392573417835,0.753518881508825,0.838363295027981,,,,"ok",,,162.925781,1.09,0.06,"ok"
"retina","classification","/home/chiamaka/Documents/fastpls/data/Macosko2015_retina_float32.RData",123,22402,22406,50,12,"float64","float64","argmax","chemometrics","float64",17.2733612060547,30,5,"chemometrics_pls_eigen","chemometrics","1.4.4","chemometrics::pls_eigen","PLS eigen","PLS eigen","PLS eigen",TRUE,133,"accuracy",0.934392573417835,0.934392573417835,0.753518881508825,0.838363295027981,,,,"ok",,,163.585938,1.1,0.07,"ok"
"retina","classification","/home/chiamaka/Documents/fastpls/data/Macosko2015_retina_float32.RData",123,22402,22406,50,12,"float64","float64","argmax","chemometrics","float64",17.2733612060547,30,6,"chemometrics_pls_eigen","chemometrics","1.4.4","chemometrics::pls_eigen","PLS eigen","PLS eigen","PLS eigen",TRUE,136,"accuracy",0.934392573417835,0.934392573417835,0.753518881508825,0.838363295027981,,,,"ok",,,163.234375,1.1,0.06,"ok"
"retina","classification","/home/chiamaka/Documents/fastpls/data/Macosko2015_retina_float32.RData",123,22402,22406,50,12,"float64","float64","argmax","chemometrics","float64",17.2733612060547,30,7,"chemometrics_pls_eigen","chemometrics","1.4.4","chemometrics::pls_eigen","PLS eigen","PLS eigen","PLS eigen",TRUE,134,"accuracy",0.934392573417835,0.934392573417835,0.753518881508825,0.838363295027981,,,,"ok",,,163.246094,1.1,0.06,"ok"
"retina","classification","/home/chiamaka/Documents/fastpls/data/Macosko2015_retina_float32.RData",123,22402,22406,50,12,"float64","float64","argmax","chemometrics","float64",17.2733612060547,30,8,"chemometrics_pls_eigen","chemometrics","1.4.4","chemometrics::pls_eigen","PLS eigen","PLS eigen","PLS eigen",TRUE,133,"accuracy",0.934392573417835,0.934392573417835,0.753518881508825,0.838363295027981,,,,"ok",,,163.375,1.09,0.06,"ok"
"retina","classification","/home/chiamaka/Documents/fastpls/data/Macosko2015_retina_float32.RData",123,22402,22406,50,12,"float64","float64","argmax","chemometrics","float64",17.2733612060547,30,9,"chemometrics_pls_eigen","chemometrics","1.4.4","chemometrics::pls_eigen","PLS eigen","PLS eigen","PLS eigen",TRUE,137,"accuracy",0.934392573417835,0.934392573417835,0.753518881508825,0.838363295027981,,,,"ok",,,162.980469,1.11,0.07,"ok"
"retina","classification","/home/chiamaka/Documents/fastpls/data/Macosko2015_retina_float32.RData",123,22402,22406,50,12,"float64","float64","argmax","chemometrics","float64",17.2733612060547,30,10,"chemometrics_pls_eigen","chemometrics","1.4.4","chemometrics::pls_eigen","PLS eigen","PLS eigen","PLS eigen",TRUE,136,"accuracy",0.934392573417835,0.934392573417835,0.753518881508825,0.838363295027981,,,,"ok",,,163.207031,1.1,0.08,"ok"
"retina","classification","/home/chiamaka/Documents/fastpls/data/Macosko2015_retina_float32.RData",123,22402,22406,50,12,"float64","float64","argmax","argmax","float64",17.2733612060547,30,1,"fastPLS_simpls_cpu_irlba","fastPLS","0.99.39","fastPLS::pls(method='simpls', backend='cpu', svd.method='irlba', classifier='argmax')","SIMPLS","simpls","simpls",TRUE,80.0000000000001,"accuracy",0.967776488440596,0.967776488440596,0.901549874457733,0.933160842295358,,,,"ok",,,518.25,1.49,0.12,"ok"
"retina","classification","/home/chiamaka/Documents/fastpls/data/Macosko2015_retina_float32.RData",123,22402,22406,50,12,"float64","float64","argmax","argmax","float64",17.2733612060547,30,2,"fastPLS_simpls_cpu_irlba","fastPLS","0.99.39","fastPLS::pls(method='simpls', backend='cpu', svd.method='irlba', classifier='argmax')","SIMPLS","simpls","simpls",TRUE,84.0000000000001,"accuracy",0.967776488440596,0.967776488440596,0.901549874457733,0.933160842295358,,,,"ok",,,517.671875,1.5,0.13,"ok"
"retina","classification","/home/chiamaka/Documents/fastpls/data/Macosko2015_retina_float32.RData",123,22402,22406,50,12,"float64","float64","argmax","argmax","float64",17.2733612060547,30,3,"fastPLS_simpls_cpu_irlba","fastPLS","0.99.39","fastPLS::pls(method='simpls', backend='cpu', svd.method='irlba', classifier='argmax')","SIMPLS","simpls","simpls",TRUE,79,"accuracy",0.967776488440596,0.967776488440596,0.901549874457733,0.933160842295358,,,,"ok",,,518.648438,1.46,0.15,"ok"
"retina","classification","/home/chiamaka/Documents/fastpls/data/Macosko2015_retina_float32.RData",123,22402,22406,50,12,"float64","float64","argmax","argmax","float64",17.2733612060547,30,4,"fastPLS_simpls_cpu_irlba","fastPLS","0.99.39","fastPLS::pls(method='simpls', backend='cpu', svd.method='irlba', classifier='argmax')","SIMPLS","simpls","simpls",TRUE,77.9999999999998,"accuracy",0.967776488440596,0.967776488440596,0.901549874457733,0.933160842295358,,,,"ok",,,518.449219,1.51,0.15,"ok"
"retina","classification","/home/chiamaka/Documents/fastpls/data/Macosko2015_retina_float32.RData",123,22402,22406,50,12,"float64","float64","argmax","argmax","float64",17.2733612060547,30,5,"fastPLS_simpls_cpu_irlba","fastPLS","0.99.39","fastPLS::pls(method='simpls', backend='cpu', svd.method='irlba', classifier='argmax')","SIMPLS","simpls","simpls",TRUE,79,"accuracy",0.967776488440596,0.967776488440596,0.901549874457733,0.933160842295358,,,,"ok",,,518.574219,1.46,0.15,"ok"
"retina","classification","/home/chiamaka/Documents/fastpls/data/Macosko2015_retina_float32.RData",123,22402,22406,50,12,"float64","float64","argmax","argmax","float64",17.2733612060547,30,6,"fastPLS_simpls_cpu_irlba","fastPLS","0.99.39","fastPLS::pls(method='simpls', backend='cpu', svd.method='irlba', classifier='argmax')","SIMPLS","simpls","simpls",TRUE,82.0000000000001,"accuracy",0.967776488440596,0.967776488440596,0.901549874457733,0.933160842295358,,,,"ok",,,518.039062,1.48,0.16,"ok"
"retina","classification","/home/chiamaka/Documents/fastpls/data/Macosko2015_retina_float32.RData",123,22402,22406,50,12,"float64","float64","argmax","argmax","float64",17.2733612060547,30,7,"fastPLS_simpls_cpu_irlba","fastPLS","0.99.39","fastPLS::pls(method='simpls', backend='cpu', svd.method='irlba', classifier='argmax')","SIMPLS","simpls","simpls",TRUE,82.0000000000001,"accuracy",0.967776488440596,0.967776488440596,0.901549874457733,0.933160842295358,,,,"ok",,,518.300781,1.47,0.15,"ok"
"retina","classification","/home/chiamaka/Documents/fastpls/data/Macosko2015_retina_float32.RData",123,22402,22406,50,12,"float64","float64","argmax","argmax","float64",17.2733612060547,30,8,"fastPLS_simpls_cpu_irlba","fastPLS","0.99.39","fastPLS::pls(method='simpls', backend='cpu', svd.method='irlba', classifier='argmax')","SIMPLS","simpls","simpls",TRUE,81,"accuracy",0.967776488440596,0.967776488440596,0.901549874457733,0.933160842295358,,,,"ok",,,518.476562,1.47,0.14,"ok"
"retina","classification","/home/chiamaka/Documents/fastpls/data/Macosko2015_retina_float32.RData",123,22402,22406,50,12,"float64","float64","argmax","argmax","float64",17.2733612060547,30,9,"fastPLS_simpls_cpu_irlba","fastPLS","0.99.39","fastPLS::pls(method='simpls', backend='cpu', svd.method='irlba', classifier='argmax')","SIMPLS","simpls","simpls",TRUE,80.0000000000001,"accuracy",0.967776488440596,0.967776488440596,0.901549874457733,0.933160842295358,,,,"ok",,,518.496094,1.46,0.15,"ok"
"retina","classification","/home/chiamaka/Documents/fastpls/data/Macosko2015_retina_float32.RData",123,22402,22406,50,12,"float64","float64","argmax","argmax","float64",17.2733612060547,30,10,"fastPLS_simpls_cpu_irlba","fastPLS","0.99.39","fastPLS::pls(method='simpls', backend='cpu', svd.method='irlba', classifier='argmax')","SIMPLS","simpls","simpls",TRUE,80.0000000000001,"accuracy",0.967776488440596,0.967776488440596,0.901549874457733,0.933160842295358,,,,"ok",,,518.039062,1.47,0.13,"ok"
"retina","classification","/home/chiamaka/Documents/fastpls/data/Macosko2015_retina_float32.RData",123,22402,22406,50,12,"float64","float64","lda","cpp_project","float64",17.2733612060547,30,1,"fastPLS_simpls_cpu_irlba_lda","fastPLS","0.99.39","fastPLS::pls(method='simpls', backend='cpu', svd.method='irlba', classifier='lda')","SIMPLS + LDA","simpls","simpls",TRUE,90.0000000000001,"accuracy",0.969115415513702,0.969115415513702,0.909706872612551,0.936189749405791,,,,"ok",,,494.726562,1.51,0.12,"ok"
"retina","classification","/home/chiamaka/Documents/fastpls/data/Macosko2015_retina_float32.RData",123,22402,22406,50,12,"float64","float64","lda","cpp_project","float64",17.2733612060547,30,2,"fastPLS_simpls_cpu_irlba_lda","fastPLS","0.99.39","fastPLS::pls(method='simpls', backend='cpu', svd.method='irlba', classifier='lda')","SIMPLS + LDA","simpls","simpls",TRUE,89.9999999999999,"accuracy",0.969115415513702,0.969115415513702,0.909706872612551,0.936189749405791,,,,"ok",,,494.949219,1.5,0.13,"ok"
"retina","classification","/home/chiamaka/Documents/fastpls/data/Macosko2015_retina_float32.RData",123,22402,22406,50,12,"float64","float64","lda","cpp_project","float64",17.2733612060547,30,3,"fastPLS_simpls_cpu_irlba_lda","fastPLS","0.99.39","fastPLS::pls(method='simpls', backend='cpu', svd.method='irlba', classifier='lda')","SIMPLS + LDA","simpls","simpls",TRUE,91,"accuracy",0.969115415513702,0.969115415513702,0.909706872612551,0.936189749405791,,,,"ok",,,494.707031,1.48,0.17,"ok"
"retina","classification","/home/chiamaka/Documents/fastpls/data/Macosko2015_retina_float32.RData",123,22402,22406,50,12,"float64","float64","lda","cpp_project","float64",17.2733612060547,30,4,"fastPLS_simpls_cpu_irlba_lda","fastPLS","0.99.39","fastPLS::pls(method='simpls', backend='cpu', svd.method='irlba', classifier='lda')","SIMPLS + LDA","simpls","simpls",TRUE,89.9999999999999,"accuracy",0.969115415513702,0.969115415513702,0.909706872612551,0.936189749405791,,,,"ok",,,507.378906,1.48,0.15,"ok"
"retina","classification","/home/chiamaka/Documents/fastpls/data/Macosko2015_retina_float32.RData",123,22402,22406,50,12,"float64","float64","lda","cpp_project","float64",17.2733612060547,30,5,"fastPLS_simpls_cpu_irlba_lda","fastPLS","0.99.39","fastPLS::pls(method='simpls', backend='cpu', svd.method='irlba', classifier='lda')","SIMPLS + LDA","simpls","simpls",TRUE,91,"accuracy",0.969115415513702,0.969115415513702,0.909706872612551,0.936189749405791,,,,"ok",,,507.042969,1.49,0.15,"ok"
"retina","classification","/home/chiamaka/Documents/fastpls/data/Macosko2015_retina_float32.RData",123,22402,22406,50,12,"float64","float64","lda","cpp_project","float64",17.2733612060547,30,6,"fastPLS_simpls_cpu_irlba_lda","fastPLS","0.99.39","fastPLS::pls(method='simpls', backend='cpu', svd.method='irlba', classifier='lda')","SIMPLS + LDA","simpls","simpls",TRUE,90.0000000000001,"accuracy",0.969115415513702,0.969115415513702,0.909706872612551,0.936189749405791,,,,"ok",,,494.28125,1.49,0.14,"ok"
"retina","classification","/home/chiamaka/Documents/fastpls/data/Macosko2015_retina_float32.RData",123,22402,22406,50,12,"float64","float64","lda","cpp_project","float64",17.2733612060547,30,7,"fastPLS_simpls_cpu_irlba_lda","fastPLS","0.99.39","fastPLS::pls(method='simpls', backend='cpu', svd.method='irlba', classifier='lda')","SIMPLS + LDA","simpls","simpls",TRUE,90.0000000000001,"accuracy",0.969115415513702,0.969115415513702,0.909706872612551,0.936189749405791,,,,"ok",,,494.628906,1.5,0.15,"ok"
"retina","classification","/home/chiamaka/Documents/fastpls/data/Macosko2015_retina_float32.RData",123,22402,22406,50,12,"float64","float64","lda","cpp_project","float64",17.2733612060547,30,8,"fastPLS_simpls_cpu_irlba_lda","fastPLS","0.99.39","fastPLS::pls(method='simpls', backend='cpu', svd.method='irlba', classifier='lda')","SIMPLS + LDA","simpls","simpls",TRUE,90.0000000000001,"accuracy",0.969115415513702,0.969115415513702,0.909706872612551,0.936189749405791,,,,"ok",,,494.933594,1.5,0.13,"ok"
"retina","classification","/home/chiamaka/Documents/fastpls/data/Macosko2015_retina_float32.RData",123,22402,22406,50,12,"float64","float64","lda","cpp_project","float64",17.2733612060547,30,9,"fastPLS_simpls_cpu_irlba_lda","fastPLS","0.99.39","fastPLS::pls(method='simpls', backend='cpu', svd.method='irlba', classifier='lda')","SIMPLS + LDA","simpls","simpls",TRUE,91,"accuracy",0.969115415513702,0.969115415513702,0.909706872612551,0.936189749405791,,,,"ok",,,494.25,1.5,0.13,"ok"
"retina","classification","/home/chiamaka/Documents/fastpls/data/Macosko2015_retina_float32.RData",123,22402,22406,50,12,"float64","float64","lda","cpp_project","float64",17.2733612060547,30,10,"fastPLS_simpls_cpu_irlba_lda","fastPLS","0.99.39","fastPLS::pls(method='simpls', backend='cpu', svd.method='irlba', classifier='lda')","SIMPLS + LDA","simpls","simpls",TRUE,90.0000000000001,"accuracy",0.969115415513702,0.969115415513702,0.909706872612551,0.936189749405791,,,,"ok",,,494.6875,1.48,0.14,"ok"
"retina","classification","/home/chiamaka/Documents/fastpls/data/Macosko2015_retina_float32.RData",123,22402,22406,50,12,"float64","float64","argmax","mdatools","float64",17.2733612060547,30,1,"mdatools_plsda_or_pls","mdatools","0.15.0","mdatools::plsda or mdatools::pls","SIMPLS/PLS-DA","SIMPLS/PLS-DA","SIMPLS/PLS-DA",TRUE,3300,"accuracy",0.967776488440596,0.967776488440596,0.901549874457733,0.933160842295358,,,,"ok","No validation results were found.",,840.785156,3.95,0.59,"ok"
"retina","classification","/home/chiamaka/Documents/fastpls/data/Macosko2015_retina_float32.RData",123,22402,22406,50,12,"float64","float64","argmax","mdatools","float64",17.2733612060547,30,2,"mdatools_plsda_or_pls","mdatools","0.15.0","mdatools::plsda or mdatools::pls","SIMPLS/PLS-DA","SIMPLS/PLS-DA","SIMPLS/PLS-DA",TRUE,3267,"accuracy",0.967776488440596,0.967776488440596,0.901549874457733,0.933160842295358,,,,"ok","No validation results were found.",,841.417969,3.91,0.6,"ok"
"retina","classification","/home/chiamaka/Documents/fastpls/data/Macosko2015_retina_float32.RData",123,22402,22406,50,12,"float64","float64","argmax","mdatools","float64",17.2733612060547,30,3,"mdatools_plsda_or_pls","mdatools","0.15.0","mdatools::plsda or mdatools::pls","SIMPLS/PLS-DA","SIMPLS/PLS-DA","SIMPLS/PLS-DA",TRUE,3274,"accuracy",0.967776488440596,0.967776488440596,0.901549874457733,0.933160842295358,,,,"ok","No validation results were found.",,841.105469,3.95,0.58,"ok"
"retina","classification","/home/chiamaka/Documents/fastpls/data/Macosko2015_retina_float32.RData",123,22402,22406,50,12,"float64","float64","argmax","mixOmics","float64",17.2733612060547,30,1,"mixOmics_plsda","mixOmics","6.36.0","mixOmics::plsda","PLS-DA","PLS-DA","PLS-DA",TRUE,4972107,"accuracy",0.967776488440596,0.967776488440596,0.901549874457733,0.933160842295358,,,,"ok",,,852.316406,4762.1,211.52,"ok"
"retina","classification","/home/chiamaka/Documents/fastpls/data/Macosko2015_retina_float32.RData",123,22402,22406,50,12,"float64","float64","argmax","mixOmics","float64",17.2733612060547,30,2,"mixOmics_plsda","mixOmics","6.36.0","mixOmics::plsda","PLS-DA","PLS-DA","PLS-DA",TRUE,4970603,"accuracy",0.967776488440596,0.967776488440596,0.901549874457733,0.933160842295358,,,,"ok",,,850.363281,4771.76,200.49,"ok"
"retina","classification","/home/chiamaka/Documents/fastpls/data/Macosko2015_retina_float32.RData",123,22402,22406,50,12,"float64","float64","argmax","mixOmics","float64",17.2733612060547,30,3,"mixOmics_plsda","mixOmics","6.36.0","mixOmics::plsda","PLS-DA","PLS-DA","PLS-DA",TRUE,4933134,"accuracy",0.967776488440596,0.967776488440596,0.901549874457733,0.933160842295358,,,,"ok",,,852.671875,4721.98,212.79,"ok"
"retina","classification","/home/chiamaka/Documents/fastpls/data/Macosko2015_retina_float32.RData",123,22402,22406,50,12,"float64","float64","argmax","pcv","float64",17.2733612060547,30,1,"pcv_simpls","pcv","1.1.0","pcv:::simpls","SIMPLS","simpls","simpls",TRUE,199,"accuracy",0.967776488440596,0.967776488440596,0.901549874457733,0.933160842295358,,,,"ok",,,151.90625,1.09,0.07,"ok"
"retina","classification","/home/chiamaka/Documents/fastpls/data/Macosko2015_retina_float32.RData",123,22402,22406,50,12,"float64","float64","argmax","pcv","float64",17.2733612060547,30,2,"pcv_simpls","pcv","1.1.0","pcv:::simpls","SIMPLS","simpls","simpls",TRUE,197,"accuracy",0.967776488440596,0.967776488440596,0.901549874457733,0.933160842295358,,,,"ok",,,151.550781,1.1,0.09,"ok"
"retina","classification","/home/chiamaka/Documents/fastpls/data/Macosko2015_retina_float32.RData",123,22402,22406,50,12,"float64","float64","argmax","pcv","float64",17.2733612060547,30,3,"pcv_simpls","pcv","1.1.0","pcv:::simpls","SIMPLS","simpls","simpls",TRUE,199,"accuracy",0.967776488440596,0.967776488440596,0.901549874457733,0.933160842295358,,,,"ok",,,152.019531,1.09,0.06,"ok"
"retina","classification","/home/chiamaka/Documents/fastpls/data/Macosko2015_retina_float32.RData",123,22402,22406,50,12,"float64","float64","argmax","pcv","float64",17.2733612060547,30,4,"pcv_simpls","pcv","1.1.0","pcv:::simpls","SIMPLS","simpls","simpls",TRUE,197,"accuracy",0.967776488440596,0.967776488440596,0.901549874457733,0.933160842295358,,,,"ok",,,152.335938,1.09,0.08,"ok"
"retina","classification","/home/chiamaka/Documents/fastpls/data/Macosko2015_retina_float32.RData",123,22402,22406,50,12,"float64","float64","argmax","pcv","float64",17.2733612060547,30,5,"pcv_simpls","pcv","1.1.0","pcv:::simpls","SIMPLS","simpls","simpls",TRUE,197,"accuracy",0.967776488440596,0.967776488440596,0.901549874457733,0.933160842295358,,,,"ok",,,152.277344,1.08,0.07,"ok"
"retina","classification","/home/chiamaka/Documents/fastpls/data/Macosko2015_retina_float32.RData",123,22402,22406,50,12,"float64","float64","argmax","pcv","float64",17.2733612060547,30,6,"pcv_simpls","pcv","1.1.0","pcv:::simpls","SIMPLS","simpls","simpls",TRUE,198,"accuracy",0.967776488440596,0.967776488440596,0.901549874457733,0.933160842295358,,,,"ok",,,152.234375,1.1,0.08,"ok"
"retina","classification","/home/chiamaka/Documents/fastpls/data/Macosko2015_retina_float32.RData",123,22402,22406,50,12,"float64","float64","argmax","pcv","float64",17.2733612060547,30,7,"pcv_simpls","pcv","1.1.0","pcv:::simpls","SIMPLS","simpls","simpls",TRUE,197,"accuracy",0.967776488440596,0.967776488440596,0.901549874457733,0.933160842295358,,,,"ok",,,152.109375,1.1,0.07,"ok"
"retina","classification","/home/chiamaka/Documents/fastpls/data/Macosko2015_retina_float32.RData",123,22402,22406,50,12,"float64","float64","argmax","pcv","float64",17.2733612060547,30,8,"pcv_simpls","pcv","1.1.0","pcv:::simpls","SIMPLS","simpls","simpls",TRUE,201,"accuracy",0.967776488440596,0.967776488440596,0.901549874457733,0.933160842295358,,,,"ok",,,152.105469,1.11,0.08,"ok"
"retina","classification","/home/chiamaka/Documents/fastpls/data/Macosko2015_retina_float32.RData",123,22402,22406,50,12,"float64","float64","argmax","pcv","float64",17.2733612060547,30,9,"pcv_simpls","pcv","1.1.0","pcv:::simpls","SIMPLS","simpls","simpls",TRUE,199,"accuracy",0.967776488440596,0.967776488440596,0.901549874457733,0.933160842295358,,,,"ok",,,152.3125,1.08,0.08,"ok"
"retina","classification","/home/chiamaka/Documents/fastpls/data/Macosko2015_retina_float32.RData",123,22402,22406,50,12,"float64","float64","argmax","pcv","float64",17.2733612060547,30,10,"pcv_simpls","pcv","1.1.0","pcv:::simpls","SIMPLS","simpls","simpls",TRUE,196,"accuracy",0.967776488440596,0.967776488440596,0.901549874457733,0.933160842295358,,,,"ok",,,152.242188,1.09,0.06,"ok"
"retina","classification","/home/chiamaka/Documents/fastpls/data/Macosko2015_retina_float32.RData",123,22402,22406,50,12,"float64","float64","argmax","pls","float64",17.2733612060547,30,1,"pls_simpls_fit","pls","2.9.0","pls::simpls.fit","SIMPLS","simpls","simpls",TRUE,423,"accuracy",0.967776488440596,0.967776488440596,0.901549874457733,0.933160842295358,,,,"ok",,,357.316406,1.26,0.14,"ok"
"retina","classification","/home/chiamaka/Documents/fastpls/data/Macosko2015_retina_float32.RData",123,22402,22406,50,12,"float64","float64","argmax","pls","float64",17.2733612060547,30,2,"pls_simpls_fit","pls","2.9.0","pls::simpls.fit","SIMPLS","simpls","simpls",TRUE,423,"accuracy",0.967776488440596,0.967776488440596,0.901549874457733,0.933160842295358,,,,"ok",,,356.929688,1.27,0.14,"ok"
"retina","classification","/home/chiamaka/Documents/fastpls/data/Macosko2015_retina_float32.RData",123,22402,22406,50,12,"float64","float64","argmax","pls","float64",17.2733612060547,30,3,"pls_simpls_fit","pls","2.9.0","pls::simpls.fit","SIMPLS","simpls","simpls",TRUE,425,"accuracy",0.967776488440596,0.967776488440596,0.901549874457733,0.933160842295358,,,,"ok",,,356.917969,1.27,0.14,"ok"
"retina","classification","/home/chiamaka/Documents/fastpls/data/Macosko2015_retina_float32.RData",123,22402,22406,50,12,"float64","float64","argmax","pls","float64",17.2733612060547,30,4,"pls_simpls_fit","pls","2.9.0","pls::simpls.fit","SIMPLS","simpls","simpls",TRUE,426,"accuracy",0.967776488440596,0.967776488440596,0.901549874457733,0.933160842295358,,,,"ok",,,356.5625,1.28,0.14,"ok"
"retina","classification","/home/chiamaka/Documents/fastpls/data/Macosko2015_retina_float32.RData",123,22402,22406,50,12,"float64","float64","argmax","pls","float64",17.2733612060547,30,5,"pls_simpls_fit","pls","2.9.0","pls::simpls.fit","SIMPLS","simpls","simpls",TRUE,425,"accuracy",0.967776488440596,0.967776488440596,0.901549874457733,0.933160842295358,,,,"ok",,,356.53125,1.28,0.13,"ok"
"retina","classification","/home/chiamaka/Documents/fastpls/data/Macosko2015_retina_float32.RData",123,22402,22406,50,12,"float64","float64","argmax","pls","float64",17.2733612060547,30,6,"pls_simpls_fit","pls","2.9.0","pls::simpls.fit","SIMPLS","simpls","simpls",TRUE,426,"accuracy",0.967776488440596,0.967776488440596,0.901549874457733,0.933160842295358,,,,"ok",,,356.996094,1.25,0.15,"ok"
"retina","classification","/home/chiamaka/Documents/fastpls/data/Macosko2015_retina_float32.RData",123,22402,22406,50,12,"float64","float64","argmax","pls","float64",17.2733612060547,30,7,"pls_simpls_fit","pls","2.9.0","pls::simpls.fit","SIMPLS","simpls","simpls",TRUE,418,"accuracy",0.967776488440596,0.967776488440596,0.901549874457733,0.933160842295358,,,,"ok",,,357.113281,1.26,0.13,"ok"
"retina","classification","/home/chiamaka/Documents/fastpls/data/Macosko2015_retina_float32.RData",123,22402,22406,50,12,"float64","float64","argmax","pls","float64",17.2733612060547,30,8,"pls_simpls_fit","pls","2.9.0","pls::simpls.fit","SIMPLS","simpls","simpls",TRUE,425,"accuracy",0.967776488440596,0.967776488440596,0.901549874457733,0.933160842295358,,,,"ok",,,356.746094,1.26,0.14,"ok"
"retina","classification","/home/chiamaka/Documents/fastpls/data/Macosko2015_retina_float32.RData",123,22402,22406,50,12,"float64","float64","argmax","pls","float64",17.2733612060547,30,9,"pls_simpls_fit","pls","2.9.0","pls::simpls.fit","SIMPLS","simpls","simpls",TRUE,421,"accuracy",0.967776488440596,0.967776488440596,0.901549874457733,0.933160842295358,,,,"ok",,,357.140625,1.25,0.14,"ok"
"retina","classification","/home/chiamaka/Documents/fastpls/data/Macosko2015_retina_float32.RData",123,22402,22406,50,12,"float64","float64","argmax","pls","float64",17.2733612060547,30,10,"pls_simpls_fit","pls","2.9.0","pls::simpls.fit","SIMPLS","simpls","simpls",TRUE,441,"accuracy",0.967776488440596,0.967776488440596,0.901549874457733,0.933160842295358,,,,"ok",,,356.15625,1.33,0.14,"ok"
"retina","classification","/home/chiamaka/Documents/fastpls/data/Macosko2015_retina_float32.RData",123,22402,22406,50,12,"float64","float64","argmax","plsdepot","float64",17.2733612060547,30,1,"plsdepot_simpls","plsdepot","0.3.1","plsdepot::simpls","SIMPLS","simpls","simpls",TRUE,753,"accuracy",0.948719093100063,0.948719093100063,0.814275305994087,0.882815713025394,,,,"ok",,,241.023438,1.62,0.11,"ok"
"retina","classification","/home/chiamaka/Documents/fastpls/data/Macosko2015_retina_float32.RData",123,22402,22406,50,12,"float64","float64","argmax","plsdepot","float64",17.2733612060547,30,2,"plsdepot_simpls","plsdepot","0.3.1","plsdepot::simpls","SIMPLS","simpls","simpls",TRUE,744,"accuracy",0.948719093100063,0.948719093100063,0.814275305994087,0.882815713025394,,,,"ok",,,244.347656,1.63,0.1,"ok"
"retina","classification","/home/chiamaka/Documents/fastpls/data/Macosko2015_retina_float32.RData",123,22402,22406,50,12,"float64","float64","argmax","plsdepot","float64",17.2733612060547,30,3,"plsdepot_simpls","plsdepot","0.3.1","plsdepot::simpls","SIMPLS","simpls","simpls",TRUE,749,"accuracy",0.948719093100063,0.948719093100063,0.814275305994087,0.882815713025394,,,,"ok",,,243.835938,1.63,0.1,"ok"
"retina","classification","/home/chiamaka/Documents/fastpls/data/Macosko2015_retina_float32.RData",123,22402,22406,50,12,"float64","float64","argmax","plsdepot","float64",17.2733612060547,30,4,"plsdepot_simpls","plsdepot","0.3.1","plsdepot::simpls","SIMPLS","simpls","simpls",TRUE,741,"accuracy",0.948719093100063,0.948719093100063,0.814275305994087,0.882815713025394,,,,"ok",,,244.394531,1.62,0.12,"ok"
"retina","classification","/home/chiamaka/Documents/fastpls/data/Macosko2015_retina_float32.RData",123,22402,22406,50,12,"float64","float64","argmax","plsdepot","float64",17.2733612060547,30,5,"plsdepot_simpls","plsdepot","0.3.1","plsdepot::simpls","SIMPLS","simpls","simpls",TRUE,788,"accuracy",0.948719093100063,0.948719093100063,0.814275305994087,0.882815713025394,,,,"ok",,,244.210938,1.68,0.09,"ok"
"retina","classification","/home/chiamaka/Documents/fastpls/data/Macosko2015_retina_float32.RData",123,22402,22406,50,12,"float64","float64","argmax","plsdepot","float64",17.2733612060547,30,6,"plsdepot_simpls","plsdepot","0.3.1","plsdepot::simpls","SIMPLS","simpls","simpls",TRUE,745,"accuracy",0.948719093100063,0.948719093100063,0.814275305994087,0.882815713025394,,,,"ok",,,244.53125,1.62,0.11,"ok"
"retina","classification","/home/chiamaka/Documents/fastpls/data/Macosko2015_retina_float32.RData",123,22402,22406,50,12,"float64","float64","argmax","plsdepot","float64",17.2733612060547,30,7,"plsdepot_simpls","plsdepot","0.3.1","plsdepot::simpls","SIMPLS","simpls","simpls",TRUE,746,"accuracy",0.948719093100063,0.948719093100063,0.814275305994087,0.882815713025394,,,,"ok",,,243.792969,1.63,0.1,"ok"
"retina","classification","/home/chiamaka/Documents/fastpls/data/Macosko2015_retina_float32.RData",123,22402,22406,50,12,"float64","float64","argmax","plsdepot","float64",17.2733612060547,30,8,"plsdepot_simpls","plsdepot","0.3.1","plsdepot::simpls","SIMPLS","simpls","simpls",TRUE,741,"accuracy",0.948719093100063,0.948719093100063,0.814275305994087,0.882815713025394,,,,"ok",,,243.847656,1.62,0.11,"ok"
"retina","classification","/home/chiamaka/Documents/fastpls/data/Macosko2015_retina_float32.RData",123,22402,22406,50,12,"float64","float64","argmax","plsdepot","float64",17.2733612060547,30,9,"plsdepot_simpls","plsdepot","0.3.1","plsdepot::simpls","SIMPLS","simpls","simpls",TRUE,741,"accuracy",0.948719093100063,0.948719093100063,0.814275305994087,0.882815713025394,,,,"ok",,,244.371094,1.61,0.12,"ok"
"retina","classification","/home/chiamaka/Documents/fastpls/data/Macosko2015_retina_float32.RData",123,22402,22406,50,12,"float64","float64","argmax","plsdepot","float64",17.2733612060547,30,10,"plsdepot_simpls","plsdepot","0.3.1","plsdepot::simpls","SIMPLS","simpls","simpls",TRUE,745,"accuracy",0.948719093100063,0.948719093100063,0.814275305994087,0.882815713025394,,,,"ok",,,243.988281,1.61,0.11,"ok"
"retina","classification","/home/chiamaka/Documents/fastpls/data/Macosko2015_retina_float32.RData",123,22402,22406,50,12,"float64","float64","lda","plsgenomics","float64",17.2733612060547,30,1,"plsgenomics_pls_lda","plsgenomics","1.5.3","plsgenomics::pls.lda","PLS-LDA","PLS-LDA","PLS-LDA",TRUE,449,"accuracy",0.969115415513702,0.969115415513702,0.909706872612551,0.936189749405791,,,,"ok",,,242.449219,1.68,0.11,"ok"
"retina","classification","/home/chiamaka/Documents/fastpls/data/Macosko2015_retina_float32.RData",123,22402,22406,50,12,"float64","float64","lda","plsgenomics","float64",17.2733612060547,30,2,"plsgenomics_pls_lda","plsgenomics","1.5.3","plsgenomics::pls.lda","PLS-LDA","PLS-LDA","PLS-LDA",TRUE,448,"accuracy",0.969115415513702,0.969115415513702,0.909706872612551,0.936189749405791,,,,"ok",,,242.242188,1.67,0.1,"ok"
"retina","classification","/home/chiamaka/Documents/fastpls/data/Macosko2015_retina_float32.RData",123,22402,22406,50,12,"float64","float64","lda","plsgenomics","float64",17.2733612060547,30,3,"plsgenomics_pls_lda","plsgenomics","1.5.3","plsgenomics::pls.lda","PLS-LDA","PLS-LDA","PLS-LDA",TRUE,450,"accuracy",0.969115415513702,0.969115415513702,0.909706872612551,0.936189749405791,,,,"ok",,,242.515625,1.68,0.12,"ok"
"retina","classification","/home/chiamaka/Documents/fastpls/data/Macosko2015_retina_float32.RData",123,22402,22406,50,12,"float64","float64","lda","plsgenomics","float64",17.2733612060547,30,4,"plsgenomics_pls_lda","plsgenomics","1.5.3","plsgenomics::pls.lda","PLS-LDA","PLS-LDA","PLS-LDA",TRUE,450,"accuracy",0.969115415513702,0.969115415513702,0.909706872612551,0.936189749405791,,,,"ok",,,242.632812,1.69,0.09,"ok"
"retina","classification","/home/chiamaka/Documents/fastpls/data/Macosko2015_retina_float32.RData",123,22402,22406,50,12,"float64","float64","lda","plsgenomics","float64",17.2733612060547,30,5,"plsgenomics_pls_lda","plsgenomics","1.5.3","plsgenomics::pls.lda","PLS-LDA","PLS-LDA","PLS-LDA",TRUE,452,"accuracy",0.969115415513702,0.969115415513702,0.909706872612551,0.936189749405791,,,,"ok",,,242.542969,1.69,0.11,"ok"
"retina","classification","/home/chiamaka/Documents/fastpls/data/Macosko2015_retina_float32.RData",123,22402,22406,50,12,"float64","float64","lda","plsgenomics","float64",17.2733612060547,30,6,"plsgenomics_pls_lda","plsgenomics","1.5.3","plsgenomics::pls.lda","PLS-LDA","PLS-LDA","PLS-LDA",TRUE,450,"accuracy",0.969115415513702,0.969115415513702,0.909706872612551,0.936189749405791,,,,"ok",,,242.859375,1.67,0.1,"ok"
"retina","classification","/home/chiamaka/Documents/fastpls/data/Macosko2015_retina_float32.RData",123,22402,22406,50,12,"float64","float64","lda","plsgenomics","float64",17.2733612060547,30,7,"plsgenomics_pls_lda","plsgenomics","1.5.3","plsgenomics::pls.lda","PLS-LDA","PLS-LDA","PLS-LDA",TRUE,456,"accuracy",0.969115415513702,0.969115415513702,0.909706872612551,0.936189749405791,,,,"ok",,,243.046875,1.69,0.11,"ok"
"retina","classification","/home/chiamaka/Documents/fastpls/data/Macosko2015_retina_float32.RData",123,22402,22406,50,12,"float64","float64","lda","plsgenomics","float64",17.2733612060547,30,8,"plsgenomics_pls_lda","plsgenomics","1.5.3","plsgenomics::pls.lda","PLS-LDA","PLS-LDA","PLS-LDA",TRUE,448,"accuracy",0.969115415513702,0.969115415513702,0.909706872612551,0.936189749405791,,,,"ok",,,242.429688,1.66,0.12,"ok"
"retina","classification","/home/chiamaka/Documents/fastpls/data/Macosko2015_retina_float32.RData",123,22402,22406,50,12,"float64","float64","lda","plsgenomics","float64",17.2733612060547,30,9,"plsgenomics_pls_lda","plsgenomics","1.5.3","plsgenomics::pls.lda","PLS-LDA","PLS-LDA","PLS-LDA",TRUE,452,"accuracy",0.969115415513702,0.969115415513702,0.909706872612551,0.936189749405791,,,,"ok",,,242.355469,1.66,0.11,"ok"
"retina","classification","/home/chiamaka/Documents/fastpls/data/Macosko2015_retina_float32.RData",123,22402,22406,50,12,"float64","float64","lda","plsgenomics","float64",17.2733612060547,30,10,"plsgenomics_pls_lda","plsgenomics","1.5.3","plsgenomics::pls.lda","PLS-LDA","PLS-LDA","PLS-LDA",TRUE,445,"accuracy",0.969115415513702,0.969115415513702,0.909706872612551,0.936189749405791,,,,"ok",,,242.019531,1.66,0.11,"ok"
"retina","classification","/home/chiamaka/Documents/fastpls/data/Macosko2015_retina_float32.RData",123,22402,22406,50,12,"float64","float64","argmax","spls","float64",17.2733612060547,30,1,"spls_splsda","spls","2.3.2","spls::splsda","sPLS-DA","sPLS-DA","sPLS-DA",TRUE,5383,"accuracy",0.968802999196644,0.968802999196644,0.907427506651623,0.935863258710746,,,,"ok",,,673.914062,5.53,0.83,"ok"
"retina","classification","/home/chiamaka/Documents/fastpls/data/Macosko2015_retina_float32.RData",123,22402,22406,50,12,"float64","float64","argmax","spls","float64",17.2733612060547,30,2,"spls_splsda","spls","2.3.2","spls::splsda","sPLS-DA","sPLS-DA","sPLS-DA",TRUE,5341,"accuracy",0.968802999196644,0.968802999196644,0.907427506651623,0.935863258710746,,,,"ok",,,673.671875,5.53,0.79,"ok"
"retina","classification","/home/chiamaka/Documents/fastpls/data/Macosko2015_retina_float32.RData",123,22402,22406,50,12,"float64","float64","argmax","spls","float64",17.2733612060547,30,3,"spls_splsda","spls","2.3.2","spls::splsda","sPLS-DA","sPLS-DA","sPLS-DA",TRUE,5368,"accuracy",0.968802999196644,0.968802999196644,0.907427506651623,0.935863258710746,,,,"ok",,,673.898438,5.54,0.83,"ok"
"tabula","classification","/home/chiamaka/Documents/fastpls/data/TabulaMuris_float32.RData",123,50043,50059,50,32,"float64","float64","argmax","chemometrics","float64",48.5358734130859,44,1,"chemometrics_pls_eigen","chemometrics","1.4.4","chemometrics::pls_eigen","PLS eigen","PLS eigen","PLS eigen",TRUE,632,"accuracy",0.783275734633133,0.783275734633133,0.586035023863962,0.572764211743705,,,,"ok",,,314.285156,1.46,0.15,"ok"
"tabula","classification","/home/chiamaka/Documents/fastpls/data/TabulaMuris_float32.RData",123,50043,50059,50,32,"float64","float64","argmax","chemometrics","float64",48.5358734130859,44,2,"chemometrics_pls_eigen","chemometrics","1.4.4","chemometrics::pls_eigen","PLS eigen","PLS eigen","PLS eigen",TRUE,599,"accuracy",0.783275734633133,0.783275734633133,0.586035023863962,0.572764211743705,,,,"ok",,,314.332031,1.4,0.14,"ok"
"tabula","classification","/home/chiamaka/Documents/fastpls/data/TabulaMuris_float32.RData",123,50043,50059,50,32,"float64","float64","argmax","chemometrics","float64",48.5358734130859,44,3,"chemometrics_pls_eigen","chemometrics","1.4.4","chemometrics::pls_eigen","PLS eigen","PLS eigen","PLS eigen",TRUE,603,"accuracy",0.783275734633133,0.783275734633133,0.586035023863962,0.572764211743705,,,,"ok",,,315.101562,1.4,0.14,"ok"
"tabula","classification","/home/chiamaka/Documents/fastpls/data/TabulaMuris_float32.RData",123,50043,50059,50,32,"float64","float64","argmax","chemometrics","float64",48.5358734130859,44,4,"chemometrics_pls_eigen","chemometrics","1.4.4","chemometrics::pls_eigen","PLS eigen","PLS eigen","PLS eigen",TRUE,594,"accuracy",0.783275734633133,0.783275734633133,0.586035023863962,0.572764211743705,,,,"ok",,,314.902344,1.41,0.15,"ok"
"tabula","classification","/home/chiamaka/Documents/fastpls/data/TabulaMuris_float32.RData",123,50043,50059,50,32,"float64","float64","argmax","chemometrics","float64",48.5358734130859,44,5,"chemometrics_pls_eigen","chemometrics","1.4.4","chemometrics::pls_eigen","PLS eigen","PLS eigen","PLS eigen",TRUE,605,"accuracy",0.783275734633133,0.783275734633133,0.586035023863962,0.572764211743705,,,,"ok",,,314.453125,1.43,0.12,"ok"
"tabula","classification","/home/chiamaka/Documents/fastpls/data/TabulaMuris_float32.RData",123,50043,50059,50,32,"float64","float64","argmax","chemometrics","float64",48.5358734130859,44,6,"chemometrics_pls_eigen","chemometrics","1.4.4","chemometrics::pls_eigen","PLS eigen","PLS eigen","PLS eigen",TRUE,605,"accuracy",0.783275734633133,0.783275734633133,0.586035023863962,0.572764211743705,,,,"ok",,,314.601562,1.43,0.13,"ok"
"tabula","classification","/home/chiamaka/Documents/fastpls/data/TabulaMuris_float32.RData",123,50043,50059,50,32,"float64","float64","argmax","chemometrics","float64",48.5358734130859,44,7,"chemometrics_pls_eigen","chemometrics","1.4.4","chemometrics::pls_eigen","PLS eigen","PLS eigen","PLS eigen",TRUE,610,"accuracy",0.783275734633133,0.783275734633133,0.586035023863962,0.572764211743705,,,,"ok",,,314.71875,1.42,0.15,"ok"
"tabula","classification","/home/chiamaka/Documents/fastpls/data/TabulaMuris_float32.RData",123,50043,50059,50,32,"float64","float64","argmax","chemometrics","float64",48.5358734130859,44,8,"chemometrics_pls_eigen","chemometrics","1.4.4","chemometrics::pls_eigen","PLS eigen","PLS eigen","PLS eigen",TRUE,600,"accuracy",0.783275734633133,0.783275734633133,0.586035023863962,0.572764211743705,,,,"ok",,,314.75,1.4,0.14,"ok"
"tabula","classification","/home/chiamaka/Documents/fastpls/data/TabulaMuris_float32.RData",123,50043,50059,50,32,"float64","float64","argmax","chemometrics","float64",48.5358734130859,44,9,"chemometrics_pls_eigen","chemometrics","1.4.4","chemometrics::pls_eigen","PLS eigen","PLS eigen","PLS eigen",TRUE,600,"accuracy",0.783275734633133,0.783275734633133,0.586035023863962,0.572764211743705,,,,"ok",,,314.96875,1.41,0.15,"ok"
"tabula","classification","/home/chiamaka/Documents/fastpls/data/TabulaMuris_float32.RData",123,50043,50059,50,32,"float64","float64","argmax","chemometrics","float64",48.5358734130859,44,10,"chemometrics_pls_eigen","chemometrics","1.4.4","chemometrics::pls_eigen","PLS eigen","PLS eigen","PLS eigen",TRUE,603,"accuracy",0.783275734633133,0.783275734633133,0.586035023863962,0.572764211743705,,,,"ok",,,314.152344,1.43,0.13,"ok"
"tabula","classification","/home/chiamaka/Documents/fastpls/data/TabulaMuris_float32.RData",123,50043,50059,50,32,"float64","float64","argmax","argmax","float64",48.5358734130859,44,1,"fastPLS_simpls_cpu_irlba","fastPLS","0.99.39","fastPLS::pls(method='simpls', backend='cpu', svd.method='irlba', classifier='argmax')","SIMPLS","simpls","simpls",TRUE,342,"accuracy",0.800435486126371,0.800435486126371,0.598654992864988,0.58682068731277,,,,"ok",,,648.484375,1.58,0.19,"ok"
"tabula","classification","/home/chiamaka/Documents/fastpls/data/TabulaMuris_float32.RData",123,50043,50059,50,32,"float64","float64","argmax","argmax","float64",48.5358734130859,44,2,"fastPLS_simpls_cpu_irlba","fastPLS","0.99.39","fastPLS::pls(method='simpls', backend='cpu', svd.method='irlba', classifier='argmax')","SIMPLS","simpls","simpls",TRUE,344,"accuracy",0.800435486126371,0.800435486126371,0.598654992864988,0.58682068731277,,,,"ok",,,648.21875,1.63,0.18,"ok"
"tabula","classification","/home/chiamaka/Documents/fastpls/data/TabulaMuris_float32.RData",123,50043,50059,50,32,"float64","float64","argmax","argmax","float64",48.5358734130859,44,3,"fastPLS_simpls_cpu_irlba","fastPLS","0.99.39","fastPLS::pls(method='simpls', backend='cpu', svd.method='irlba', classifier='argmax')","SIMPLS","simpls","simpls",TRUE,342,"accuracy",0.800435486126371,0.800435486126371,0.598654992864988,0.58682068731277,,,,"ok",,,648.644531,1.6,0.19,"ok"
"tabula","classification","/home/chiamaka/Documents/fastpls/data/TabulaMuris_float32.RData",123,50043,50059,50,32,"float64","float64","argmax","argmax","float64",48.5358734130859,44,4,"fastPLS_simpls_cpu_irlba","fastPLS","0.99.39","fastPLS::pls(method='simpls', backend='cpu', svd.method='irlba', classifier='argmax')","SIMPLS","simpls","simpls",TRUE,338,"accuracy",0.800435486126371,0.800435486126371,0.598654992864988,0.58682068731277,,,,"ok",,,648.648438,1.6,0.18,"ok"
"tabula","classification","/home/chiamaka/Documents/fastpls/data/TabulaMuris_float32.RData",123,50043,50059,50,32,"float64","float64","argmax","argmax","float64",48.5358734130859,44,5,"fastPLS_simpls_cpu_irlba","fastPLS","0.99.39","fastPLS::pls(method='simpls', backend='cpu', svd.method='irlba', classifier='argmax')","SIMPLS","simpls","simpls",TRUE,353,"accuracy",0.800435486126371,0.800435486126371,0.598654992864988,0.58682068731277,,,,"ok",,,641.75,1.62,0.19,"ok"
"tabula","classification","/home/chiamaka/Documents/fastpls/data/TabulaMuris_float32.RData",123,50043,50059,50,32,"float64","float64","argmax","argmax","float64",48.5358734130859,44,6,"fastPLS_simpls_cpu_irlba","fastPLS","0.99.39","fastPLS::pls(method='simpls', backend='cpu', svd.method='irlba', classifier='argmax')","SIMPLS","simpls","simpls",TRUE,341,"accuracy",0.800435486126371,0.800435486126371,0.598654992864988,0.58682068731277,,,,"ok",,,648.914062,1.58,0.21,"ok"
"tabula","classification","/home/chiamaka/Documents/fastpls/data/TabulaMuris_float32.RData",123,50043,50059,50,32,"float64","float64","argmax","argmax","float64",48.5358734130859,44,7,"fastPLS_simpls_cpu_irlba","fastPLS","0.99.39","fastPLS::pls(method='simpls', backend='cpu', svd.method='irlba', classifier='argmax')","SIMPLS","simpls","simpls",TRUE,345,"accuracy",0.800435486126371,0.800435486126371,0.598654992864988,0.58682068731277,,,,"ok",,,648.660156,1.61,0.18,"ok"
"tabula","classification","/home/chiamaka/Documents/fastpls/data/TabulaMuris_float32.RData",123,50043,50059,50,32,"float64","float64","argmax","argmax","float64",48.5358734130859,44,8,"fastPLS_simpls_cpu_irlba","fastPLS","0.99.39","fastPLS::pls(method='simpls', backend='cpu', svd.method='irlba', classifier='argmax')","SIMPLS","simpls","simpls",TRUE,342,"accuracy",0.800435486126371,0.800435486126371,0.598654992864988,0.58682068731277,,,,"ok",,,647.824219,1.62,0.21,"ok"
"tabula","classification","/home/chiamaka/Documents/fastpls/data/TabulaMuris_float32.RData",123,50043,50059,50,32,"float64","float64","argmax","argmax","float64",48.5358734130859,44,9,"fastPLS_simpls_cpu_irlba","fastPLS","0.99.39","fastPLS::pls(method='simpls', backend='cpu', svd.method='irlba', classifier='argmax')","SIMPLS","simpls","simpls",TRUE,344,"accuracy",0.800435486126371,0.800435486126371,0.598654992864988,0.58682068731277,,,,"ok",,,648.609375,1.59,0.21,"ok"
"tabula","classification","/home/chiamaka/Documents/fastpls/data/TabulaMuris_float32.RData",123,50043,50059,50,32,"float64","float64","argmax","argmax","float64",48.5358734130859,44,10,"fastPLS_simpls_cpu_irlba","fastPLS","0.99.39","fastPLS::pls(method='simpls', backend='cpu', svd.method='irlba', classifier='argmax')","SIMPLS","simpls","simpls",TRUE,341,"accuracy",0.800435486126371,0.800435486126371,0.598654992864988,0.58682068731277,,,,"ok",,,636.398438,1.61,0.17,"ok"
"tabula","classification","/home/chiamaka/Documents/fastpls/data/TabulaMuris_float32.RData",123,50043,50059,50,32,"float64","float64","lda","cpp_project","float64",48.5358734130859,44,1,"fastPLS_simpls_cpu_irlba_lda","fastPLS","0.99.39","fastPLS::pls(method='simpls', backend='cpu', svd.method='irlba', classifier='lda')","SIMPLS + LDA","simpls","simpls",TRUE,286,"accuracy",0.874528056892866,0.874528056892866,0.812762740967671,0.808052487455842,,,,"ok",,,599.578125,1.55,0.18,"ok"
"tabula","classification","/home/chiamaka/Documents/fastpls/data/TabulaMuris_float32.RData",123,50043,50059,50,32,"float64","float64","lda","cpp_project","float64",48.5358734130859,44,2,"fastPLS_simpls_cpu_irlba_lda","fastPLS","0.99.39","fastPLS::pls(method='simpls', backend='cpu', svd.method='irlba', classifier='lda')","SIMPLS + LDA","simpls","simpls",TRUE,285,"accuracy",0.874528056892866,0.874528056892866,0.812762740967671,0.808052487455842,,,,"ok",,,599.769531,1.56,0.17,"ok"
"tabula","classification","/home/chiamaka/Documents/fastpls/data/TabulaMuris_float32.RData",123,50043,50059,50,32,"float64","float64","lda","cpp_project","float64",48.5358734130859,44,3,"fastPLS_simpls_cpu_irlba_lda","fastPLS","0.99.39","fastPLS::pls(method='simpls', backend='cpu', svd.method='irlba', classifier='lda')","SIMPLS + LDA","simpls","simpls",TRUE,285,"accuracy",0.874528056892866,0.874528056892866,0.812762740967671,0.808052487455842,,,,"ok",,,599.828125,1.55,0.17,"ok"
"tabula","classification","/home/chiamaka/Documents/fastpls/data/TabulaMuris_float32.RData",123,50043,50059,50,32,"float64","float64","lda","cpp_project","float64",48.5358734130859,44,4,"fastPLS_simpls_cpu_irlba_lda","fastPLS","0.99.39","fastPLS::pls(method='simpls', backend='cpu', svd.method='irlba', classifier='lda')","SIMPLS + LDA","simpls","simpls",TRUE,285,"accuracy",0.874528056892866,0.874528056892866,0.812762740967671,0.808052487455842,,,,"ok",,,599.867188,1.54,0.18,"ok"
"tabula","classification","/home/chiamaka/Documents/fastpls/data/TabulaMuris_float32.RData",123,50043,50059,50,32,"float64","float64","lda","cpp_project","float64",48.5358734130859,44,5,"fastPLS_simpls_cpu_irlba_lda","fastPLS","0.99.39","fastPLS::pls(method='simpls', backend='cpu', svd.method='irlba', classifier='lda')","SIMPLS + LDA","simpls","simpls",TRUE,289,"accuracy",0.874528056892866,0.874528056892866,0.812762740967671,0.808052487455842,,,,"ok",,,566.03125,1.54,0.18,"ok"
"tabula","classification","/home/chiamaka/Documents/fastpls/data/TabulaMuris_float32.RData",123,50043,50059,50,32,"float64","float64","lda","cpp_project","float64",48.5358734130859,44,6,"fastPLS_simpls_cpu_irlba_lda","fastPLS","0.99.39","fastPLS::pls(method='simpls', backend='cpu', svd.method='irlba', classifier='lda')","SIMPLS + LDA","simpls","simpls",TRUE,284,"accuracy",0.874528056892866,0.874528056892866,0.812762740967671,0.808052487455842,,,,"ok",,,599.652344,1.56,0.18,"ok"
"tabula","classification","/home/chiamaka/Documents/fastpls/data/TabulaMuris_float32.RData",123,50043,50059,50,32,"float64","float64","lda","cpp_project","float64",48.5358734130859,44,7,"fastPLS_simpls_cpu_irlba_lda","fastPLS","0.99.39","fastPLS::pls(method='simpls', backend='cpu', svd.method='irlba', classifier='lda')","SIMPLS + LDA","simpls","simpls",TRUE,286,"accuracy",0.874528056892866,0.874528056892866,0.812762740967671,0.808052487455842,,,,"ok",,,600.035156,1.58,0.17,"ok"
"tabula","classification","/home/chiamaka/Documents/fastpls/data/TabulaMuris_float32.RData",123,50043,50059,50,32,"float64","float64","lda","cpp_project","float64",48.5358734130859,44,8,"fastPLS_simpls_cpu_irlba_lda","fastPLS","0.99.39","fastPLS::pls(method='simpls', backend='cpu', svd.method='irlba', classifier='lda')","SIMPLS + LDA","simpls","simpls",TRUE,287,"accuracy",0.874528056892866,0.874528056892866,0.812762740967671,0.808052487455842,,,,"ok",,,599.621094,1.56,0.16,"ok"
"tabula","classification","/home/chiamaka/Documents/fastpls/data/TabulaMuris_float32.RData",123,50043,50059,50,32,"float64","float64","lda","cpp_project","float64",48.5358734130859,44,9,"fastPLS_simpls_cpu_irlba_lda","fastPLS","0.99.39","fastPLS::pls(method='simpls', backend='cpu', svd.method='irlba', classifier='lda')","SIMPLS + LDA","simpls","simpls",TRUE,285,"accuracy",0.874528056892866,0.874528056892866,0.812762740967671,0.808052487455842,,,,"ok",,,599.75,1.55,0.17,"ok"
"tabula","classification","/home/chiamaka/Documents/fastpls/data/TabulaMuris_float32.RData",123,50043,50059,50,32,"float64","float64","lda","cpp_project","float64",48.5358734130859,44,10,"fastPLS_simpls_cpu_irlba_lda","fastPLS","0.99.39","fastPLS::pls(method='simpls', backend='cpu', svd.method='irlba', classifier='lda')","SIMPLS + LDA","simpls","simpls",TRUE,286,"accuracy",0.874528056892866,0.874528056892866,0.812762740967671,0.808052487455842,,,,"ok",,,599.753906,1.57,0.18,"ok"
"tabula","classification","/home/chiamaka/Documents/fastpls/data/TabulaMuris_float32.RData",123,50043,50059,50,32,"float64","float64","argmax","mdatools","float64",48.5358734130859,44,1,"mdatools_plsda_or_pls","mdatools","0.15.0","mdatools::plsda or mdatools::pls","SIMPLS/PLS-DA","SIMPLS/PLS-DA","SIMPLS/PLS-DA",TRUE,20206,"accuracy",0.800435486126371,0.800435486126371,0.598654992864988,0.58682068731277,,,,"ok","No validation results were found.",,5601.300781,16.72,4.8,"ok"
"tabula","classification","/home/chiamaka/Documents/fastpls/data/TabulaMuris_float32.RData",123,50043,50059,50,32,"float64","float64","argmax","mdatools","float64",48.5358734130859,44,2,"mdatools_plsda_or_pls","mdatools","0.15.0","mdatools::plsda or mdatools::pls","SIMPLS/PLS-DA","SIMPLS/PLS-DA","SIMPLS/PLS-DA",TRUE,20260,"accuracy",0.800435486126371,0.800435486126371,0.598654992864988,0.58682068731277,,,,"ok","No validation results were found.",,5601.488281,16.79,4.79,"ok"
"tabula","classification","/home/chiamaka/Documents/fastpls/data/TabulaMuris_float32.RData",123,50043,50059,50,32,"float64","float64","argmax","mdatools","float64",48.5358734130859,44,3,"mdatools_plsda_or_pls","mdatools","0.15.0","mdatools::plsda or mdatools::pls","SIMPLS/PLS-DA","SIMPLS/PLS-DA","SIMPLS/PLS-DA",TRUE,20308,"accuracy",0.800435486126371,0.800435486126371,0.598654992864988,0.58682068731277,,,,"ok","No validation results were found.",,5601.339844,16.86,4.73,"ok"
"tabula","classification","/home/chiamaka/Documents/fastpls/data/TabulaMuris_float32.RData",123,50043,50059,50,32,"float64","float64","argmax","mixOmics","float64",48.5358734130859,44,1,"mixOmics_plsda","mixOmics","6.36.0","mixOmics::plsda","PLS-DA","PLS-DA","PLS-DA",TRUE,,"accuracy",,,,,,,,"killed_timeout",,"Package comparison run exceeded timeout",3338.042969,9958.05,41.27,"killed_timeout"
"tabula","classification","/home/chiamaka/Documents/fastpls/data/TabulaMuris_float32.RData",123,50043,50059,50,32,"float64","float64","argmax","mixOmics","float64",48.5358734130859,44,2,"mixOmics_plsda","mixOmics","6.36.0","mixOmics::plsda","PLS-DA","PLS-DA","PLS-DA",TRUE,,"accuracy",,,,,,,,"skipped_after_previous_failure",,"Replicate skipped because replicate 1 ended with status 'killed_timeout'.",,,,"not_started"
"tabula","classification","/home/chiamaka/Documents/fastpls/data/TabulaMuris_float32.RData",123,50043,50059,50,32,"float64","float64","argmax","mixOmics","float64",48.5358734130859,44,3,"mixOmics_plsda","mixOmics","6.36.0","mixOmics::plsda","PLS-DA","PLS-DA","PLS-DA",TRUE,,"accuracy",,,,,,,,"skipped_after_previous_failure",,"Replicate skipped because replicate 1 ended with status 'killed_timeout'.",,,,"not_started"
"tabula","classification","/home/chiamaka/Documents/fastpls/data/TabulaMuris_float32.RData",123,50043,50059,50,32,"float64","float64","argmax","pcv","float64",48.5358734130859,44,1,"pcv_simpls","pcv","1.1.0","pcv:::simpls","SIMPLS","simpls","simpls",TRUE,917,"accuracy",0.800435486126371,0.800435486126371,0.598654992864988,0.58682068731277,,,,"ok",,,305.84375,1.63,0.14,"ok"
"tabula","classification","/home/chiamaka/Documents/fastpls/data/TabulaMuris_float32.RData",123,50043,50059,50,32,"float64","float64","argmax","pcv","float64",48.5358734130859,44,2,"pcv_simpls","pcv","1.1.0","pcv:::simpls","SIMPLS","simpls","simpls",TRUE,893,"accuracy",0.800435486126371,0.800435486126371,0.598654992864988,0.58682068731277,,,,"ok",,,305.609375,1.61,0.14,"ok"
"tabula","classification","/home/chiamaka/Documents/fastpls/data/TabulaMuris_float32.RData",123,50043,50059,50,32,"float64","float64","argmax","pcv","float64",48.5358734130859,44,3,"pcv_simpls","pcv","1.1.0","pcv:::simpls","SIMPLS","simpls","simpls",TRUE,896,"accuracy",0.800435486126371,0.800435486126371,0.598654992864988,0.58682068731277,,,,"ok",,,305.195312,1.62,0.13,"ok"
"tabula","classification","/home/chiamaka/Documents/fastpls/data/TabulaMuris_float32.RData",123,50043,50059,50,32,"float64","float64","argmax","pcv","float64",48.5358734130859,44,4,"pcv_simpls","pcv","1.1.0","pcv:::simpls","SIMPLS","simpls","simpls",TRUE,917,"accuracy",0.800435486126371,0.800435486126371,0.598654992864988,0.58682068731277,,,,"ok",,,305.734375,1.62,0.16,"ok"
"tabula","classification","/home/chiamaka/Documents/fastpls/data/TabulaMuris_float32.RData",123,50043,50059,50,32,"float64","float64","argmax","pcv","float64",48.5358734130859,44,5,"pcv_simpls","pcv","1.1.0","pcv:::simpls","SIMPLS","simpls","simpls",TRUE,896,"accuracy",0.800435486126371,0.800435486126371,0.598654992864988,0.58682068731277,,,,"ok",,,305.484375,1.6,0.14,"ok"
"tabula","classification","/home/chiamaka/Documents/fastpls/data/TabulaMuris_float32.RData",123,50043,50059,50,32,"float64","float64","argmax","pcv","float64",48.5358734130859,44,6,"pcv_simpls","pcv","1.1.0","pcv:::simpls","SIMPLS","simpls","simpls",TRUE,900,"accuracy",0.800435486126371,0.800435486126371,0.598654992864988,0.58682068731277,,,,"ok",,,305.648438,1.63,0.12,"ok"
"tabula","classification","/home/chiamaka/Documents/fastpls/data/TabulaMuris_float32.RData",123,50043,50059,50,32,"float64","float64","argmax","pcv","float64",48.5358734130859,44,7,"pcv_simpls","pcv","1.1.0","pcv:::simpls","SIMPLS","simpls","simpls",TRUE,892,"accuracy",0.800435486126371,0.800435486126371,0.598654992864988,0.58682068731277,,,,"ok",,,305.289062,1.63,0.12,"ok"
"tabula","classification","/home/chiamaka/Documents/fastpls/data/TabulaMuris_float32.RData",123,50043,50059,50,32,"float64","float64","argmax","pcv","float64",48.5358734130859,44,8,"pcv_simpls","pcv","1.1.0","pcv:::simpls","SIMPLS","simpls","simpls",TRUE,892,"accuracy",0.800435486126371,0.800435486126371,0.598654992864988,0.58682068731277,,,,"ok",,,305.480469,1.63,0.12,"ok"
"tabula","classification","/home/chiamaka/Documents/fastpls/data/TabulaMuris_float32.RData",123,50043,50059,50,32,"float64","float64","argmax","pcv","float64",48.5358734130859,44,9,"pcv_simpls","pcv","1.1.0","pcv:::simpls","SIMPLS","simpls","simpls",TRUE,896,"accuracy",0.800435486126371,0.800435486126371,0.598654992864988,0.58682068731277,,,,"ok",,,305.722656,1.62,0.13,"ok"
"tabula","classification","/home/chiamaka/Documents/fastpls/data/TabulaMuris_float32.RData",123,50043,50059,50,32,"float64","float64","argmax","pcv","float64",48.5358734130859,44,10,"pcv_simpls","pcv","1.1.0","pcv:::simpls","SIMPLS","simpls","simpls",TRUE,900,"accuracy",0.800435486126371,0.800435486126371,0.598654992864988,0.58682068731277,,,,"ok",,,305.539062,1.63,0.13,"ok"
"tabula","classification","/home/chiamaka/Documents/fastpls/data/TabulaMuris_float32.RData",123,50043,50059,50,32,"float64","float64","argmax","pls","float64",48.5358734130859,44,1,"pls_simpls_fit","pls","2.9.0","pls::simpls.fit","SIMPLS","simpls","simpls",TRUE,2584,"accuracy",0.800435486126371,0.800435486126371,0.598654992864988,0.58682068731277,,,,"ok",,,1978.660156,2.83,0.7,"ok"
"tabula","classification","/home/chiamaka/Documents/fastpls/data/TabulaMuris_float32.RData",123,50043,50059,50,32,"float64","float64","argmax","pls","float64",48.5358734130859,44,2,"pls_simpls_fit","pls","2.9.0","pls::simpls.fit","SIMPLS","simpls","simpls",TRUE,2569,"accuracy",0.800435486126371,0.800435486126371,0.598654992864988,0.58682068731277,,,,"ok",,,1978.640625,2.83,0.68,"ok"
"tabula","classification","/home/chiamaka/Documents/fastpls/data/TabulaMuris_float32.RData",123,50043,50059,50,32,"float64","float64","argmax","pls","float64",48.5358734130859,44,3,"pls_simpls_fit","pls","2.9.0","pls::simpls.fit","SIMPLS","simpls","simpls",TRUE,2575,"accuracy",0.800435486126371,0.800435486126371,0.598654992864988,0.58682068731277,,,,"ok",,,1978.890625,2.84,0.66,"ok"
"tabula","classification","/home/chiamaka/Documents/fastpls/data/TabulaMuris_float32.RData",123,50043,50059,50,32,"float64","float64","argmax","plsdepot","float64",48.5358734130859,44,1,"plsdepot_simpls","plsdepot","0.3.1","plsdepot::simpls","SIMPLS","simpls","simpls",TRUE,4775,"accuracy",0.783395593200024,0.783395593200024,0.588469665124499,0.57315823274054,,,,"ok",,,472.949219,5.34,0.34,"ok"
"tabula","classification","/home/chiamaka/Documents/fastpls/data/TabulaMuris_float32.RData",123,50043,50059,50,32,"float64","float64","argmax","plsdepot","float64",48.5358734130859,44,2,"plsdepot_simpls","plsdepot","0.3.1","plsdepot::simpls","SIMPLS","simpls","simpls",TRUE,4775,"accuracy",0.783395593200024,0.783395593200024,0.588469665124499,0.57315823274054,,,,"ok",,,473,5.3,0.35,"ok"
"tabula","classification","/home/chiamaka/Documents/fastpls/data/TabulaMuris_float32.RData",123,50043,50059,50,32,"float64","float64","argmax","plsdepot","float64",48.5358734130859,44,3,"plsdepot_simpls","plsdepot","0.3.1","plsdepot::simpls","SIMPLS","simpls","simpls",TRUE,4801,"accuracy",0.783395593200024,0.783395593200024,0.588469665124499,0.57315823274054,,,,"ok",,,472.949219,5.34,0.34,"ok"
"tabula","classification","/home/chiamaka/Documents/fastpls/data/TabulaMuris_float32.RData",123,50043,50059,50,32,"float64","float64","lda","plsgenomics","float64",48.5358734130859,44,1,"plsgenomics_pls_lda","plsgenomics","1.5.3","plsgenomics::pls.lda","PLS-LDA","PLS-LDA","PLS-LDA",TRUE,1773,"accuracy",0.874528056892866,0.874528056892866,0.812762740967671,0.808052487455842,,,,"ok",,,420.34375,2.89,0.18,"ok"
"tabula","classification","/home/chiamaka/Documents/fastpls/data/TabulaMuris_float32.RData",123,50043,50059,50,32,"float64","float64","lda","plsgenomics","float64",48.5358734130859,44,2,"plsgenomics_pls_lda","plsgenomics","1.5.3","plsgenomics::pls.lda","PLS-LDA","PLS-LDA","PLS-LDA",TRUE,1764,"accuracy",0.874528056892866,0.874528056892866,0.812762740967671,0.808052487455842,,,,"ok",,,420.484375,2.82,0.2,"ok"
"tabula","classification","/home/chiamaka/Documents/fastpls/data/TabulaMuris_float32.RData",123,50043,50059,50,32,"float64","float64","lda","plsgenomics","float64",48.5358734130859,44,3,"plsgenomics_pls_lda","plsgenomics","1.5.3","plsgenomics::pls.lda","PLS-LDA","PLS-LDA","PLS-LDA",TRUE,1775,"accuracy",0.874528056892866,0.874528056892866,0.812762740967671,0.808052487455842,,,,"ok",,,420.410156,2.86,0.17,"ok"
"tabula","classification","/home/chiamaka/Documents/fastpls/data/TabulaMuris_float32.RData",123,50043,50059,50,32,"float64","float64","argmax","spls","float64",48.5358734130859,44,1,"spls_splsda","spls","2.3.2","spls::splsda","sPLS-DA","sPLS-DA","sPLS-DA",TRUE,52347,"accuracy",0.871651451287481,0.871651451287481,0.81147935144343,0.806762929108388,,,,"ok",,,4047.242188,42.89,10.46,"ok"
"tabula","classification","/home/chiamaka/Documents/fastpls/data/TabulaMuris_float32.RData",123,50043,50059,50,32,"float64","float64","argmax","spls","float64",48.5358734130859,44,2,"spls_splsda","spls","2.3.2","spls::splsda","sPLS-DA","sPLS-DA","sPLS-DA",TRUE,52511,"accuracy",0.871651451287481,0.871651451287481,0.81147935144343,0.806762929108388,,,,"ok",,,4047.53125,42.75,10.73,"ok"
"tabula","classification","/home/chiamaka/Documents/fastpls/data/TabulaMuris_float32.RData",123,50043,50059,50,32,"float64","float64","argmax","spls","float64",48.5358734130859,44,3,"spls_splsda","spls","2.3.2","spls::splsda","sPLS-DA","sPLS-DA","sPLS-DA",TRUE,52376,"accuracy",0.871651451287481,0.871651451287481,0.81147935144343,0.806762929108388,,,,"ok",,,4047.390625,42.7,10.65,"ok"
"tcga_brca","classification","/home/chiamaka/Documents/fastpls/data/tcga_brca.RData",123,756,88,1000,5,"float64","float64","argmax","chemometrics","float64",6.62709045410156,7,1,"chemometrics_pls_eigen","chemometrics","1.4.4","chemometrics::pls_eigen","PLS eigen","PLS eigen","PLS eigen",TRUE,1011,"accuracy",0.886363636363636,0.886363636363636,0.679634551495017,0.695970602562468,,,,"ok",,,181.101562,1.53,0.06,"ok"
"tcga_brca","classification","/home/chiamaka/Documents/fastpls/data/tcga_brca.RData",123,756,88,1000,5,"float64","float64","argmax","chemometrics","float64",6.62709045410156,7,2,"chemometrics_pls_eigen","chemometrics","1.4.4","chemometrics::pls_eigen","PLS eigen","PLS eigen","PLS eigen",TRUE,1016,"accuracy",0.886363636363636,0.886363636363636,0.679634551495017,0.695970602562468,,,,"ok",,,180.976562,1.54,0.07,"ok"
"tcga_brca","classification","/home/chiamaka/Documents/fastpls/data/tcga_brca.RData",123,756,88,1000,5,"float64","float64","argmax","chemometrics","float64",6.62709045410156,7,3,"chemometrics_pls_eigen","chemometrics","1.4.4","chemometrics::pls_eigen","PLS eigen","PLS eigen","PLS eigen",TRUE,1022,"accuracy",0.886363636363636,0.886363636363636,0.679634551495017,0.695970602562468,,,,"ok",,,181.183594,1.56,0.07,"ok"
"tcga_brca","classification","/home/chiamaka/Documents/fastpls/data/tcga_brca.RData",123,756,88,1000,5,"float64","float64","argmax","argmax","float64",6.62709045410156,7,1,"fastPLS_simpls_cpu_irlba","fastPLS","0.99.39","fastPLS::pls(method='simpls', backend='cpu', svd.method='irlba', classifier='argmax')","SIMPLS","simpls","simpls",TRUE,28,"accuracy",0.852272727272727,0.852272727272727,0.680919158361019,0.669563167418508,,,,"ok",,,465.050781,1.03,0.12,"ok"
"tcga_brca","classification","/home/chiamaka/Documents/fastpls/data/tcga_brca.RData",123,756,88,1000,5,"float64","float64","argmax","argmax","float64",6.62709045410156,7,2,"fastPLS_simpls_cpu_irlba","fastPLS","0.99.39","fastPLS::pls(method='simpls', backend='cpu', svd.method='irlba', classifier='argmax')","SIMPLS","simpls","simpls",TRUE,26.9999999999999,"accuracy",0.852272727272727,0.852272727272727,0.680919158361019,0.669563167418508,,,,"ok",,,465.007812,1.01,0.11,"ok"
"tcga_brca","classification","/home/chiamaka/Documents/fastpls/data/tcga_brca.RData",123,756,88,1000,5,"float64","float64","argmax","argmax","float64",6.62709045410156,7,3,"fastPLS_simpls_cpu_irlba","fastPLS","0.99.39","fastPLS::pls(method='simpls', backend='cpu', svd.method='irlba', classifier='argmax')","SIMPLS","simpls","simpls",TRUE,26.9999999999999,"accuracy",0.852272727272727,0.852272727272727,0.680919158361019,0.669563167418508,,,,"ok",,,465.113281,1.01,0.11,"ok"
"tcga_brca","classification","/home/chiamaka/Documents/fastpls/data/tcga_brca.RData",123,756,88,1000,5,"float64","float64","argmax","argmax","float64",6.62709045410156,7,4,"fastPLS_simpls_cpu_irlba","fastPLS","0.99.39","fastPLS::pls(method='simpls', backend='cpu', svd.method='irlba', classifier='argmax')","SIMPLS","simpls","simpls",TRUE,26,"accuracy",0.852272727272727,0.852272727272727,0.680919158361019,0.669563167418508,,,,"ok",,,465.40625,1.03,0.13,"ok"
"tcga_brca","classification","/home/chiamaka/Documents/fastpls/data/tcga_brca.RData",123,756,88,1000,5,"float64","float64","argmax","argmax","float64",6.62709045410156,7,5,"fastPLS_simpls_cpu_irlba","fastPLS","0.99.39","fastPLS::pls(method='simpls', backend='cpu', svd.method='irlba', classifier='argmax')","SIMPLS","simpls","simpls",TRUE,26.9999999999999,"accuracy",0.852272727272727,0.852272727272727,0.680919158361019,0.669563167418508,,,,"ok",,,465.234375,1.01,0.11,"ok"
"tcga_brca","classification","/home/chiamaka/Documents/fastpls/data/tcga_brca.RData",123,756,88,1000,5,"float64","float64","argmax","argmax","float64",6.62709045410156,7,6,"fastPLS_simpls_cpu_irlba","fastPLS","0.99.39","fastPLS::pls(method='simpls', backend='cpu', svd.method='irlba', classifier='argmax')","SIMPLS","simpls","simpls",TRUE,26,"accuracy",0.852272727272727,0.852272727272727,0.680919158361019,0.669563167418508,,,,"ok",,,465.253906,1.01,0.11,"ok"
"tcga_brca","classification","/home/chiamaka/Documents/fastpls/data/tcga_brca.RData",123,756,88,1000,5,"float64","float64","argmax","argmax","float64",6.62709045410156,7,7,"fastPLS_simpls_cpu_irlba","fastPLS","0.99.39","fastPLS::pls(method='simpls', backend='cpu', svd.method='irlba', classifier='argmax')","SIMPLS","simpls","simpls",TRUE,26,"accuracy",0.852272727272727,0.852272727272727,0.680919158361019,0.669563167418508,,,,"ok",,,465.414062,1,0.12,"ok"
"tcga_brca","classification","/home/chiamaka/Documents/fastpls/data/tcga_brca.RData",123,756,88,1000,5,"float64","float64","argmax","argmax","float64",6.62709045410156,7,8,"fastPLS_simpls_cpu_irlba","fastPLS","0.99.39","fastPLS::pls(method='simpls', backend='cpu', svd.method='irlba', classifier='argmax')","SIMPLS","simpls","simpls",TRUE,26.9999999999999,"accuracy",0.852272727272727,0.852272727272727,0.680919158361019,0.669563167418508,,,,"ok",,,465.164062,1.03,0.12,"ok"
"tcga_brca","classification","/home/chiamaka/Documents/fastpls/data/tcga_brca.RData",123,756,88,1000,5,"float64","float64","argmax","argmax","float64",6.62709045410156,7,9,"fastPLS_simpls_cpu_irlba","fastPLS","0.99.39","fastPLS::pls(method='simpls', backend='cpu', svd.method='irlba', classifier='argmax')","SIMPLS","simpls","simpls",TRUE,26,"accuracy",0.852272727272727,0.852272727272727,0.680919158361019,0.669563167418508,,,,"ok",,,465.117188,1,0.13,"ok"
"tcga_brca","classification","/home/chiamaka/Documents/fastpls/data/tcga_brca.RData",123,756,88,1000,5,"float64","float64","argmax","argmax","float64",6.62709045410156,7,10,"fastPLS_simpls_cpu_irlba","fastPLS","0.99.39","fastPLS::pls(method='simpls', backend='cpu', svd.method='irlba', classifier='argmax')","SIMPLS","simpls","simpls",TRUE,27.0000000000001,"accuracy",0.852272727272727,0.852272727272727,0.680919158361019,0.669563167418508,,,,"ok",,,465.496094,0.99,0.13,"ok"
"tcga_brca","classification","/home/chiamaka/Documents/fastpls/data/tcga_brca.RData",123,756,88,1000,5,"float64","float64","lda","cpp_project","float64",6.62709045410156,7,1,"fastPLS_simpls_cpu_irlba_lda","fastPLS","0.99.39","fastPLS::pls(method='simpls', backend='cpu', svd.method='irlba', classifier='lda')","SIMPLS + LDA","simpls","simpls",TRUE,28.9999999999999,"accuracy",0.863636363636364,0.863636363636364,0.876965669988926,0.846635282295501,,,,"ok",,,464.445312,1.03,0.12,"ok"
"tcga_brca","classification","/home/chiamaka/Documents/fastpls/data/tcga_brca.RData",123,756,88,1000,5,"float64","float64","lda","cpp_project","float64",6.62709045410156,7,2,"fastPLS_simpls_cpu_irlba_lda","fastPLS","0.99.39","fastPLS::pls(method='simpls', backend='cpu', svd.method='irlba', classifier='lda')","SIMPLS + LDA","simpls","simpls",TRUE,28.9999999999999,"accuracy",0.863636363636364,0.863636363636364,0.876965669988926,0.846635282295501,,,,"ok",,,464.519531,1.02,0.11,"ok"
"tcga_brca","classification","/home/chiamaka/Documents/fastpls/data/tcga_brca.RData",123,756,88,1000,5,"float64","float64","lda","cpp_project","float64",6.62709045410156,7,3,"fastPLS_simpls_cpu_irlba_lda","fastPLS","0.99.39","fastPLS::pls(method='simpls', backend='cpu', svd.method='irlba', classifier='lda')","SIMPLS + LDA","simpls","simpls",TRUE,29.0000000000001,"accuracy",0.863636363636364,0.863636363636364,0.876965669988926,0.846635282295501,,,,"ok",,,464.449219,1.02,0.11,"ok"
"tcga_brca","classification","/home/chiamaka/Documents/fastpls/data/tcga_brca.RData",123,756,88,1000,5,"float64","float64","lda","cpp_project","float64",6.62709045410156,7,4,"fastPLS_simpls_cpu_irlba_lda","fastPLS","0.99.39","fastPLS::pls(method='simpls', backend='cpu', svd.method='irlba', classifier='lda')","SIMPLS + LDA","simpls","simpls",TRUE,30,"accuracy",0.863636363636364,0.863636363636364,0.876965669988926,0.846635282295501,,,,"ok",,,464.664062,1.01,0.11,"ok"
"tcga_brca","classification","/home/chiamaka/Documents/fastpls/data/tcga_brca.RData",123,756,88,1000,5,"float64","float64","lda","cpp_project","float64",6.62709045410156,7,5,"fastPLS_simpls_cpu_irlba_lda","fastPLS","0.99.39","fastPLS::pls(method='simpls', backend='cpu', svd.method='irlba', classifier='lda')","SIMPLS + LDA","simpls","simpls",TRUE,28.9999999999999,"accuracy",0.863636363636364,0.863636363636364,0.876965669988926,0.846635282295501,,,,"ok",,,464.285156,1.03,0.12,"ok"
"tcga_brca","classification","/home/chiamaka/Documents/fastpls/data/tcga_brca.RData",123,756,88,1000,5,"float64","float64","lda","cpp_project","float64",6.62709045410156,7,6,"fastPLS_simpls_cpu_irlba_lda","fastPLS","0.99.39","fastPLS::pls(method='simpls', backend='cpu', svd.method='irlba', classifier='lda')","SIMPLS + LDA","simpls","simpls",TRUE,28.9999999999999,"accuracy",0.863636363636364,0.863636363636364,0.876965669988926,0.846635282295501,,,,"ok",,,464.234375,1.01,0.12,"ok"
"tcga_brca","classification","/home/chiamaka/Documents/fastpls/data/tcga_brca.RData",123,756,88,1000,5,"float64","float64","lda","cpp_project","float64",6.62709045410156,7,7,"fastPLS_simpls_cpu_irlba_lda","fastPLS","0.99.39","fastPLS::pls(method='simpls', backend='cpu', svd.method='irlba', classifier='lda')","SIMPLS + LDA","simpls","simpls",TRUE,30,"accuracy",0.863636363636364,0.863636363636364,0.876965669988926,0.846635282295501,,,,"ok",,,464.242188,1.03,0.12,"ok"
"tcga_brca","classification","/home/chiamaka/Documents/fastpls/data/tcga_brca.RData",123,756,88,1000,5,"float64","float64","lda","cpp_project","float64",6.62709045410156,7,8,"fastPLS_simpls_cpu_irlba_lda","fastPLS","0.99.39","fastPLS::pls(method='simpls', backend='cpu', svd.method='irlba', classifier='lda')","SIMPLS + LDA","simpls","simpls",TRUE,28.9999999999999,"accuracy",0.863636363636364,0.863636363636364,0.876965669988926,0.846635282295501,,,,"ok",,,464.800781,1.04,0.11,"ok"
"tcga_brca","classification","/home/chiamaka/Documents/fastpls/data/tcga_brca.RData",123,756,88,1000,5,"float64","float64","lda","cpp_project","float64",6.62709045410156,7,9,"fastPLS_simpls_cpu_irlba_lda","fastPLS","0.99.39","fastPLS::pls(method='simpls', backend='cpu', svd.method='irlba', classifier='lda')","SIMPLS + LDA","simpls","simpls",TRUE,30,"accuracy",0.863636363636364,0.863636363636364,0.876965669988926,0.846635282295501,,,,"ok",,,464.378906,1.02,0.11,"ok"
"tcga_brca","classification","/home/chiamaka/Documents/fastpls/data/tcga_brca.RData",123,756,88,1000,5,"float64","float64","lda","cpp_project","float64",6.62709045410156,7,10,"fastPLS_simpls_cpu_irlba_lda","fastPLS","0.99.39","fastPLS::pls(method='simpls', backend='cpu', svd.method='irlba', classifier='lda')","SIMPLS + LDA","simpls","simpls",TRUE,30,"accuracy",0.863636363636364,0.863636363636364,0.876965669988926,0.846635282295501,,,,"ok",,,464.09375,1.01,0.12,"ok"
"tcga_brca","classification","/home/chiamaka/Documents/fastpls/data/tcga_brca.RData",123,756,88,1000,5,"float64","float64","argmax","mdatools","float64",6.62709045410156,7,1,"mdatools_plsda_or_pls","mdatools","0.15.0","mdatools::plsda or mdatools::pls","SIMPLS/PLS-DA","SIMPLS/PLS-DA","SIMPLS/PLS-DA",TRUE,429,"accuracy",0.852272727272727,0.852272727272727,0.680919158361019,0.669563167418508,,,,"ok","No validation results were found.",,202.71875,1.12,0.09,"ok"
"tcga_brca","classification","/home/chiamaka/Documents/fastpls/data/tcga_brca.RData",123,756,88,1000,5,"float64","float64","argmax","mdatools","float64",6.62709045410156,7,2,"mdatools_plsda_or_pls","mdatools","0.15.0","mdatools::plsda or mdatools::pls","SIMPLS/PLS-DA","SIMPLS/PLS-DA","SIMPLS/PLS-DA",TRUE,433,"accuracy",0.852272727272727,0.852272727272727,0.680919158361019,0.669563167418508,,,,"ok","No validation results were found.",,202.464844,1.13,0.08,"ok"
"tcga_brca","classification","/home/chiamaka/Documents/fastpls/data/tcga_brca.RData",123,756,88,1000,5,"float64","float64","argmax","mdatools","float64",6.62709045410156,7,3,"mdatools_plsda_or_pls","mdatools","0.15.0","mdatools::plsda or mdatools::pls","SIMPLS/PLS-DA","SIMPLS/PLS-DA","SIMPLS/PLS-DA",TRUE,430,"accuracy",0.852272727272727,0.852272727272727,0.680919158361019,0.669563167418508,,,,"ok","No validation results were found.",,202.609375,1.14,0.08,"ok"
"tcga_brca","classification","/home/chiamaka/Documents/fastpls/data/tcga_brca.RData",123,756,88,1000,5,"float64","float64","argmax","mdatools","float64",6.62709045410156,7,4,"mdatools_plsda_or_pls","mdatools","0.15.0","mdatools::plsda or mdatools::pls","SIMPLS/PLS-DA","SIMPLS/PLS-DA","SIMPLS/PLS-DA",TRUE,432,"accuracy",0.852272727272727,0.852272727272727,0.680919158361019,0.669563167418508,,,,"ok","No validation results were found.",,202.441406,1.14,0.08,"ok"
"tcga_brca","classification","/home/chiamaka/Documents/fastpls/data/tcga_brca.RData",123,756,88,1000,5,"float64","float64","argmax","mdatools","float64",6.62709045410156,7,5,"mdatools_plsda_or_pls","mdatools","0.15.0","mdatools::plsda or mdatools::pls","SIMPLS/PLS-DA","SIMPLS/PLS-DA","SIMPLS/PLS-DA",TRUE,432,"accuracy",0.852272727272727,0.852272727272727,0.680919158361019,0.669563167418508,,,,"ok","No validation results were found.",,202.90625,1.14,0.08,"ok"
"tcga_brca","classification","/home/chiamaka/Documents/fastpls/data/tcga_brca.RData",123,756,88,1000,5,"float64","float64","argmax","mdatools","float64",6.62709045410156,7,6,"mdatools_plsda_or_pls","mdatools","0.15.0","mdatools::plsda or mdatools::pls","SIMPLS/PLS-DA","SIMPLS/PLS-DA","SIMPLS/PLS-DA",TRUE,430,"accuracy",0.852272727272727,0.852272727272727,0.680919158361019,0.669563167418508,,,,"ok","No validation results were found.",,202.554688,1.15,0.07,"ok"
"tcga_brca","classification","/home/chiamaka/Documents/fastpls/data/tcga_brca.RData",123,756,88,1000,5,"float64","float64","argmax","mdatools","float64",6.62709045410156,7,7,"mdatools_plsda_or_pls","mdatools","0.15.0","mdatools::plsda or mdatools::pls","SIMPLS/PLS-DA","SIMPLS/PLS-DA","SIMPLS/PLS-DA",TRUE,454,"accuracy",0.852272727272727,0.852272727272727,0.680919158361019,0.669563167418508,,,,"ok","No validation results were found.",,201.878906,1.17,0.09,"ok"
"tcga_brca","classification","/home/chiamaka/Documents/fastpls/data/tcga_brca.RData",123,756,88,1000,5,"float64","float64","argmax","mdatools","float64",6.62709045410156,7,8,"mdatools_plsda_or_pls","mdatools","0.15.0","mdatools::plsda or mdatools::pls","SIMPLS/PLS-DA","SIMPLS/PLS-DA","SIMPLS/PLS-DA",TRUE,432,"accuracy",0.852272727272727,0.852272727272727,0.680919158361019,0.669563167418508,,,,"ok","No validation results were found.",,202.65625,1.15,0.08,"ok"
"tcga_brca","classification","/home/chiamaka/Documents/fastpls/data/tcga_brca.RData",123,756,88,1000,5,"float64","float64","argmax","mdatools","float64",6.62709045410156,7,9,"mdatools_plsda_or_pls","mdatools","0.15.0","mdatools::plsda or mdatools::pls","SIMPLS/PLS-DA","SIMPLS/PLS-DA","SIMPLS/PLS-DA",TRUE,430,"accuracy",0.852272727272727,0.852272727272727,0.680919158361019,0.669563167418508,,,,"ok","No validation results were found.",,202.578125,1.15,0.07,"ok"
"tcga_brca","classification","/home/chiamaka/Documents/fastpls/data/tcga_brca.RData",123,756,88,1000,5,"float64","float64","argmax","mdatools","float64",6.62709045410156,7,10,"mdatools_plsda_or_pls","mdatools","0.15.0","mdatools::plsda or mdatools::pls","SIMPLS/PLS-DA","SIMPLS/PLS-DA","SIMPLS/PLS-DA",TRUE,433,"accuracy",0.852272727272727,0.852272727272727,0.680919158361019,0.669563167418508,,,,"ok","No validation results were found.",,202.835938,1.16,0.09,"ok"
"tcga_brca","classification","/home/chiamaka/Documents/fastpls/data/tcga_brca.RData",123,756,88,1000,5,"float64","float64","argmax","mixOmics","float64",6.62709045410156,7,1,"mixOmics_plsda","mixOmics","6.36.0","mixOmics::plsda","PLS-DA","PLS-DA","PLS-DA",TRUE,288,"accuracy",0.852272727272727,0.852272727272727,0.675570321151717,0.668317123489537,,,,"ok","the standard deviation is zero",,301.625,1.75,0.13,"ok"
"tcga_brca","classification","/home/chiamaka/Documents/fastpls/data/tcga_brca.RData",123,756,88,1000,5,"float64","float64","argmax","mixOmics","float64",6.62709045410156,7,2,"mixOmics_plsda","mixOmics","6.36.0","mixOmics::plsda","PLS-DA","PLS-DA","PLS-DA",TRUE,285,"accuracy",0.852272727272727,0.852272727272727,0.675570321151717,0.668317123489537,,,,"ok","the standard deviation is zero",,300.800781,1.78,0.11,"ok"
"tcga_brca","classification","/home/chiamaka/Documents/fastpls/data/tcga_brca.RData",123,756,88,1000,5,"float64","float64","argmax","mixOmics","float64",6.62709045410156,7,3,"mixOmics_plsda","mixOmics","6.36.0","mixOmics::plsda","PLS-DA","PLS-DA","PLS-DA",TRUE,290,"accuracy",0.852272727272727,0.852272727272727,0.675570321151717,0.668317123489537,,,,"ok","the standard deviation is zero",,300.949219,1.76,0.14,"ok"
"tcga_brca","classification","/home/chiamaka/Documents/fastpls/data/tcga_brca.RData",123,756,88,1000,5,"float64","float64","argmax","mixOmics","float64",6.62709045410156,7,4,"mixOmics_plsda","mixOmics","6.36.0","mixOmics::plsda","PLS-DA","PLS-DA","PLS-DA",TRUE,286,"accuracy",0.852272727272727,0.852272727272727,0.675570321151717,0.668317123489537,,,,"ok","the standard deviation is zero",,301.691406,1.77,0.11,"ok"
"tcga_brca","classification","/home/chiamaka/Documents/fastpls/data/tcga_brca.RData",123,756,88,1000,5,"float64","float64","argmax","mixOmics","float64",6.62709045410156,7,5,"mixOmics_plsda","mixOmics","6.36.0","mixOmics::plsda","PLS-DA","PLS-DA","PLS-DA",TRUE,286,"accuracy",0.852272727272727,0.852272727272727,0.675570321151717,0.668317123489537,,,,"ok","the standard deviation is zero",,301.070312,1.78,0.12,"ok"
"tcga_brca","classification","/home/chiamaka/Documents/fastpls/data/tcga_brca.RData",123,756,88,1000,5,"float64","float64","argmax","mixOmics","float64",6.62709045410156,7,6,"mixOmics_plsda","mixOmics","6.36.0","mixOmics::plsda","PLS-DA","PLS-DA","PLS-DA",TRUE,287,"accuracy",0.852272727272727,0.852272727272727,0.675570321151717,0.668317123489537,,,,"ok","the standard deviation is zero",,301.121094,1.74,0.14,"ok"
"tcga_brca","classification","/home/chiamaka/Documents/fastpls/data/tcga_brca.RData",123,756,88,1000,5,"float64","float64","argmax","mixOmics","float64",6.62709045410156,7,7,"mixOmics_plsda","mixOmics","6.36.0","mixOmics::plsda","PLS-DA","PLS-DA","PLS-DA",TRUE,287,"accuracy",0.852272727272727,0.852272727272727,0.675570321151717,0.668317123489537,,,,"ok","the standard deviation is zero",,301.285156,1.77,0.11,"ok"
"tcga_brca","classification","/home/chiamaka/Documents/fastpls/data/tcga_brca.RData",123,756,88,1000,5,"float64","float64","argmax","mixOmics","float64",6.62709045410156,7,8,"mixOmics_plsda","mixOmics","6.36.0","mixOmics::plsda","PLS-DA","PLS-DA","PLS-DA",TRUE,287,"accuracy",0.852272727272727,0.852272727272727,0.675570321151717,0.668317123489537,,,,"ok","the standard deviation is zero",,300.902344,1.79,0.12,"ok"
"tcga_brca","classification","/home/chiamaka/Documents/fastpls/data/tcga_brca.RData",123,756,88,1000,5,"float64","float64","argmax","mixOmics","float64",6.62709045410156,7,9,"mixOmics_plsda","mixOmics","6.36.0","mixOmics::plsda","PLS-DA","PLS-DA","PLS-DA",TRUE,286,"accuracy",0.852272727272727,0.852272727272727,0.675570321151717,0.668317123489537,,,,"ok","the standard deviation is zero",,300.96875,1.75,0.13,"ok"
"tcga_brca","classification","/home/chiamaka/Documents/fastpls/data/tcga_brca.RData",123,756,88,1000,5,"float64","float64","argmax","mixOmics","float64",6.62709045410156,7,10,"mixOmics_plsda","mixOmics","6.36.0","mixOmics::plsda","PLS-DA","PLS-DA","PLS-DA",TRUE,316,"accuracy",0.852272727272727,0.852272727272727,0.675570321151717,0.668317123489537,,,,"ok","the standard deviation is zero",,301.195312,1.8,0.11,"ok"
"tcga_brca","classification","/home/chiamaka/Documents/fastpls/data/tcga_brca.RData",123,756,88,1000,5,"float64","float64","argmax","pcv","float64",6.62709045410156,7,1,"pcv_simpls","pcv","1.1.0","pcv:::simpls","SIMPLS","simpls","simpls",TRUE,236,"accuracy",0.852272727272727,0.852272727272727,0.680919158361019,0.669563167418508,,,,"ok",,,149.867188,0.7,0.06,"ok"
"tcga_brca","classification","/home/chiamaka/Documents/fastpls/data/tcga_brca.RData",123,756,88,1000,5,"float64","float64","argmax","pcv","float64",6.62709045410156,7,2,"pcv_simpls","pcv","1.1.0","pcv:::simpls","SIMPLS","simpls","simpls",TRUE,239,"accuracy",0.852272727272727,0.852272727272727,0.680919158361019,0.669563167418508,,,,"ok",,,149.527344,0.72,0.06,"ok"
"tcga_brca","classification","/home/chiamaka/Documents/fastpls/data/tcga_brca.RData",123,756,88,1000,5,"float64","float64","argmax","pcv","float64",6.62709045410156,7,3,"pcv_simpls","pcv","1.1.0","pcv:::simpls","SIMPLS","simpls","simpls",TRUE,236,"accuracy",0.852272727272727,0.852272727272727,0.680919158361019,0.669563167418508,,,,"ok",,,150.042969,0.71,0.06,"ok"
"tcga_brca","classification","/home/chiamaka/Documents/fastpls/data/tcga_brca.RData",123,756,88,1000,5,"float64","float64","argmax","pcv","float64",6.62709045410156,7,4,"pcv_simpls","pcv","1.1.0","pcv:::simpls","SIMPLS","simpls","simpls",TRUE,236,"accuracy",0.852272727272727,0.852272727272727,0.680919158361019,0.669563167418508,,,,"ok",,,149.671875,0.71,0.07,"ok"
"tcga_brca","classification","/home/chiamaka/Documents/fastpls/data/tcga_brca.RData",123,756,88,1000,5,"float64","float64","argmax","pcv","float64",6.62709045410156,7,5,"pcv_simpls","pcv","1.1.0","pcv:::simpls","SIMPLS","simpls","simpls",TRUE,238,"accuracy",0.852272727272727,0.852272727272727,0.680919158361019,0.669563167418508,,,,"ok",,,149.535156,0.71,0.07,"ok"
"tcga_brca","classification","/home/chiamaka/Documents/fastpls/data/tcga_brca.RData",123,756,88,1000,5,"float64","float64","argmax","pcv","float64",6.62709045410156,7,6,"pcv_simpls","pcv","1.1.0","pcv:::simpls","SIMPLS","simpls","simpls",TRUE,239,"accuracy",0.852272727272727,0.852272727272727,0.680919158361019,0.669563167418508,,,,"ok",,,150.117188,0.73,0.07,"ok"
"tcga_brca","classification","/home/chiamaka/Documents/fastpls/data/tcga_brca.RData",123,756,88,1000,5,"float64","float64","argmax","pcv","float64",6.62709045410156,7,7,"pcv_simpls","pcv","1.1.0","pcv:::simpls","SIMPLS","simpls","simpls",TRUE,237,"accuracy",0.852272727272727,0.852272727272727,0.680919158361019,0.669563167418508,,,,"ok",,,149.746094,0.7,0.06,"ok"
"tcga_brca","classification","/home/chiamaka/Documents/fastpls/data/tcga_brca.RData",123,756,88,1000,5,"float64","float64","argmax","pcv","float64",6.62709045410156,7,8,"pcv_simpls","pcv","1.1.0","pcv:::simpls","SIMPLS","simpls","simpls",TRUE,236,"accuracy",0.852272727272727,0.852272727272727,0.680919158361019,0.669563167418508,,,,"ok",,,149.476562,0.71,0.06,"ok"
"tcga_brca","classification","/home/chiamaka/Documents/fastpls/data/tcga_brca.RData",123,756,88,1000,5,"float64","float64","argmax","pcv","float64",6.62709045410156,7,9,"pcv_simpls","pcv","1.1.0","pcv:::simpls","SIMPLS","simpls","simpls",TRUE,236,"accuracy",0.852272727272727,0.852272727272727,0.680919158361019,0.669563167418508,,,,"ok",,,149.824219,0.71,0.06,"ok"
"tcga_brca","classification","/home/chiamaka/Documents/fastpls/data/tcga_brca.RData",123,756,88,1000,5,"float64","float64","argmax","pcv","float64",6.62709045410156,7,10,"pcv_simpls","pcv","1.1.0","pcv:::simpls","SIMPLS","simpls","simpls",TRUE,236,"accuracy",0.852272727272727,0.852272727272727,0.680919158361019,0.669563167418508,,,,"ok",,,149.503906,0.71,0.07,"ok"
"tcga_brca","classification","/home/chiamaka/Documents/fastpls/data/tcga_brca.RData",123,756,88,1000,5,"float64","float64","argmax","pls","float64",6.62709045410156,7,1,"pls_simpls_fit","pls","2.9.0","pls::simpls.fit","SIMPLS","simpls","simpls",TRUE,27,"accuracy",0.852272727272727,0.852272727272727,0.680919158361019,0.669563167418508,,,,"ok",,,121.597656,0.53,0.06,"ok"
"tcga_brca","classification","/home/chiamaka/Documents/fastpls/data/tcga_brca.RData",123,756,88,1000,5,"float64","float64","argmax","pls","float64",6.62709045410156,7,2,"pls_simpls_fit","pls","2.9.0","pls::simpls.fit","SIMPLS","simpls","simpls",TRUE,27,"accuracy",0.852272727272727,0.852272727272727,0.680919158361019,0.669563167418508,,,,"ok",,,121.484375,0.5,0.05,"ok"
"tcga_brca","classification","/home/chiamaka/Documents/fastpls/data/tcga_brca.RData",123,756,88,1000,5,"float64","float64","argmax","pls","float64",6.62709045410156,7,3,"pls_simpls_fit","pls","2.9.0","pls::simpls.fit","SIMPLS","simpls","simpls",TRUE,28,"accuracy",0.852272727272727,0.852272727272727,0.680919158361019,0.669563167418508,,,,"ok",,,121.589844,0.51,0.04,"ok"
"tcga_brca","classification","/home/chiamaka/Documents/fastpls/data/tcga_brca.RData",123,756,88,1000,5,"float64","float64","argmax","pls","float64",6.62709045410156,7,4,"pls_simpls_fit","pls","2.9.0","pls::simpls.fit","SIMPLS","simpls","simpls",TRUE,27,"accuracy",0.852272727272727,0.852272727272727,0.680919158361019,0.669563167418508,,,,"ok",,,121.492188,0.52,0.05,"ok"
"tcga_brca","classification","/home/chiamaka/Documents/fastpls/data/tcga_brca.RData",123,756,88,1000,5,"float64","float64","argmax","pls","float64",6.62709045410156,7,5,"pls_simpls_fit","pls","2.9.0","pls::simpls.fit","SIMPLS","simpls","simpls",TRUE,27,"accuracy",0.852272727272727,0.852272727272727,0.680919158361019,0.669563167418508,,,,"ok",,,121.261719,0.53,0.04,"ok"
"tcga_brca","classification","/home/chiamaka/Documents/fastpls/data/tcga_brca.RData",123,756,88,1000,5,"float64","float64","argmax","pls","float64",6.62709045410156,7,6,"pls_simpls_fit","pls","2.9.0","pls::simpls.fit","SIMPLS","simpls","simpls",TRUE,27,"accuracy",0.852272727272727,0.852272727272727,0.680919158361019,0.669563167418508,,,,"ok",,,121.683594,0.51,0.04,"ok"
"tcga_brca","classification","/home/chiamaka/Documents/fastpls/data/tcga_brca.RData",123,756,88,1000,5,"float64","float64","argmax","pls","float64",6.62709045410156,7,7,"pls_simpls_fit","pls","2.9.0","pls::simpls.fit","SIMPLS","simpls","simpls",TRUE,27,"accuracy",0.852272727272727,0.852272727272727,0.680919158361019,0.669563167418508,,,,"ok",,,121.425781,0.51,0.04,"ok"
"tcga_brca","classification","/home/chiamaka/Documents/fastpls/data/tcga_brca.RData",123,756,88,1000,5,"float64","float64","argmax","pls","float64",6.62709045410156,7,8,"pls_simpls_fit","pls","2.9.0","pls::simpls.fit","SIMPLS","simpls","simpls",TRUE,27,"accuracy",0.852272727272727,0.852272727272727,0.680919158361019,0.669563167418508,,,,"ok",,,120.925781,0.51,0.06,"ok"
"tcga_brca","classification","/home/chiamaka/Documents/fastpls/data/tcga_brca.RData",123,756,88,1000,5,"float64","float64","argmax","pls","float64",6.62709045410156,7,9,"pls_simpls_fit","pls","2.9.0","pls::simpls.fit","SIMPLS","simpls","simpls",TRUE,29,"accuracy",0.852272727272727,0.852272727272727,0.680919158361019,0.669563167418508,,,,"ok",,,121.574219,0.52,0.04,"ok"
"tcga_brca","classification","/home/chiamaka/Documents/fastpls/data/tcga_brca.RData",123,756,88,1000,5,"float64","float64","argmax","pls","float64",6.62709045410156,7,10,"pls_simpls_fit","pls","2.9.0","pls::simpls.fit","SIMPLS","simpls","simpls",TRUE,27,"accuracy",0.852272727272727,0.852272727272727,0.680919158361019,0.669563167418508,,,,"ok",,,121.855469,0.52,0.04,"ok"
"tcga_brca","classification","/home/chiamaka/Documents/fastpls/data/tcga_brca.RData",123,756,88,1000,5,"float64","float64","argmax","plsdepot","float64",6.62709045410156,7,1,"plsdepot_simpls","plsdepot","0.3.1","plsdepot::simpls","SIMPLS","simpls","simpls",TRUE,2204,"accuracy",0.875,0.875,0.674983388704319,0.6892227127711,,,,"ok",,,165.605469,2.71,0.08,"ok"
"tcga_brca","classification","/home/chiamaka/Documents/fastpls/data/tcga_brca.RData",123,756,88,1000,5,"float64","float64","argmax","plsdepot","float64",6.62709045410156,7,2,"plsdepot_simpls","plsdepot","0.3.1","plsdepot::simpls","SIMPLS","simpls","simpls",TRUE,2204,"accuracy",0.875,0.875,0.674983388704319,0.6892227127711,,,,"ok",,,165.285156,2.69,0.06,"ok"
"tcga_brca","classification","/home/chiamaka/Documents/fastpls/data/tcga_brca.RData",123,756,88,1000,5,"float64","float64","argmax","plsdepot","float64",6.62709045410156,7,3,"plsdepot_simpls","plsdepot","0.3.1","plsdepot::simpls","SIMPLS","simpls","simpls",TRUE,2238,"accuracy",0.875,0.875,0.674983388704319,0.6892227127711,,,,"ok",,,165.617188,2.73,0.07,"ok"
"tcga_brca","classification","/home/chiamaka/Documents/fastpls/data/tcga_brca.RData",123,756,88,1000,5,"float64","float64","lda","plsgenomics","float64",6.62709045410156,7,1,"plsgenomics_pls_lda","plsgenomics","1.5.3","plsgenomics::pls.lda","PLS-LDA","PLS-LDA","PLS-LDA",TRUE,24,"accuracy",0.863636363636364,0.863636363636364,0.876965669988926,0.846635282295501,,,,"ok",,,145.179688,0.85,0.06,"ok"
"tcga_brca","classification","/home/chiamaka/Documents/fastpls/data/tcga_brca.RData",123,756,88,1000,5,"float64","float64","lda","plsgenomics","float64",6.62709045410156,7,2,"plsgenomics_pls_lda","plsgenomics","1.5.3","plsgenomics::pls.lda","PLS-LDA","PLS-LDA","PLS-LDA",TRUE,24,"accuracy",0.863636363636364,0.863636363636364,0.876965669988926,0.846635282295501,,,,"ok",,,145.828125,0.87,0.07,"ok"
"tcga_brca","classification","/home/chiamaka/Documents/fastpls/data/tcga_brca.RData",123,756,88,1000,5,"float64","float64","lda","plsgenomics","float64",6.62709045410156,7,3,"plsgenomics_pls_lda","plsgenomics","1.5.3","plsgenomics::pls.lda","PLS-LDA","PLS-LDA","PLS-LDA",TRUE,24,"accuracy",0.863636363636364,0.863636363636364,0.876965669988926,0.846635282295501,,,,"ok",,,145.164062,0.86,0.05,"ok"
"tcga_brca","classification","/home/chiamaka/Documents/fastpls/data/tcga_brca.RData",123,756,88,1000,5,"float64","float64","lda","plsgenomics","float64",6.62709045410156,7,4,"plsgenomics_pls_lda","plsgenomics","1.5.3","plsgenomics::pls.lda","PLS-LDA","PLS-LDA","PLS-LDA",TRUE,24,"accuracy",0.863636363636364,0.863636363636364,0.876965669988926,0.846635282295501,,,,"ok",,,145.308594,0.86,0.06,"ok"
"tcga_brca","classification","/home/chiamaka/Documents/fastpls/data/tcga_brca.RData",123,756,88,1000,5,"float64","float64","lda","plsgenomics","float64",6.62709045410156,7,5,"plsgenomics_pls_lda","plsgenomics","1.5.3","plsgenomics::pls.lda","PLS-LDA","PLS-LDA","PLS-LDA",TRUE,24,"accuracy",0.863636363636364,0.863636363636364,0.876965669988926,0.846635282295501,,,,"ok",,,145.933594,0.87,0.05,"ok"
"tcga_brca","classification","/home/chiamaka/Documents/fastpls/data/tcga_brca.RData",123,756,88,1000,5,"float64","float64","lda","plsgenomics","float64",6.62709045410156,7,6,"plsgenomics_pls_lda","plsgenomics","1.5.3","plsgenomics::pls.lda","PLS-LDA","PLS-LDA","PLS-LDA",TRUE,24,"accuracy",0.863636363636364,0.863636363636364,0.876965669988926,0.846635282295501,,,,"ok",,,145.558594,0.87,0.06,"ok"
"tcga_brca","classification","/home/chiamaka/Documents/fastpls/data/tcga_brca.RData",123,756,88,1000,5,"float64","float64","lda","plsgenomics","float64",6.62709045410156,7,7,"plsgenomics_pls_lda","plsgenomics","1.5.3","plsgenomics::pls.lda","PLS-LDA","PLS-LDA","PLS-LDA",TRUE,25,"accuracy",0.863636363636364,0.863636363636364,0.876965669988926,0.846635282295501,,,,"ok",,,145.316406,0.86,0.07,"ok"
"tcga_brca","classification","/home/chiamaka/Documents/fastpls/data/tcga_brca.RData",123,756,88,1000,5,"float64","float64","lda","plsgenomics","float64",6.62709045410156,7,8,"plsgenomics_pls_lda","plsgenomics","1.5.3","plsgenomics::pls.lda","PLS-LDA","PLS-LDA","PLS-LDA",TRUE,25,"accuracy",0.863636363636364,0.863636363636364,0.876965669988926,0.846635282295501,,,,"ok",,,145.382812,0.86,0.04,"ok"
"tcga_brca","classification","/home/chiamaka/Documents/fastpls/data/tcga_brca.RData",123,756,88,1000,5,"float64","float64","lda","plsgenomics","float64",6.62709045410156,7,9,"plsgenomics_pls_lda","plsgenomics","1.5.3","plsgenomics::pls.lda","PLS-LDA","PLS-LDA","PLS-LDA",TRUE,25,"accuracy",0.863636363636364,0.863636363636364,0.876965669988926,0.846635282295501,,,,"ok",,,145.527344,0.85,0.06,"ok"
"tcga_brca","classification","/home/chiamaka/Documents/fastpls/data/tcga_brca.RData",123,756,88,1000,5,"float64","float64","lda","plsgenomics","float64",6.62709045410156,7,10,"plsgenomics_pls_lda","plsgenomics","1.5.3","plsgenomics::pls.lda","PLS-LDA","PLS-LDA","PLS-LDA",TRUE,24,"accuracy",0.863636363636364,0.863636363636364,0.876965669988926,0.846635282295501,,,,"ok",,,145.410156,0.85,0.06,"ok"
"tcga_brca","classification","/home/chiamaka/Documents/fastpls/data/tcga_brca.RData",123,756,88,1000,5,"float64","float64","argmax","spls","float64",6.62709045410156,7,1,"spls_splsda","spls","2.3.2","spls::splsda","sPLS-DA","sPLS-DA","sPLS-DA",TRUE,204,"accuracy",0.840909090909091,0.840909090909091,0.803776301218162,0.790474986637389,,,,"ok",,,148.679688,0.68,0.08,"ok"
"tcga_brca","classification","/home/chiamaka/Documents/fastpls/data/tcga_brca.RData",123,756,88,1000,5,"float64","float64","argmax","spls","float64",6.62709045410156,7,2,"spls_splsda","spls","2.3.2","spls::splsda","sPLS-DA","sPLS-DA","sPLS-DA",TRUE,195,"accuracy",0.840909090909091,0.840909090909091,0.803776301218162,0.790474986637389,,,,"ok",,,148.726562,0.68,0.07,"ok"
"tcga_brca","classification","/home/chiamaka/Documents/fastpls/data/tcga_brca.RData",123,756,88,1000,5,"float64","float64","argmax","spls","float64",6.62709045410156,7,3,"spls_splsda","spls","2.3.2","spls::splsda","sPLS-DA","sPLS-DA","sPLS-DA",TRUE,204,"accuracy",0.840909090909091,0.840909090909091,0.803776301218162,0.790474986637389,,,,"ok",,,148.707031,0.66,0.07,"ok"
"tcga_brca","classification","/home/chiamaka/Documents/fastpls/data/tcga_brca.RData",123,756,88,1000,5,"float64","float64","argmax","spls","float64",6.62709045410156,7,4,"spls_splsda","spls","2.3.2","spls::splsda","sPLS-DA","sPLS-DA","sPLS-DA",TRUE,197,"accuracy",0.840909090909091,0.840909090909091,0.803776301218162,0.790474986637389,,,,"ok",,,148.683594,0.66,0.07,"ok"
"tcga_brca","classification","/home/chiamaka/Documents/fastpls/data/tcga_brca.RData",123,756,88,1000,5,"float64","float64","argmax","spls","float64",6.62709045410156,7,5,"spls_splsda","spls","2.3.2","spls::splsda","sPLS-DA","sPLS-DA","sPLS-DA",TRUE,220,"accuracy",0.840909090909091,0.840909090909091,0.803776301218162,0.790474986637389,,,,"ok",,,149.167969,0.7,0.06,"ok"
"tcga_brca","classification","/home/chiamaka/Documents/fastpls/data/tcga_brca.RData",123,756,88,1000,5,"float64","float64","argmax","spls","float64",6.62709045410156,7,6,"spls_splsda","spls","2.3.2","spls::splsda","sPLS-DA","sPLS-DA","sPLS-DA",TRUE,198,"accuracy",0.840909090909091,0.840909090909091,0.803776301218162,0.790474986637389,,,,"ok",,,149.03125,0.64,0.07,"ok"
"tcga_brca","classification","/home/chiamaka/Documents/fastpls/data/tcga_brca.RData",123,756,88,1000,5,"float64","float64","argmax","spls","float64",6.62709045410156,7,7,"spls_splsda","spls","2.3.2","spls::splsda","sPLS-DA","sPLS-DA","sPLS-DA",TRUE,203,"accuracy",0.840909090909091,0.840909090909091,0.803776301218162,0.790474986637389,,,,"ok",,,148.757812,0.68,0.08,"ok"
"tcga_brca","classification","/home/chiamaka/Documents/fastpls/data/tcga_brca.RData",123,756,88,1000,5,"float64","float64","argmax","spls","float64",6.62709045410156,7,8,"spls_splsda","spls","2.3.2","spls::splsda","sPLS-DA","sPLS-DA","sPLS-DA",TRUE,197,"accuracy",0.840909090909091,0.840909090909091,0.803776301218162,0.790474986637389,,,,"ok",,,148.300781,0.69,0.06,"ok"
"tcga_brca","classification","/home/chiamaka/Documents/fastpls/data/tcga_brca.RData",123,756,88,1000,5,"float64","float64","argmax","spls","float64",6.62709045410156,7,9,"spls_splsda","spls","2.3.2","spls::splsda","sPLS-DA","sPLS-DA","sPLS-DA",TRUE,199,"accuracy",0.840909090909091,0.840909090909091,0.803776301218162,0.790474986637389,,,,"ok",,,148.671875,0.68,0.06,"ok"
"tcga_brca","classification","/home/chiamaka/Documents/fastpls/data/tcga_brca.RData",123,756,88,1000,5,"float64","float64","argmax","spls","float64",6.62709045410156,7,10,"spls_splsda","spls","2.3.2","spls::splsda","sPLS-DA","sPLS-DA","sPLS-DA",TRUE,218,"accuracy",0.840909090909091,0.840909090909091,0.803776301218162,0.790474986637389,,,,"ok",,,148.570312,0.7,0.06,"ok"
"tcga_hnsc_methylation","classification","/home/chiamaka/Documents/fastpls/data/tcga_hnsc_methylation.RData",123,520,58,782,2,"float64","float64","argmax","chemometrics","float64",3.59980010986328,2,1,"chemometrics_pls_eigen","chemometrics","1.4.4","chemometrics::pls_eigen","PLS eigen","PLS eigen","PLS eigen",TRUE,464,"accuracy",1,1,1,1,,,,"ok",,,133.066406,0.98,0.05,"ok"
"tcga_hnsc_methylation","classification","/home/chiamaka/Documents/fastpls/data/tcga_hnsc_methylation.RData",123,520,58,782,2,"float64","float64","argmax","chemometrics","float64",3.59980010986328,2,2,"chemometrics_pls_eigen","chemometrics","1.4.4","chemometrics::pls_eigen","PLS eigen","PLS eigen","PLS eigen",TRUE,479,"accuracy",1,1,1,1,,,,"ok",,,132.285156,1.01,0.05,"ok"
"tcga_hnsc_methylation","classification","/home/chiamaka/Documents/fastpls/data/tcga_hnsc_methylation.RData",123,520,58,782,2,"float64","float64","argmax","chemometrics","float64",3.59980010986328,2,3,"chemometrics_pls_eigen","chemometrics","1.4.4","chemometrics::pls_eigen","PLS eigen","PLS eigen","PLS eigen",TRUE,476,"accuracy",1,1,1,1,,,,"ok",,,132.84375,1.01,0.07,"ok"
"tcga_hnsc_methylation","classification","/home/chiamaka/Documents/fastpls/data/tcga_hnsc_methylation.RData",123,520,58,782,2,"float64","float64","argmax","chemometrics","float64",3.59980010986328,2,4,"chemometrics_pls_eigen","chemometrics","1.4.4","chemometrics::pls_eigen","PLS eigen","PLS eigen","PLS eigen",TRUE,464,"accuracy",1,1,1,1,,,,"ok",,,133.152344,0.97,0.08,"ok"
"tcga_hnsc_methylation","classification","/home/chiamaka/Documents/fastpls/data/tcga_hnsc_methylation.RData",123,520,58,782,2,"float64","float64","argmax","chemometrics","float64",3.59980010986328,2,5,"chemometrics_pls_eigen","chemometrics","1.4.4","chemometrics::pls_eigen","PLS eigen","PLS eigen","PLS eigen",TRUE,480,"accuracy",1,1,1,1,,,,"ok",,,132.519531,0.99,0.07,"ok"
"tcga_hnsc_methylation","classification","/home/chiamaka/Documents/fastpls/data/tcga_hnsc_methylation.RData",123,520,58,782,2,"float64","float64","argmax","chemometrics","float64",3.59980010986328,2,6,"chemometrics_pls_eigen","chemometrics","1.4.4","chemometrics::pls_eigen","PLS eigen","PLS eigen","PLS eigen",TRUE,495,"accuracy",1,1,1,1,,,,"ok",,,132.453125,1.04,0.06,"ok"
"tcga_hnsc_methylation","classification","/home/chiamaka/Documents/fastpls/data/tcga_hnsc_methylation.RData",123,520,58,782,2,"float64","float64","argmax","chemometrics","float64",3.59980010986328,2,7,"chemometrics_pls_eigen","chemometrics","1.4.4","chemometrics::pls_eigen","PLS eigen","PLS eigen","PLS eigen",TRUE,463,"accuracy",1,1,1,1,,,,"ok",,,132.648438,0.97,0.07,"ok"
"tcga_hnsc_methylation","classification","/home/chiamaka/Documents/fastpls/data/tcga_hnsc_methylation.RData",123,520,58,782,2,"float64","float64","argmax","chemometrics","float64",3.59980010986328,2,8,"chemometrics_pls_eigen","chemometrics","1.4.4","chemometrics::pls_eigen","PLS eigen","PLS eigen","PLS eigen",TRUE,461,"accuracy",1,1,1,1,,,,"ok",,,132.6875,0.98,0.06,"ok"
"tcga_hnsc_methylation","classification","/home/chiamaka/Documents/fastpls/data/tcga_hnsc_methylation.RData",123,520,58,782,2,"float64","float64","argmax","chemometrics","float64",3.59980010986328,2,9,"chemometrics_pls_eigen","chemometrics","1.4.4","chemometrics::pls_eigen","PLS eigen","PLS eigen","PLS eigen",TRUE,469,"accuracy",1,1,1,1,,,,"ok",,,132.507812,0.99,0.07,"ok"
"tcga_hnsc_methylation","classification","/home/chiamaka/Documents/fastpls/data/tcga_hnsc_methylation.RData",123,520,58,782,2,"float64","float64","argmax","chemometrics","float64",3.59980010986328,2,10,"chemometrics_pls_eigen","chemometrics","1.4.4","chemometrics::pls_eigen","PLS eigen","PLS eigen","PLS eigen",TRUE,465,"accuracy",1,1,1,1,,,,"ok",,,132.785156,0.98,0.07,"ok"
"tcga_hnsc_methylation","classification","/home/chiamaka/Documents/fastpls/data/tcga_hnsc_methylation.RData",123,520,58,782,2,"float64","float64","argmax","argmax","float64",3.59980010986328,2,1,"fastPLS_simpls_cpu_irlba","fastPLS","0.99.39","fastPLS::pls(method='simpls', backend='cpu', svd.method='irlba', classifier='argmax')","SIMPLS","simpls","simpls",TRUE,18,"accuracy",1,1,1,1,,,,"ok",,,461.769531,1,0.1,"ok"
"tcga_hnsc_methylation","classification","/home/chiamaka/Documents/fastpls/data/tcga_hnsc_methylation.RData",123,520,58,782,2,"float64","float64","argmax","argmax","float64",3.59980010986328,2,2,"fastPLS_simpls_cpu_irlba","fastPLS","0.99.39","fastPLS::pls(method='simpls', backend='cpu', svd.method='irlba', classifier='argmax')","SIMPLS","simpls","simpls",TRUE,18,"accuracy",1,1,1,1,,,,"ok",,,461.40625,1.01,0.12,"ok"
"tcga_hnsc_methylation","classification","/home/chiamaka/Documents/fastpls/data/tcga_hnsc_methylation.RData",123,520,58,782,2,"float64","float64","argmax","argmax","float64",3.59980010986328,2,3,"fastPLS_simpls_cpu_irlba","fastPLS","0.99.39","fastPLS::pls(method='simpls', backend='cpu', svd.method='irlba', classifier='argmax')","SIMPLS","simpls","simpls",TRUE,18,"accuracy",1,1,1,1,,,,"ok",,,460.808594,1.02,0.12,"ok"
"tcga_hnsc_methylation","classification","/home/chiamaka/Documents/fastpls/data/tcga_hnsc_methylation.RData",123,520,58,782,2,"float64","float64","argmax","argmax","float64",3.59980010986328,2,4,"fastPLS_simpls_cpu_irlba","fastPLS","0.99.39","fastPLS::pls(method='simpls', backend='cpu', svd.method='irlba', classifier='argmax')","SIMPLS","simpls","simpls",TRUE,18,"accuracy",1,1,1,1,,,,"ok",,,461.328125,0.99,0.12,"ok"
"tcga_hnsc_methylation","classification","/home/chiamaka/Documents/fastpls/data/tcga_hnsc_methylation.RData",123,520,58,782,2,"float64","float64","argmax","argmax","float64",3.59980010986328,2,5,"fastPLS_simpls_cpu_irlba","fastPLS","0.99.39","fastPLS::pls(method='simpls', backend='cpu', svd.method='irlba', classifier='argmax')","SIMPLS","simpls","simpls",TRUE,18.9999999999999,"accuracy",1,1,1,1,,,,"ok",,,461.0625,1.01,0.13,"ok"
"tcga_hnsc_methylation","classification","/home/chiamaka/Documents/fastpls/data/tcga_hnsc_methylation.RData",123,520,58,782,2,"float64","float64","argmax","argmax","float64",3.59980010986328,2,6,"fastPLS_simpls_cpu_irlba","fastPLS","0.99.39","fastPLS::pls(method='simpls', backend='cpu', svd.method='irlba', classifier='argmax')","SIMPLS","simpls","simpls",TRUE,18.9999999999999,"accuracy",1,1,1,1,,,,"ok",,,462.019531,0.98,0.11,"ok"
"tcga_hnsc_methylation","classification","/home/chiamaka/Documents/fastpls/data/tcga_hnsc_methylation.RData",123,520,58,782,2,"float64","float64","argmax","argmax","float64",3.59980010986328,2,7,"fastPLS_simpls_cpu_irlba","fastPLS","0.99.39","fastPLS::pls(method='simpls', backend='cpu', svd.method='irlba', classifier='argmax')","SIMPLS","simpls","simpls",TRUE,18.9999999999999,"accuracy",1,1,1,1,,,,"ok",,,461.109375,0.99,0.1,"ok"
"tcga_hnsc_methylation","classification","/home/chiamaka/Documents/fastpls/data/tcga_hnsc_methylation.RData",123,520,58,782,2,"float64","float64","argmax","argmax","float64",3.59980010986328,2,8,"fastPLS_simpls_cpu_irlba","fastPLS","0.99.39","fastPLS::pls(method='simpls', backend='cpu', svd.method='irlba', classifier='argmax')","SIMPLS","simpls","simpls",TRUE,19.0000000000001,"accuracy",1,1,1,1,,,,"ok",,,461.570312,0.99,0.12,"ok"
"tcga_hnsc_methylation","classification","/home/chiamaka/Documents/fastpls/data/tcga_hnsc_methylation.RData",123,520,58,782,2,"float64","float64","argmax","argmax","float64",3.59980010986328,2,9,"fastPLS_simpls_cpu_irlba","fastPLS","0.99.39","fastPLS::pls(method='simpls', backend='cpu', svd.method='irlba', classifier='argmax')","SIMPLS","simpls","simpls",TRUE,18,"accuracy",1,1,1,1,,,,"ok",,,461.976562,1.01,0.1,"ok"
"tcga_hnsc_methylation","classification","/home/chiamaka/Documents/fastpls/data/tcga_hnsc_methylation.RData",123,520,58,782,2,"float64","float64","argmax","argmax","float64",3.59980010986328,2,10,"fastPLS_simpls_cpu_irlba","fastPLS","0.99.39","fastPLS::pls(method='simpls', backend='cpu', svd.method='irlba', classifier='argmax')","SIMPLS","simpls","simpls",TRUE,18.9999999999999,"accuracy",1,1,1,1,,,,"ok",,,461.105469,1,0.11,"ok"
"tcga_hnsc_methylation","classification","/home/chiamaka/Documents/fastpls/data/tcga_hnsc_methylation.RData",123,520,58,782,2,"float64","float64","lda","cpp_project","float64",3.59980010986328,2,1,"fastPLS_simpls_cpu_irlba_lda","fastPLS","0.99.39","fastPLS::pls(method='simpls', backend='cpu', svd.method='irlba', classifier='lda')","SIMPLS + LDA","simpls","simpls",TRUE,19.9999999999998,"accuracy",0.982758620689655,0.982758620689655,0.990566037735849,0.94978354978355,,,,"ok",,,461.675781,0.99,0.1,"ok"
"tcga_hnsc_methylation","classification","/home/chiamaka/Documents/fastpls/data/tcga_hnsc_methylation.RData",123,520,58,782,2,"float64","float64","lda","cpp_project","float64",3.59980010986328,2,2,"fastPLS_simpls_cpu_irlba_lda","fastPLS","0.99.39","fastPLS::pls(method='simpls', backend='cpu', svd.method='irlba', classifier='lda')","SIMPLS + LDA","simpls","simpls",TRUE,18.9999999999999,"accuracy",0.982758620689655,0.982758620689655,0.990566037735849,0.94978354978355,,,,"ok",,,461.386719,0.98,0.14,"ok"
"tcga_hnsc_methylation","classification","/home/chiamaka/Documents/fastpls/data/tcga_hnsc_methylation.RData",123,520,58,782,2,"float64","float64","lda","cpp_project","float64",3.59980010986328,2,3,"fastPLS_simpls_cpu_irlba_lda","fastPLS","0.99.39","fastPLS::pls(method='simpls', backend='cpu', svd.method='irlba', classifier='lda')","SIMPLS + LDA","simpls","simpls",TRUE,18.9999999999999,"accuracy",0.982758620689655,0.982758620689655,0.990566037735849,0.94978354978355,,,,"ok",,,461.546875,0.99,0.12,"ok"
"tcga_hnsc_methylation","classification","/home/chiamaka/Documents/fastpls/data/tcga_hnsc_methylation.RData",123,520,58,782,2,"float64","float64","lda","cpp_project","float64",3.59980010986328,2,4,"fastPLS_simpls_cpu_irlba_lda","fastPLS","0.99.39","fastPLS::pls(method='simpls', backend='cpu', svd.method='irlba', classifier='lda')","SIMPLS + LDA","simpls","simpls",TRUE,19.9999999999998,"accuracy",0.982758620689655,0.982758620689655,0.990566037735849,0.94978354978355,,,,"ok",,,461.449219,0.99,0.12,"ok"
"tcga_hnsc_methylation","classification","/home/chiamaka/Documents/fastpls/data/tcga_hnsc_methylation.RData",123,520,58,782,2,"float64","float64","lda","cpp_project","float64",3.59980010986328,2,5,"fastPLS_simpls_cpu_irlba_lda","fastPLS","0.99.39","fastPLS::pls(method='simpls', backend='cpu', svd.method='irlba', classifier='lda')","SIMPLS + LDA","simpls","simpls",TRUE,18.9999999999999,"accuracy",0.982758620689655,0.982758620689655,0.990566037735849,0.94978354978355,,,,"ok",,,461.746094,1.01,0.11,"ok"
"tcga_hnsc_methylation","classification","/home/chiamaka/Documents/fastpls/data/tcga_hnsc_methylation.RData",123,520,58,782,2,"float64","float64","lda","cpp_project","float64",3.59980010986328,2,6,"fastPLS_simpls_cpu_irlba_lda","fastPLS","0.99.39","fastPLS::pls(method='simpls', backend='cpu', svd.method='irlba', classifier='lda')","SIMPLS + LDA","simpls","simpls",TRUE,18.9999999999999,"accuracy",0.982758620689655,0.982758620689655,0.990566037735849,0.94978354978355,,,,"ok",,,460.949219,0.98,0.12,"ok"
"tcga_hnsc_methylation","classification","/home/chiamaka/Documents/fastpls/data/tcga_hnsc_methylation.RData",123,520,58,782,2,"float64","float64","lda","cpp_project","float64",3.59980010986328,2,7,"fastPLS_simpls_cpu_irlba_lda","fastPLS","0.99.39","fastPLS::pls(method='simpls', backend='cpu', svd.method='irlba', classifier='lda')","SIMPLS + LDA","simpls","simpls",TRUE,18.9999999999999,"accuracy",0.982758620689655,0.982758620689655,0.990566037735849,0.94978354978355,,,,"ok",,,461.570312,0.99,0.1,"ok"
"tcga_hnsc_methylation","classification","/home/chiamaka/Documents/fastpls/data/tcga_hnsc_methylation.RData",123,520,58,782,2,"float64","float64","lda","cpp_project","float64",3.59980010986328,2,8,"fastPLS_simpls_cpu_irlba_lda","fastPLS","0.99.39","fastPLS::pls(method='simpls', backend='cpu', svd.method='irlba', classifier='lda')","SIMPLS + LDA","simpls","simpls",TRUE,18.9999999999999,"accuracy",0.982758620689655,0.982758620689655,0.990566037735849,0.94978354978355,,,,"ok",,,461.578125,1,0.11,"ok"
"tcga_hnsc_methylation","classification","/home/chiamaka/Documents/fastpls/data/tcga_hnsc_methylation.RData",123,520,58,782,2,"float64","float64","lda","cpp_project","float64",3.59980010986328,2,9,"fastPLS_simpls_cpu_irlba_lda","fastPLS","0.99.39","fastPLS::pls(method='simpls', backend='cpu', svd.method='irlba', classifier='lda')","SIMPLS + LDA","simpls","simpls",TRUE,18.9999999999999,"accuracy",0.982758620689655,0.982758620689655,0.990566037735849,0.94978354978355,,,,"ok",,,461.351562,1,0.12,"ok"
"tcga_hnsc_methylation","classification","/home/chiamaka/Documents/fastpls/data/tcga_hnsc_methylation.RData",123,520,58,782,2,"float64","float64","lda","cpp_project","float64",3.59980010986328,2,10,"fastPLS_simpls_cpu_irlba_lda","fastPLS","0.99.39","fastPLS::pls(method='simpls', backend='cpu', svd.method='irlba', classifier='lda')","SIMPLS + LDA","simpls","simpls",TRUE,19.0000000000001,"accuracy",0.982758620689655,0.982758620689655,0.990566037735849,0.94978354978355,,,,"ok",,,461.597656,0.99,0.12,"ok"
"tcga_hnsc_methylation","classification","/home/chiamaka/Documents/fastpls/data/tcga_hnsc_methylation.RData",123,520,58,782,2,"float64","float64","argmax","mdatools","float64",3.59980010986328,2,1,"mdatools_plsda_or_pls","mdatools","0.15.0","mdatools::plsda or mdatools::pls","SIMPLS/PLS-DA","SIMPLS/PLS-DA","SIMPLS/PLS-DA",TRUE,145,"accuracy",1,1,1,1,,,,"ok","No validation results were found.",,166.664062,0.85,0.07,"ok"
"tcga_hnsc_methylation","classification","/home/chiamaka/Documents/fastpls/data/tcga_hnsc_methylation.RData",123,520,58,782,2,"float64","float64","argmax","mdatools","float64",3.59980010986328,2,2,"mdatools_plsda_or_pls","mdatools","0.15.0","mdatools::plsda or mdatools::pls","SIMPLS/PLS-DA","SIMPLS/PLS-DA","SIMPLS/PLS-DA",TRUE,142,"accuracy",1,1,1,1,,,,"ok","No validation results were found.",,166.492188,0.85,0.07,"ok"
"tcga_hnsc_methylation","classification","/home/chiamaka/Documents/fastpls/data/tcga_hnsc_methylation.RData",123,520,58,782,2,"float64","float64","argmax","mdatools","float64",3.59980010986328,2,3,"mdatools_plsda_or_pls","mdatools","0.15.0","mdatools::plsda or mdatools::pls","SIMPLS/PLS-DA","SIMPLS/PLS-DA","SIMPLS/PLS-DA",TRUE,143,"accuracy",1,1,1,1,,,,"ok","No validation results were found.",,166.460938,0.83,0.08,"ok"
"tcga_hnsc_methylation","classification","/home/chiamaka/Documents/fastpls/data/tcga_hnsc_methylation.RData",123,520,58,782,2,"float64","float64","argmax","mdatools","float64",3.59980010986328,2,4,"mdatools_plsda_or_pls","mdatools","0.15.0","mdatools::plsda or mdatools::pls","SIMPLS/PLS-DA","SIMPLS/PLS-DA","SIMPLS/PLS-DA",TRUE,143,"accuracy",1,1,1,1,,,,"ok","No validation results were found.",,166.460938,0.85,0.06,"ok"
"tcga_hnsc_methylation","classification","/home/chiamaka/Documents/fastpls/data/tcga_hnsc_methylation.RData",123,520,58,782,2,"float64","float64","argmax","mdatools","float64",3.59980010986328,2,5,"mdatools_plsda_or_pls","mdatools","0.15.0","mdatools::plsda or mdatools::pls","SIMPLS/PLS-DA","SIMPLS/PLS-DA","SIMPLS/PLS-DA",TRUE,142,"accuracy",1,1,1,1,,,,"ok","No validation results were found.",,166.601562,0.83,0.07,"ok"
"tcga_hnsc_methylation","classification","/home/chiamaka/Documents/fastpls/data/tcga_hnsc_methylation.RData",123,520,58,782,2,"float64","float64","argmax","mdatools","float64",3.59980010986328,2,6,"mdatools_plsda_or_pls","mdatools","0.15.0","mdatools::plsda or mdatools::pls","SIMPLS/PLS-DA","SIMPLS/PLS-DA","SIMPLS/PLS-DA",TRUE,143,"accuracy",1,1,1,1,,,,"ok","No validation results were found.",,166.804688,0.84,0.06,"ok"
"tcga_hnsc_methylation","classification","/home/chiamaka/Documents/fastpls/data/tcga_hnsc_methylation.RData",123,520,58,782,2,"float64","float64","argmax","mdatools","float64",3.59980010986328,2,7,"mdatools_plsda_or_pls","mdatools","0.15.0","mdatools::plsda or mdatools::pls","SIMPLS/PLS-DA","SIMPLS/PLS-DA","SIMPLS/PLS-DA",TRUE,142,"accuracy",1,1,1,1,,,,"ok","No validation results were found.",,166.726562,0.82,0.07,"ok"
"tcga_hnsc_methylation","classification","/home/chiamaka/Documents/fastpls/data/tcga_hnsc_methylation.RData",123,520,58,782,2,"float64","float64","argmax","mdatools","float64",3.59980010986328,2,8,"mdatools_plsda_or_pls","mdatools","0.15.0","mdatools::plsda or mdatools::pls","SIMPLS/PLS-DA","SIMPLS/PLS-DA","SIMPLS/PLS-DA",TRUE,142,"accuracy",1,1,1,1,,,,"ok","No validation results were found.",,166.640625,0.85,0.07,"ok"
"tcga_hnsc_methylation","classification","/home/chiamaka/Documents/fastpls/data/tcga_hnsc_methylation.RData",123,520,58,782,2,"float64","float64","argmax","mdatools","float64",3.59980010986328,2,9,"mdatools_plsda_or_pls","mdatools","0.15.0","mdatools::plsda or mdatools::pls","SIMPLS/PLS-DA","SIMPLS/PLS-DA","SIMPLS/PLS-DA",TRUE,143,"accuracy",1,1,1,1,,,,"ok","No validation results were found.",,166.554688,0.84,0.07,"ok"
"tcga_hnsc_methylation","classification","/home/chiamaka/Documents/fastpls/data/tcga_hnsc_methylation.RData",123,520,58,782,2,"float64","float64","argmax","mdatools","float64",3.59980010986328,2,10,"mdatools_plsda_or_pls","mdatools","0.15.0","mdatools::plsda or mdatools::pls","SIMPLS/PLS-DA","SIMPLS/PLS-DA","SIMPLS/PLS-DA",TRUE,142,"accuracy",1,1,1,1,,,,"ok","No validation results were found.",,166.234375,0.85,0.07,"ok"
"tcga_hnsc_methylation","classification","/home/chiamaka/Documents/fastpls/data/tcga_hnsc_methylation.RData",123,520,58,782,2,"float64","float64","argmax","mixOmics","float64",3.59980010986328,2,1,"mixOmics_plsda","mixOmics","6.36.0","mixOmics::plsda","PLS-DA","PLS-DA","PLS-DA",TRUE,33.9999999999998,"accuracy",1,1,1,1,,,,"ok",,,277.613281,1.52,0.09,"ok"
"tcga_hnsc_methylation","classification","/home/chiamaka/Documents/fastpls/data/tcga_hnsc_methylation.RData",123,520,58,782,2,"float64","float64","argmax","mixOmics","float64",3.59980010986328,2,2,"mixOmics_plsda","mixOmics","6.36.0","mixOmics::plsda","PLS-DA","PLS-DA","PLS-DA",TRUE,36,"accuracy",1,1,1,1,,,,"ok",,,277.742188,1.55,0.1,"ok"
"tcga_hnsc_methylation","classification","/home/chiamaka/Documents/fastpls/data/tcga_hnsc_methylation.RData",123,520,58,782,2,"float64","float64","argmax","mixOmics","float64",3.59980010986328,2,3,"mixOmics_plsda","mixOmics","6.36.0","mixOmics::plsda","PLS-DA","PLS-DA","PLS-DA",TRUE,36,"accuracy",1,1,1,1,,,,"ok",,,277.429688,1.51,0.1,"ok"
"tcga_hnsc_methylation","classification","/home/chiamaka/Documents/fastpls/data/tcga_hnsc_methylation.RData",123,520,58,782,2,"float64","float64","argmax","mixOmics","float64",3.59980010986328,2,4,"mixOmics_plsda","mixOmics","6.36.0","mixOmics::plsda","PLS-DA","PLS-DA","PLS-DA",TRUE,36,"accuracy",1,1,1,1,,,,"ok",,,277.632812,1.55,0.1,"ok"
"tcga_hnsc_methylation","classification","/home/chiamaka/Documents/fastpls/data/tcga_hnsc_methylation.RData",123,520,58,782,2,"float64","float64","argmax","mixOmics","float64",3.59980010986328,2,5,"mixOmics_plsda","mixOmics","6.36.0","mixOmics::plsda","PLS-DA","PLS-DA","PLS-DA",TRUE,34,"accuracy",1,1,1,1,,,,"ok",,,277.59375,1.5,0.13,"ok"
"tcga_hnsc_methylation","classification","/home/chiamaka/Documents/fastpls/data/tcga_hnsc_methylation.RData",123,520,58,782,2,"float64","float64","argmax","mixOmics","float64",3.59980010986328,2,6,"mixOmics_plsda","mixOmics","6.36.0","mixOmics::plsda","PLS-DA","PLS-DA","PLS-DA",TRUE,34,"accuracy",1,1,1,1,,,,"ok",,,277.246094,1.55,0.1,"ok"
"tcga_hnsc_methylation","classification","/home/chiamaka/Documents/fastpls/data/tcga_hnsc_methylation.RData",123,520,58,782,2,"float64","float64","argmax","mixOmics","float64",3.59980010986328,2,7,"mixOmics_plsda","mixOmics","6.36.0","mixOmics::plsda","PLS-DA","PLS-DA","PLS-DA",TRUE,35.0000000000001,"accuracy",1,1,1,1,,,,"ok",,,277.664062,1.53,0.1,"ok"
"tcga_hnsc_methylation","classification","/home/chiamaka/Documents/fastpls/data/tcga_hnsc_methylation.RData",123,520,58,782,2,"float64","float64","argmax","mixOmics","float64",3.59980010986328,2,8,"mixOmics_plsda","mixOmics","6.36.0","mixOmics::plsda","PLS-DA","PLS-DA","PLS-DA",TRUE,34.9999999999999,"accuracy",1,1,1,1,,,,"ok",,,277.703125,1.49,0.09,"ok"
"tcga_hnsc_methylation","classification","/home/chiamaka/Documents/fastpls/data/tcga_hnsc_methylation.RData",123,520,58,782,2,"float64","float64","argmax","mixOmics","float64",3.59980010986328,2,9,"mixOmics_plsda","mixOmics","6.36.0","mixOmics::plsda","PLS-DA","PLS-DA","PLS-DA",TRUE,34.9999999999999,"accuracy",1,1,1,1,,,,"ok",,,277.859375,1.49,0.13,"ok"
"tcga_hnsc_methylation","classification","/home/chiamaka/Documents/fastpls/data/tcga_hnsc_methylation.RData",123,520,58,782,2,"float64","float64","argmax","mixOmics","float64",3.59980010986328,2,10,"mixOmics_plsda","mixOmics","6.36.0","mixOmics::plsda","PLS-DA","PLS-DA","PLS-DA",TRUE,34,"accuracy",1,1,1,1,,,,"ok",,,277.730469,1.52,0.11,"ok"
"tcga_hnsc_methylation","classification","/home/chiamaka/Documents/fastpls/data/tcga_hnsc_methylation.RData",123,520,58,782,2,"float64","float64","argmax","pcv","float64",3.59980010986328,2,1,"pcv_simpls","pcv","1.1.0","pcv:::simpls","SIMPLS","simpls","simpls",TRUE,97,"accuracy",1,1,1,1,,,,"ok",,,120.894531,0.56,0.04,"ok"
"tcga_hnsc_methylation","classification","/home/chiamaka/Documents/fastpls/data/tcga_hnsc_methylation.RData",123,520,58,782,2,"float64","float64","argmax","pcv","float64",3.59980010986328,2,2,"pcv_simpls","pcv","1.1.0","pcv:::simpls","SIMPLS","simpls","simpls",TRUE,102,"accuracy",1,1,1,1,,,,"ok",,,121.023438,0.58,0.06,"ok"
"tcga_hnsc_methylation","classification","/home/chiamaka/Documents/fastpls/data/tcga_hnsc_methylation.RData",123,520,58,782,2,"float64","float64","argmax","pcv","float64",3.59980010986328,2,3,"pcv_simpls","pcv","1.1.0","pcv:::simpls","SIMPLS","simpls","simpls",TRUE,98,"accuracy",1,1,1,1,,,,"ok",,,120.300781,0.57,0.03,"ok"
"tcga_hnsc_methylation","classification","/home/chiamaka/Documents/fastpls/data/tcga_hnsc_methylation.RData",123,520,58,782,2,"float64","float64","argmax","pcv","float64",3.59980010986328,2,4,"pcv_simpls","pcv","1.1.0","pcv:::simpls","SIMPLS","simpls","simpls",TRUE,97,"accuracy",1,1,1,1,,,,"ok",,,119.859375,0.57,0.04,"ok"
"tcga_hnsc_methylation","classification","/home/chiamaka/Documents/fastpls/data/tcga_hnsc_methylation.RData",123,520,58,782,2,"float64","float64","argmax","pcv","float64",3.59980010986328,2,5,"pcv_simpls","pcv","1.1.0","pcv:::simpls","SIMPLS","simpls","simpls",TRUE,98,"accuracy",1,1,1,1,,,,"ok",,,120.710938,0.57,0.03,"ok"
"tcga_hnsc_methylation","classification","/home/chiamaka/Documents/fastpls/data/tcga_hnsc_methylation.RData",123,520,58,782,2,"float64","float64","argmax","pcv","float64",3.59980010986328,2,6,"pcv_simpls","pcv","1.1.0","pcv:::simpls","SIMPLS","simpls","simpls",TRUE,97,"accuracy",1,1,1,1,,,,"ok",,,120.714844,0.56,0.04,"ok"
"tcga_hnsc_methylation","classification","/home/chiamaka/Documents/fastpls/data/tcga_hnsc_methylation.RData",123,520,58,782,2,"float64","float64","argmax","pcv","float64",3.59980010986328,2,7,"pcv_simpls","pcv","1.1.0","pcv:::simpls","SIMPLS","simpls","simpls",TRUE,98,"accuracy",1,1,1,1,,,,"ok",,,120.773438,0.56,0.05,"ok"
"tcga_hnsc_methylation","classification","/home/chiamaka/Documents/fastpls/data/tcga_hnsc_methylation.RData",123,520,58,782,2,"float64","float64","argmax","pcv","float64",3.59980010986328,2,8,"pcv_simpls","pcv","1.1.0","pcv:::simpls","SIMPLS","simpls","simpls",TRUE,98,"accuracy",1,1,1,1,,,,"ok",,,120.898438,0.58,0.04,"ok"
"tcga_hnsc_methylation","classification","/home/chiamaka/Documents/fastpls/data/tcga_hnsc_methylation.RData",123,520,58,782,2,"float64","float64","argmax","pcv","float64",3.59980010986328,2,9,"pcv_simpls","pcv","1.1.0","pcv:::simpls","SIMPLS","simpls","simpls",TRUE,98,"accuracy",1,1,1,1,,,,"ok",,,120.453125,0.57,0.04,"ok"
"tcga_hnsc_methylation","classification","/home/chiamaka/Documents/fastpls/data/tcga_hnsc_methylation.RData",123,520,58,782,2,"float64","float64","argmax","pcv","float64",3.59980010986328,2,10,"pcv_simpls","pcv","1.1.0","pcv:::simpls","SIMPLS","simpls","simpls",TRUE,98,"accuracy",1,1,1,1,,,,"ok",,,120.546875,0.56,0.04,"ok"
"tcga_hnsc_methylation","classification","/home/chiamaka/Documents/fastpls/data/tcga_hnsc_methylation.RData",123,520,58,782,2,"float64","float64","argmax","pls","float64",3.59980010986328,2,1,"pls_simpls_fit","pls","2.9.0","pls::simpls.fit","SIMPLS","simpls","simpls",TRUE,13,"accuracy",1,1,1,1,,,,"ok",,,106.621094,0.49,0.05,"ok"
"tcga_hnsc_methylation","classification","/home/chiamaka/Documents/fastpls/data/tcga_hnsc_methylation.RData",123,520,58,782,2,"float64","float64","argmax","pls","float64",3.59980010986328,2,2,"pls_simpls_fit","pls","2.9.0","pls::simpls.fit","SIMPLS","simpls","simpls",TRUE,13,"accuracy",1,1,1,1,,,,"ok",,,106.484375,0.49,0.04,"ok"
"tcga_hnsc_methylation","classification","/home/chiamaka/Documents/fastpls/data/tcga_hnsc_methylation.RData",123,520,58,782,2,"float64","float64","argmax","pls","float64",3.59980010986328,2,3,"pls_simpls_fit","pls","2.9.0","pls::simpls.fit","SIMPLS","simpls","simpls",TRUE,13,"accuracy",1,1,1,1,,,,"ok",,,106.257812,0.49,0.04,"ok"
"tcga_hnsc_methylation","classification","/home/chiamaka/Documents/fastpls/data/tcga_hnsc_methylation.RData",123,520,58,782,2,"float64","float64","argmax","pls","float64",3.59980010986328,2,4,"pls_simpls_fit","pls","2.9.0","pls::simpls.fit","SIMPLS","simpls","simpls",TRUE,13,"accuracy",1,1,1,1,,,,"ok",,,106.753906,0.49,0.04,"ok"
"tcga_hnsc_methylation","classification","/home/chiamaka/Documents/fastpls/data/tcga_hnsc_methylation.RData",123,520,58,782,2,"float64","float64","argmax","pls","float64",3.59980010986328,2,5,"pls_simpls_fit","pls","2.9.0","pls::simpls.fit","SIMPLS","simpls","simpls",TRUE,13,"accuracy",1,1,1,1,,,,"ok",,,106.640625,0.48,0.03,"ok"
"tcga_hnsc_methylation","classification","/home/chiamaka/Documents/fastpls/data/tcga_hnsc_methylation.RData",123,520,58,782,2,"float64","float64","argmax","pls","float64",3.59980010986328,2,6,"pls_simpls_fit","pls","2.9.0","pls::simpls.fit","SIMPLS","simpls","simpls",TRUE,13,"accuracy",1,1,1,1,,,,"ok",,,106.902344,0.47,0.04,"ok"
"tcga_hnsc_methylation","classification","/home/chiamaka/Documents/fastpls/data/tcga_hnsc_methylation.RData",123,520,58,782,2,"float64","float64","argmax","pls","float64",3.59980010986328,2,7,"pls_simpls_fit","pls","2.9.0","pls::simpls.fit","SIMPLS","simpls","simpls",TRUE,13,"accuracy",1,1,1,1,,,,"ok",,,106.683594,0.5,0.04,"ok"
"tcga_hnsc_methylation","classification","/home/chiamaka/Documents/fastpls/data/tcga_hnsc_methylation.RData",123,520,58,782,2,"float64","float64","argmax","pls","float64",3.59980010986328,2,8,"pls_simpls_fit","pls","2.9.0","pls::simpls.fit","SIMPLS","simpls","simpls",TRUE,13,"accuracy",1,1,1,1,,,,"ok",,,107.054688,0.48,0.06,"ok"
"tcga_hnsc_methylation","classification","/home/chiamaka/Documents/fastpls/data/tcga_hnsc_methylation.RData",123,520,58,782,2,"float64","float64","argmax","pls","float64",3.59980010986328,2,9,"pls_simpls_fit","pls","2.9.0","pls::simpls.fit","SIMPLS","simpls","simpls",TRUE,12,"accuracy",1,1,1,1,,,,"ok",,,106.832031,0.48,0.04,"ok"
"tcga_hnsc_methylation","classification","/home/chiamaka/Documents/fastpls/data/tcga_hnsc_methylation.RData",123,520,58,782,2,"float64","float64","argmax","pls","float64",3.59980010986328,2,10,"pls_simpls_fit","pls","2.9.0","pls::simpls.fit","SIMPLS","simpls","simpls",TRUE,13,"accuracy",1,1,1,1,,,,"ok",,,106.941406,0.49,0.03,"ok"
"tcga_hnsc_methylation","classification","/home/chiamaka/Documents/fastpls/data/tcga_hnsc_methylation.RData",123,520,58,782,2,"float64","float64","argmax","plsdepot","float64",3.59980010986328,2,1,"plsdepot_simpls","plsdepot","0.3.1","plsdepot::simpls","SIMPLS","simpls","simpls",TRUE,555,"accuracy",1,1,1,1,,,,"ok",,,134.257812,1.03,0.05,"ok"
"tcga_hnsc_methylation","classification","/home/chiamaka/Documents/fastpls/data/tcga_hnsc_methylation.RData",123,520,58,782,2,"float64","float64","argmax","plsdepot","float64",3.59980010986328,2,2,"plsdepot_simpls","plsdepot","0.3.1","plsdepot::simpls","SIMPLS","simpls","simpls",TRUE,553,"accuracy",1,1,1,1,,,,"ok",,,133.972656,1.02,0.07,"ok"
"tcga_hnsc_methylation","classification","/home/chiamaka/Documents/fastpls/data/tcga_hnsc_methylation.RData",123,520,58,782,2,"float64","float64","argmax","plsdepot","float64",3.59980010986328,2,3,"plsdepot_simpls","plsdepot","0.3.1","plsdepot::simpls","SIMPLS","simpls","simpls",TRUE,552,"accuracy",1,1,1,1,,,,"ok",,,134.238281,1.01,0.04,"ok"
"tcga_hnsc_methylation","classification","/home/chiamaka/Documents/fastpls/data/tcga_hnsc_methylation.RData",123,520,58,782,2,"float64","float64","argmax","plsdepot","float64",3.59980010986328,2,4,"plsdepot_simpls","plsdepot","0.3.1","plsdepot::simpls","SIMPLS","simpls","simpls",TRUE,573,"accuracy",1,1,1,1,,,,"ok",,,133.808594,1.06,0.06,"ok"
"tcga_hnsc_methylation","classification","/home/chiamaka/Documents/fastpls/data/tcga_hnsc_methylation.RData",123,520,58,782,2,"float64","float64","argmax","plsdepot","float64",3.59980010986328,2,5,"plsdepot_simpls","plsdepot","0.3.1","plsdepot::simpls","SIMPLS","simpls","simpls",TRUE,549,"accuracy",1,1,1,1,,,,"ok",,,133.867188,1.01,0.05,"ok"
"tcga_hnsc_methylation","classification","/home/chiamaka/Documents/fastpls/data/tcga_hnsc_methylation.RData",123,520,58,782,2,"float64","float64","argmax","plsdepot","float64",3.59980010986328,2,6,"plsdepot_simpls","plsdepot","0.3.1","plsdepot::simpls","SIMPLS","simpls","simpls",TRUE,550,"accuracy",1,1,1,1,,,,"ok",,,134.140625,1.02,0.06,"ok"
"tcga_hnsc_methylation","classification","/home/chiamaka/Documents/fastpls/data/tcga_hnsc_methylation.RData",123,520,58,782,2,"float64","float64","argmax","plsdepot","float64",3.59980010986328,2,7,"plsdepot_simpls","plsdepot","0.3.1","plsdepot::simpls","SIMPLS","simpls","simpls",TRUE,554,"accuracy",1,1,1,1,,,,"ok",,,133.898438,1.01,0.07,"ok"
"tcga_hnsc_methylation","classification","/home/chiamaka/Documents/fastpls/data/tcga_hnsc_methylation.RData",123,520,58,782,2,"float64","float64","argmax","plsdepot","float64",3.59980010986328,2,8,"plsdepot_simpls","plsdepot","0.3.1","plsdepot::simpls","SIMPLS","simpls","simpls",TRUE,575,"accuracy",1,1,1,1,,,,"ok",,,134.074219,1.04,0.05,"ok"
"tcga_hnsc_methylation","classification","/home/chiamaka/Documents/fastpls/data/tcga_hnsc_methylation.RData",123,520,58,782,2,"float64","float64","argmax","plsdepot","float64",3.59980010986328,2,9,"plsdepot_simpls","plsdepot","0.3.1","plsdepot::simpls","SIMPLS","simpls","simpls",TRUE,550,"accuracy",1,1,1,1,,,,"ok",,,134.105469,1.03,0.06,"ok"
"tcga_hnsc_methylation","classification","/home/chiamaka/Documents/fastpls/data/tcga_hnsc_methylation.RData",123,520,58,782,2,"float64","float64","argmax","plsdepot","float64",3.59980010986328,2,10,"plsdepot_simpls","plsdepot","0.3.1","plsdepot::simpls","SIMPLS","simpls","simpls",TRUE,555,"accuracy",1,1,1,1,,,,"ok",,,133.972656,1.03,0.04,"ok"
"tcga_hnsc_methylation","classification","/home/chiamaka/Documents/fastpls/data/tcga_hnsc_methylation.RData",123,520,58,782,2,"float64","float64","lda","plsgenomics","float64",3.59980010986328,2,1,"plsgenomics_pls_lda","plsgenomics","1.5.3","plsgenomics::pls.lda","PLS-LDA","PLS-LDA","PLS-LDA",TRUE,11,"accuracy",0.982758620689655,0.982758620689655,0.990566037735849,0.94978354978355,,,,"ok",,,132.554688,0.82,0.05,"ok"
"tcga_hnsc_methylation","classification","/home/chiamaka/Documents/fastpls/data/tcga_hnsc_methylation.RData",123,520,58,782,2,"float64","float64","lda","plsgenomics","float64",3.59980010986328,2,2,"plsgenomics_pls_lda","plsgenomics","1.5.3","plsgenomics::pls.lda","PLS-LDA","PLS-LDA","PLS-LDA",TRUE,10,"accuracy",0.982758620689655,0.982758620689655,0.990566037735849,0.94978354978355,,,,"ok",,,132.394531,0.84,0.06,"ok"
"tcga_hnsc_methylation","classification","/home/chiamaka/Documents/fastpls/data/tcga_hnsc_methylation.RData",123,520,58,782,2,"float64","float64","lda","plsgenomics","float64",3.59980010986328,2,3,"plsgenomics_pls_lda","plsgenomics","1.5.3","plsgenomics::pls.lda","PLS-LDA","PLS-LDA","PLS-LDA",TRUE,11,"accuracy",0.982758620689655,0.982758620689655,0.990566037735849,0.94978354978355,,,,"ok",,,133.109375,0.82,0.05,"ok"
"tcga_hnsc_methylation","classification","/home/chiamaka/Documents/fastpls/data/tcga_hnsc_methylation.RData",123,520,58,782,2,"float64","float64","lda","plsgenomics","float64",3.59980010986328,2,4,"plsgenomics_pls_lda","plsgenomics","1.5.3","plsgenomics::pls.lda","PLS-LDA","PLS-LDA","PLS-LDA",TRUE,11,"accuracy",0.982758620689655,0.982758620689655,0.990566037735849,0.94978354978355,,,,"ok",,,132.375,0.83,0.04,"ok"
"tcga_hnsc_methylation","classification","/home/chiamaka/Documents/fastpls/data/tcga_hnsc_methylation.RData",123,520,58,782,2,"float64","float64","lda","plsgenomics","float64",3.59980010986328,2,5,"plsgenomics_pls_lda","plsgenomics","1.5.3","plsgenomics::pls.lda","PLS-LDA","PLS-LDA","PLS-LDA",TRUE,10.9999999999999,"accuracy",0.982758620689655,0.982758620689655,0.990566037735849,0.94978354978355,,,,"ok",,,133.152344,0.84,0.05,"ok"
"tcga_hnsc_methylation","classification","/home/chiamaka/Documents/fastpls/data/tcga_hnsc_methylation.RData",123,520,58,782,2,"float64","float64","lda","plsgenomics","float64",3.59980010986328,2,6,"plsgenomics_pls_lda","plsgenomics","1.5.3","plsgenomics::pls.lda","PLS-LDA","PLS-LDA","PLS-LDA",TRUE,11,"accuracy",0.982758620689655,0.982758620689655,0.990566037735849,0.94978354978355,,,,"ok",,,132.46875,0.82,0.06,"ok"
"tcga_hnsc_methylation","classification","/home/chiamaka/Documents/fastpls/data/tcga_hnsc_methylation.RData",123,520,58,782,2,"float64","float64","lda","plsgenomics","float64",3.59980010986328,2,7,"plsgenomics_pls_lda","plsgenomics","1.5.3","plsgenomics::pls.lda","PLS-LDA","PLS-LDA","PLS-LDA",TRUE,9.9999999999999,"accuracy",0.982758620689655,0.982758620689655,0.990566037735849,0.94978354978355,,,,"ok",,,132.480469,0.82,0.05,"ok"
"tcga_hnsc_methylation","classification","/home/chiamaka/Documents/fastpls/data/tcga_hnsc_methylation.RData",123,520,58,782,2,"float64","float64","lda","plsgenomics","float64",3.59980010986328,2,8,"plsgenomics_pls_lda","plsgenomics","1.5.3","plsgenomics::pls.lda","PLS-LDA","PLS-LDA","PLS-LDA",TRUE,10,"accuracy",0.982758620689655,0.982758620689655,0.990566037735849,0.94978354978355,,,,"ok",,,132.519531,0.83,0.05,"ok"
"tcga_hnsc_methylation","classification","/home/chiamaka/Documents/fastpls/data/tcga_hnsc_methylation.RData",123,520,58,782,2,"float64","float64","lda","plsgenomics","float64",3.59980010986328,2,9,"plsgenomics_pls_lda","plsgenomics","1.5.3","plsgenomics::pls.lda","PLS-LDA","PLS-LDA","PLS-LDA",TRUE,11,"accuracy",0.982758620689655,0.982758620689655,0.990566037735849,0.94978354978355,,,,"ok",,,132.960938,0.84,0.05,"ok"
"tcga_hnsc_methylation","classification","/home/chiamaka/Documents/fastpls/data/tcga_hnsc_methylation.RData",123,520,58,782,2,"float64","float64","lda","plsgenomics","float64",3.59980010986328,2,10,"plsgenomics_pls_lda","plsgenomics","1.5.3","plsgenomics::pls.lda","PLS-LDA","PLS-LDA","PLS-LDA",TRUE,9.9999999999999,"accuracy",0.982758620689655,0.982758620689655,0.990566037735849,0.94978354978355,,,,"ok",,,133.167969,0.83,0.05,"ok"
"tcga_hnsc_methylation","classification","/home/chiamaka/Documents/fastpls/data/tcga_hnsc_methylation.RData",123,520,58,782,2,"float64","float64","argmax","spls","float64",3.59980010986328,2,1,"spls_splsda","spls","2.3.2","spls::splsda","sPLS-DA","sPLS-DA","sPLS-DA",TRUE,24,"accuracy",0.948275862068966,0.948275862068966,0.881132075471698,0.849350649350649,,,,"ok",,,126.921875,0.49,0.04,"ok"
"tcga_hnsc_methylation","classification","/home/chiamaka/Documents/fastpls/data/tcga_hnsc_methylation.RData",123,520,58,782,2,"float64","float64","argmax","spls","float64",3.59980010986328,2,2,"spls_splsda","spls","2.3.2","spls::splsda","sPLS-DA","sPLS-DA","sPLS-DA",TRUE,26,"accuracy",0.948275862068966,0.948275862068966,0.881132075471698,0.849350649350649,,,,"ok",,,127.011719,0.5,0.04,"ok"
"tcga_hnsc_methylation","classification","/home/chiamaka/Documents/fastpls/data/tcga_hnsc_methylation.RData",123,520,58,782,2,"float64","float64","argmax","spls","float64",3.59980010986328,2,3,"spls_splsda","spls","2.3.2","spls::splsda","sPLS-DA","sPLS-DA","sPLS-DA",TRUE,25,"accuracy",0.948275862068966,0.948275862068966,0.881132075471698,0.849350649350649,,,,"ok",,,126.832031,0.5,0.05,"ok"
"tcga_hnsc_methylation","classification","/home/chiamaka/Documents/fastpls/data/tcga_hnsc_methylation.RData",123,520,58,782,2,"float64","float64","argmax","spls","float64",3.59980010986328,2,4,"spls_splsda","spls","2.3.2","spls::splsda","sPLS-DA","sPLS-DA","sPLS-DA",TRUE,26,"accuracy",0.948275862068966,0.948275862068966,0.881132075471698,0.849350649350649,,,,"ok",,,126.816406,0.5,0.05,"ok"
"tcga_hnsc_methylation","classification","/home/chiamaka/Documents/fastpls/data/tcga_hnsc_methylation.RData",123,520,58,782,2,"float64","float64","argmax","spls","float64",3.59980010986328,2,5,"spls_splsda","spls","2.3.2","spls::splsda","sPLS-DA","sPLS-DA","sPLS-DA",TRUE,24,"accuracy",0.948275862068966,0.948275862068966,0.881132075471698,0.849350649350649,,,,"ok",,,126.847656,0.49,0.04,"ok"
"tcga_hnsc_methylation","classification","/home/chiamaka/Documents/fastpls/data/tcga_hnsc_methylation.RData",123,520,58,782,2,"float64","float64","argmax","spls","float64",3.59980010986328,2,6,"spls_splsda","spls","2.3.2","spls::splsda","sPLS-DA","sPLS-DA","sPLS-DA",TRUE,25,"accuracy",0.948275862068966,0.948275862068966,0.881132075471698,0.849350649350649,,,,"ok",,,126.707031,0.5,0.04,"ok"
"tcga_hnsc_methylation","classification","/home/chiamaka/Documents/fastpls/data/tcga_hnsc_methylation.RData",123,520,58,782,2,"float64","float64","argmax","spls","float64",3.59980010986328,2,7,"spls_splsda","spls","2.3.2","spls::splsda","sPLS-DA","sPLS-DA","sPLS-DA",TRUE,25,"accuracy",0.948275862068966,0.948275862068966,0.881132075471698,0.849350649350649,,,,"ok",,,126.546875,0.5,0.05,"ok"
"tcga_hnsc_methylation","classification","/home/chiamaka/Documents/fastpls/data/tcga_hnsc_methylation.RData",123,520,58,782,2,"float64","float64","argmax","spls","float64",3.59980010986328,2,8,"spls_splsda","spls","2.3.2","spls::splsda","sPLS-DA","sPLS-DA","sPLS-DA",TRUE,25,"accuracy",0.948275862068966,0.948275862068966,0.881132075471698,0.849350649350649,,,,"ok",,,127.273438,0.49,0.05,"ok"
"tcga_hnsc_methylation","classification","/home/chiamaka/Documents/fastpls/data/tcga_hnsc_methylation.RData",123,520,58,782,2,"float64","float64","argmax","spls","float64",3.59980010986328,2,9,"spls_splsda","spls","2.3.2","spls::splsda","sPLS-DA","sPLS-DA","sPLS-DA",TRUE,25,"accuracy",0.948275862068966,0.948275862068966,0.881132075471698,0.849350649350649,,,,"ok",,,126.820312,0.49,0.04,"ok"
"tcga_hnsc_methylation","classification","/home/chiamaka/Documents/fastpls/data/tcga_hnsc_methylation.RData",123,520,58,782,2,"float64","float64","argmax","spls","float64",3.59980010986328,2,10,"spls_splsda","spls","2.3.2","spls::splsda","sPLS-DA","sPLS-DA","sPLS-DA",TRUE,24,"accuracy",0.948275862068966,0.948275862068966,0.881132075471698,0.849350649350649,,,,"ok",,,127.023438,0.49,0.04,"ok"
"tcga_pan_cancer","classification","/home/chiamaka/Documents/fastpls/data/tcga_pan_cancer.RData",123,3000,982,850,32,"float64","float64","argmax","chemometrics","float64",26.2238540649414,185,1,"chemometrics_pls_eigen","chemometrics","1.4.4","chemometrics::pls_eigen","PLS eigen","PLS eigen","PLS eigen",TRUE,1634,"accuracy",0.881873727087576,0.881873727087576,0.823255035432532,0.807572341636232,,,,"ok",,,215.851562,2.23,0.09,"ok"
"tcga_pan_cancer","classification","/home/chiamaka/Documents/fastpls/data/tcga_pan_cancer.RData",123,3000,982,850,32,"float64","float64","argmax","chemometrics","float64",26.2238540649414,185,2,"chemometrics_pls_eigen","chemometrics","1.4.4","chemometrics::pls_eigen","PLS eigen","PLS eigen","PLS eigen",TRUE,1642,"accuracy",0.881873727087576,0.881873727087576,0.823255035432532,0.807572341636232,,,,"ok",,,215.984375,2.21,0.1,"ok"
"tcga_pan_cancer","classification","/home/chiamaka/Documents/fastpls/data/tcga_pan_cancer.RData",123,3000,982,850,32,"float64","float64","argmax","chemometrics","float64",26.2238540649414,185,3,"chemometrics_pls_eigen","chemometrics","1.4.4","chemometrics::pls_eigen","PLS eigen","PLS eigen","PLS eigen",TRUE,1631,"accuracy",0.881873727087576,0.881873727087576,0.823255035432532,0.807572341636232,,,,"ok",,,215.996094,2.22,0.07,"ok"
"tcga_pan_cancer","classification","/home/chiamaka/Documents/fastpls/data/tcga_pan_cancer.RData",123,3000,982,850,32,"float64","float64","argmax","argmax","float64",26.2238540649414,185,1,"fastPLS_simpls_cpu_irlba","fastPLS","0.99.39","fastPLS::pls(method='simpls', backend='cpu', svd.method='irlba', classifier='argmax')","SIMPLS","simpls","simpls",TRUE,798,"accuracy",0.940936863543788,0.940936863543788,0.90513809166767,0.902001623474065,,,,"ok",,,498.296875,1.83,0.14,"ok"
"tcga_pan_cancer","classification","/home/chiamaka/Documents/fastpls/data/tcga_pan_cancer.RData",123,3000,982,850,32,"float64","float64","argmax","argmax","float64",26.2238540649414,185,2,"fastPLS_simpls_cpu_irlba","fastPLS","0.99.39","fastPLS::pls(method='simpls', backend='cpu', svd.method='irlba', classifier='argmax')","SIMPLS","simpls","simpls",TRUE,800,"accuracy",0.940936863543788,0.940936863543788,0.90513809166767,0.902001623474065,,,,"ok",,,498.070312,1.83,0.15,"ok"
"tcga_pan_cancer","classification","/home/chiamaka/Documents/fastpls/data/tcga_pan_cancer.RData",123,3000,982,850,32,"float64","float64","argmax","argmax","float64",26.2238540649414,185,3,"fastPLS_simpls_cpu_irlba","fastPLS","0.99.39","fastPLS::pls(method='simpls', backend='cpu', svd.method='irlba', classifier='argmax')","SIMPLS","simpls","simpls",TRUE,802,"accuracy",0.940936863543788,0.940936863543788,0.90513809166767,0.902001623474065,,,,"ok",,,498.160156,1.85,0.15,"ok"
"tcga_pan_cancer","classification","/home/chiamaka/Documents/fastpls/data/tcga_pan_cancer.RData",123,3000,982,850,32,"float64","float64","argmax","argmax","float64",26.2238540649414,185,4,"fastPLS_simpls_cpu_irlba","fastPLS","0.99.39","fastPLS::pls(method='simpls', backend='cpu', svd.method='irlba', classifier='argmax')","SIMPLS","simpls","simpls",TRUE,793,"accuracy",0.940936863543788,0.940936863543788,0.90513809166767,0.902001623474065,,,,"ok",,,498.535156,1.84,0.13,"ok"
"tcga_pan_cancer","classification","/home/chiamaka/Documents/fastpls/data/tcga_pan_cancer.RData",123,3000,982,850,32,"float64","float64","argmax","argmax","float64",26.2238540649414,185,5,"fastPLS_simpls_cpu_irlba","fastPLS","0.99.39","fastPLS::pls(method='simpls', backend='cpu', svd.method='irlba', classifier='argmax')","SIMPLS","simpls","simpls",TRUE,795,"accuracy",0.940936863543788,0.940936863543788,0.90513809166767,0.902001623474065,,,,"ok",,,498.011719,1.84,0.13,"ok"
"tcga_pan_cancer","classification","/home/chiamaka/Documents/fastpls/data/tcga_pan_cancer.RData",123,3000,982,850,32,"float64","float64","argmax","argmax","float64",26.2238540649414,185,6,"fastPLS_simpls_cpu_irlba","fastPLS","0.99.39","fastPLS::pls(method='simpls', backend='cpu', svd.method='irlba', classifier='argmax')","SIMPLS","simpls","simpls",TRUE,803,"accuracy",0.940936863543788,0.940936863543788,0.90513809166767,0.902001623474065,,,,"ok",,,497.507812,1.83,0.15,"ok"
"tcga_pan_cancer","classification","/home/chiamaka/Documents/fastpls/data/tcga_pan_cancer.RData",123,3000,982,850,32,"float64","float64","argmax","argmax","float64",26.2238540649414,185,7,"fastPLS_simpls_cpu_irlba","fastPLS","0.99.39","fastPLS::pls(method='simpls', backend='cpu', svd.method='irlba', classifier='argmax')","SIMPLS","simpls","simpls",TRUE,799,"accuracy",0.940936863543788,0.940936863543788,0.90513809166767,0.902001623474065,,,,"ok",,,497.933594,1.83,0.14,"ok"
"tcga_pan_cancer","classification","/home/chiamaka/Documents/fastpls/data/tcga_pan_cancer.RData",123,3000,982,850,32,"float64","float64","argmax","argmax","float64",26.2238540649414,185,8,"fastPLS_simpls_cpu_irlba","fastPLS","0.99.39","fastPLS::pls(method='simpls', backend='cpu', svd.method='irlba', classifier='argmax')","SIMPLS","simpls","simpls",TRUE,816,"accuracy",0.940936863543788,0.940936863543788,0.90513809166767,0.902001623474065,,,,"ok",,,498.027344,1.85,0.14,"ok"
"tcga_pan_cancer","classification","/home/chiamaka/Documents/fastpls/data/tcga_pan_cancer.RData",123,3000,982,850,32,"float64","float64","argmax","argmax","float64",26.2238540649414,185,9,"fastPLS_simpls_cpu_irlba","fastPLS","0.99.39","fastPLS::pls(method='simpls', backend='cpu', svd.method='irlba', classifier='argmax')","SIMPLS","simpls","simpls",TRUE,792,"accuracy",0.940936863543788,0.940936863543788,0.90513809166767,0.902001623474065,,,,"ok",,,498.027344,1.81,0.15,"ok"
"tcga_pan_cancer","classification","/home/chiamaka/Documents/fastpls/data/tcga_pan_cancer.RData",123,3000,982,850,32,"float64","float64","argmax","argmax","float64",26.2238540649414,185,10,"fastPLS_simpls_cpu_irlba","fastPLS","0.99.39","fastPLS::pls(method='simpls', backend='cpu', svd.method='irlba', classifier='argmax')","SIMPLS","simpls","simpls",TRUE,793,"accuracy",0.940936863543788,0.940936863543788,0.90513809166767,0.902001623474065,,,,"ok",,,497.984375,1.85,0.13,"ok"
"tcga_pan_cancer","classification","/home/chiamaka/Documents/fastpls/data/tcga_pan_cancer.RData",123,3000,982,850,32,"float64","float64","lda","cpp_project","float64",26.2238540649414,185,1,"fastPLS_simpls_cpu_irlba_lda","fastPLS","0.99.39","fastPLS::pls(method='simpls', backend='cpu', svd.method='irlba', classifier='lda')","SIMPLS + LDA","simpls","simpls",TRUE,1031,"accuracy",0.934826883910387,0.934826883910387,0.915076535238949,0.908787422146443,,,,"ok",,,497.269531,2.06,0.16,"ok"
"tcga_pan_cancer","classification","/home/chiamaka/Documents/fastpls/data/tcga_pan_cancer.RData",123,3000,982,850,32,"float64","float64","lda","cpp_project","float64",26.2238540649414,185,2,"fastPLS_simpls_cpu_irlba_lda","fastPLS","0.99.39","fastPLS::pls(method='simpls', backend='cpu', svd.method='irlba', classifier='lda')","SIMPLS + LDA","simpls","simpls",TRUE,1049,"accuracy",0.934826883910387,0.934826883910387,0.915076535238949,0.908787422146443,,,,"ok",,,497.730469,2.09,0.16,"ok"
"tcga_pan_cancer","classification","/home/chiamaka/Documents/fastpls/data/tcga_pan_cancer.RData",123,3000,982,850,32,"float64","float64","lda","cpp_project","float64",26.2238540649414,185,3,"fastPLS_simpls_cpu_irlba_lda","fastPLS","0.99.39","fastPLS::pls(method='simpls', backend='cpu', svd.method='irlba', classifier='lda')","SIMPLS + LDA","simpls","simpls",TRUE,1027,"accuracy",0.934826883910387,0.934826883910387,0.915076535238949,0.908787422146443,,,,"ok",,,499.894531,2.05,0.14,"ok"
"tcga_pan_cancer","classification","/home/chiamaka/Documents/fastpls/data/tcga_pan_cancer.RData",123,3000,982,850,32,"float64","float64","argmax","mdatools","float64",26.2238540649414,185,1,"mdatools_plsda_or_pls","mdatools","0.15.0","mdatools::plsda or mdatools::pls","SIMPLS/PLS-DA","SIMPLS/PLS-DA","SIMPLS/PLS-DA",TRUE,21107,"accuracy",0.940936863543788,0.940936863543788,0.90513809166767,0.902001623474065,,,,"ok","No validation results were found.",,1326.605469,20.79,1.22,"ok"
"tcga_pan_cancer","classification","/home/chiamaka/Documents/fastpls/data/tcga_pan_cancer.RData",123,3000,982,850,32,"float64","float64","argmax","mdatools","float64",26.2238540649414,185,2,"mdatools_plsda_or_pls","mdatools","0.15.0","mdatools::plsda or mdatools::pls","SIMPLS/PLS-DA","SIMPLS/PLS-DA","SIMPLS/PLS-DA",TRUE,21002,"accuracy",0.940936863543788,0.940936863543788,0.90513809166767,0.902001623474065,,,,"ok","No validation results were found.",,1326.222656,20.69,1.21,"ok"
"tcga_pan_cancer","classification","/home/chiamaka/Documents/fastpls/data/tcga_pan_cancer.RData",123,3000,982,850,32,"float64","float64","argmax","mdatools","float64",26.2238540649414,185,3,"mdatools_plsda_or_pls","mdatools","0.15.0","mdatools::plsda or mdatools::pls","SIMPLS/PLS-DA","SIMPLS/PLS-DA","SIMPLS/PLS-DA",TRUE,21035,"accuracy",0.940936863543788,0.940936863543788,0.90513809166767,0.902001623474065,,,,"ok","No validation results were found.",,1323.011719,20.73,1.2,"ok"
"tcga_pan_cancer","classification","/home/chiamaka/Documents/fastpls/data/tcga_pan_cancer.RData",123,3000,982,850,32,"float64","float64","argmax","mixOmics","float64",26.2238540649414,185,1,"mixOmics_plsda","mixOmics","6.36.0","mixOmics::plsda","PLS-DA","PLS-DA","PLS-DA",TRUE,3821692,"accuracy",0.940936863543788,0.940936863543788,0.905037447545287,0.903109584901054,,,,"ok",,,845.488281,3763.67,59.37,"ok"
"tcga_pan_cancer","classification","/home/chiamaka/Documents/fastpls/data/tcga_pan_cancer.RData",123,3000,982,850,32,"float64","float64","argmax","mixOmics","float64",26.2238540649414,185,2,"mixOmics_plsda","mixOmics","6.36.0","mixOmics::plsda","PLS-DA","PLS-DA","PLS-DA",TRUE,3820241,"accuracy",0.940936863543788,0.940936863543788,0.905037447545287,0.903109584901054,,,,"ok",,,845.882812,3760.64,60.99,"ok"
"tcga_pan_cancer","classification","/home/chiamaka/Documents/fastpls/data/tcga_pan_cancer.RData",123,3000,982,850,32,"float64","float64","argmax","mixOmics","float64",26.2238540649414,185,3,"mixOmics_plsda","mixOmics","6.36.0","mixOmics::plsda","PLS-DA","PLS-DA","PLS-DA",TRUE,3804908,"accuracy",0.940936863543788,0.940936863543788,0.905037447545287,0.903109584901054,,,,"ok",,,862.628906,3757.87,48.41,"ok"
"tcga_pan_cancer","classification","/home/chiamaka/Documents/fastpls/data/tcga_pan_cancer.RData",123,3000,982,850,32,"float64","float64","argmax","pcv","float64",26.2238540649414,185,1,"pcv_simpls","pcv","1.1.0","pcv:::simpls","SIMPLS","simpls","simpls",TRUE,2434,"accuracy",0.940936863543788,0.940936863543788,0.90513809166767,0.902001623474065,,,,"ok",,,211.386719,2.95,0.09,"ok"
"tcga_pan_cancer","classification","/home/chiamaka/Documents/fastpls/data/tcga_pan_cancer.RData",123,3000,982,850,32,"float64","float64","argmax","pcv","float64",26.2238540649414,185,2,"pcv_simpls","pcv","1.1.0","pcv:::simpls","SIMPLS","simpls","simpls",TRUE,2346,"accuracy",0.940936863543788,0.940936863543788,0.90513809166767,0.902001623474065,,,,"ok",,,211.742188,2.86,0.08,"ok"
"tcga_pan_cancer","classification","/home/chiamaka/Documents/fastpls/data/tcga_pan_cancer.RData",123,3000,982,850,32,"float64","float64","argmax","pcv","float64",26.2238540649414,185,3,"pcv_simpls","pcv","1.1.0","pcv:::simpls","SIMPLS","simpls","simpls",TRUE,2424,"accuracy",0.940936863543788,0.940936863543788,0.90513809166767,0.902001623474065,,,,"ok",,,212.222656,2.94,0.08,"ok"
"tcga_pan_cancer","classification","/home/chiamaka/Documents/fastpls/data/tcga_pan_cancer.RData",123,3000,982,850,32,"float64","float64","argmax","pls","float64",26.2238540649414,185,1,"pls_simpls_fit","pls","2.9.0","pls::simpls.fit","SIMPLS","simpls","simpls",TRUE,2474,"accuracy",0.940936863543788,0.940936863543788,0.90513809166767,0.902001623474065,,,,"ok",,,661.769531,2.87,0.2,"ok"
"tcga_pan_cancer","classification","/home/chiamaka/Documents/fastpls/data/tcga_pan_cancer.RData",123,3000,982,850,32,"float64","float64","argmax","pls","float64",26.2238540649414,185,2,"pls_simpls_fit","pls","2.9.0","pls::simpls.fit","SIMPLS","simpls","simpls",TRUE,2478,"accuracy",0.940936863543788,0.940936863543788,0.90513809166767,0.902001623474065,,,,"ok",,,661.410156,2.9,0.2,"ok"
"tcga_pan_cancer","classification","/home/chiamaka/Documents/fastpls/data/tcga_pan_cancer.RData",123,3000,982,850,32,"float64","float64","argmax","pls","float64",26.2238540649414,185,3,"pls_simpls_fit","pls","2.9.0","pls::simpls.fit","SIMPLS","simpls","simpls",TRUE,2487,"accuracy",0.940936863543788,0.940936863543788,0.90513809166767,0.902001623474065,,,,"ok",,,661.574219,2.9,0.19,"ok"
"tcga_pan_cancer","classification","/home/chiamaka/Documents/fastpls/data/tcga_pan_cancer.RData",123,3000,982,850,32,"float64","float64","argmax","plsdepot","float64",26.2238540649414,185,1,"plsdepot_simpls","plsdepot","0.3.1","plsdepot::simpls","SIMPLS","simpls","simpls",TRUE,33764,"accuracy",0.884928716904277,0.884928716904277,0.820593105845483,0.799351125393256,,,,"ok",,,332.945312,34.16,0.23,"ok"
"tcga_pan_cancer","classification","/home/chiamaka/Documents/fastpls/data/tcga_pan_cancer.RData",123,3000,982,850,32,"float64","float64","argmax","plsdepot","float64",26.2238540649414,185,2,"plsdepot_simpls","plsdepot","0.3.1","plsdepot::simpls","SIMPLS","simpls","simpls",TRUE,34121,"accuracy",0.884928716904277,0.884928716904277,0.820593105845483,0.799351125393256,,,,"ok",,,333.222656,34.51,0.21,"ok"
"tcga_pan_cancer","classification","/home/chiamaka/Documents/fastpls/data/tcga_pan_cancer.RData",123,3000,982,850,32,"float64","float64","argmax","plsdepot","float64",26.2238540649414,185,3,"plsdepot_simpls","plsdepot","0.3.1","plsdepot::simpls","SIMPLS","simpls","simpls",TRUE,33926,"accuracy",0.884928716904277,0.884928716904277,0.820593105845483,0.799351125393256,,,,"ok",,,332.394531,34.35,0.19,"ok"
"tcga_pan_cancer","classification","/home/chiamaka/Documents/fastpls/data/tcga_pan_cancer.RData",123,3000,982,850,32,"float64","float64","lda","plsgenomics","float64",26.2238540649414,185,1,"plsgenomics_pls_lda","plsgenomics","1.5.3","plsgenomics::pls.lda","PLS-LDA","PLS-LDA","PLS-LDA",TRUE,1912,"accuracy",0.934826883910387,0.934826883910387,0.915076535238949,0.908787422146443,,,,"ok",,,260.394531,2.79,0.1,"ok"
"tcga_pan_cancer","classification","/home/chiamaka/Documents/fastpls/data/tcga_pan_cancer.RData",123,3000,982,850,32,"float64","float64","lda","plsgenomics","float64",26.2238540649414,185,2,"plsgenomics_pls_lda","plsgenomics","1.5.3","plsgenomics::pls.lda","PLS-LDA","PLS-LDA","PLS-LDA",TRUE,1911,"accuracy",0.934826883910387,0.934826883910387,0.915076535238949,0.908787422146443,,,,"ok",,,260.839844,2.78,0.09,"ok"
"tcga_pan_cancer","classification","/home/chiamaka/Documents/fastpls/data/tcga_pan_cancer.RData",123,3000,982,850,32,"float64","float64","lda","plsgenomics","float64",26.2238540649414,185,3,"plsgenomics_pls_lda","plsgenomics","1.5.3","plsgenomics::pls.lda","PLS-LDA","PLS-LDA","PLS-LDA",TRUE,1936,"accuracy",0.934826883910387,0.934826883910387,0.915076535238949,0.908787422146443,,,,"ok",,,260.3125,2.81,0.1,"ok"
"tcga_pan_cancer","classification","/home/chiamaka/Documents/fastpls/data/tcga_pan_cancer.RData",123,3000,982,850,32,"float64","float64","argmax","spls","float64",26.2238540649414,185,1,"spls_splsda","spls","2.3.2","spls::splsda","sPLS-DA","sPLS-DA","sPLS-DA",TRUE,115062,"accuracy",0.918533604887984,0.918533604887984,0.90037898664893,0.895306949629529,,,,"ok",,,1366.339844,105.52,10.17,"ok"
"tcga_pan_cancer","classification","/home/chiamaka/Documents/fastpls/data/tcga_pan_cancer.RData",123,3000,982,850,32,"float64","float64","argmax","spls","float64",26.2238540649414,185,2,"spls_splsda","spls","2.3.2","spls::splsda","sPLS-DA","sPLS-DA","sPLS-DA",TRUE,115112,"accuracy",0.918533604887984,0.918533604887984,0.90037898664893,0.895306949629529,,,,"ok",,,1365.746094,105.79,9.93,"ok"
"tcga_pan_cancer","classification","/home/chiamaka/Documents/fastpls/data/tcga_pan_cancer.RData",123,3000,982,850,32,"float64","float64","argmax","spls","float64",26.2238540649414,185,3,"spls_splsda","spls","2.3.2","spls::splsda","sPLS-DA","sPLS-DA","sPLS-DA",TRUE,114575,"accuracy",0.918533604887984,0.918533604887984,0.90037898664893,0.895306949629529,,,,"ok",,,1365.996094,105.31,9.9,"ok"
