"family","setting","case","task","component","fold","fast_metric","reference_metric","status","error"
"OPLS","north_1","synthetic_regression_p_lt_n","regression",1,1,1.739844126274,1.739844126274,"success",NA
"OPLS","north_1","synthetic_regression_p_lt_n","regression",1,2,1.60546729502845,1.60546729502845,"success",NA
"OPLS","north_1","synthetic_regression_p_lt_n","regression",1,3,1.83646032587549,1.83646032587549,"success",NA
"OPLS","north_1","synthetic_regression_p_lt_n","regression",1,4,1.70532985639026,1.70532985639026,"success",NA
"OPLS","north_1","synthetic_regression_p_lt_n","regression",1,5,1.97067906856247,1.97067906856247,"success",NA
"OPLS","north_1","synthetic_regression_p_lt_n","regression",2,1,1.41719201625309,1.41719201625309,"success",NA
"OPLS","north_1","synthetic_regression_p_lt_n","regression",2,2,1.40730221030354,1.40730221030354,"success",NA
"OPLS","north_1","synthetic_regression_p_lt_n","regression",2,3,1.41938519722091,1.41938519722091,"success",NA
"OPLS","north_1","synthetic_regression_p_lt_n","regression",2,4,1.45783257038962,1.45783257038962,"success",NA
"OPLS","north_1","synthetic_regression_p_lt_n","regression",2,5,1.44838089005311,1.44838089005311,"success",NA
"OPLS","north_1","synthetic_regression_p_lt_n","regression",3,1,1.24184032393622,1.24184032393622,"success",NA
"OPLS","north_1","synthetic_regression_p_lt_n","regression",3,2,1.20267540169139,1.20267540169139,"success",NA
"OPLS","north_1","synthetic_regression_p_lt_n","regression",3,3,1.18249074573583,1.18249074573583,"success",NA
"OPLS","north_1","synthetic_regression_p_lt_n","regression",3,4,1.06678855978929,1.06678855978929,"success",NA
"OPLS","north_1","synthetic_regression_p_lt_n","regression",3,5,1.09061131271541,1.09061131271541,"success",NA
"OPLS","north_1","synthetic_regression_p_lt_n","regression",4,1,1.05055691325999,1.05055691325999,"success",NA
"OPLS","north_1","synthetic_regression_p_lt_n","regression",4,2,1.0147046668572,1.0147046668572,"success",NA
"OPLS","north_1","synthetic_regression_p_lt_n","regression",4,3,0.98438686339487,0.98438686339487,"success",NA
"OPLS","north_1","synthetic_regression_p_lt_n","regression",4,4,0.690925021752505,0.690925021752505,"success",NA
"OPLS","north_1","synthetic_regression_p_lt_n","regression",4,5,0.804344013589263,0.804344013589263,"success",NA
"OPLS","north_1","synthetic_regression_p_lt_n","regression",5,1,0.850072604325661,0.850072604325661,"success",NA
"OPLS","north_1","synthetic_regression_p_lt_n","regression",5,2,0.786270887404401,0.786270887404402,"success",NA
"OPLS","north_1","synthetic_regression_p_lt_n","regression",5,3,0.910245207420655,0.910245207420655,"success",NA
"OPLS","north_1","synthetic_regression_p_lt_n","regression",5,4,0.648317412828029,0.648317412828029,"success",NA
"OPLS","north_1","synthetic_regression_p_lt_n","regression",5,5,0.515393099594118,0.515393099594117,"success",NA
"OPLS","north_2","synthetic_regression_p_lt_n","regression",1,1,1.73638030376114,1.73638030376114,"success",NA
"OPLS","north_2","synthetic_regression_p_lt_n","regression",1,2,1.60743770553048,1.60743770553048,"success",NA
"OPLS","north_2","synthetic_regression_p_lt_n","regression",1,3,1.81735981569089,1.81735981569088,"success",NA
"OPLS","north_2","synthetic_regression_p_lt_n","regression",1,4,1.70072127872865,1.70072127872865,"success",NA
"OPLS","north_2","synthetic_regression_p_lt_n","regression",1,5,1.9684629901627,1.9684629901627,"success",NA
"OPLS","north_2","synthetic_regression_p_lt_n","regression",2,1,1.45512238771137,1.45512238771137,"success",NA
"OPLS","north_2","synthetic_regression_p_lt_n","regression",2,2,1.40064401437487,1.40064401437487,"success",NA
"OPLS","north_2","synthetic_regression_p_lt_n","regression",2,3,1.46441921010077,1.46441921010077,"success",NA
"OPLS","north_2","synthetic_regression_p_lt_n","regression",2,4,1.36573132362747,1.36573132362747,"success",NA
"OPLS","north_2","synthetic_regression_p_lt_n","regression",2,5,1.44459039832788,1.44459039832788,"success",NA
"OPLS","north_2","synthetic_regression_p_lt_n","regression",3,1,1.18758335346858,1.18758335346858,"success",NA
"OPLS","north_2","synthetic_regression_p_lt_n","regression",3,2,1.25604097026405,1.25604097026404,"success",NA
"OPLS","north_2","synthetic_regression_p_lt_n","regression",3,3,1.27834158391436,1.27834158391436,"success",NA
"OPLS","north_2","synthetic_regression_p_lt_n","regression",3,4,1.12754861367428,1.12754861367428,"success",NA
"OPLS","north_2","synthetic_regression_p_lt_n","regression",3,5,1.24190465199993,1.24190465199993,"success",NA
"OPLS","north_2","synthetic_regression_p_lt_n","regression",4,1,1.03031783376739,1.03031783376739,"success",NA
"OPLS","north_2","synthetic_regression_p_lt_n","regression",4,2,1.03701915087622,1.03701915087622,"success",NA
"OPLS","north_2","synthetic_regression_p_lt_n","regression",4,3,1.19034162284394,1.19034162284394,"success",NA
"OPLS","north_2","synthetic_regression_p_lt_n","regression",4,4,0.96674623854536,0.96674623854536,"success",NA
"OPLS","north_2","synthetic_regression_p_lt_n","regression",4,5,0.897768699670108,0.897768699670106,"success",NA
"OPLS","north_2","synthetic_regression_p_lt_n","regression",5,1,1.03208290877118,1.03208290877101,"success",NA
"OPLS","north_2","synthetic_regression_p_lt_n","regression",5,2,1.03760659049327,1.0376065904933,"success",NA
"OPLS","north_2","synthetic_regression_p_lt_n","regression",5,3,1.19114886049839,1.19114886049841,"success",NA
"OPLS","north_2","synthetic_regression_p_lt_n","regression",5,4,0.96355121543454,0.963551215434522,"success",NA
"OPLS","north_2","synthetic_regression_p_lt_n","regression",5,5,0.898697533901025,0.898697533900969,"success",NA
"OPLS","north_3","synthetic_regression_p_lt_n","regression",1,1,1.73552404365231,1.73552404365231,"success",NA
"OPLS","north_3","synthetic_regression_p_lt_n","regression",1,2,1.60661902091358,1.60661902091358,"success",NA
"OPLS","north_3","synthetic_regression_p_lt_n","regression",1,3,1.81289422545879,1.81289422545879,"success",NA
"OPLS","north_3","synthetic_regression_p_lt_n","regression",1,4,1.70418909420448,1.70418909420448,"success",NA
"OPLS","north_3","synthetic_regression_p_lt_n","regression",1,5,1.96746200290305,1.96746200290305,"success",NA
"OPLS","north_3","synthetic_regression_p_lt_n","regression",2,1,1.42449455424034,1.42449455424034,"success",NA
"OPLS","north_3","synthetic_regression_p_lt_n","regression",2,2,1.3346832347995,1.3346832347995,"success",NA
"OPLS","north_3","synthetic_regression_p_lt_n","regression",2,3,1.45141887904051,1.45141887904051,"success",NA
"OPLS","north_3","synthetic_regression_p_lt_n","regression",2,4,1.4296386469281,1.42963864692809,"success",NA
"OPLS","north_3","synthetic_regression_p_lt_n","regression",2,5,1.35113289487805,1.35113289487805,"success",NA
"OPLS","north_3","synthetic_regression_p_lt_n","regression",3,1,1.27391977967538,1.27391977967538,"success",NA
"OPLS","north_3","synthetic_regression_p_lt_n","regression",3,2,1.12806529064534,1.12806529064534,"success",NA
"OPLS","north_3","synthetic_regression_p_lt_n","regression",3,3,1.37992909236781,1.37992909236781,"success",NA
"OPLS","north_3","synthetic_regression_p_lt_n","regression",3,4,1.22937381446129,1.22937381446128,"success",NA
"OPLS","north_3","synthetic_regression_p_lt_n","regression",3,5,1.06019667075771,1.06019667075771,"success",NA
"OPLS","north_3","synthetic_regression_p_lt_n","regression",4,1,1.27787407737257,1.27787407737243,"success",NA
"OPLS","north_3","synthetic_regression_p_lt_n","regression",4,2,1.12891124309491,1.12891124309492,"success",NA
"OPLS","north_3","synthetic_regression_p_lt_n","regression",4,3,1.37840875554893,1.37840875554896,"success",NA
"OPLS","north_3","synthetic_regression_p_lt_n","regression",4,4,1.22687467776474,1.22687467776474,"success",NA
"OPLS","north_3","synthetic_regression_p_lt_n","regression",4,5,1.06389861056275,1.06389861056274,"success",NA
"OPLS","north_3","synthetic_regression_p_lt_n","regression",5,1,1.28151327619932,1.28151327619911,"success",NA
"OPLS","north_3","synthetic_regression_p_lt_n","regression",5,2,1.12707207990832,1.12707207990831,"success",NA
"OPLS","north_3","synthetic_regression_p_lt_n","regression",5,3,1.37684292728518,1.37684292728518,"success",NA
"OPLS","north_3","synthetic_regression_p_lt_n","regression",5,4,1.22945228296474,1.22945228296476,"success",NA
"OPLS","north_3","synthetic_regression_p_lt_n","regression",5,5,1.06502966018426,1.06502966018425,"success",NA
"kernelPLS","linear","synthetic_regression_p_lt_n","regression",1,1,1.78529200863656,1.78529200863656,"success",NA
"kernelPLS","linear","synthetic_regression_p_lt_n","regression",1,2,1.66205163246569,1.66205163246569,"success",NA
"kernelPLS","linear","synthetic_regression_p_lt_n","regression",1,3,1.93679933066162,1.93679933066162,"success",NA
"kernelPLS","linear","synthetic_regression_p_lt_n","regression",1,4,1.75162439525389,1.75162439525389,"success",NA
"kernelPLS","linear","synthetic_regression_p_lt_n","regression",1,5,1.996016888593,1.996016888593,"success",NA
"kernelPLS","linear","synthetic_regression_p_lt_n","regression",2,1,1.35551601183532,1.35551601183532,"success",NA
"kernelPLS","linear","synthetic_regression_p_lt_n","regression",2,2,1.26280376476476,1.26280376476476,"success",NA
"kernelPLS","linear","synthetic_regression_p_lt_n","regression",2,3,1.36133166296371,1.36133166296371,"success",NA
"kernelPLS","linear","synthetic_regression_p_lt_n","regression",2,4,1.36516402825081,1.36516402825081,"success",NA
"kernelPLS","linear","synthetic_regression_p_lt_n","regression",2,5,1.48706334544514,1.48706334544514,"success",NA
"kernelPLS","linear","synthetic_regression_p_lt_n","regression",3,1,1.05402455678473,1.05402455678473,"success",NA
"kernelPLS","linear","synthetic_regression_p_lt_n","regression",3,2,1.02329763821118,1.02329763821118,"success",NA
"kernelPLS","linear","synthetic_regression_p_lt_n","regression",3,3,1.06124165835133,1.06124165835133,"success",NA
"kernelPLS","linear","synthetic_regression_p_lt_n","regression",3,4,1.04583592985057,1.04583592985057,"success",NA
"kernelPLS","linear","synthetic_regression_p_lt_n","regression",3,5,1.21214578201523,1.21214578201523,"success",NA
"kernelPLS","linear","synthetic_regression_p_lt_n","regression",4,1,0.847644524797387,0.847644524797387,"success",NA
"kernelPLS","linear","synthetic_regression_p_lt_n","regression",4,2,0.835032967627329,0.835032967627329,"success",NA
"kernelPLS","linear","synthetic_regression_p_lt_n","regression",4,3,0.845713068923063,0.845713068923063,"success",NA
"kernelPLS","linear","synthetic_regression_p_lt_n","regression",4,4,0.900354080841255,0.900354080841255,"success",NA
"kernelPLS","linear","synthetic_regression_p_lt_n","regression",4,5,0.978705659419198,0.978705659419197,"success",NA
"kernelPLS","linear","synthetic_regression_p_lt_n","regression",5,1,0.437212462934069,0.437212462934069,"success",NA
"kernelPLS","linear","synthetic_regression_p_lt_n","regression",5,2,0.432583057663025,0.432583057663025,"success",NA
"kernelPLS","linear","synthetic_regression_p_lt_n","regression",5,3,0.420564051216644,0.420564051216644,"success",NA
"kernelPLS","linear","synthetic_regression_p_lt_n","regression",5,4,0.386599300842456,0.386599300842456,"success",NA
"kernelPLS","linear","synthetic_regression_p_lt_n","regression",5,5,0.589627566193665,0.589627566193665,"success",NA
"kernelPLS","rbf_gamma_0.25_over_p","synthetic_regression_p_lt_n","regression",1,1,1.87356680115246,1.87356680115246,"success",NA
"kernelPLS","rbf_gamma_0.25_over_p","synthetic_regression_p_lt_n","regression",1,2,1.75233325526961,1.75233325526961,"success",NA
"kernelPLS","rbf_gamma_0.25_over_p","synthetic_regression_p_lt_n","regression",1,3,1.97352437607829,1.97352437607829,"success",NA
"kernelPLS","rbf_gamma_0.25_over_p","synthetic_regression_p_lt_n","regression",1,4,1.82578027885517,1.82578027885517,"success",NA
"kernelPLS","rbf_gamma_0.25_over_p","synthetic_regression_p_lt_n","regression",1,5,2.09170873714505,2.09170873714505,"success",NA
"kernelPLS","rbf_gamma_0.25_over_p","synthetic_regression_p_lt_n","regression",2,1,1.46612998546909,1.46612998546909,"success",NA
"kernelPLS","rbf_gamma_0.25_over_p","synthetic_regression_p_lt_n","regression",2,2,1.30743741742324,1.30743741742324,"success",NA
"kernelPLS","rbf_gamma_0.25_over_p","synthetic_regression_p_lt_n","regression",2,3,1.39722595795967,1.39722595795967,"success",NA
"kernelPLS","rbf_gamma_0.25_over_p","synthetic_regression_p_lt_n","regression",2,4,1.53175578313274,1.53175578313274,"success",NA
"kernelPLS","rbf_gamma_0.25_over_p","synthetic_regression_p_lt_n","regression",2,5,1.66298751887526,1.66298751887526,"success",NA
"kernelPLS","rbf_gamma_0.25_over_p","synthetic_regression_p_lt_n","regression",3,1,1.25206395076168,1.25206395076168,"success",NA
"kernelPLS","rbf_gamma_0.25_over_p","synthetic_regression_p_lt_n","regression",3,2,1.17435408765812,1.17435408765812,"success",NA
"kernelPLS","rbf_gamma_0.25_over_p","synthetic_regression_p_lt_n","regression",3,3,1.23707776234032,1.23707776234032,"success",NA
"kernelPLS","rbf_gamma_0.25_over_p","synthetic_regression_p_lt_n","regression",3,4,1.18275844526173,1.18275844526173,"success",NA
"kernelPLS","rbf_gamma_0.25_over_p","synthetic_regression_p_lt_n","regression",3,5,1.49864627007105,1.49864627007105,"success",NA
"kernelPLS","rbf_gamma_0.25_over_p","synthetic_regression_p_lt_n","regression",4,1,0.986842826085462,0.986842826085462,"success",NA
"kernelPLS","rbf_gamma_0.25_over_p","synthetic_regression_p_lt_n","regression",4,2,0.944269275946608,0.944269275946608,"success",NA
"kernelPLS","rbf_gamma_0.25_over_p","synthetic_regression_p_lt_n","regression",4,3,0.881145033388043,0.881145033388043,"success",NA
"kernelPLS","rbf_gamma_0.25_over_p","synthetic_regression_p_lt_n","regression",4,4,0.968160806087244,0.968160806087244,"success",NA
"kernelPLS","rbf_gamma_0.25_over_p","synthetic_regression_p_lt_n","regression",4,5,1.17267296983762,1.17267296983762,"success",NA
"kernelPLS","rbf_gamma_0.25_over_p","synthetic_regression_p_lt_n","regression",5,1,0.614312207628999,0.614312207628999,"success",NA
"kernelPLS","rbf_gamma_0.25_over_p","synthetic_regression_p_lt_n","regression",5,2,0.608408400840586,0.608408400840586,"success",NA
"kernelPLS","rbf_gamma_0.25_over_p","synthetic_regression_p_lt_n","regression",5,3,0.566150373635337,0.566150373635337,"success",NA
"kernelPLS","rbf_gamma_0.25_over_p","synthetic_regression_p_lt_n","regression",5,4,0.521450333699684,0.521450333699684,"success",NA
"kernelPLS","rbf_gamma_0.25_over_p","synthetic_regression_p_lt_n","regression",5,5,0.882085063608819,0.882085063608819,"success",NA
"kernelPLS","rbf_gamma_1_over_p","synthetic_regression_p_lt_n","regression",1,1,1.78971202270204,1.78971202270204,"success",NA
"kernelPLS","rbf_gamma_1_over_p","synthetic_regression_p_lt_n","regression",1,2,1.6690255314634,1.6690255314634,"success",NA
"kernelPLS","rbf_gamma_1_over_p","synthetic_regression_p_lt_n","regression",1,3,1.73427272498841,1.73427272498841,"success",NA
"kernelPLS","rbf_gamma_1_over_p","synthetic_regression_p_lt_n","regression",1,4,1.82255403365723,1.82255403365723,"success",NA
"kernelPLS","rbf_gamma_1_over_p","synthetic_regression_p_lt_n","regression",1,5,2.12182210738953,2.12182210738953,"success",NA
"kernelPLS","rbf_gamma_1_over_p","synthetic_regression_p_lt_n","regression",2,1,1.52150856593643,1.52150856593643,"success",NA
"kernelPLS","rbf_gamma_1_over_p","synthetic_regression_p_lt_n","regression",2,2,1.35397024847353,1.35397024847353,"success",NA
"kernelPLS","rbf_gamma_1_over_p","synthetic_regression_p_lt_n","regression",2,3,1.46655322341852,1.46655322341852,"success",NA
"kernelPLS","rbf_gamma_1_over_p","synthetic_regression_p_lt_n","regression",2,4,1.5529827440841,1.5529827440841,"success",NA
"kernelPLS","rbf_gamma_1_over_p","synthetic_regression_p_lt_n","regression",2,5,1.79391120279106,1.79391120279106,"success",NA
"kernelPLS","rbf_gamma_1_over_p","synthetic_regression_p_lt_n","regression",3,1,1.33744649336052,1.33744649336052,"success",NA
"kernelPLS","rbf_gamma_1_over_p","synthetic_regression_p_lt_n","regression",3,2,1.19805134346901,1.19805134346901,"success",NA
"kernelPLS","rbf_gamma_1_over_p","synthetic_regression_p_lt_n","regression",3,3,1.29366696967689,1.29366696967689,"success",NA
"kernelPLS","rbf_gamma_1_over_p","synthetic_regression_p_lt_n","regression",3,4,1.2845343604783,1.2845343604783,"success",NA
"kernelPLS","rbf_gamma_1_over_p","synthetic_regression_p_lt_n","regression",3,5,1.61351398809327,1.61351398809327,"success",NA
"kernelPLS","rbf_gamma_1_over_p","synthetic_regression_p_lt_n","regression",4,1,1.19697375247811,1.19697375247811,"success",NA
"kernelPLS","rbf_gamma_1_over_p","synthetic_regression_p_lt_n","regression",4,2,1.04466095930062,1.04466095930062,"success",NA
"kernelPLS","rbf_gamma_1_over_p","synthetic_regression_p_lt_n","regression",4,3,1.16767312335903,1.16767312335903,"success",NA
"kernelPLS","rbf_gamma_1_over_p","synthetic_regression_p_lt_n","regression",4,4,1.14659617550626,1.14659617550626,"success",NA
"kernelPLS","rbf_gamma_1_over_p","synthetic_regression_p_lt_n","regression",4,5,1.46860350194669,1.46860350194669,"success",NA
"kernelPLS","rbf_gamma_1_over_p","synthetic_regression_p_lt_n","regression",5,1,0.96778872792856,0.96778872792856,"success",NA
"kernelPLS","rbf_gamma_1_over_p","synthetic_regression_p_lt_n","regression",5,2,0.83270067617565,0.83270067617565,"success",NA
"kernelPLS","rbf_gamma_1_over_p","synthetic_regression_p_lt_n","regression",5,3,0.977023353248861,0.97702335324886,"success",NA
"kernelPLS","rbf_gamma_1_over_p","synthetic_regression_p_lt_n","regression",5,4,0.873144274203,0.873144274203001,"success",NA
"kernelPLS","rbf_gamma_1_over_p","synthetic_regression_p_lt_n","regression",5,5,1.29640471406643,1.29640471406643,"success",NA
"kernelPLS","rbf_gamma_4_over_p","synthetic_regression_p_lt_n","regression",1,1,1.95533051100056,1.95533051100056,"success",NA
"kernelPLS","rbf_gamma_4_over_p","synthetic_regression_p_lt_n","regression",1,2,1.79118724716572,1.79118724716572,"success",NA
"kernelPLS","rbf_gamma_4_over_p","synthetic_regression_p_lt_n","regression",1,3,1.9272916334392,1.9272916334392,"success",NA
"kernelPLS","rbf_gamma_4_over_p","synthetic_regression_p_lt_n","regression",1,4,1.92438917793385,1.92438917793385,"success",NA
"kernelPLS","rbf_gamma_4_over_p","synthetic_regression_p_lt_n","regression",1,5,2.28390283411706,2.28390283411706,"success",NA
"kernelPLS","rbf_gamma_4_over_p","synthetic_regression_p_lt_n","regression",2,1,1.82860310880668,1.82860310880668,"success",NA
"kernelPLS","rbf_gamma_4_over_p","synthetic_regression_p_lt_n","regression",2,2,1.65134848219482,1.65134848219482,"success",NA
"kernelPLS","rbf_gamma_4_over_p","synthetic_regression_p_lt_n","regression",2,3,1.7710171941916,1.7710171941916,"success",NA
"kernelPLS","rbf_gamma_4_over_p","synthetic_regression_p_lt_n","regression",2,4,1.81223181742268,1.81223181742268,"success",NA
"kernelPLS","rbf_gamma_4_over_p","synthetic_regression_p_lt_n","regression",2,5,2.11018912956551,2.11018912956551,"success",NA
"kernelPLS","rbf_gamma_4_over_p","synthetic_regression_p_lt_n","regression",3,1,1.7471050676601,1.7471050676601,"success",NA
"kernelPLS","rbf_gamma_4_over_p","synthetic_regression_p_lt_n","regression",3,2,1.56511517660869,1.56511517660869,"success",NA
"kernelPLS","rbf_gamma_4_over_p","synthetic_regression_p_lt_n","regression",3,3,1.67400550828806,1.67400550828806,"success",NA
"kernelPLS","rbf_gamma_4_over_p","synthetic_regression_p_lt_n","regression",3,4,1.66490377438459,1.66490377438459,"success",NA
"kernelPLS","rbf_gamma_4_over_p","synthetic_regression_p_lt_n","regression",3,5,2.02715324922235,2.02715324922235,"success",NA
"kernelPLS","rbf_gamma_4_over_p","synthetic_regression_p_lt_n","regression",4,1,1.70044961045528,1.70044961045528,"success",NA
"kernelPLS","rbf_gamma_4_over_p","synthetic_regression_p_lt_n","regression",4,2,1.51130063593356,1.51130063593356,"success",NA
"kernelPLS","rbf_gamma_4_over_p","synthetic_regression_p_lt_n","regression",4,3,1.63613042360974,1.63613042360974,"success",NA
"kernelPLS","rbf_gamma_4_over_p","synthetic_regression_p_lt_n","regression",4,4,1.59878962584261,1.59878962584261,"success",NA
"kernelPLS","rbf_gamma_4_over_p","synthetic_regression_p_lt_n","regression",4,5,2.03141545556052,2.03141545556052,"success",NA
"kernelPLS","rbf_gamma_4_over_p","synthetic_regression_p_lt_n","regression",5,1,1.65278235927997,1.65278235927997,"success",NA
"kernelPLS","rbf_gamma_4_over_p","synthetic_regression_p_lt_n","regression",5,2,1.47519719701266,1.47519719701266,"success",NA
"kernelPLS","rbf_gamma_4_over_p","synthetic_regression_p_lt_n","regression",5,3,1.56287961789939,1.56287961789939,"success",NA
"kernelPLS","rbf_gamma_4_over_p","synthetic_regression_p_lt_n","regression",5,4,1.45824661947904,1.45824661947904,"success",NA
"kernelPLS","rbf_gamma_4_over_p","synthetic_regression_p_lt_n","regression",5,5,1.98814380369139,1.98814380369139,"success",NA
"kernelPLS","poly_degree2_offset1","synthetic_regression_p_lt_n","regression",1,1,1.89900993575336,1.89900993575336,"success",NA
"kernelPLS","poly_degree2_offset1","synthetic_regression_p_lt_n","regression",1,2,1.76612102361219,1.76612102361219,"success",NA
"kernelPLS","poly_degree2_offset1","synthetic_regression_p_lt_n","regression",1,3,2.00185405834821,2.00185405834821,"success",NA
"kernelPLS","poly_degree2_offset1","synthetic_regression_p_lt_n","regression",1,4,1.88943900140771,1.88943900140771,"success",NA
"kernelPLS","poly_degree2_offset1","synthetic_regression_p_lt_n","regression",1,5,2.17824355166035,2.17824355166035,"success",NA
"kernelPLS","poly_degree2_offset1","synthetic_regression_p_lt_n","regression",2,1,1.49756247375076,1.49756247375076,"success",NA
"kernelPLS","poly_degree2_offset1","synthetic_regression_p_lt_n","regression",2,2,1.32379133046011,1.32379133046011,"success",NA
"kernelPLS","poly_degree2_offset1","synthetic_regression_p_lt_n","regression",2,3,1.44058790276372,1.44058790276372,"success",NA
"kernelPLS","poly_degree2_offset1","synthetic_regression_p_lt_n","regression",2,4,1.5861421926332,1.5861421926332,"success",NA
"kernelPLS","poly_degree2_offset1","synthetic_regression_p_lt_n","regression",2,5,1.69468383462631,1.69468383462631,"success",NA
"kernelPLS","poly_degree2_offset1","synthetic_regression_p_lt_n","regression",3,1,1.26148876477113,1.26148876477113,"success",NA
"kernelPLS","poly_degree2_offset1","synthetic_regression_p_lt_n","regression",3,2,1.21445048611464,1.21445048611464,"success",NA
"kernelPLS","poly_degree2_offset1","synthetic_regression_p_lt_n","regression",3,3,1.28692121241379,1.28692121241379,"success",NA
"kernelPLS","poly_degree2_offset1","synthetic_regression_p_lt_n","regression",3,4,1.1905177980197,1.1905177980197,"success",NA
"kernelPLS","poly_degree2_offset1","synthetic_regression_p_lt_n","regression",3,5,1.52459363062589,1.52459363062589,"success",NA
"kernelPLS","poly_degree2_offset1","synthetic_regression_p_lt_n","regression",4,1,0.966065495393669,0.966065495393669,"success",NA
"kernelPLS","poly_degree2_offset1","synthetic_regression_p_lt_n","regression",4,2,0.968747352885152,0.968747352885152,"success",NA
"kernelPLS","poly_degree2_offset1","synthetic_regression_p_lt_n","regression",4,3,0.918319236168936,0.918319236168936,"success",NA
"kernelPLS","poly_degree2_offset1","synthetic_regression_p_lt_n","regression",4,4,0.990571982237915,0.990571982237915,"success",NA
"kernelPLS","poly_degree2_offset1","synthetic_regression_p_lt_n","regression",4,5,1.12491399554181,1.12491399554181,"success",NA
"kernelPLS","poly_degree2_offset1","synthetic_regression_p_lt_n","regression",5,1,0.672115348744229,0.672115348744229,"success",NA
"kernelPLS","poly_degree2_offset1","synthetic_regression_p_lt_n","regression",5,2,0.677661461028732,0.677661461028732,"success",NA
"kernelPLS","poly_degree2_offset1","synthetic_regression_p_lt_n","regression",5,3,0.558007864501545,0.558007864501545,"success",NA
"kernelPLS","poly_degree2_offset1","synthetic_regression_p_lt_n","regression",5,4,0.577632651330562,0.577632651330562,"success",NA
"kernelPLS","poly_degree2_offset1","synthetic_regression_p_lt_n","regression",5,5,0.827123451414255,0.827123451414255,"success",NA
"kernelPLS","poly_degree3_offset1","synthetic_regression_p_lt_n","regression",1,1,1.91361633070652,1.91361633070652,"success",NA
"kernelPLS","poly_degree3_offset1","synthetic_regression_p_lt_n","regression",1,2,1.774943586306,1.774943586306,"success",NA
"kernelPLS","poly_degree3_offset1","synthetic_regression_p_lt_n","regression",1,3,2.02673349202249,2.02673349202249,"success",NA
"kernelPLS","poly_degree3_offset1","synthetic_regression_p_lt_n","regression",1,4,1.90487383221161,1.90487383221161,"success",NA
"kernelPLS","poly_degree3_offset1","synthetic_regression_p_lt_n","regression",1,5,2.21625900090609,2.21625900090609,"success",NA
"kernelPLS","poly_degree3_offset1","synthetic_regression_p_lt_n","regression",2,1,1.56834268957782,1.56834268957782,"success",NA
"kernelPLS","poly_degree3_offset1","synthetic_regression_p_lt_n","regression",2,2,1.37007574264543,1.37007574264543,"success",NA
"kernelPLS","poly_degree3_offset1","synthetic_regression_p_lt_n","regression",2,3,1.54192068072724,1.54192068072724,"success",NA
"kernelPLS","poly_degree3_offset1","synthetic_regression_p_lt_n","regression",2,4,1.64870452578948,1.64870452578948,"success",NA
"kernelPLS","poly_degree3_offset1","synthetic_regression_p_lt_n","regression",2,5,1.84079515009305,1.84079515009305,"success",NA
"kernelPLS","poly_degree3_offset1","synthetic_regression_p_lt_n","regression",3,1,1.31187212936656,1.31187212936656,"success",NA
"kernelPLS","poly_degree3_offset1","synthetic_regression_p_lt_n","regression",3,2,1.26038532295185,1.26038532295185,"success",NA
"kernelPLS","poly_degree3_offset1","synthetic_regression_p_lt_n","regression",3,3,1.3518402991774,1.3518402991774,"success",NA
"kernelPLS","poly_degree3_offset1","synthetic_regression_p_lt_n","regression",3,4,1.23192549509026,1.23192549509026,"success",NA
"kernelPLS","poly_degree3_offset1","synthetic_regression_p_lt_n","regression",3,5,1.59657776386624,1.59657776386624,"success",NA
"kernelPLS","poly_degree3_offset1","synthetic_regression_p_lt_n","regression",4,1,1.15201140255161,1.15201140255161,"success",NA
"kernelPLS","poly_degree3_offset1","synthetic_regression_p_lt_n","regression",4,2,1.08320444702406,1.08320444702406,"success",NA
"kernelPLS","poly_degree3_offset1","synthetic_regression_p_lt_n","regression",4,3,1.04777532712028,1.04777532712028,"success",NA
"kernelPLS","poly_degree3_offset1","synthetic_regression_p_lt_n","regression",4,4,1.14914690067407,1.14914690067407,"success",NA
"kernelPLS","poly_degree3_offset1","synthetic_regression_p_lt_n","regression",4,5,1.21196108951871,1.21196108951871,"success",NA
"kernelPLS","poly_degree3_offset1","synthetic_regression_p_lt_n","regression",5,1,0.947771693240235,0.947771693240235,"success",NA
"kernelPLS","poly_degree3_offset1","synthetic_regression_p_lt_n","regression",5,2,0.89194262839726,0.891942628397259,"success",NA
"kernelPLS","poly_degree3_offset1","synthetic_regression_p_lt_n","regression",5,3,0.799925634461319,0.799925634461319,"success",NA
"kernelPLS","poly_degree3_offset1","synthetic_regression_p_lt_n","regression",5,4,0.875013271379361,0.875013271379362,"success",NA
"kernelPLS","poly_degree3_offset1","synthetic_regression_p_lt_n","regression",5,5,0.946824602044998,0.946824602044998,"success",NA
"kernelPLS","poly_degree4_offset1","synthetic_regression_p_lt_n","regression",1,1,1.96806557829189,1.96806557829188,"success",NA
"kernelPLS","poly_degree4_offset1","synthetic_regression_p_lt_n","regression",1,2,1.8096853323918,1.8096853323918,"success",NA
"kernelPLS","poly_degree4_offset1","synthetic_regression_p_lt_n","regression",1,3,2.04882501393998,2.04882501393998,"success",NA
"kernelPLS","poly_degree4_offset1","synthetic_regression_p_lt_n","regression",1,4,1.94784408684261,1.94784408684261,"success",NA
"kernelPLS","poly_degree4_offset1","synthetic_regression_p_lt_n","regression",1,5,2.2982648222162,2.2982648222162,"success",NA
"kernelPLS","poly_degree4_offset1","synthetic_regression_p_lt_n","regression",2,1,1.77172255126781,1.77172255126781,"success",NA
"kernelPLS","poly_degree4_offset1","synthetic_regression_p_lt_n","regression",2,2,1.55034016459101,1.55034016459101,"success",NA
"kernelPLS","poly_degree4_offset1","synthetic_regression_p_lt_n","regression",2,3,1.75795813022673,1.75795813022673,"success",NA
"kernelPLS","poly_degree4_offset1","synthetic_regression_p_lt_n","regression",2,4,1.7521026664288,1.7521026664288,"success",NA
"kernelPLS","poly_degree4_offset1","synthetic_regression_p_lt_n","regression",2,5,2.12218696456407,2.12218696456407,"success",NA
"kernelPLS","poly_degree4_offset1","synthetic_regression_p_lt_n","regression",3,1,1.54363227169039,1.54363227169039,"success",NA
"kernelPLS","poly_degree4_offset1","synthetic_regression_p_lt_n","regression",3,2,1.34823483221823,1.34823483221823,"success",NA
"kernelPLS","poly_degree4_offset1","synthetic_regression_p_lt_n","regression",3,3,1.50003590895854,1.50003590895854,"success",NA
"kernelPLS","poly_degree4_offset1","synthetic_regression_p_lt_n","regression",3,4,1.71539806744479,1.71539806744479,"success",NA
"kernelPLS","poly_degree4_offset1","synthetic_regression_p_lt_n","regression",3,5,1.80291843357333,1.80291843357333,"success",NA
"kernelPLS","poly_degree4_offset1","synthetic_regression_p_lt_n","regression",4,1,1.44038110081679,1.44038110081679,"success",NA
"kernelPLS","poly_degree4_offset1","synthetic_regression_p_lt_n","regression",4,2,1.2672781188526,1.2672781188526,"success",NA
"kernelPLS","poly_degree4_offset1","synthetic_regression_p_lt_n","regression",4,3,1.36381249010963,1.36381249010963,"success",NA
"kernelPLS","poly_degree4_offset1","synthetic_regression_p_lt_n","regression",4,4,1.3817906697611,1.3817906697611,"success",NA
"kernelPLS","poly_degree4_offset1","synthetic_regression_p_lt_n","regression",4,5,1.44456356626749,1.44456356626749,"success",NA
"kernelPLS","poly_degree4_offset1","synthetic_regression_p_lt_n","regression",5,1,1.24519311683574,1.24519311683574,"success",NA
"kernelPLS","poly_degree4_offset1","synthetic_regression_p_lt_n","regression",5,2,1.18425868969176,1.18425868969176,"success",NA
"kernelPLS","poly_degree4_offset1","synthetic_regression_p_lt_n","regression",5,3,1.19898968557861,1.19898968557861,"success",NA
"kernelPLS","poly_degree4_offset1","synthetic_regression_p_lt_n","regression",5,4,1.184587271488,1.184587271488,"success",NA
"kernelPLS","poly_degree4_offset1","synthetic_regression_p_lt_n","regression",5,5,1.25371036932044,1.25371036932044,"success",NA
"kernelPLS","poly_degree3_offset0","synthetic_regression_p_lt_n","regression",1,1,1.9862774936313,1.9862774936313,"success",NA
"kernelPLS","poly_degree3_offset0","synthetic_regression_p_lt_n","regression",1,2,1.82908160370089,1.82908160370089,"success",NA
"kernelPLS","poly_degree3_offset0","synthetic_regression_p_lt_n","regression",1,3,2.07248678933403,2.07248678933403,"success",NA
"kernelPLS","poly_degree3_offset0","synthetic_regression_p_lt_n","regression",1,4,1.97958782323873,1.97958782323873,"success",NA
"kernelPLS","poly_degree3_offset0","synthetic_regression_p_lt_n","regression",1,5,2.28942966226049,2.28942966226049,"success",NA
"kernelPLS","poly_degree3_offset0","synthetic_regression_p_lt_n","regression",2,1,1.82239047722971,1.82239047722971,"success",NA
"kernelPLS","poly_degree3_offset0","synthetic_regression_p_lt_n","regression",2,2,1.69856872979212,1.69856872979212,"success",NA
"kernelPLS","poly_degree3_offset0","synthetic_regression_p_lt_n","regression",2,3,1.89463966134396,1.89463966134396,"success",NA
"kernelPLS","poly_degree3_offset0","synthetic_regression_p_lt_n","regression",2,4,1.92386441577697,1.92386441577697,"success",NA
"kernelPLS","poly_degree3_offset0","synthetic_regression_p_lt_n","regression",2,5,2.19071890893356,2.19071890893356,"success",NA
"kernelPLS","poly_degree3_offset0","synthetic_regression_p_lt_n","regression",3,1,1.72150783398244,1.72150783398244,"success",NA
"kernelPLS","poly_degree3_offset0","synthetic_regression_p_lt_n","regression",3,2,1.56718073665179,1.56718073665178,"success",NA
"kernelPLS","poly_degree3_offset0","synthetic_regression_p_lt_n","regression",3,3,1.69534795213464,1.69534795213464,"success",NA
"kernelPLS","poly_degree3_offset0","synthetic_regression_p_lt_n","regression",3,4,1.90209876552218,1.90209876552218,"success",NA
"kernelPLS","poly_degree3_offset0","synthetic_regression_p_lt_n","regression",3,5,1.98506037831391,1.98506037831391,"success",NA
"kernelPLS","poly_degree3_offset0","synthetic_regression_p_lt_n","regression",4,1,1.54747306879564,1.54747306879564,"success",NA
"kernelPLS","poly_degree3_offset0","synthetic_regression_p_lt_n","regression",4,2,1.38010217796411,1.38010217796411,"success",NA
"kernelPLS","poly_degree3_offset0","synthetic_regression_p_lt_n","regression",4,3,1.53823073021041,1.53823073021041,"success",NA
"kernelPLS","poly_degree3_offset0","synthetic_regression_p_lt_n","regression",4,4,1.59033913562588,1.59033913562588,"success",NA
"kernelPLS","poly_degree3_offset0","synthetic_regression_p_lt_n","regression",4,5,1.65512999413995,1.65512999413995,"success",NA
"kernelPLS","poly_degree3_offset0","synthetic_regression_p_lt_n","regression",5,1,1.41507660541022,1.41507660541022,"success",NA
"kernelPLS","poly_degree3_offset0","synthetic_regression_p_lt_n","regression",5,2,1.29057247589491,1.29057247589491,"success",NA
"kernelPLS","poly_degree3_offset0","synthetic_regression_p_lt_n","regression",5,3,1.40795567717673,1.40795567717673,"success",NA
"kernelPLS","poly_degree3_offset0","synthetic_regression_p_lt_n","regression",5,4,1.48355029875464,1.48355029875464,"success",NA
"kernelPLS","poly_degree3_offset0","synthetic_regression_p_lt_n","regression",5,5,1.56129383402071,1.56129383402071,"success",NA
"OPLS","north_1","synthetic_regression_p_gt_n_ill_conditioned","regression",1,1,1.60796568624017,1.60796568624018,"success",NA
"OPLS","north_1","synthetic_regression_p_gt_n_ill_conditioned","regression",1,2,2.01119515978123,2.01119515978123,"success",NA
"OPLS","north_1","synthetic_regression_p_gt_n_ill_conditioned","regression",1,3,1.68017079688718,1.68017079688718,"success",NA
"OPLS","north_1","synthetic_regression_p_gt_n_ill_conditioned","regression",1,4,1.7647539115331,1.7647539115331,"success",NA
"OPLS","north_1","synthetic_regression_p_gt_n_ill_conditioned","regression",1,5,2.2215538546875,2.2215538546875,"success",NA
"OPLS","north_1","synthetic_regression_p_gt_n_ill_conditioned","regression",2,1,1.36919154522945,1.36919154522945,"success",NA
"OPLS","north_1","synthetic_regression_p_gt_n_ill_conditioned","regression",2,2,1.70792027120158,1.70792027120158,"success",NA
"OPLS","north_1","synthetic_regression_p_gt_n_ill_conditioned","regression",2,3,1.50165313885728,1.50165313885728,"success",NA
"OPLS","north_1","synthetic_regression_p_gt_n_ill_conditioned","regression",2,4,1.25449098606664,1.25449098606664,"success",NA
"OPLS","north_1","synthetic_regression_p_gt_n_ill_conditioned","regression",2,5,1.68572580988578,1.68572580988578,"success",NA
"OPLS","north_1","synthetic_regression_p_gt_n_ill_conditioned","regression",3,1,0.967187318165463,0.967187318165463,"success",NA
"OPLS","north_1","synthetic_regression_p_gt_n_ill_conditioned","regression",3,2,1.27990123093287,1.27990123093288,"success",NA
"OPLS","north_1","synthetic_regression_p_gt_n_ill_conditioned","regression",3,3,1.05907504604169,1.05907504604169,"success",NA
"OPLS","north_1","synthetic_regression_p_gt_n_ill_conditioned","regression",3,4,0.965017167070197,0.965017167070197,"success",NA
"OPLS","north_1","synthetic_regression_p_gt_n_ill_conditioned","regression",3,5,1.26252519150702,1.26252519150702,"success",NA
"OPLS","north_1","synthetic_regression_p_gt_n_ill_conditioned","regression",4,1,0.773329595971925,0.773329595971925,"success",NA
"OPLS","north_1","synthetic_regression_p_gt_n_ill_conditioned","regression",4,2,1.11748624769204,1.11748624769204,"success",NA
"OPLS","north_1","synthetic_regression_p_gt_n_ill_conditioned","regression",4,3,0.843989462036929,0.843989462036928,"success",NA
"OPLS","north_1","synthetic_regression_p_gt_n_ill_conditioned","regression",4,4,0.839421998589384,0.839421998589384,"success",NA
"OPLS","north_1","synthetic_regression_p_gt_n_ill_conditioned","regression",4,5,1.02377598920808,1.02377598920808,"success",NA
"OPLS","north_1","synthetic_regression_p_gt_n_ill_conditioned","regression",5,1,0.711005268494644,0.711005268494644,"success",NA
"OPLS","north_1","synthetic_regression_p_gt_n_ill_conditioned","regression",5,2,0.882594542918193,0.882594542918193,"success",NA
"OPLS","north_1","synthetic_regression_p_gt_n_ill_conditioned","regression",5,3,0.76707410339127,0.76707410339127,"success",NA
"OPLS","north_1","synthetic_regression_p_gt_n_ill_conditioned","regression",5,4,0.77757001531077,0.777570015310769,"success",NA
"OPLS","north_1","synthetic_regression_p_gt_n_ill_conditioned","regression",5,5,0.884857050424228,0.884857050424229,"success",NA
"OPLS","north_2","synthetic_regression_p_gt_n_ill_conditioned","regression",1,1,1.59653850970738,1.59653850970738,"success",NA
"OPLS","north_2","synthetic_regression_p_gt_n_ill_conditioned","regression",1,2,2.0079231955571,2.0079231955571,"success",NA
"OPLS","north_2","synthetic_regression_p_gt_n_ill_conditioned","regression",1,3,1.6766097502761,1.6766097502761,"success",NA
"OPLS","north_2","synthetic_regression_p_gt_n_ill_conditioned","regression",1,4,1.75572264489263,1.75572264489263,"success",NA
"OPLS","north_2","synthetic_regression_p_gt_n_ill_conditioned","regression",1,5,2.21856886739071,2.21856886739071,"success",NA
"OPLS","north_2","synthetic_regression_p_gt_n_ill_conditioned","regression",2,1,1.35702173927005,1.35702173927005,"success",NA
"OPLS","north_2","synthetic_regression_p_gt_n_ill_conditioned","regression",2,2,1.69465499535361,1.69465499535361,"success",NA
"OPLS","north_2","synthetic_regression_p_gt_n_ill_conditioned","regression",2,3,1.44525996255759,1.44525996255759,"success",NA
"OPLS","north_2","synthetic_regression_p_gt_n_ill_conditioned","regression",2,4,1.28378134268077,1.28378134268077,"success",NA
"OPLS","north_2","synthetic_regression_p_gt_n_ill_conditioned","regression",2,5,1.69988059706207,1.69988059706208,"success",NA
"OPLS","north_2","synthetic_regression_p_gt_n_ill_conditioned","regression",3,1,0.938157649072796,0.938157649072796,"success",NA
"OPLS","north_2","synthetic_regression_p_gt_n_ill_conditioned","regression",3,2,1.29367689594073,1.29367689594074,"success",NA
"OPLS","north_2","synthetic_regression_p_gt_n_ill_conditioned","regression",3,3,1.02672122289896,1.02672122289896,"success",NA
"OPLS","north_2","synthetic_regression_p_gt_n_ill_conditioned","regression",3,4,0.974613255548899,0.974613255548899,"success",NA
"OPLS","north_2","synthetic_regression_p_gt_n_ill_conditioned","regression",3,5,1.15390937753367,1.15390937753368,"success",NA
"OPLS","north_2","synthetic_regression_p_gt_n_ill_conditioned","regression",4,1,0.909063100261861,0.909063100261861,"success",NA
"OPLS","north_2","synthetic_regression_p_gt_n_ill_conditioned","regression",4,2,1.05672835963914,1.05672835963914,"success",NA
"OPLS","north_2","synthetic_regression_p_gt_n_ill_conditioned","regression",4,3,0.961611136322021,0.961611136322022,"success",NA
"OPLS","north_2","synthetic_regression_p_gt_n_ill_conditioned","regression",4,4,0.913908196488963,0.913908196488963,"success",NA
"OPLS","north_2","synthetic_regression_p_gt_n_ill_conditioned","regression",4,5,1.04042287697941,1.04042287697942,"success",NA
"OPLS","north_2","synthetic_regression_p_gt_n_ill_conditioned","regression",5,1,0.90619726848657,0.906197268485998,"success",NA
"OPLS","north_2","synthetic_regression_p_gt_n_ill_conditioned","regression",5,2,1.05710138324173,1.05710138324178,"success",NA
"OPLS","north_2","synthetic_regression_p_gt_n_ill_conditioned","regression",5,3,0.958329668314339,0.95832966831433,"success",NA
"OPLS","north_2","synthetic_regression_p_gt_n_ill_conditioned","regression",5,4,0.909968422236333,0.909968422236338,"success",NA
"OPLS","north_2","synthetic_regression_p_gt_n_ill_conditioned","regression",5,5,1.03834595685944,1.03834595685979,"success",NA
"OPLS","north_3","synthetic_regression_p_gt_n_ill_conditioned","regression",1,1,1.59664952880677,1.59664952880677,"success",NA
"OPLS","north_3","synthetic_regression_p_gt_n_ill_conditioned","regression",1,2,2.0067940439492,2.0067940439492,"success",NA
"OPLS","north_3","synthetic_regression_p_gt_n_ill_conditioned","regression",1,3,1.67600832206871,1.67600832206871,"success",NA
"OPLS","north_3","synthetic_regression_p_gt_n_ill_conditioned","regression",1,4,1.75668067788308,1.75668067788308,"success",NA
"OPLS","north_3","synthetic_regression_p_gt_n_ill_conditioned","regression",1,5,2.21643457856887,2.21643457856888,"success",NA
"OPLS","north_3","synthetic_regression_p_gt_n_ill_conditioned","regression",2,1,1.26358562690877,1.26358562690878,"success",NA
"OPLS","north_3","synthetic_regression_p_gt_n_ill_conditioned","regression",2,2,1.74563193359186,1.74563193359187,"success",NA
"OPLS","north_3","synthetic_regression_p_gt_n_ill_conditioned","regression",2,3,1.26846558522496,1.26846558522498,"success",NA
"OPLS","north_3","synthetic_regression_p_gt_n_ill_conditioned","regression",2,4,1.47501137962696,1.47501137962696,"success",NA
"OPLS","north_3","synthetic_regression_p_gt_n_ill_conditioned","regression",2,5,1.90671293207585,1.90671293207587,"success",NA
"OPLS","north_3","synthetic_regression_p_gt_n_ill_conditioned","regression",3,1,1.2329352434719,1.2329352434719,"success",NA
"OPLS","north_3","synthetic_regression_p_gt_n_ill_conditioned","regression",3,2,1.46242902412921,1.4624290241292,"success",NA
"OPLS","north_3","synthetic_regression_p_gt_n_ill_conditioned","regression",3,3,1.21806455430287,1.21806455430289,"success",NA
"OPLS","north_3","synthetic_regression_p_gt_n_ill_conditioned","regression",3,4,1.31298139118136,1.31298139118136,"success",NA
"OPLS","north_3","synthetic_regression_p_gt_n_ill_conditioned","regression",3,5,1.84383337260535,1.84383337260537,"success",NA
"OPLS","north_3","synthetic_regression_p_gt_n_ill_conditioned","regression",4,1,1.23121749655005,1.23121749655003,"success",NA
"OPLS","north_3","synthetic_regression_p_gt_n_ill_conditioned","regression",4,2,1.46369059335027,1.46369059335013,"success",NA
"OPLS","north_3","synthetic_regression_p_gt_n_ill_conditioned","regression",4,3,1.21639075049235,1.21639075049234,"success",NA
"OPLS","north_3","synthetic_regression_p_gt_n_ill_conditioned","regression",4,4,1.31119831034743,1.31119831034729,"success",NA
"OPLS","north_3","synthetic_regression_p_gt_n_ill_conditioned","regression",4,5,1.84228862197369,1.84228862197369,"success",NA
"OPLS","north_3","synthetic_regression_p_gt_n_ill_conditioned","regression",5,1,1.23192865537096,1.23192865537087,"success",NA
"OPLS","north_3","synthetic_regression_p_gt_n_ill_conditioned","regression",5,2,1.46567411736049,1.46567411736042,"success",NA
"OPLS","north_3","synthetic_regression_p_gt_n_ill_conditioned","regression",5,3,1.21583657660041,1.21583657660022,"success",NA
"OPLS","north_3","synthetic_regression_p_gt_n_ill_conditioned","regression",5,4,1.31021156768982,1.31021156768943,"success",NA
"OPLS","north_3","synthetic_regression_p_gt_n_ill_conditioned","regression",5,5,1.83374341973208,1.83374341973205,"success",NA
"kernelPLS","linear","synthetic_regression_p_gt_n_ill_conditioned","regression",1,1,1.60603874642885,1.60603874642885,"success",NA
"kernelPLS","linear","synthetic_regression_p_gt_n_ill_conditioned","regression",1,2,2.05502571282739,2.05502571282739,"success",NA
"kernelPLS","linear","synthetic_regression_p_gt_n_ill_conditioned","regression",1,3,1.66772615693553,1.66772615693553,"success",NA
"kernelPLS","linear","synthetic_regression_p_gt_n_ill_conditioned","regression",1,4,1.83303694006499,1.83303694006499,"success",NA
"kernelPLS","linear","synthetic_regression_p_gt_n_ill_conditioned","regression",1,5,2.26463817909356,2.26463817909356,"success",NA
"kernelPLS","linear","synthetic_regression_p_gt_n_ill_conditioned","regression",2,1,1.3734427788616,1.3734427788616,"success",NA
"kernelPLS","linear","synthetic_regression_p_gt_n_ill_conditioned","regression",2,2,1.61652711774293,1.61652711774294,"success",NA
"kernelPLS","linear","synthetic_regression_p_gt_n_ill_conditioned","regression",2,3,1.57034572798337,1.57034572798337,"success",NA
"kernelPLS","linear","synthetic_regression_p_gt_n_ill_conditioned","regression",2,4,1.56870439774949,1.56870439774949,"success",NA
"kernelPLS","linear","synthetic_regression_p_gt_n_ill_conditioned","regression",2,5,1.79579260668589,1.79579260668589,"success",NA
"kernelPLS","linear","synthetic_regression_p_gt_n_ill_conditioned","regression",3,1,1.13869201337235,1.13869201337235,"success",NA
"kernelPLS","linear","synthetic_regression_p_gt_n_ill_conditioned","regression",3,2,1.19036815499278,1.19036815499278,"success",NA
"kernelPLS","linear","synthetic_regression_p_gt_n_ill_conditioned","regression",3,3,0.934486477042254,0.934486477042254,"success",NA
"kernelPLS","linear","synthetic_regression_p_gt_n_ill_conditioned","regression",3,4,0.952281119762111,0.952281119762111,"success",NA
"kernelPLS","linear","synthetic_regression_p_gt_n_ill_conditioned","regression",3,5,1.13989851608732,1.13989851608732,"success",NA
"kernelPLS","linear","synthetic_regression_p_gt_n_ill_conditioned","regression",4,1,0.837792882365029,0.837792882365029,"success",NA
"kernelPLS","linear","synthetic_regression_p_gt_n_ill_conditioned","regression",4,2,0.904960677889769,0.90496067788977,"success",NA
"kernelPLS","linear","synthetic_regression_p_gt_n_ill_conditioned","regression",4,3,0.802003525803374,0.802003525803374,"success",NA
"kernelPLS","linear","synthetic_regression_p_gt_n_ill_conditioned","regression",4,4,0.675116252758901,0.675116252758901,"success",NA
"kernelPLS","linear","synthetic_regression_p_gt_n_ill_conditioned","regression",4,5,0.890696913972514,0.890696913972514,"success",NA
"kernelPLS","linear","synthetic_regression_p_gt_n_ill_conditioned","regression",5,1,0.450995422636202,0.450995422636202,"success",NA
"kernelPLS","linear","synthetic_regression_p_gt_n_ill_conditioned","regression",5,2,0.519014279247266,0.519014279247266,"success",NA
"kernelPLS","linear","synthetic_regression_p_gt_n_ill_conditioned","regression",5,3,0.462550579769627,0.462550579769627,"success",NA
"kernelPLS","linear","synthetic_regression_p_gt_n_ill_conditioned","regression",5,4,0.408950610689439,0.408950610689439,"success",NA
"kernelPLS","linear","synthetic_regression_p_gt_n_ill_conditioned","regression",5,5,0.497057813601752,0.497057813601752,"success",NA
"kernelPLS","rbf_gamma_0.25_over_p","synthetic_regression_p_gt_n_ill_conditioned","regression",1,1,1.9094732978079,1.9094732978079,"success",NA
"kernelPLS","rbf_gamma_0.25_over_p","synthetic_regression_p_gt_n_ill_conditioned","regression",1,2,2.12790148774516,2.12790148774516,"success",NA
"kernelPLS","rbf_gamma_0.25_over_p","synthetic_regression_p_gt_n_ill_conditioned","regression",1,3,2.22531789337878,2.22531789337878,"success",NA
"kernelPLS","rbf_gamma_0.25_over_p","synthetic_regression_p_gt_n_ill_conditioned","regression",1,4,1.95755481871148,1.95755481871148,"success",NA
"kernelPLS","rbf_gamma_0.25_over_p","synthetic_regression_p_gt_n_ill_conditioned","regression",1,5,2.33150709537503,2.33150709537503,"success",NA
"kernelPLS","rbf_gamma_0.25_over_p","synthetic_regression_p_gt_n_ill_conditioned","regression",2,1,1.48895510851898,1.48895510851898,"success",NA
"kernelPLS","rbf_gamma_0.25_over_p","synthetic_regression_p_gt_n_ill_conditioned","regression",2,2,1.69862898747902,1.69862898747902,"success",NA
"kernelPLS","rbf_gamma_0.25_over_p","synthetic_regression_p_gt_n_ill_conditioned","regression",2,3,1.63079433898166,1.63079433898166,"success",NA
"kernelPLS","rbf_gamma_0.25_over_p","synthetic_regression_p_gt_n_ill_conditioned","regression",2,4,1.62650174191037,1.62650174191037,"success",NA
"kernelPLS","rbf_gamma_0.25_over_p","synthetic_regression_p_gt_n_ill_conditioned","regression",2,5,1.96098542620542,1.96098542620542,"success",NA
"kernelPLS","rbf_gamma_0.25_over_p","synthetic_regression_p_gt_n_ill_conditioned","regression",3,1,1.27074843174968,1.27074843174968,"success",NA
"kernelPLS","rbf_gamma_0.25_over_p","synthetic_regression_p_gt_n_ill_conditioned","regression",3,2,1.38932047626619,1.38932047626619,"success",NA
"kernelPLS","rbf_gamma_0.25_over_p","synthetic_regression_p_gt_n_ill_conditioned","regression",3,3,1.07645773531078,1.07645773531078,"success",NA
"kernelPLS","rbf_gamma_0.25_over_p","synthetic_regression_p_gt_n_ill_conditioned","regression",3,4,1.06120316743884,1.06120316743884,"success",NA
"kernelPLS","rbf_gamma_0.25_over_p","synthetic_regression_p_gt_n_ill_conditioned","regression",3,5,1.4152385756587,1.4152385756587,"success",NA
"kernelPLS","rbf_gamma_0.25_over_p","synthetic_regression_p_gt_n_ill_conditioned","regression",4,1,0.961250798817937,0.961250798817938,"success",NA
"kernelPLS","rbf_gamma_0.25_over_p","synthetic_regression_p_gt_n_ill_conditioned","regression",4,2,1.08929290747686,1.08929290747686,"success",NA
"kernelPLS","rbf_gamma_0.25_over_p","synthetic_regression_p_gt_n_ill_conditioned","regression",4,3,0.901128922851699,0.901128922851699,"success",NA
"kernelPLS","rbf_gamma_0.25_over_p","synthetic_regression_p_gt_n_ill_conditioned","regression",4,4,0.788010953246385,0.788010953246385,"success",NA
"kernelPLS","rbf_gamma_0.25_over_p","synthetic_regression_p_gt_n_ill_conditioned","regression",4,5,1.12567899908182,1.12567899908183,"success",NA
"kernelPLS","rbf_gamma_0.25_over_p","synthetic_regression_p_gt_n_ill_conditioned","regression",5,1,0.56461532013824,0.56461532013824,"success",NA
"kernelPLS","rbf_gamma_0.25_over_p","synthetic_regression_p_gt_n_ill_conditioned","regression",5,2,0.727857262333075,0.727857262333075,"success",NA
"kernelPLS","rbf_gamma_0.25_over_p","synthetic_regression_p_gt_n_ill_conditioned","regression",5,3,0.519262260081288,0.519262260081288,"success",NA
"kernelPLS","rbf_gamma_0.25_over_p","synthetic_regression_p_gt_n_ill_conditioned","regression",5,4,0.542742039159429,0.542742039159429,"success",NA
"kernelPLS","rbf_gamma_0.25_over_p","synthetic_regression_p_gt_n_ill_conditioned","regression",5,5,0.694878460461861,0.694878460461862,"success",NA
"kernelPLS","rbf_gamma_1_over_p","synthetic_regression_p_gt_n_ill_conditioned","regression",1,1,1.95899156549517,1.95899156549517,"success",NA
"kernelPLS","rbf_gamma_1_over_p","synthetic_regression_p_gt_n_ill_conditioned","regression",1,2,2.11656365472992,2.11656365472992,"success",NA
"kernelPLS","rbf_gamma_1_over_p","synthetic_regression_p_gt_n_ill_conditioned","regression",1,3,2.18995242658163,2.18995242658163,"success",NA
"kernelPLS","rbf_gamma_1_over_p","synthetic_regression_p_gt_n_ill_conditioned","regression",1,4,1.94070604805188,1.94070604805188,"success",NA
"kernelPLS","rbf_gamma_1_over_p","synthetic_regression_p_gt_n_ill_conditioned","regression",1,5,2.36364355205593,2.36364355205593,"success",NA
"kernelPLS","rbf_gamma_1_over_p","synthetic_regression_p_gt_n_ill_conditioned","regression",2,1,1.51626318877497,1.51626318877497,"success",NA
"kernelPLS","rbf_gamma_1_over_p","synthetic_regression_p_gt_n_ill_conditioned","regression",2,2,1.71889950164817,1.71889950164817,"success",NA
"kernelPLS","rbf_gamma_1_over_p","synthetic_regression_p_gt_n_ill_conditioned","regression",2,3,1.70186756600098,1.70186756600098,"success",NA
"kernelPLS","rbf_gamma_1_over_p","synthetic_regression_p_gt_n_ill_conditioned","regression",2,4,1.59930926434744,1.59930926434744,"success",NA
"kernelPLS","rbf_gamma_1_over_p","synthetic_regression_p_gt_n_ill_conditioned","regression",2,5,2.0205022786335,2.0205022786335,"success",NA
"kernelPLS","rbf_gamma_1_over_p","synthetic_regression_p_gt_n_ill_conditioned","regression",3,1,1.30286585874844,1.30286585874844,"success",NA
"kernelPLS","rbf_gamma_1_over_p","synthetic_regression_p_gt_n_ill_conditioned","regression",3,2,1.45213486329282,1.45213486329282,"success",NA
"kernelPLS","rbf_gamma_1_over_p","synthetic_regression_p_gt_n_ill_conditioned","regression",3,3,1.23157158416834,1.23157158416834,"success",NA
"kernelPLS","rbf_gamma_1_over_p","synthetic_regression_p_gt_n_ill_conditioned","regression",3,4,1.13137684932815,1.13137684932815,"success",NA
"kernelPLS","rbf_gamma_1_over_p","synthetic_regression_p_gt_n_ill_conditioned","regression",3,5,1.60385301159237,1.60385301159237,"success",NA
"kernelPLS","rbf_gamma_1_over_p","synthetic_regression_p_gt_n_ill_conditioned","regression",4,1,1.1465141297133,1.1465141297133,"success",NA
"kernelPLS","rbf_gamma_1_over_p","synthetic_regression_p_gt_n_ill_conditioned","regression",4,2,1.30020392791627,1.30020392791627,"success",NA
"kernelPLS","rbf_gamma_1_over_p","synthetic_regression_p_gt_n_ill_conditioned","regression",4,3,1.07121914195663,1.07121914195663,"success",NA
"kernelPLS","rbf_gamma_1_over_p","synthetic_regression_p_gt_n_ill_conditioned","regression",4,4,1.00145184889771,1.00145184889771,"success",NA
"kernelPLS","rbf_gamma_1_over_p","synthetic_regression_p_gt_n_ill_conditioned","regression",4,5,1.45819284093735,1.45819284093735,"success",NA
"kernelPLS","rbf_gamma_1_over_p","synthetic_regression_p_gt_n_ill_conditioned","regression",5,1,0.944739722735475,0.944739722735475,"success",NA
"kernelPLS","rbf_gamma_1_over_p","synthetic_regression_p_gt_n_ill_conditioned","regression",5,2,1.12250229255157,1.12250229255157,"success",NA
"kernelPLS","rbf_gamma_1_over_p","synthetic_regression_p_gt_n_ill_conditioned","regression",5,3,0.895736676371533,0.895736676371533,"success",NA
"kernelPLS","rbf_gamma_1_over_p","synthetic_regression_p_gt_n_ill_conditioned","regression",5,4,0.88758497559912,0.88758497559912,"success",NA
"kernelPLS","rbf_gamma_1_over_p","synthetic_regression_p_gt_n_ill_conditioned","regression",5,5,1.26258361848989,1.26258361848989,"success",NA
"kernelPLS","rbf_gamma_4_over_p","synthetic_regression_p_gt_n_ill_conditioned","regression",1,1,2.08461257463987,2.08461257463987,"success",NA
"kernelPLS","rbf_gamma_4_over_p","synthetic_regression_p_gt_n_ill_conditioned","regression",1,2,2.22961515456862,2.22961515456862,"success",NA
"kernelPLS","rbf_gamma_4_over_p","synthetic_regression_p_gt_n_ill_conditioned","regression",1,3,2.25609768267708,2.25609768267708,"success",NA
"kernelPLS","rbf_gamma_4_over_p","synthetic_regression_p_gt_n_ill_conditioned","regression",1,4,1.95967563321849,1.95967563321849,"success",NA
"kernelPLS","rbf_gamma_4_over_p","synthetic_regression_p_gt_n_ill_conditioned","regression",1,5,2.5226296248136,2.5226296248136,"success",NA
"kernelPLS","rbf_gamma_4_over_p","synthetic_regression_p_gt_n_ill_conditioned","regression",2,1,1.88458108483488,1.88458108483488,"success",NA
"kernelPLS","rbf_gamma_4_over_p","synthetic_regression_p_gt_n_ill_conditioned","regression",2,2,2.01328626903846,2.01328626903846,"success",NA
"kernelPLS","rbf_gamma_4_over_p","synthetic_regression_p_gt_n_ill_conditioned","regression",2,3,2.0063131192925,2.0063131192925,"success",NA
"kernelPLS","rbf_gamma_4_over_p","synthetic_regression_p_gt_n_ill_conditioned","regression",2,4,1.81733031461767,1.81733031461767,"success",NA
"kernelPLS","rbf_gamma_4_over_p","synthetic_regression_p_gt_n_ill_conditioned","regression",2,5,2.31413318755626,2.31413318755626,"success",NA
"kernelPLS","rbf_gamma_4_over_p","synthetic_regression_p_gt_n_ill_conditioned","regression",3,1,1.83338408706128,1.83338408706128,"success",NA
"kernelPLS","rbf_gamma_4_over_p","synthetic_regression_p_gt_n_ill_conditioned","regression",3,2,1.91148322519507,1.91148322519507,"success",NA
"kernelPLS","rbf_gamma_4_over_p","synthetic_regression_p_gt_n_ill_conditioned","regression",3,3,1.84381685547667,1.84381685547667,"success",NA
"kernelPLS","rbf_gamma_4_over_p","synthetic_regression_p_gt_n_ill_conditioned","regression",3,4,1.61277244838372,1.61277244838372,"success",NA
"kernelPLS","rbf_gamma_4_over_p","synthetic_regression_p_gt_n_ill_conditioned","regression",3,5,2.21081908402896,2.21081908402896,"success",NA
"kernelPLS","rbf_gamma_4_over_p","synthetic_regression_p_gt_n_ill_conditioned","regression",4,1,1.81558165207333,1.81558165207333,"success",NA
"kernelPLS","rbf_gamma_4_over_p","synthetic_regression_p_gt_n_ill_conditioned","regression",4,2,1.87112621796023,1.87112621796023,"success",NA
"kernelPLS","rbf_gamma_4_over_p","synthetic_regression_p_gt_n_ill_conditioned","regression",4,3,1.77187777250089,1.77187777250089,"success",NA
"kernelPLS","rbf_gamma_4_over_p","synthetic_regression_p_gt_n_ill_conditioned","regression",4,4,1.57803764538424,1.57803764538424,"success",NA
"kernelPLS","rbf_gamma_4_over_p","synthetic_regression_p_gt_n_ill_conditioned","regression",4,5,2.16461771701439,2.16461771701439,"success",NA
"kernelPLS","rbf_gamma_4_over_p","synthetic_regression_p_gt_n_ill_conditioned","regression",5,1,1.78470735038872,1.78470735038872,"success",NA
"kernelPLS","rbf_gamma_4_over_p","synthetic_regression_p_gt_n_ill_conditioned","regression",5,2,1.87016689468809,1.87016689468809,"success",NA
"kernelPLS","rbf_gamma_4_over_p","synthetic_regression_p_gt_n_ill_conditioned","regression",5,3,1.72719730482948,1.72719730482948,"success",NA
"kernelPLS","rbf_gamma_4_over_p","synthetic_regression_p_gt_n_ill_conditioned","regression",5,4,1.55556574905425,1.55556574905425,"success",NA
"kernelPLS","rbf_gamma_4_over_p","synthetic_regression_p_gt_n_ill_conditioned","regression",5,5,2.13272134549793,2.13272134549793,"success",NA
"kernelPLS","poly_degree2_offset1","synthetic_regression_p_gt_n_ill_conditioned","regression",1,1,1.88328466172268,1.88328466172268,"success",NA
"kernelPLS","poly_degree2_offset1","synthetic_regression_p_gt_n_ill_conditioned","regression",1,2,2.15012499752279,2.15012499752279,"success",NA
"kernelPLS","poly_degree2_offset1","synthetic_regression_p_gt_n_ill_conditioned","regression",1,3,2.24849567261514,2.24849567261514,"success",NA
"kernelPLS","poly_degree2_offset1","synthetic_regression_p_gt_n_ill_conditioned","regression",1,4,1.97122533164549,1.97122533164549,"success",NA
"kernelPLS","poly_degree2_offset1","synthetic_regression_p_gt_n_ill_conditioned","regression",1,5,2.33167727268439,2.33167727268439,"success",NA
"kernelPLS","poly_degree2_offset1","synthetic_regression_p_gt_n_ill_conditioned","regression",2,1,1.52948820818301,1.52948820818301,"success",NA
"kernelPLS","poly_degree2_offset1","synthetic_regression_p_gt_n_ill_conditioned","regression",2,2,1.71586990050473,1.71586990050473,"success",NA
"kernelPLS","poly_degree2_offset1","synthetic_regression_p_gt_n_ill_conditioned","regression",2,3,1.60686218135647,1.60686218135647,"success",NA
"kernelPLS","poly_degree2_offset1","synthetic_regression_p_gt_n_ill_conditioned","regression",2,4,1.66127491415758,1.66127491415758,"success",NA
"kernelPLS","poly_degree2_offset1","synthetic_regression_p_gt_n_ill_conditioned","regression",2,5,1.97326610168807,1.97326610168807,"success",NA
"kernelPLS","poly_degree2_offset1","synthetic_regression_p_gt_n_ill_conditioned","regression",3,1,1.31057471415171,1.31057471415171,"success",NA
"kernelPLS","poly_degree2_offset1","synthetic_regression_p_gt_n_ill_conditioned","regression",3,2,1.40531518234668,1.40531518234668,"success",NA
"kernelPLS","poly_degree2_offset1","synthetic_regression_p_gt_n_ill_conditioned","regression",3,3,1.07487131316144,1.07487131316144,"success",NA
"kernelPLS","poly_degree2_offset1","synthetic_regression_p_gt_n_ill_conditioned","regression",3,4,1.08828272882465,1.08828272882465,"success",NA
"kernelPLS","poly_degree2_offset1","synthetic_regression_p_gt_n_ill_conditioned","regression",3,5,1.42180109888547,1.42180109888547,"success",NA
"kernelPLS","poly_degree2_offset1","synthetic_regression_p_gt_n_ill_conditioned","regression",4,1,1.00099121401851,1.00099121401851,"success",NA
"kernelPLS","poly_degree2_offset1","synthetic_regression_p_gt_n_ill_conditioned","regression",4,2,1.11189324133042,1.11189324133042,"success",NA
"kernelPLS","poly_degree2_offset1","synthetic_regression_p_gt_n_ill_conditioned","regression",4,3,0.920393799087466,0.920393799087466,"success",NA
"kernelPLS","poly_degree2_offset1","synthetic_regression_p_gt_n_ill_conditioned","regression",4,4,0.784533311287633,0.784533311287633,"success",NA
"kernelPLS","poly_degree2_offset1","synthetic_regression_p_gt_n_ill_conditioned","regression",4,5,1.15373963297297,1.15373963297297,"success",NA
"kernelPLS","poly_degree2_offset1","synthetic_regression_p_gt_n_ill_conditioned","regression",5,1,0.652598560340898,0.652598560340898,"success",NA
"kernelPLS","poly_degree2_offset1","synthetic_regression_p_gt_n_ill_conditioned","regression",5,2,0.697826947900135,0.697826947900135,"success",NA
"kernelPLS","poly_degree2_offset1","synthetic_regression_p_gt_n_ill_conditioned","regression",5,3,0.575452012155341,0.575452012155341,"success",NA
"kernelPLS","poly_degree2_offset1","synthetic_regression_p_gt_n_ill_conditioned","regression",5,4,0.567602637350925,0.567602637350925,"success",NA
"kernelPLS","poly_degree2_offset1","synthetic_regression_p_gt_n_ill_conditioned","regression",5,5,0.710838243397572,0.710838243397572,"success",NA
"kernelPLS","poly_degree3_offset1","synthetic_regression_p_gt_n_ill_conditioned","regression",1,1,1.85237414971875,1.85237414971875,"success",NA
"kernelPLS","poly_degree3_offset1","synthetic_regression_p_gt_n_ill_conditioned","regression",1,2,2.16679001225674,2.16679001225674,"success",NA
"kernelPLS","poly_degree3_offset1","synthetic_regression_p_gt_n_ill_conditioned","regression",1,3,2.28211455346699,2.28211455346699,"success",NA
"kernelPLS","poly_degree3_offset1","synthetic_regression_p_gt_n_ill_conditioned","regression",1,4,1.97051387016245,1.97051387016245,"success",NA
"kernelPLS","poly_degree3_offset1","synthetic_regression_p_gt_n_ill_conditioned","regression",1,5,2.32719906349246,2.32719906349246,"success",NA
"kernelPLS","poly_degree3_offset1","synthetic_regression_p_gt_n_ill_conditioned","regression",2,1,1.59553986275202,1.59553986275203,"success",NA
"kernelPLS","poly_degree3_offset1","synthetic_regression_p_gt_n_ill_conditioned","regression",2,2,1.73672781721228,1.73672781721228,"success",NA
"kernelPLS","poly_degree3_offset1","synthetic_regression_p_gt_n_ill_conditioned","regression",2,3,1.60179457559823,1.60179457559823,"success",NA
"kernelPLS","poly_degree3_offset1","synthetic_regression_p_gt_n_ill_conditioned","regression",2,4,1.69618246063535,1.69618246063535,"success",NA
"kernelPLS","poly_degree3_offset1","synthetic_regression_p_gt_n_ill_conditioned","regression",2,5,1.99920182328967,1.99920182328967,"success",NA
"kernelPLS","poly_degree3_offset1","synthetic_regression_p_gt_n_ill_conditioned","regression",3,1,1.38273206861321,1.38273206861321,"success",NA
"kernelPLS","poly_degree3_offset1","synthetic_regression_p_gt_n_ill_conditioned","regression",3,2,1.4522862466978,1.4522862466978,"success",NA
"kernelPLS","poly_degree3_offset1","synthetic_regression_p_gt_n_ill_conditioned","regression",3,3,1.14644551746201,1.14644551746201,"success",NA
"kernelPLS","poly_degree3_offset1","synthetic_regression_p_gt_n_ill_conditioned","regression",3,4,1.16396979367147,1.16396979367147,"success",NA
"kernelPLS","poly_degree3_offset1","synthetic_regression_p_gt_n_ill_conditioned","regression",3,5,1.4975833307714,1.4975833307714,"success",NA
"kernelPLS","poly_degree3_offset1","synthetic_regression_p_gt_n_ill_conditioned","regression",4,1,1.15219172858342,1.15219172858342,"success",NA
"kernelPLS","poly_degree3_offset1","synthetic_regression_p_gt_n_ill_conditioned","regression",4,2,1.21522871265972,1.21522871265972,"success",NA
"kernelPLS","poly_degree3_offset1","synthetic_regression_p_gt_n_ill_conditioned","regression",4,3,1.01458923488784,1.01458923488784,"success",NA
"kernelPLS","poly_degree3_offset1","synthetic_regression_p_gt_n_ill_conditioned","regression",4,4,0.897869252806956,0.897869252806956,"success",NA
"kernelPLS","poly_degree3_offset1","synthetic_regression_p_gt_n_ill_conditioned","regression",4,5,1.30003846819697,1.30003846819697,"success",NA
"kernelPLS","poly_degree3_offset1","synthetic_regression_p_gt_n_ill_conditioned","regression",5,1,0.92702809931205,0.92702809931205,"success",NA
"kernelPLS","poly_degree3_offset1","synthetic_regression_p_gt_n_ill_conditioned","regression",5,2,0.854316300504304,0.854316300504304,"success",NA
"kernelPLS","poly_degree3_offset1","synthetic_regression_p_gt_n_ill_conditioned","regression",5,3,0.82561920640606,0.825619206406059,"success",NA
"kernelPLS","poly_degree3_offset1","synthetic_regression_p_gt_n_ill_conditioned","regression",5,4,0.770098184672696,0.770098184672696,"success",NA
"kernelPLS","poly_degree3_offset1","synthetic_regression_p_gt_n_ill_conditioned","regression",5,5,1.01756528348867,1.01756528348867,"success",NA
"kernelPLS","poly_degree4_offset1","synthetic_regression_p_gt_n_ill_conditioned","regression",1,1,1.86340029988314,1.86340029988314,"success",NA
"kernelPLS","poly_degree4_offset1","synthetic_regression_p_gt_n_ill_conditioned","regression",1,2,2.19557771798508,2.19557771798508,"success",NA
"kernelPLS","poly_degree4_offset1","synthetic_regression_p_gt_n_ill_conditioned","regression",1,3,2.24410947145881,2.24410947145881,"success",NA
"kernelPLS","poly_degree4_offset1","synthetic_regression_p_gt_n_ill_conditioned","regression",1,4,1.96764676453119,1.96764676453119,"success",NA
"kernelPLS","poly_degree4_offset1","synthetic_regression_p_gt_n_ill_conditioned","regression",1,5,2.31880338530734,2.31880338530734,"success",NA
"kernelPLS","poly_degree4_offset1","synthetic_regression_p_gt_n_ill_conditioned","regression",2,1,1.70542613159071,1.70542613159071,"success",NA
"kernelPLS","poly_degree4_offset1","synthetic_regression_p_gt_n_ill_conditioned","regression",2,2,1.78521332319801,1.78521332319801,"success",NA
"kernelPLS","poly_degree4_offset1","synthetic_regression_p_gt_n_ill_conditioned","regression",2,3,1.6519618419486,1.6519618419486,"success",NA
"kernelPLS","poly_degree4_offset1","synthetic_regression_p_gt_n_ill_conditioned","regression",2,4,1.75118008822426,1.75118008822426,"success",NA
"kernelPLS","poly_degree4_offset1","synthetic_regression_p_gt_n_ill_conditioned","regression",2,5,2.04333619020907,2.04333619020907,"success",NA
"kernelPLS","poly_degree4_offset1","synthetic_regression_p_gt_n_ill_conditioned","regression",3,1,1.49444862428764,1.49444862428765,"success",NA
"kernelPLS","poly_degree4_offset1","synthetic_regression_p_gt_n_ill_conditioned","regression",3,2,1.5462263360206,1.5462263360206,"success",NA
"kernelPLS","poly_degree4_offset1","synthetic_regression_p_gt_n_ill_conditioned","regression",3,3,1.32780622045261,1.32780622045261,"success",NA
"kernelPLS","poly_degree4_offset1","synthetic_regression_p_gt_n_ill_conditioned","regression",3,4,1.31083606575703,1.31083606575703,"success",NA
"kernelPLS","poly_degree4_offset1","synthetic_regression_p_gt_n_ill_conditioned","regression",3,5,1.63837962681678,1.63837962681678,"success",NA
"kernelPLS","poly_degree4_offset1","synthetic_regression_p_gt_n_ill_conditioned","regression",4,1,1.36538236859609,1.36538236859609,"success",NA
"kernelPLS","poly_degree4_offset1","synthetic_regression_p_gt_n_ill_conditioned","regression",4,2,1.3847969296371,1.3847969296371,"success",NA
"kernelPLS","poly_degree4_offset1","synthetic_regression_p_gt_n_ill_conditioned","regression",4,3,1.21327042599157,1.21327042599157,"success",NA
"kernelPLS","poly_degree4_offset1","synthetic_regression_p_gt_n_ill_conditioned","regression",4,4,1.14735196124398,1.14735196124398,"success",NA
"kernelPLS","poly_degree4_offset1","synthetic_regression_p_gt_n_ill_conditioned","regression",4,5,1.52196881875048,1.52196881875048,"success",NA
"kernelPLS","poly_degree4_offset1","synthetic_regression_p_gt_n_ill_conditioned","regression",5,1,1.230662364288,1.230662364288,"success",NA
"kernelPLS","poly_degree4_offset1","synthetic_regression_p_gt_n_ill_conditioned","regression",5,2,1.094731066368,1.094731066368,"success",NA
"kernelPLS","poly_degree4_offset1","synthetic_regression_p_gt_n_ill_conditioned","regression",5,3,1.14719974336647,1.14719974336647,"success",NA
"kernelPLS","poly_degree4_offset1","synthetic_regression_p_gt_n_ill_conditioned","regression",5,4,1.04624254068504,1.04624254068504,"success",NA
"kernelPLS","poly_degree4_offset1","synthetic_regression_p_gt_n_ill_conditioned","regression",5,5,1.35477679312562,1.35477679312562,"success",NA
"kernelPLS","poly_degree3_offset0","synthetic_regression_p_gt_n_ill_conditioned","regression",1,1,1.9296898539837,1.9296898539837,"success",NA
"kernelPLS","poly_degree3_offset0","synthetic_regression_p_gt_n_ill_conditioned","regression",1,2,2.23683595464179,2.23683595464179,"success",NA
"kernelPLS","poly_degree3_offset0","synthetic_regression_p_gt_n_ill_conditioned","regression",1,3,2.30477769600195,2.30477769600195,"success",NA
"kernelPLS","poly_degree3_offset0","synthetic_regression_p_gt_n_ill_conditioned","regression",1,4,2.00519743522756,2.00519743522756,"success",NA
"kernelPLS","poly_degree3_offset0","synthetic_regression_p_gt_n_ill_conditioned","regression",1,5,2.33171327966911,2.33171327966911,"success",NA
"kernelPLS","poly_degree3_offset0","synthetic_regression_p_gt_n_ill_conditioned","regression",2,1,1.79477056749489,1.79477056749489,"success",NA
"kernelPLS","poly_degree3_offset0","synthetic_regression_p_gt_n_ill_conditioned","regression",2,2,1.82650438701677,1.82650438701677,"success",NA
"kernelPLS","poly_degree3_offset0","synthetic_regression_p_gt_n_ill_conditioned","regression",2,3,1.70317483179294,1.70317483179294,"success",NA
"kernelPLS","poly_degree3_offset0","synthetic_regression_p_gt_n_ill_conditioned","regression",2,4,1.82006593321206,1.82006593321206,"success",NA
"kernelPLS","poly_degree3_offset0","synthetic_regression_p_gt_n_ill_conditioned","regression",2,5,2.08932034533647,2.08932034533647,"success",NA
"kernelPLS","poly_degree3_offset0","synthetic_regression_p_gt_n_ill_conditioned","regression",3,1,1.64085807257232,1.64085807257232,"success",NA
"kernelPLS","poly_degree3_offset0","synthetic_regression_p_gt_n_ill_conditioned","regression",3,2,1.62041826789353,1.62041826789353,"success",NA
"kernelPLS","poly_degree3_offset0","synthetic_regression_p_gt_n_ill_conditioned","regression",3,3,1.44888489774828,1.44888489774828,"success",NA
"kernelPLS","poly_degree3_offset0","synthetic_regression_p_gt_n_ill_conditioned","regression",3,4,1.48567013125209,1.48567013125209,"success",NA
"kernelPLS","poly_degree3_offset0","synthetic_regression_p_gt_n_ill_conditioned","regression",3,5,1.85682616409923,1.85682616409923,"success",NA
"kernelPLS","poly_degree3_offset0","synthetic_regression_p_gt_n_ill_conditioned","regression",4,1,1.57811783982836,1.57811783982836,"success",NA
"kernelPLS","poly_degree3_offset0","synthetic_regression_p_gt_n_ill_conditioned","regression",4,2,1.50189938616694,1.50189938616694,"success",NA
"kernelPLS","poly_degree3_offset0","synthetic_regression_p_gt_n_ill_conditioned","regression",4,3,1.26489081688325,1.26489081688325,"success",NA
"kernelPLS","poly_degree3_offset0","synthetic_regression_p_gt_n_ill_conditioned","regression",4,4,1.39757196744302,1.39757196744302,"success",NA
"kernelPLS","poly_degree3_offset0","synthetic_regression_p_gt_n_ill_conditioned","regression",4,5,1.73053869205162,1.73053869205162,"success",NA
"kernelPLS","poly_degree3_offset0","synthetic_regression_p_gt_n_ill_conditioned","regression",5,1,1.46422385220505,1.46422385220505,"success",NA
"kernelPLS","poly_degree3_offset0","synthetic_regression_p_gt_n_ill_conditioned","regression",5,2,1.39018576281111,1.39018576281111,"success",NA
"kernelPLS","poly_degree3_offset0","synthetic_regression_p_gt_n_ill_conditioned","regression",5,3,1.15827167839362,1.15827167839361,"success",NA
"kernelPLS","poly_degree3_offset0","synthetic_regression_p_gt_n_ill_conditioned","regression",5,4,1.24238137404742,1.24238137404742,"success",NA
"kernelPLS","poly_degree3_offset0","synthetic_regression_p_gt_n_ill_conditioned","regression",5,5,1.55935121016877,1.55935121016877,"success",NA
"OPLS","north_1","synthetic_classification_p_lt_n","classification",1,1,0.421052631578947,0.421052631578947,"success",NA
"OPLS","north_1","synthetic_classification_p_lt_n","classification",1,2,0.473684210526316,0.473684210526316,"success",NA
"OPLS","north_1","synthetic_classification_p_lt_n","classification",1,3,0.444444444444444,0.444444444444444,"success",NA
"OPLS","north_1","synthetic_classification_p_lt_n","classification",1,4,0.457142857142857,0.457142857142857,"success",NA
"OPLS","north_1","synthetic_classification_p_lt_n","classification",1,5,0.484848484848485,0.484848484848485,"success",NA
"OPLS","north_1","synthetic_classification_p_lt_n","classification",2,1,0.710526315789474,0.710526315789474,"success",NA
"OPLS","north_1","synthetic_classification_p_lt_n","classification",2,2,0.605263157894737,0.605263157894737,"success",NA
"OPLS","north_1","synthetic_classification_p_lt_n","classification",2,3,0.666666666666667,0.666666666666667,"success",NA
"OPLS","north_1","synthetic_classification_p_lt_n","classification",2,4,0.657142857142857,0.657142857142857,"success",NA
"OPLS","north_1","synthetic_classification_p_lt_n","classification",2,5,0.696969696969697,0.696969696969697,"success",NA
"OPLS","north_1","synthetic_classification_p_lt_n","classification",3,1,0.657894736842105,0.657894736842105,"success",NA
"OPLS","north_1","synthetic_classification_p_lt_n","classification",3,2,0.657894736842105,0.657894736842105,"success",NA
"OPLS","north_1","synthetic_classification_p_lt_n","classification",3,3,0.638888888888889,0.638888888888889,"success",NA
"OPLS","north_1","synthetic_classification_p_lt_n","classification",3,4,0.714285714285714,0.714285714285714,"success",NA
"OPLS","north_1","synthetic_classification_p_lt_n","classification",3,5,0.727272727272727,0.727272727272727,"success",NA
"OPLS","north_1","synthetic_classification_p_lt_n","classification",4,1,0.68421052631579,0.68421052631579,"success",NA
"OPLS","north_1","synthetic_classification_p_lt_n","classification",4,2,0.68421052631579,0.68421052631579,"success",NA
"OPLS","north_1","synthetic_classification_p_lt_n","classification",4,3,0.638888888888889,0.638888888888889,"success",NA
"OPLS","north_1","synthetic_classification_p_lt_n","classification",4,4,0.742857142857143,0.742857142857143,"success",NA
"OPLS","north_1","synthetic_classification_p_lt_n","classification",4,5,0.787878787878788,0.787878787878788,"success",NA
"OPLS","north_1","synthetic_classification_p_lt_n","classification",5,1,0.710526315789474,0.710526315789474,"success",NA
"OPLS","north_1","synthetic_classification_p_lt_n","classification",5,2,0.68421052631579,0.68421052631579,"success",NA
"OPLS","north_1","synthetic_classification_p_lt_n","classification",5,3,0.638888888888889,0.638888888888889,"success",NA
"OPLS","north_1","synthetic_classification_p_lt_n","classification",5,4,0.714285714285714,0.714285714285714,"success",NA
"OPLS","north_1","synthetic_classification_p_lt_n","classification",5,5,0.818181818181818,0.818181818181818,"success",NA
"OPLS","north_2","synthetic_classification_p_lt_n","classification",1,1,0.473684210526316,0.473684210526316,"success",NA
"OPLS","north_2","synthetic_classification_p_lt_n","classification",1,2,0.473684210526316,0.473684210526316,"success",NA
"OPLS","north_2","synthetic_classification_p_lt_n","classification",1,3,0.472222222222222,0.472222222222222,"success",NA
"OPLS","north_2","synthetic_classification_p_lt_n","classification",1,4,0.457142857142857,0.457142857142857,"success",NA
"OPLS","north_2","synthetic_classification_p_lt_n","classification",1,5,0.484848484848485,0.484848484848485,"success",NA
"OPLS","north_2","synthetic_classification_p_lt_n","classification",2,1,0.578947368421053,0.578947368421053,"success",NA
"OPLS","north_2","synthetic_classification_p_lt_n","classification",2,2,0.657894736842105,0.657894736842105,"success",NA
"OPLS","north_2","synthetic_classification_p_lt_n","classification",2,3,0.527777777777778,0.527777777777778,"success",NA
"OPLS","north_2","synthetic_classification_p_lt_n","classification",2,4,0.6,0.6,"success",NA
"OPLS","north_2","synthetic_classification_p_lt_n","classification",2,5,0.636363636363636,0.636363636363636,"success",NA
"OPLS","north_2","synthetic_classification_p_lt_n","classification",3,1,0.605263157894737,0.605263157894737,"success",NA
"OPLS","north_2","synthetic_classification_p_lt_n","classification",3,2,0.657894736842105,0.657894736842105,"success",NA
"OPLS","north_2","synthetic_classification_p_lt_n","classification",3,3,0.555555555555556,0.555555555555556,"success",NA
"OPLS","north_2","synthetic_classification_p_lt_n","classification",3,4,0.657142857142857,0.657142857142857,"success",NA
"OPLS","north_2","synthetic_classification_p_lt_n","classification",3,5,0.666666666666667,0.666666666666667,"success",NA
"OPLS","north_2","synthetic_classification_p_lt_n","classification",4,1,0.631578947368421,0.631578947368421,"success",NA
"OPLS","north_2","synthetic_classification_p_lt_n","classification",4,2,0.631578947368421,0.631578947368421,"success",NA
"OPLS","north_2","synthetic_classification_p_lt_n","classification",4,3,0.583333333333333,0.583333333333333,"success",NA
"OPLS","north_2","synthetic_classification_p_lt_n","classification",4,4,0.657142857142857,0.657142857142857,"success",NA
"OPLS","north_2","synthetic_classification_p_lt_n","classification",4,5,0.696969696969697,0.696969696969697,"success",NA
"OPLS","north_2","synthetic_classification_p_lt_n","classification",5,1,0.578947368421053,0.578947368421053,"success",NA
"OPLS","north_2","synthetic_classification_p_lt_n","classification",5,2,0.578947368421053,0.578947368421053,"success",NA
"OPLS","north_2","synthetic_classification_p_lt_n","classification",5,3,0.527777777777778,0.527777777777778,"success",NA
"OPLS","north_2","synthetic_classification_p_lt_n","classification",5,4,0.685714285714286,0.685714285714286,"success",NA
"OPLS","north_2","synthetic_classification_p_lt_n","classification",5,5,0.636363636363636,0.636363636363636,"success",NA
"OPLS","north_3","synthetic_classification_p_lt_n","classification",1,1,0.473684210526316,0.473684210526316,"success",NA
"OPLS","north_3","synthetic_classification_p_lt_n","classification",1,2,0.473684210526316,0.473684210526316,"success",NA
"OPLS","north_3","synthetic_classification_p_lt_n","classification",1,3,0.472222222222222,0.472222222222222,"success",NA
"OPLS","north_3","synthetic_classification_p_lt_n","classification",1,4,0.457142857142857,0.457142857142857,"success",NA
"OPLS","north_3","synthetic_classification_p_lt_n","classification",1,5,0.484848484848485,0.484848484848485,"success",NA
"OPLS","north_3","synthetic_classification_p_lt_n","classification",2,1,0.526315789473684,0.526315789473684,"success",NA
"OPLS","north_3","synthetic_classification_p_lt_n","classification",2,2,0.526315789473684,0.526315789473684,"success",NA
"OPLS","north_3","synthetic_classification_p_lt_n","classification",2,3,0.555555555555556,0.555555555555556,"success",NA
"OPLS","north_3","synthetic_classification_p_lt_n","classification",2,4,0.571428571428571,0.571428571428571,"success",NA
"OPLS","north_3","synthetic_classification_p_lt_n","classification",2,5,0.454545454545455,0.454545454545455,"success",NA
"OPLS","north_3","synthetic_classification_p_lt_n","classification",3,1,0.578947368421053,0.578947368421053,"success",NA
"OPLS","north_3","synthetic_classification_p_lt_n","classification",3,2,0.526315789473684,0.526315789473684,"success",NA
"OPLS","north_3","synthetic_classification_p_lt_n","classification",3,3,0.611111111111111,0.611111111111111,"success",NA
"OPLS","north_3","synthetic_classification_p_lt_n","classification",3,4,0.571428571428571,0.571428571428571,"success",NA
"OPLS","north_3","synthetic_classification_p_lt_n","classification",3,5,0.454545454545455,0.454545454545455,"success",NA
"OPLS","north_3","synthetic_classification_p_lt_n","classification",4,1,0.526315789473684,0.526315789473684,"success",NA
"OPLS","north_3","synthetic_classification_p_lt_n","classification",4,2,0.5,0.5,"success",NA
"OPLS","north_3","synthetic_classification_p_lt_n","classification",4,3,0.583333333333333,0.583333333333333,"success",NA
"OPLS","north_3","synthetic_classification_p_lt_n","classification",4,4,0.6,0.6,"success",NA
"OPLS","north_3","synthetic_classification_p_lt_n","classification",4,5,0.454545454545455,0.454545454545455,"success",NA
"OPLS","north_3","synthetic_classification_p_lt_n","classification",5,1,0.552631578947368,0.552631578947368,"success",NA
"OPLS","north_3","synthetic_classification_p_lt_n","classification",5,2,0.5,0.5,"success",NA
"OPLS","north_3","synthetic_classification_p_lt_n","classification",5,3,0.555555555555556,0.555555555555556,"success",NA
"OPLS","north_3","synthetic_classification_p_lt_n","classification",5,4,0.6,0.6,"success",NA
"OPLS","north_3","synthetic_classification_p_lt_n","classification",5,5,0.545454545454545,0.545454545454545,"success",NA
"kernelPLS","linear","synthetic_classification_p_lt_n","classification",1,1,0.421052631578947,0.421052631578947,"success",NA
"kernelPLS","linear","synthetic_classification_p_lt_n","classification",1,2,0.473684210526316,0.473684210526316,"success",NA
"kernelPLS","linear","synthetic_classification_p_lt_n","classification",1,3,0.444444444444444,0.444444444444444,"success",NA
"kernelPLS","linear","synthetic_classification_p_lt_n","classification",1,4,0.457142857142857,0.457142857142857,"success",NA
"kernelPLS","linear","synthetic_classification_p_lt_n","classification",1,5,0.454545454545455,0.454545454545455,"success",NA
"kernelPLS","linear","synthetic_classification_p_lt_n","classification",2,1,0.631578947368421,0.631578947368421,"success",NA
"kernelPLS","linear","synthetic_classification_p_lt_n","classification",2,2,0.605263157894737,0.605263157894737,"success",NA
"kernelPLS","linear","synthetic_classification_p_lt_n","classification",2,3,0.638888888888889,0.638888888888889,"success",NA
"kernelPLS","linear","synthetic_classification_p_lt_n","classification",2,4,0.628571428571429,0.628571428571429,"success",NA
"kernelPLS","linear","synthetic_classification_p_lt_n","classification",2,5,0.636363636363636,0.636363636363636,"success",NA
"kernelPLS","linear","synthetic_classification_p_lt_n","classification",3,1,0.657894736842105,0.657894736842105,"success",NA
"kernelPLS","linear","synthetic_classification_p_lt_n","classification",3,2,0.710526315789474,0.710526315789474,"success",NA
"kernelPLS","linear","synthetic_classification_p_lt_n","classification",3,3,0.638888888888889,0.638888888888889,"success",NA
"kernelPLS","linear","synthetic_classification_p_lt_n","classification",3,4,0.714285714285714,0.714285714285714,"success",NA
"kernelPLS","linear","synthetic_classification_p_lt_n","classification",3,5,0.696969696969697,0.696969696969697,"success",NA
"kernelPLS","linear","synthetic_classification_p_lt_n","classification",4,1,0.710526315789474,0.710526315789474,"success",NA
"kernelPLS","linear","synthetic_classification_p_lt_n","classification",4,2,0.736842105263158,0.736842105263158,"success",NA
"kernelPLS","linear","synthetic_classification_p_lt_n","classification",4,3,0.638888888888889,0.638888888888889,"success",NA
"kernelPLS","linear","synthetic_classification_p_lt_n","classification",4,4,0.714285714285714,0.714285714285714,"success",NA
"kernelPLS","linear","synthetic_classification_p_lt_n","classification",4,5,0.696969696969697,0.696969696969697,"success",NA
"kernelPLS","linear","synthetic_classification_p_lt_n","classification",5,1,0.710526315789474,0.710526315789474,"success",NA
"kernelPLS","linear","synthetic_classification_p_lt_n","classification",5,2,0.710526315789474,0.710526315789474,"success",NA
"kernelPLS","linear","synthetic_classification_p_lt_n","classification",5,3,0.638888888888889,0.638888888888889,"success",NA
"kernelPLS","linear","synthetic_classification_p_lt_n","classification",5,4,0.771428571428571,0.771428571428571,"success",NA
"kernelPLS","linear","synthetic_classification_p_lt_n","classification",5,5,0.757575757575758,0.757575757575758,"success",NA
"kernelPLS","rbf_gamma_0.25_over_p","synthetic_classification_p_lt_n","classification",1,1,0.447368421052632,0.447368421052632,"success",NA
"kernelPLS","rbf_gamma_0.25_over_p","synthetic_classification_p_lt_n","classification",1,2,0.447368421052632,0.447368421052632,"success",NA
"kernelPLS","rbf_gamma_0.25_over_p","synthetic_classification_p_lt_n","classification",1,3,0.444444444444444,0.444444444444444,"success",NA
"kernelPLS","rbf_gamma_0.25_over_p","synthetic_classification_p_lt_n","classification",1,4,0.457142857142857,0.457142857142857,"success",NA
"kernelPLS","rbf_gamma_0.25_over_p","synthetic_classification_p_lt_n","classification",1,5,0.363636363636364,0.363636363636364,"success",NA
"kernelPLS","rbf_gamma_0.25_over_p","synthetic_classification_p_lt_n","classification",2,1,0.578947368421053,0.578947368421053,"success",NA
"kernelPLS","rbf_gamma_0.25_over_p","synthetic_classification_p_lt_n","classification",2,2,0.5,0.5,"success",NA
"kernelPLS","rbf_gamma_0.25_over_p","synthetic_classification_p_lt_n","classification",2,3,0.5,0.5,"success",NA
"kernelPLS","rbf_gamma_0.25_over_p","synthetic_classification_p_lt_n","classification",2,4,0.542857142857143,0.542857142857143,"success",NA
"kernelPLS","rbf_gamma_0.25_over_p","synthetic_classification_p_lt_n","classification",2,5,0.575757575757576,0.575757575757576,"success",NA
"kernelPLS","rbf_gamma_0.25_over_p","synthetic_classification_p_lt_n","classification",3,1,0.657894736842105,0.657894736842105,"success",NA
"kernelPLS","rbf_gamma_0.25_over_p","synthetic_classification_p_lt_n","classification",3,2,0.657894736842105,0.657894736842105,"success",NA
"kernelPLS","rbf_gamma_0.25_over_p","synthetic_classification_p_lt_n","classification",3,3,0.666666666666667,0.666666666666667,"success",NA
"kernelPLS","rbf_gamma_0.25_over_p","synthetic_classification_p_lt_n","classification",3,4,0.685714285714286,0.685714285714286,"success",NA
"kernelPLS","rbf_gamma_0.25_over_p","synthetic_classification_p_lt_n","classification",3,5,0.696969696969697,0.696969696969697,"success",NA
"kernelPLS","rbf_gamma_0.25_over_p","synthetic_classification_p_lt_n","classification",4,1,0.710526315789474,0.710526315789474,"success",NA
"kernelPLS","rbf_gamma_0.25_over_p","synthetic_classification_p_lt_n","classification",4,2,0.68421052631579,0.68421052631579,"success",NA
"kernelPLS","rbf_gamma_0.25_over_p","synthetic_classification_p_lt_n","classification",4,3,0.722222222222222,0.722222222222222,"success",NA
"kernelPLS","rbf_gamma_0.25_over_p","synthetic_classification_p_lt_n","classification",4,4,0.742857142857143,0.742857142857143,"success",NA
"kernelPLS","rbf_gamma_0.25_over_p","synthetic_classification_p_lt_n","classification",4,5,0.727272727272727,0.727272727272727,"success",NA
"kernelPLS","rbf_gamma_0.25_over_p","synthetic_classification_p_lt_n","classification",5,1,0.789473684210526,0.789473684210526,"success",NA
"kernelPLS","rbf_gamma_0.25_over_p","synthetic_classification_p_lt_n","classification",5,2,0.68421052631579,0.68421052631579,"success",NA
"kernelPLS","rbf_gamma_0.25_over_p","synthetic_classification_p_lt_n","classification",5,3,0.694444444444444,0.694444444444444,"success",NA
"kernelPLS","rbf_gamma_0.25_over_p","synthetic_classification_p_lt_n","classification",5,4,0.742857142857143,0.742857142857143,"success",NA
"kernelPLS","rbf_gamma_0.25_over_p","synthetic_classification_p_lt_n","classification",5,5,0.787878787878788,0.787878787878788,"success",NA
"kernelPLS","rbf_gamma_1_over_p","synthetic_classification_p_lt_n","classification",1,1,0.394736842105263,0.394736842105263,"success",NA
"kernelPLS","rbf_gamma_1_over_p","synthetic_classification_p_lt_n","classification",1,2,0.421052631578947,0.421052631578947,"success",NA
"kernelPLS","rbf_gamma_1_over_p","synthetic_classification_p_lt_n","classification",1,3,0.444444444444444,0.444444444444444,"success",NA
"kernelPLS","rbf_gamma_1_over_p","synthetic_classification_p_lt_n","classification",1,4,0.428571428571429,0.428571428571429,"success",NA
"kernelPLS","rbf_gamma_1_over_p","synthetic_classification_p_lt_n","classification",1,5,0.454545454545455,0.454545454545455,"success",NA
"kernelPLS","rbf_gamma_1_over_p","synthetic_classification_p_lt_n","classification",2,1,0.578947368421053,0.578947368421053,"success",NA
"kernelPLS","rbf_gamma_1_over_p","synthetic_classification_p_lt_n","classification",2,2,0.578947368421053,0.578947368421053,"success",NA
"kernelPLS","rbf_gamma_1_over_p","synthetic_classification_p_lt_n","classification",2,3,0.555555555555556,0.555555555555556,"success",NA
"kernelPLS","rbf_gamma_1_over_p","synthetic_classification_p_lt_n","classification",2,4,0.571428571428571,0.571428571428571,"success",NA
"kernelPLS","rbf_gamma_1_over_p","synthetic_classification_p_lt_n","classification",2,5,0.636363636363636,0.636363636363636,"success",NA
"kernelPLS","rbf_gamma_1_over_p","synthetic_classification_p_lt_n","classification",3,1,0.605263157894737,0.605263157894737,"success",NA
"kernelPLS","rbf_gamma_1_over_p","synthetic_classification_p_lt_n","classification",3,2,0.710526315789474,0.710526315789474,"success",NA
"kernelPLS","rbf_gamma_1_over_p","synthetic_classification_p_lt_n","classification",3,3,0.638888888888889,0.638888888888889,"success",NA
"kernelPLS","rbf_gamma_1_over_p","synthetic_classification_p_lt_n","classification",3,4,0.685714285714286,0.685714285714286,"success",NA
"kernelPLS","rbf_gamma_1_over_p","synthetic_classification_p_lt_n","classification",3,5,0.696969696969697,0.696969696969697,"success",NA
"kernelPLS","rbf_gamma_1_over_p","synthetic_classification_p_lt_n","classification",4,1,0.763157894736842,0.763157894736842,"success",NA
"kernelPLS","rbf_gamma_1_over_p","synthetic_classification_p_lt_n","classification",4,2,0.657894736842105,0.657894736842105,"success",NA
"kernelPLS","rbf_gamma_1_over_p","synthetic_classification_p_lt_n","classification",4,3,0.722222222222222,0.722222222222222,"success",NA
"kernelPLS","rbf_gamma_1_over_p","synthetic_classification_p_lt_n","classification",4,4,0.742857142857143,0.742857142857143,"success",NA
"kernelPLS","rbf_gamma_1_over_p","synthetic_classification_p_lt_n","classification",4,5,0.727272727272727,0.727272727272727,"success",NA
"kernelPLS","rbf_gamma_1_over_p","synthetic_classification_p_lt_n","classification",5,1,0.763157894736842,0.763157894736842,"success",NA
"kernelPLS","rbf_gamma_1_over_p","synthetic_classification_p_lt_n","classification",5,2,0.68421052631579,0.68421052631579,"success",NA
"kernelPLS","rbf_gamma_1_over_p","synthetic_classification_p_lt_n","classification",5,3,0.694444444444444,0.694444444444444,"success",NA
"kernelPLS","rbf_gamma_1_over_p","synthetic_classification_p_lt_n","classification",5,4,0.714285714285714,0.714285714285714,"success",NA
"kernelPLS","rbf_gamma_1_over_p","synthetic_classification_p_lt_n","classification",5,5,0.787878787878788,0.787878787878788,"success",NA
"kernelPLS","rbf_gamma_4_over_p","synthetic_classification_p_lt_n","classification",1,1,0.394736842105263,0.394736842105263,"success",NA
"kernelPLS","rbf_gamma_4_over_p","synthetic_classification_p_lt_n","classification",1,2,0.394736842105263,0.394736842105263,"success",NA
"kernelPLS","rbf_gamma_4_over_p","synthetic_classification_p_lt_n","classification",1,3,0.333333333333333,0.333333333333333,"success",NA
"kernelPLS","rbf_gamma_4_over_p","synthetic_classification_p_lt_n","classification",1,4,0.485714285714286,0.485714285714286,"success",NA
"kernelPLS","rbf_gamma_4_over_p","synthetic_classification_p_lt_n","classification",1,5,0.393939393939394,0.393939393939394,"success",NA
"kernelPLS","rbf_gamma_4_over_p","synthetic_classification_p_lt_n","classification",2,1,0.526315789473684,0.526315789473684,"success",NA
"kernelPLS","rbf_gamma_4_over_p","synthetic_classification_p_lt_n","classification",2,2,0.578947368421053,0.578947368421053,"success",NA
"kernelPLS","rbf_gamma_4_over_p","synthetic_classification_p_lt_n","classification",2,3,0.388888888888889,0.388888888888889,"success",NA
"kernelPLS","rbf_gamma_4_over_p","synthetic_classification_p_lt_n","classification",2,4,0.6,0.6,"success",NA
"kernelPLS","rbf_gamma_4_over_p","synthetic_classification_p_lt_n","classification",2,5,0.636363636363636,0.636363636363636,"success",NA
"kernelPLS","rbf_gamma_4_over_p","synthetic_classification_p_lt_n","classification",3,1,0.552631578947368,0.552631578947368,"success",NA
"kernelPLS","rbf_gamma_4_over_p","synthetic_classification_p_lt_n","classification",3,2,0.526315789473684,0.526315789473684,"success",NA
"kernelPLS","rbf_gamma_4_over_p","synthetic_classification_p_lt_n","classification",3,3,0.555555555555556,0.555555555555556,"success",NA
"kernelPLS","rbf_gamma_4_over_p","synthetic_classification_p_lt_n","classification",3,4,0.628571428571429,0.628571428571429,"success",NA
"kernelPLS","rbf_gamma_4_over_p","synthetic_classification_p_lt_n","classification",3,5,0.666666666666667,0.666666666666667,"success",NA
"kernelPLS","rbf_gamma_4_over_p","synthetic_classification_p_lt_n","classification",4,1,0.605263157894737,0.605263157894737,"success",NA
"kernelPLS","rbf_gamma_4_over_p","synthetic_classification_p_lt_n","classification",4,2,0.631578947368421,0.631578947368421,"success",NA
"kernelPLS","rbf_gamma_4_over_p","synthetic_classification_p_lt_n","classification",4,3,0.638888888888889,0.638888888888889,"success",NA
"kernelPLS","rbf_gamma_4_over_p","synthetic_classification_p_lt_n","classification",4,4,0.685714285714286,0.685714285714286,"success",NA
"kernelPLS","rbf_gamma_4_over_p","synthetic_classification_p_lt_n","classification",4,5,0.727272727272727,0.727272727272727,"success",NA
"kernelPLS","rbf_gamma_4_over_p","synthetic_classification_p_lt_n","classification",5,1,0.68421052631579,0.68421052631579,"success",NA
"kernelPLS","rbf_gamma_4_over_p","synthetic_classification_p_lt_n","classification",5,2,0.657894736842105,0.657894736842105,"success",NA
"kernelPLS","rbf_gamma_4_over_p","synthetic_classification_p_lt_n","classification",5,3,0.666666666666667,0.666666666666667,"success",NA
"kernelPLS","rbf_gamma_4_over_p","synthetic_classification_p_lt_n","classification",5,4,0.685714285714286,0.685714285714286,"success",NA
"kernelPLS","rbf_gamma_4_over_p","synthetic_classification_p_lt_n","classification",5,5,0.757575757575758,0.757575757575758,"success",NA
"kernelPLS","poly_degree2_offset1","synthetic_classification_p_lt_n","classification",1,1,0.421052631578947,0.421052631578947,"success",NA
"kernelPLS","poly_degree2_offset1","synthetic_classification_p_lt_n","classification",1,2,0.421052631578947,0.421052631578947,"success",NA
"kernelPLS","poly_degree2_offset1","synthetic_classification_p_lt_n","classification",1,3,0.444444444444444,0.444444444444444,"success",NA
"kernelPLS","poly_degree2_offset1","synthetic_classification_p_lt_n","classification",1,4,0.457142857142857,0.457142857142857,"success",NA
"kernelPLS","poly_degree2_offset1","synthetic_classification_p_lt_n","classification",1,5,0.393939393939394,0.393939393939394,"success",NA
"kernelPLS","poly_degree2_offset1","synthetic_classification_p_lt_n","classification",2,1,0.5,0.5,"success",NA
"kernelPLS","poly_degree2_offset1","synthetic_classification_p_lt_n","classification",2,2,0.473684210526316,0.473684210526316,"success",NA
"kernelPLS","poly_degree2_offset1","synthetic_classification_p_lt_n","classification",2,3,0.416666666666667,0.416666666666667,"success",NA
"kernelPLS","poly_degree2_offset1","synthetic_classification_p_lt_n","classification",2,4,0.514285714285714,0.514285714285714,"success",NA
"kernelPLS","poly_degree2_offset1","synthetic_classification_p_lt_n","classification",2,5,0.515151515151515,0.515151515151515,"success",NA
"kernelPLS","poly_degree2_offset1","synthetic_classification_p_lt_n","classification",3,1,0.631578947368421,0.631578947368421,"success",NA
"kernelPLS","poly_degree2_offset1","synthetic_classification_p_lt_n","classification",3,2,0.631578947368421,0.631578947368421,"success",NA
"kernelPLS","poly_degree2_offset1","synthetic_classification_p_lt_n","classification",3,3,0.666666666666667,0.666666666666667,"success",NA
"kernelPLS","poly_degree2_offset1","synthetic_classification_p_lt_n","classification",3,4,0.657142857142857,0.657142857142857,"success",NA
"kernelPLS","poly_degree2_offset1","synthetic_classification_p_lt_n","classification",3,5,0.666666666666667,0.666666666666667,"success",NA
"kernelPLS","poly_degree2_offset1","synthetic_classification_p_lt_n","classification",4,1,0.657894736842105,0.657894736842105,"success",NA
"kernelPLS","poly_degree2_offset1","synthetic_classification_p_lt_n","classification",4,2,0.631578947368421,0.631578947368421,"success",NA
"kernelPLS","poly_degree2_offset1","synthetic_classification_p_lt_n","classification",4,3,0.722222222222222,0.722222222222222,"success",NA
"kernelPLS","poly_degree2_offset1","synthetic_classification_p_lt_n","classification",4,4,0.714285714285714,0.714285714285714,"success",NA
"kernelPLS","poly_degree2_offset1","synthetic_classification_p_lt_n","classification",4,5,0.696969696969697,0.696969696969697,"success",NA
"kernelPLS","poly_degree2_offset1","synthetic_classification_p_lt_n","classification",5,1,0.710526315789474,0.710526315789474,"success",NA
"kernelPLS","poly_degree2_offset1","synthetic_classification_p_lt_n","classification",5,2,0.68421052631579,0.68421052631579,"success",NA
"kernelPLS","poly_degree2_offset1","synthetic_classification_p_lt_n","classification",5,3,0.694444444444444,0.694444444444444,"success",NA
"kernelPLS","poly_degree2_offset1","synthetic_classification_p_lt_n","classification",5,4,0.685714285714286,0.685714285714286,"success",NA
"kernelPLS","poly_degree2_offset1","synthetic_classification_p_lt_n","classification",5,5,0.727272727272727,0.727272727272727,"success",NA
"kernelPLS","poly_degree3_offset1","synthetic_classification_p_lt_n","classification",1,1,0.394736842105263,0.394736842105263,"success",NA
"kernelPLS","poly_degree3_offset1","synthetic_classification_p_lt_n","classification",1,2,0.421052631578947,0.421052631578947,"success",NA
"kernelPLS","poly_degree3_offset1","synthetic_classification_p_lt_n","classification",1,3,0.416666666666667,0.416666666666667,"success",NA
"kernelPLS","poly_degree3_offset1","synthetic_classification_p_lt_n","classification",1,4,0.4,0.4,"success",NA
"kernelPLS","poly_degree3_offset1","synthetic_classification_p_lt_n","classification",1,5,0.424242424242424,0.424242424242424,"success",NA
"kernelPLS","poly_degree3_offset1","synthetic_classification_p_lt_n","classification",2,1,0.473684210526316,0.473684210526316,"success",NA
"kernelPLS","poly_degree3_offset1","synthetic_classification_p_lt_n","classification",2,2,0.421052631578947,0.421052631578947,"success",NA
"kernelPLS","poly_degree3_offset1","synthetic_classification_p_lt_n","classification",2,3,0.416666666666667,0.416666666666667,"success",NA
"kernelPLS","poly_degree3_offset1","synthetic_classification_p_lt_n","classification",2,4,0.514285714285714,0.514285714285714,"success",NA
"kernelPLS","poly_degree3_offset1","synthetic_classification_p_lt_n","classification",2,5,0.545454545454545,0.545454545454545,"success",NA
"kernelPLS","poly_degree3_offset1","synthetic_classification_p_lt_n","classification",3,1,0.657894736842105,0.657894736842105,"success",NA
"kernelPLS","poly_degree3_offset1","synthetic_classification_p_lt_n","classification",3,2,0.526315789473684,0.526315789473684,"success",NA
"kernelPLS","poly_degree3_offset1","synthetic_classification_p_lt_n","classification",3,3,0.694444444444444,0.694444444444444,"success",NA
"kernelPLS","poly_degree3_offset1","synthetic_classification_p_lt_n","classification",3,4,0.657142857142857,0.657142857142857,"success",NA
"kernelPLS","poly_degree3_offset1","synthetic_classification_p_lt_n","classification",3,5,0.666666666666667,0.666666666666667,"success",NA
"kernelPLS","poly_degree3_offset1","synthetic_classification_p_lt_n","classification",4,1,0.68421052631579,0.68421052631579,"success",NA
"kernelPLS","poly_degree3_offset1","synthetic_classification_p_lt_n","classification",4,2,0.631578947368421,0.631578947368421,"success",NA
"kernelPLS","poly_degree3_offset1","synthetic_classification_p_lt_n","classification",4,3,0.694444444444444,0.694444444444444,"success",NA
"kernelPLS","poly_degree3_offset1","synthetic_classification_p_lt_n","classification",4,4,0.685714285714286,0.685714285714286,"success",NA
"kernelPLS","poly_degree3_offset1","synthetic_classification_p_lt_n","classification",4,5,0.636363636363636,0.636363636363636,"success",NA
"kernelPLS","poly_degree3_offset1","synthetic_classification_p_lt_n","classification",5,1,0.710526315789474,0.710526315789474,"success",NA
"kernelPLS","poly_degree3_offset1","synthetic_classification_p_lt_n","classification",5,2,0.631578947368421,0.631578947368421,"success",NA
"kernelPLS","poly_degree3_offset1","synthetic_classification_p_lt_n","classification",5,3,0.722222222222222,0.722222222222222,"success",NA
"kernelPLS","poly_degree3_offset1","synthetic_classification_p_lt_n","classification",5,4,0.685714285714286,0.685714285714286,"success",NA
"kernelPLS","poly_degree3_offset1","synthetic_classification_p_lt_n","classification",5,5,0.696969696969697,0.696969696969697,"success",NA
"kernelPLS","poly_degree4_offset1","synthetic_classification_p_lt_n","classification",1,1,0.421052631578947,0.421052631578947,"success",NA
"kernelPLS","poly_degree4_offset1","synthetic_classification_p_lt_n","classification",1,2,0.342105263157895,0.342105263157895,"success",NA
"kernelPLS","poly_degree4_offset1","synthetic_classification_p_lt_n","classification",1,3,0.388888888888889,0.388888888888889,"success",NA
"kernelPLS","poly_degree4_offset1","synthetic_classification_p_lt_n","classification",1,4,0.371428571428571,0.371428571428571,"success",NA
"kernelPLS","poly_degree4_offset1","synthetic_classification_p_lt_n","classification",1,5,0.393939393939394,0.393939393939394,"success",NA
"kernelPLS","poly_degree4_offset1","synthetic_classification_p_lt_n","classification",2,1,0.526315789473684,0.526315789473684,"success",NA
"kernelPLS","poly_degree4_offset1","synthetic_classification_p_lt_n","classification",2,2,0.473684210526316,0.473684210526316,"success",NA
"kernelPLS","poly_degree4_offset1","synthetic_classification_p_lt_n","classification",2,3,0.388888888888889,0.388888888888889,"success",NA
"kernelPLS","poly_degree4_offset1","synthetic_classification_p_lt_n","classification",2,4,0.428571428571429,0.428571428571429,"success",NA
"kernelPLS","poly_degree4_offset1","synthetic_classification_p_lt_n","classification",2,5,0.454545454545455,0.454545454545455,"success",NA
"kernelPLS","poly_degree4_offset1","synthetic_classification_p_lt_n","classification",3,1,0.5,0.5,"success",NA
"kernelPLS","poly_degree4_offset1","synthetic_classification_p_lt_n","classification",3,2,0.473684210526316,0.473684210526316,"success",NA
"kernelPLS","poly_degree4_offset1","synthetic_classification_p_lt_n","classification",3,3,0.444444444444444,0.444444444444444,"success",NA
"kernelPLS","poly_degree4_offset1","synthetic_classification_p_lt_n","classification",3,4,0.542857142857143,0.542857142857143,"success",NA
"kernelPLS","poly_degree4_offset1","synthetic_classification_p_lt_n","classification",3,5,0.484848484848485,0.484848484848485,"success",NA
"kernelPLS","poly_degree4_offset1","synthetic_classification_p_lt_n","classification",4,1,0.552631578947368,0.552631578947368,"success",NA
"kernelPLS","poly_degree4_offset1","synthetic_classification_p_lt_n","classification",4,2,0.605263157894737,0.605263157894737,"success",NA
"kernelPLS","poly_degree4_offset1","synthetic_classification_p_lt_n","classification",4,3,0.555555555555556,0.555555555555556,"success",NA
"kernelPLS","poly_degree4_offset1","synthetic_classification_p_lt_n","classification",4,4,0.6,0.6,"success",NA
"kernelPLS","poly_degree4_offset1","synthetic_classification_p_lt_n","classification",4,5,0.606060606060606,0.606060606060606,"success",NA
"kernelPLS","poly_degree4_offset1","synthetic_classification_p_lt_n","classification",5,1,0.68421052631579,0.68421052631579,"success",NA
"kernelPLS","poly_degree4_offset1","synthetic_classification_p_lt_n","classification",5,2,0.631578947368421,0.631578947368421,"success",NA
"kernelPLS","poly_degree4_offset1","synthetic_classification_p_lt_n","classification",5,3,0.722222222222222,0.722222222222222,"success",NA
"kernelPLS","poly_degree4_offset1","synthetic_classification_p_lt_n","classification",5,4,0.657142857142857,0.657142857142857,"success",NA
"kernelPLS","poly_degree4_offset1","synthetic_classification_p_lt_n","classification",5,5,0.636363636363636,0.636363636363636,"success",NA
"kernelPLS","poly_degree3_offset0","synthetic_classification_p_lt_n","classification",1,1,0.31578947368421,0.31578947368421,"success",NA
"kernelPLS","poly_degree3_offset0","synthetic_classification_p_lt_n","classification",1,2,0.289473684210526,0.289473684210526,"success",NA
"kernelPLS","poly_degree3_offset0","synthetic_classification_p_lt_n","classification",1,3,0.277777777777778,0.277777777777778,"success",NA
"kernelPLS","poly_degree3_offset0","synthetic_classification_p_lt_n","classification",1,4,0.342857142857143,0.342857142857143,"success",NA
"kernelPLS","poly_degree3_offset0","synthetic_classification_p_lt_n","classification",1,5,0.272727272727273,0.272727272727273,"success",NA
"kernelPLS","poly_degree3_offset0","synthetic_classification_p_lt_n","classification",2,1,0.394736842105263,0.394736842105263,"success",NA
"kernelPLS","poly_degree3_offset0","synthetic_classification_p_lt_n","classification",2,2,0.394736842105263,0.394736842105263,"success",NA
"kernelPLS","poly_degree3_offset0","synthetic_classification_p_lt_n","classification",2,3,0.5,0.5,"success",NA
"kernelPLS","poly_degree3_offset0","synthetic_classification_p_lt_n","classification",2,4,0.457142857142857,0.457142857142857,"success",NA
"kernelPLS","poly_degree3_offset0","synthetic_classification_p_lt_n","classification",2,5,0.333333333333333,0.333333333333333,"success",NA
"kernelPLS","poly_degree3_offset0","synthetic_classification_p_lt_n","classification",3,1,0.473684210526316,0.473684210526316,"success",NA
"kernelPLS","poly_degree3_offset0","synthetic_classification_p_lt_n","classification",3,2,0.552631578947368,0.552631578947368,"success",NA
"kernelPLS","poly_degree3_offset0","synthetic_classification_p_lt_n","classification",3,3,0.527777777777778,0.527777777777778,"success",NA
"kernelPLS","poly_degree3_offset0","synthetic_classification_p_lt_n","classification",3,4,0.514285714285714,0.514285714285714,"success",NA
"kernelPLS","poly_degree3_offset0","synthetic_classification_p_lt_n","classification",3,5,0.454545454545455,0.454545454545455,"success",NA
"kernelPLS","poly_degree3_offset0","synthetic_classification_p_lt_n","classification",4,1,0.578947368421053,0.578947368421053,"success",NA
"kernelPLS","poly_degree3_offset0","synthetic_classification_p_lt_n","classification",4,2,0.657894736842105,0.657894736842105,"success",NA
"kernelPLS","poly_degree3_offset0","synthetic_classification_p_lt_n","classification",4,3,0.555555555555556,0.555555555555556,"success",NA
"kernelPLS","poly_degree3_offset0","synthetic_classification_p_lt_n","classification",4,4,0.657142857142857,0.657142857142857,"success",NA
"kernelPLS","poly_degree3_offset0","synthetic_classification_p_lt_n","classification",4,5,0.575757575757576,0.575757575757576,"success",NA
"kernelPLS","poly_degree3_offset0","synthetic_classification_p_lt_n","classification",5,1,0.657894736842105,0.657894736842105,"success",NA
"kernelPLS","poly_degree3_offset0","synthetic_classification_p_lt_n","classification",5,2,0.605263157894737,0.605263157894737,"success",NA
"kernelPLS","poly_degree3_offset0","synthetic_classification_p_lt_n","classification",5,3,0.694444444444444,0.694444444444444,"success",NA
"kernelPLS","poly_degree3_offset0","synthetic_classification_p_lt_n","classification",5,4,0.771428571428571,0.771428571428571,"success",NA
"kernelPLS","poly_degree3_offset0","synthetic_classification_p_lt_n","classification",5,5,0.696969696969697,0.696969696969697,"success",NA
"OPLS","north_1","synthetic_classification_p_gt_n","classification",1,1,0.476190476190476,0.476190476190476,"success",NA
"OPLS","north_1","synthetic_classification_p_gt_n","classification",1,2,0.473684210526316,0.473684210526316,"success",NA
"OPLS","north_1","synthetic_classification_p_gt_n","classification",1,3,0.470588235294118,0.470588235294118,"success",NA
"OPLS","north_1","synthetic_classification_p_gt_n","classification",1,4,0.529411764705882,0.529411764705882,"success",NA
"OPLS","north_1","synthetic_classification_p_gt_n","classification",1,5,0.4375,0.4375,"success",NA
"OPLS","north_1","synthetic_classification_p_gt_n","classification",2,1,0.571428571428571,0.571428571428571,"success",NA
"OPLS","north_1","synthetic_classification_p_gt_n","classification",2,2,0.578947368421053,0.578947368421053,"success",NA
"OPLS","north_1","synthetic_classification_p_gt_n","classification",2,3,0.588235294117647,0.588235294117647,"success",NA
"OPLS","north_1","synthetic_classification_p_gt_n","classification",2,4,0.647058823529412,0.647058823529412,"success",NA
"OPLS","north_1","synthetic_classification_p_gt_n","classification",2,5,0.5625,0.5625,"success",NA
"OPLS","north_1","synthetic_classification_p_gt_n","classification",3,1,0.714285714285714,0.714285714285714,"success",NA
"OPLS","north_1","synthetic_classification_p_gt_n","classification",3,2,0.68421052631579,0.68421052631579,"success",NA
"OPLS","north_1","synthetic_classification_p_gt_n","classification",3,3,0.764705882352941,0.764705882352941,"success",NA
"OPLS","north_1","synthetic_classification_p_gt_n","classification",3,4,0.647058823529412,0.647058823529412,"success",NA
"OPLS","north_1","synthetic_classification_p_gt_n","classification",3,5,0.625,0.625,"success",NA
"OPLS","north_1","synthetic_classification_p_gt_n","classification",4,1,0.761904761904762,0.761904761904762,"success",NA
"OPLS","north_1","synthetic_classification_p_gt_n","classification",4,2,0.68421052631579,0.68421052631579,"success",NA
"OPLS","north_1","synthetic_classification_p_gt_n","classification",4,3,0.764705882352941,0.764705882352941,"success",NA
"OPLS","north_1","synthetic_classification_p_gt_n","classification",4,4,0.647058823529412,0.647058823529412,"success",NA
"OPLS","north_1","synthetic_classification_p_gt_n","classification",4,5,0.625,0.625,"success",NA
"OPLS","north_1","synthetic_classification_p_gt_n","classification",5,1,0.761904761904762,0.761904761904762,"success",NA
"OPLS","north_1","synthetic_classification_p_gt_n","classification",5,2,0.68421052631579,0.68421052631579,"success",NA
"OPLS","north_1","synthetic_classification_p_gt_n","classification",5,3,0.764705882352941,0.764705882352941,"success",NA
"OPLS","north_1","synthetic_classification_p_gt_n","classification",5,4,0.647058823529412,0.647058823529412,"success",NA
"OPLS","north_1","synthetic_classification_p_gt_n","classification",5,5,0.625,0.625,"success",NA
"OPLS","north_2","synthetic_classification_p_gt_n","classification",1,1,0.476190476190476,0.476190476190476,"success",NA
"OPLS","north_2","synthetic_classification_p_gt_n","classification",1,2,0.473684210526316,0.473684210526316,"success",NA
"OPLS","north_2","synthetic_classification_p_gt_n","classification",1,3,0.470588235294118,0.470588235294118,"success",NA
"OPLS","north_2","synthetic_classification_p_gt_n","classification",1,4,0.529411764705882,0.529411764705882,"success",NA
"OPLS","north_2","synthetic_classification_p_gt_n","classification",1,5,0.4375,0.4375,"success",NA
"OPLS","north_2","synthetic_classification_p_gt_n","classification",2,1,0.619047619047619,0.619047619047619,"success",NA
"OPLS","north_2","synthetic_classification_p_gt_n","classification",2,2,0.526315789473684,0.526315789473684,"success",NA
"OPLS","north_2","synthetic_classification_p_gt_n","classification",2,3,0.705882352941177,0.705882352941177,"success",NA
"OPLS","north_2","synthetic_classification_p_gt_n","classification",2,4,0.529411764705882,0.529411764705882,"success",NA
"OPLS","north_2","synthetic_classification_p_gt_n","classification",2,5,0.5,0.5,"success",NA
"OPLS","north_2","synthetic_classification_p_gt_n","classification",3,1,0.571428571428571,0.571428571428571,"success",NA
"OPLS","north_2","synthetic_classification_p_gt_n","classification",3,2,0.526315789473684,0.526315789473684,"success",NA
"OPLS","north_2","synthetic_classification_p_gt_n","classification",3,3,0.705882352941177,0.705882352941177,"success",NA
"OPLS","north_2","synthetic_classification_p_gt_n","classification",3,4,0.588235294117647,0.588235294117647,"success",NA
"OPLS","north_2","synthetic_classification_p_gt_n","classification",3,5,0.5,0.5,"success",NA
"OPLS","north_2","synthetic_classification_p_gt_n","classification",4,1,0.619047619047619,0.619047619047619,"success",NA
"OPLS","north_2","synthetic_classification_p_gt_n","classification",4,2,0.526315789473684,0.526315789473684,"success",NA
"OPLS","north_2","synthetic_classification_p_gt_n","classification",4,3,0.705882352941177,0.705882352941177,"success",NA
"OPLS","north_2","synthetic_classification_p_gt_n","classification",4,4,0.647058823529412,0.647058823529412,"success",NA
"OPLS","north_2","synthetic_classification_p_gt_n","classification",4,5,0.5,0.5,"success",NA
"OPLS","north_2","synthetic_classification_p_gt_n","classification",5,1,0.523809523809524,0.523809523809524,"success",NA
"OPLS","north_2","synthetic_classification_p_gt_n","classification",5,2,0.526315789473684,0.526315789473684,"success",NA
"OPLS","north_2","synthetic_classification_p_gt_n","classification",5,3,0.529411764705882,0.529411764705882,"success",NA
"OPLS","north_2","synthetic_classification_p_gt_n","classification",5,4,0.529411764705882,0.529411764705882,"success",NA
"OPLS","north_2","synthetic_classification_p_gt_n","classification",5,5,0.5625,0.5625,"success",NA
"OPLS","north_3","synthetic_classification_p_gt_n","classification",1,1,0.476190476190476,0.476190476190476,"success",NA
"OPLS","north_3","synthetic_classification_p_gt_n","classification",1,2,0.473684210526316,0.473684210526316,"success",NA
"OPLS","north_3","synthetic_classification_p_gt_n","classification",1,3,0.470588235294118,0.470588235294118,"success",NA
"OPLS","north_3","synthetic_classification_p_gt_n","classification",1,4,0.529411764705882,0.529411764705882,"success",NA
"OPLS","north_3","synthetic_classification_p_gt_n","classification",1,5,0.4375,0.4375,"success",NA
"OPLS","north_3","synthetic_classification_p_gt_n","classification",2,1,0.571428571428571,0.571428571428571,"success",NA
"OPLS","north_3","synthetic_classification_p_gt_n","classification",2,2,0.526315789473684,0.526315789473684,"success",NA
"OPLS","north_3","synthetic_classification_p_gt_n","classification",2,3,0.647058823529412,0.647058823529412,"success",NA
"OPLS","north_3","synthetic_classification_p_gt_n","classification",2,4,0.529411764705882,0.529411764705882,"success",NA
"OPLS","north_3","synthetic_classification_p_gt_n","classification",2,5,0.5625,0.5625,"success",NA
"OPLS","north_3","synthetic_classification_p_gt_n","classification",3,1,0.619047619047619,0.619047619047619,"success",NA
"OPLS","north_3","synthetic_classification_p_gt_n","classification",3,2,0.473684210526316,0.473684210526316,"success",NA
"OPLS","north_3","synthetic_classification_p_gt_n","classification",3,3,0.588235294117647,0.588235294117647,"success",NA
"OPLS","north_3","synthetic_classification_p_gt_n","classification",3,4,0.647058823529412,0.647058823529412,"success",NA
"OPLS","north_3","synthetic_classification_p_gt_n","classification",3,5,0.375,0.375,"success",NA
"OPLS","north_3","synthetic_classification_p_gt_n","classification",4,1,0.523809523809524,0.523809523809524,"success",NA
"OPLS","north_3","synthetic_classification_p_gt_n","classification",4,2,0.421052631578947,0.421052631578947,"success",NA
"OPLS","north_3","synthetic_classification_p_gt_n","classification",4,3,0.470588235294118,0.470588235294118,"success",NA
"OPLS","north_3","synthetic_classification_p_gt_n","classification",4,4,0.588235294117647,0.588235294117647,"success",NA
"OPLS","north_3","synthetic_classification_p_gt_n","classification",4,5,0.5,0.5,"success",NA
"OPLS","north_3","synthetic_classification_p_gt_n","classification",5,1,0.476190476190476,0.476190476190476,"success",NA
"OPLS","north_3","synthetic_classification_p_gt_n","classification",5,2,0.526315789473684,0.526315789473684,"success",NA
"OPLS","north_3","synthetic_classification_p_gt_n","classification",5,3,0.588235294117647,0.588235294117647,"success",NA
"OPLS","north_3","synthetic_classification_p_gt_n","classification",5,4,0.529411764705882,0.529411764705882,"success",NA
"OPLS","north_3","synthetic_classification_p_gt_n","classification",5,5,0.5,0.5,"success",NA
"kernelPLS","linear","synthetic_classification_p_gt_n","classification",1,1,0.476190476190476,0.476190476190476,"success",NA
"kernelPLS","linear","synthetic_classification_p_gt_n","classification",1,2,0.473684210526316,0.473684210526316,"success",NA
"kernelPLS","linear","synthetic_classification_p_gt_n","classification",1,3,0.470588235294118,0.470588235294118,"success",NA
"kernelPLS","linear","synthetic_classification_p_gt_n","classification",1,4,0.529411764705882,0.529411764705882,"success",NA
"kernelPLS","linear","synthetic_classification_p_gt_n","classification",1,5,0.4375,0.4375,"success",NA
"kernelPLS","linear","synthetic_classification_p_gt_n","classification",2,1,0.523809523809524,0.523809523809524,"success",NA
"kernelPLS","linear","synthetic_classification_p_gt_n","classification",2,2,0.631578947368421,0.631578947368421,"success",NA
"kernelPLS","linear","synthetic_classification_p_gt_n","classification",2,3,0.588235294117647,0.588235294117647,"success",NA
"kernelPLS","linear","synthetic_classification_p_gt_n","classification",2,4,0.647058823529412,0.647058823529412,"success",NA
"kernelPLS","linear","synthetic_classification_p_gt_n","classification",2,5,0.4375,0.4375,"success",NA
"kernelPLS","linear","synthetic_classification_p_gt_n","classification",3,1,0.666666666666667,0.666666666666667,"success",NA
"kernelPLS","linear","synthetic_classification_p_gt_n","classification",3,2,0.68421052631579,0.68421052631579,"success",NA
"kernelPLS","linear","synthetic_classification_p_gt_n","classification",3,3,0.705882352941177,0.705882352941177,"success",NA
"kernelPLS","linear","synthetic_classification_p_gt_n","classification",3,4,0.647058823529412,0.647058823529412,"success",NA
"kernelPLS","linear","synthetic_classification_p_gt_n","classification",3,5,0.625,0.625,"success",NA
"kernelPLS","linear","synthetic_classification_p_gt_n","classification",4,1,0.80952380952381,0.80952380952381,"success",NA
"kernelPLS","linear","synthetic_classification_p_gt_n","classification",4,2,0.842105263157895,0.842105263157895,"success",NA
"kernelPLS","linear","synthetic_classification_p_gt_n","classification",4,3,0.941176470588235,0.941176470588235,"success",NA
"kernelPLS","linear","synthetic_classification_p_gt_n","classification",4,4,0.823529411764706,0.823529411764706,"success",NA
"kernelPLS","linear","synthetic_classification_p_gt_n","classification",4,5,0.5625,0.5625,"success",NA
"kernelPLS","linear","synthetic_classification_p_gt_n","classification",5,1,0.80952380952381,0.80952380952381,"success",NA
"kernelPLS","linear","synthetic_classification_p_gt_n","classification",5,2,0.842105263157895,0.842105263157895,"success",NA
"kernelPLS","linear","synthetic_classification_p_gt_n","classification",5,3,0.88235294117647,0.88235294117647,"success",NA
"kernelPLS","linear","synthetic_classification_p_gt_n","classification",5,4,0.823529411764706,0.823529411764706,"success",NA
"kernelPLS","linear","synthetic_classification_p_gt_n","classification",5,5,0.6875,0.6875,"success",NA
"kernelPLS","rbf_gamma_0.25_over_p","synthetic_classification_p_gt_n","classification",1,1,0.476190476190476,0.476190476190476,"success",NA
"kernelPLS","rbf_gamma_0.25_over_p","synthetic_classification_p_gt_n","classification",1,2,0.473684210526316,0.473684210526316,"success",NA
"kernelPLS","rbf_gamma_0.25_over_p","synthetic_classification_p_gt_n","classification",1,3,0.470588235294118,0.470588235294118,"success",NA
"kernelPLS","rbf_gamma_0.25_over_p","synthetic_classification_p_gt_n","classification",1,4,0.529411764705882,0.529411764705882,"success",NA
"kernelPLS","rbf_gamma_0.25_over_p","synthetic_classification_p_gt_n","classification",1,5,0.4375,0.4375,"success",NA
"kernelPLS","rbf_gamma_0.25_over_p","synthetic_classification_p_gt_n","classification",2,1,0.523809523809524,0.523809523809524,"success",NA
"kernelPLS","rbf_gamma_0.25_over_p","synthetic_classification_p_gt_n","classification",2,2,0.578947368421053,0.578947368421053,"success",NA
"kernelPLS","rbf_gamma_0.25_over_p","synthetic_classification_p_gt_n","classification",2,3,0.588235294117647,0.588235294117647,"success",NA
"kernelPLS","rbf_gamma_0.25_over_p","synthetic_classification_p_gt_n","classification",2,4,0.647058823529412,0.647058823529412,"success",NA
"kernelPLS","rbf_gamma_0.25_over_p","synthetic_classification_p_gt_n","classification",2,5,0.4375,0.4375,"success",NA
"kernelPLS","rbf_gamma_0.25_over_p","synthetic_classification_p_gt_n","classification",3,1,0.666666666666667,0.666666666666667,"success",NA
"kernelPLS","rbf_gamma_0.25_over_p","synthetic_classification_p_gt_n","classification",3,2,0.736842105263158,0.736842105263158,"success",NA
"kernelPLS","rbf_gamma_0.25_over_p","synthetic_classification_p_gt_n","classification",3,3,0.529411764705882,0.529411764705882,"success",NA
"kernelPLS","rbf_gamma_0.25_over_p","synthetic_classification_p_gt_n","classification",3,4,0.764705882352941,0.764705882352941,"success",NA
"kernelPLS","rbf_gamma_0.25_over_p","synthetic_classification_p_gt_n","classification",3,5,0.5625,0.5625,"success",NA
"kernelPLS","rbf_gamma_0.25_over_p","synthetic_classification_p_gt_n","classification",4,1,0.761904761904762,0.761904761904762,"success",NA
"kernelPLS","rbf_gamma_0.25_over_p","synthetic_classification_p_gt_n","classification",4,2,0.736842105263158,0.736842105263158,"success",NA
"kernelPLS","rbf_gamma_0.25_over_p","synthetic_classification_p_gt_n","classification",4,3,0.941176470588235,0.941176470588235,"success",NA
"kernelPLS","rbf_gamma_0.25_over_p","synthetic_classification_p_gt_n","classification",4,4,0.705882352941177,0.705882352941177,"success",NA
"kernelPLS","rbf_gamma_0.25_over_p","synthetic_classification_p_gt_n","classification",4,5,0.5625,0.5625,"success",NA
"kernelPLS","rbf_gamma_0.25_over_p","synthetic_classification_p_gt_n","classification",5,1,0.714285714285714,0.714285714285714,"success",NA
"kernelPLS","rbf_gamma_0.25_over_p","synthetic_classification_p_gt_n","classification",5,2,0.842105263157895,0.842105263157895,"success",NA
"kernelPLS","rbf_gamma_0.25_over_p","synthetic_classification_p_gt_n","classification",5,3,0.941176470588235,0.941176470588235,"success",NA
"kernelPLS","rbf_gamma_0.25_over_p","synthetic_classification_p_gt_n","classification",5,4,0.764705882352941,0.764705882352941,"success",NA
"kernelPLS","rbf_gamma_0.25_over_p","synthetic_classification_p_gt_n","classification",5,5,0.625,0.625,"success",NA
"kernelPLS","rbf_gamma_1_over_p","synthetic_classification_p_gt_n","classification",1,1,0.476190476190476,0.476190476190476,"success",NA
"kernelPLS","rbf_gamma_1_over_p","synthetic_classification_p_gt_n","classification",1,2,0.421052631578947,0.421052631578947,"success",NA
"kernelPLS","rbf_gamma_1_over_p","synthetic_classification_p_gt_n","classification",1,3,0.470588235294118,0.470588235294118,"success",NA
"kernelPLS","rbf_gamma_1_over_p","synthetic_classification_p_gt_n","classification",1,4,0.529411764705882,0.529411764705882,"success",NA
"kernelPLS","rbf_gamma_1_over_p","synthetic_classification_p_gt_n","classification",1,5,0.4375,0.4375,"success",NA
"kernelPLS","rbf_gamma_1_over_p","synthetic_classification_p_gt_n","classification",2,1,0.523809523809524,0.523809523809524,"success",NA
"kernelPLS","rbf_gamma_1_over_p","synthetic_classification_p_gt_n","classification",2,2,0.578947368421053,0.578947368421053,"success",NA
"kernelPLS","rbf_gamma_1_over_p","synthetic_classification_p_gt_n","classification",2,3,0.470588235294118,0.470588235294118,"success",NA
"kernelPLS","rbf_gamma_1_over_p","synthetic_classification_p_gt_n","classification",2,4,0.647058823529412,0.647058823529412,"success",NA
"kernelPLS","rbf_gamma_1_over_p","synthetic_classification_p_gt_n","classification",2,5,0.5,0.5,"success",NA
"kernelPLS","rbf_gamma_1_over_p","synthetic_classification_p_gt_n","classification",3,1,0.666666666666667,0.666666666666667,"success",NA
"kernelPLS","rbf_gamma_1_over_p","synthetic_classification_p_gt_n","classification",3,2,0.578947368421053,0.578947368421053,"success",NA
"kernelPLS","rbf_gamma_1_over_p","synthetic_classification_p_gt_n","classification",3,3,0.588235294117647,0.588235294117647,"success",NA
"kernelPLS","rbf_gamma_1_over_p","synthetic_classification_p_gt_n","classification",3,4,0.647058823529412,0.647058823529412,"success",NA
"kernelPLS","rbf_gamma_1_over_p","synthetic_classification_p_gt_n","classification",3,5,0.5625,0.5625,"success",NA
"kernelPLS","rbf_gamma_1_over_p","synthetic_classification_p_gt_n","classification",4,1,0.761904761904762,0.761904761904762,"success",NA
"kernelPLS","rbf_gamma_1_over_p","synthetic_classification_p_gt_n","classification",4,2,0.736842105263158,0.736842105263158,"success",NA
"kernelPLS","rbf_gamma_1_over_p","synthetic_classification_p_gt_n","classification",4,3,0.941176470588235,0.941176470588235,"success",NA
"kernelPLS","rbf_gamma_1_over_p","synthetic_classification_p_gt_n","classification",4,4,0.647058823529412,0.647058823529412,"success",NA
"kernelPLS","rbf_gamma_1_over_p","synthetic_classification_p_gt_n","classification",4,5,0.6875,0.6875,"success",NA
"kernelPLS","rbf_gamma_1_over_p","synthetic_classification_p_gt_n","classification",5,1,0.761904761904762,0.761904761904762,"success",NA
"kernelPLS","rbf_gamma_1_over_p","synthetic_classification_p_gt_n","classification",5,2,0.842105263157895,0.842105263157895,"success",NA
"kernelPLS","rbf_gamma_1_over_p","synthetic_classification_p_gt_n","classification",5,3,0.764705882352941,0.764705882352941,"success",NA
"kernelPLS","rbf_gamma_1_over_p","synthetic_classification_p_gt_n","classification",5,4,0.647058823529412,0.647058823529412,"success",NA
"kernelPLS","rbf_gamma_1_over_p","synthetic_classification_p_gt_n","classification",5,5,0.6875,0.6875,"success",NA
"kernelPLS","rbf_gamma_4_over_p","synthetic_classification_p_gt_n","classification",1,1,0.428571428571429,0.428571428571429,"success",NA
"kernelPLS","rbf_gamma_4_over_p","synthetic_classification_p_gt_n","classification",1,2,0.421052631578947,0.421052631578947,"success",NA
"kernelPLS","rbf_gamma_4_over_p","synthetic_classification_p_gt_n","classification",1,3,0.411764705882353,0.411764705882353,"success",NA
"kernelPLS","rbf_gamma_4_over_p","synthetic_classification_p_gt_n","classification",1,4,0.470588235294118,0.470588235294118,"success",NA
"kernelPLS","rbf_gamma_4_over_p","synthetic_classification_p_gt_n","classification",1,5,0.4375,0.4375,"success",NA
"kernelPLS","rbf_gamma_4_over_p","synthetic_classification_p_gt_n","classification",2,1,0.523809523809524,0.523809523809524,"success",NA
"kernelPLS","rbf_gamma_4_over_p","synthetic_classification_p_gt_n","classification",2,2,0.631578947368421,0.631578947368421,"success",NA
"kernelPLS","rbf_gamma_4_over_p","synthetic_classification_p_gt_n","classification",2,3,0.529411764705882,0.529411764705882,"success",NA
"kernelPLS","rbf_gamma_4_over_p","synthetic_classification_p_gt_n","classification",2,4,0.529411764705882,0.529411764705882,"success",NA
"kernelPLS","rbf_gamma_4_over_p","synthetic_classification_p_gt_n","classification",2,5,0.5625,0.5625,"success",NA
"kernelPLS","rbf_gamma_4_over_p","synthetic_classification_p_gt_n","classification",3,1,0.571428571428571,0.571428571428571,"success",NA
"kernelPLS","rbf_gamma_4_over_p","synthetic_classification_p_gt_n","classification",3,2,0.68421052631579,0.68421052631579,"success",NA
"kernelPLS","rbf_gamma_4_over_p","synthetic_classification_p_gt_n","classification",3,3,0.588235294117647,0.588235294117647,"success",NA
"kernelPLS","rbf_gamma_4_over_p","synthetic_classification_p_gt_n","classification",3,4,0.470588235294118,0.470588235294118,"success",NA
"kernelPLS","rbf_gamma_4_over_p","synthetic_classification_p_gt_n","classification",3,5,0.5625,0.5625,"success",NA
"kernelPLS","rbf_gamma_4_over_p","synthetic_classification_p_gt_n","classification",4,1,0.714285714285714,0.714285714285714,"success",NA
"kernelPLS","rbf_gamma_4_over_p","synthetic_classification_p_gt_n","classification",4,2,0.68421052631579,0.68421052631579,"success",NA
"kernelPLS","rbf_gamma_4_over_p","synthetic_classification_p_gt_n","classification",4,3,0.647058823529412,0.647058823529412,"success",NA
"kernelPLS","rbf_gamma_4_over_p","synthetic_classification_p_gt_n","classification",4,4,0.529411764705882,0.529411764705882,"success",NA
"kernelPLS","rbf_gamma_4_over_p","synthetic_classification_p_gt_n","classification",4,5,0.625,0.625,"success",NA
"kernelPLS","rbf_gamma_4_over_p","synthetic_classification_p_gt_n","classification",5,1,0.761904761904762,0.761904761904762,"success",NA
"kernelPLS","rbf_gamma_4_over_p","synthetic_classification_p_gt_n","classification",5,2,0.789473684210526,0.789473684210526,"success",NA
"kernelPLS","rbf_gamma_4_over_p","synthetic_classification_p_gt_n","classification",5,3,0.588235294117647,0.588235294117647,"success",NA
"kernelPLS","rbf_gamma_4_over_p","synthetic_classification_p_gt_n","classification",5,4,0.588235294117647,0.588235294117647,"success",NA
"kernelPLS","rbf_gamma_4_over_p","synthetic_classification_p_gt_n","classification",5,5,0.6875,0.6875,"success",NA
"kernelPLS","poly_degree2_offset1","synthetic_classification_p_gt_n","classification",1,1,0.476190476190476,0.476190476190476,"success",NA
"kernelPLS","poly_degree2_offset1","synthetic_classification_p_gt_n","classification",1,2,0.473684210526316,0.473684210526316,"success",NA
"kernelPLS","poly_degree2_offset1","synthetic_classification_p_gt_n","classification",1,3,0.470588235294118,0.470588235294118,"success",NA
"kernelPLS","poly_degree2_offset1","synthetic_classification_p_gt_n","classification",1,4,0.529411764705882,0.529411764705882,"success",NA
"kernelPLS","poly_degree2_offset1","synthetic_classification_p_gt_n","classification",1,5,0.4375,0.4375,"success",NA
"kernelPLS","poly_degree2_offset1","synthetic_classification_p_gt_n","classification",2,1,0.523809523809524,0.523809523809524,"success",NA
"kernelPLS","poly_degree2_offset1","synthetic_classification_p_gt_n","classification",2,2,0.631578947368421,0.631578947368421,"success",NA
"kernelPLS","poly_degree2_offset1","synthetic_classification_p_gt_n","classification",2,3,0.588235294117647,0.588235294117647,"success",NA
"kernelPLS","poly_degree2_offset1","synthetic_classification_p_gt_n","classification",2,4,0.647058823529412,0.647058823529412,"success",NA
"kernelPLS","poly_degree2_offset1","synthetic_classification_p_gt_n","classification",2,5,0.4375,0.4375,"success",NA
"kernelPLS","poly_degree2_offset1","synthetic_classification_p_gt_n","classification",3,1,0.666666666666667,0.666666666666667,"success",NA
"kernelPLS","poly_degree2_offset1","synthetic_classification_p_gt_n","classification",3,2,0.631578947368421,0.631578947368421,"success",NA
"kernelPLS","poly_degree2_offset1","synthetic_classification_p_gt_n","classification",3,3,0.588235294117647,0.588235294117647,"success",NA
"kernelPLS","poly_degree2_offset1","synthetic_classification_p_gt_n","classification",3,4,0.764705882352941,0.764705882352941,"success",NA
"kernelPLS","poly_degree2_offset1","synthetic_classification_p_gt_n","classification",3,5,0.625,0.625,"success",NA
"kernelPLS","poly_degree2_offset1","synthetic_classification_p_gt_n","classification",4,1,0.761904761904762,0.761904761904762,"success",NA
"kernelPLS","poly_degree2_offset1","synthetic_classification_p_gt_n","classification",4,2,0.736842105263158,0.736842105263158,"success",NA
"kernelPLS","poly_degree2_offset1","synthetic_classification_p_gt_n","classification",4,3,0.941176470588235,0.941176470588235,"success",NA
"kernelPLS","poly_degree2_offset1","synthetic_classification_p_gt_n","classification",4,4,0.764705882352941,0.764705882352941,"success",NA
"kernelPLS","poly_degree2_offset1","synthetic_classification_p_gt_n","classification",4,5,0.5625,0.5625,"success",NA
"kernelPLS","poly_degree2_offset1","synthetic_classification_p_gt_n","classification",5,1,0.761904761904762,0.761904761904762,"success",NA
"kernelPLS","poly_degree2_offset1","synthetic_classification_p_gt_n","classification",5,2,0.842105263157895,0.842105263157895,"success",NA
"kernelPLS","poly_degree2_offset1","synthetic_classification_p_gt_n","classification",5,3,0.88235294117647,0.88235294117647,"success",NA
"kernelPLS","poly_degree2_offset1","synthetic_classification_p_gt_n","classification",5,4,0.588235294117647,0.588235294117647,"success",NA
"kernelPLS","poly_degree2_offset1","synthetic_classification_p_gt_n","classification",5,5,0.6875,0.6875,"success",NA
"kernelPLS","poly_degree3_offset1","synthetic_classification_p_gt_n","classification",1,1,0.476190476190476,0.476190476190476,"success",NA
"kernelPLS","poly_degree3_offset1","synthetic_classification_p_gt_n","classification",1,2,0.473684210526316,0.473684210526316,"success",NA
"kernelPLS","poly_degree3_offset1","synthetic_classification_p_gt_n","classification",1,3,0.470588235294118,0.470588235294118,"success",NA
"kernelPLS","poly_degree3_offset1","synthetic_classification_p_gt_n","classification",1,4,0.529411764705882,0.529411764705882,"success",NA
"kernelPLS","poly_degree3_offset1","synthetic_classification_p_gt_n","classification",1,5,0.4375,0.4375,"success",NA
"kernelPLS","poly_degree3_offset1","synthetic_classification_p_gt_n","classification",2,1,0.619047619047619,0.619047619047619,"success",NA
"kernelPLS","poly_degree3_offset1","synthetic_classification_p_gt_n","classification",2,2,0.578947368421053,0.578947368421053,"success",NA
"kernelPLS","poly_degree3_offset1","synthetic_classification_p_gt_n","classification",2,3,0.588235294117647,0.588235294117647,"success",NA
"kernelPLS","poly_degree3_offset1","synthetic_classification_p_gt_n","classification",2,4,0.529411764705882,0.529411764705882,"success",NA
"kernelPLS","poly_degree3_offset1","synthetic_classification_p_gt_n","classification",2,5,0.4375,0.4375,"success",NA
"kernelPLS","poly_degree3_offset1","synthetic_classification_p_gt_n","classification",3,1,0.714285714285714,0.714285714285714,"success",NA
"kernelPLS","poly_degree3_offset1","synthetic_classification_p_gt_n","classification",3,2,0.578947368421053,0.578947368421053,"success",NA
"kernelPLS","poly_degree3_offset1","synthetic_classification_p_gt_n","classification",3,3,0.588235294117647,0.588235294117647,"success",NA
"kernelPLS","poly_degree3_offset1","synthetic_classification_p_gt_n","classification",3,4,0.647058823529412,0.647058823529412,"success",NA
"kernelPLS","poly_degree3_offset1","synthetic_classification_p_gt_n","classification",3,5,0.5625,0.5625,"success",NA
"kernelPLS","poly_degree3_offset1","synthetic_classification_p_gt_n","classification",4,1,0.714285714285714,0.714285714285714,"success",NA
"kernelPLS","poly_degree3_offset1","synthetic_classification_p_gt_n","classification",4,2,0.68421052631579,0.68421052631579,"success",NA
"kernelPLS","poly_degree3_offset1","synthetic_classification_p_gt_n","classification",4,3,0.764705882352941,0.764705882352941,"success",NA
"kernelPLS","poly_degree3_offset1","synthetic_classification_p_gt_n","classification",4,4,0.764705882352941,0.764705882352941,"success",NA
"kernelPLS","poly_degree3_offset1","synthetic_classification_p_gt_n","classification",4,5,0.5625,0.5625,"success",NA
"kernelPLS","poly_degree3_offset1","synthetic_classification_p_gt_n","classification",5,1,0.619047619047619,0.619047619047619,"success",NA
"kernelPLS","poly_degree3_offset1","synthetic_classification_p_gt_n","classification",5,2,0.789473684210526,0.789473684210526,"success",NA
"kernelPLS","poly_degree3_offset1","synthetic_classification_p_gt_n","classification",5,3,0.823529411764706,0.823529411764706,"success",NA
"kernelPLS","poly_degree3_offset1","synthetic_classification_p_gt_n","classification",5,4,0.588235294117647,0.588235294117647,"success",NA
"kernelPLS","poly_degree3_offset1","synthetic_classification_p_gt_n","classification",5,5,0.75,0.75,"success",NA
"kernelPLS","poly_degree4_offset1","synthetic_classification_p_gt_n","classification",1,1,0.333333333333333,0.333333333333333,"success",NA
"kernelPLS","poly_degree4_offset1","synthetic_classification_p_gt_n","classification",1,2,0.263157894736842,0.263157894736842,"success",NA
"kernelPLS","poly_degree4_offset1","synthetic_classification_p_gt_n","classification",1,3,0.411764705882353,0.411764705882353,"success",NA
"kernelPLS","poly_degree4_offset1","synthetic_classification_p_gt_n","classification",1,4,0.294117647058824,0.294117647058824,"success",NA
"kernelPLS","poly_degree4_offset1","synthetic_classification_p_gt_n","classification",1,5,0.3125,0.3125,"success",NA
"kernelPLS","poly_degree4_offset1","synthetic_classification_p_gt_n","classification",2,1,0.571428571428571,0.571428571428571,"success",NA
"kernelPLS","poly_degree4_offset1","synthetic_classification_p_gt_n","classification",2,2,0.473684210526316,0.473684210526316,"success",NA
"kernelPLS","poly_degree4_offset1","synthetic_classification_p_gt_n","classification",2,3,0.588235294117647,0.588235294117647,"success",NA
"kernelPLS","poly_degree4_offset1","synthetic_classification_p_gt_n","classification",2,4,0.529411764705882,0.529411764705882,"success",NA
"kernelPLS","poly_degree4_offset1","synthetic_classification_p_gt_n","classification",2,5,0.4375,0.4375,"success",NA
"kernelPLS","poly_degree4_offset1","synthetic_classification_p_gt_n","classification",3,1,0.523809523809524,0.523809523809524,"success",NA
"kernelPLS","poly_degree4_offset1","synthetic_classification_p_gt_n","classification",3,2,0.31578947368421,0.31578947368421,"success",NA
"kernelPLS","poly_degree4_offset1","synthetic_classification_p_gt_n","classification",3,3,0.647058823529412,0.647058823529412,"success",NA
"kernelPLS","poly_degree4_offset1","synthetic_classification_p_gt_n","classification",3,4,0.647058823529412,0.647058823529412,"success",NA
"kernelPLS","poly_degree4_offset1","synthetic_classification_p_gt_n","classification",3,5,0.4375,0.4375,"success",NA
"kernelPLS","poly_degree4_offset1","synthetic_classification_p_gt_n","classification",4,1,0.571428571428571,0.571428571428571,"success",NA
"kernelPLS","poly_degree4_offset1","synthetic_classification_p_gt_n","classification",4,2,0.526315789473684,0.526315789473684,"success",NA
"kernelPLS","poly_degree4_offset1","synthetic_classification_p_gt_n","classification",4,3,0.588235294117647,0.588235294117647,"success",NA
"kernelPLS","poly_degree4_offset1","synthetic_classification_p_gt_n","classification",4,4,0.705882352941177,0.705882352941177,"success",NA
"kernelPLS","poly_degree4_offset1","synthetic_classification_p_gt_n","classification",4,5,0.5625,0.5625,"success",NA
"kernelPLS","poly_degree4_offset1","synthetic_classification_p_gt_n","classification",5,1,0.523809523809524,0.523809523809524,"success",NA
"kernelPLS","poly_degree4_offset1","synthetic_classification_p_gt_n","classification",5,2,0.68421052631579,0.68421052631579,"success",NA
"kernelPLS","poly_degree4_offset1","synthetic_classification_p_gt_n","classification",5,3,0.705882352941177,0.705882352941177,"success",NA
"kernelPLS","poly_degree4_offset1","synthetic_classification_p_gt_n","classification",5,4,0.705882352941177,0.705882352941177,"success",NA
"kernelPLS","poly_degree4_offset1","synthetic_classification_p_gt_n","classification",5,5,0.75,0.75,"success",NA
"kernelPLS","poly_degree3_offset0","synthetic_classification_p_gt_n","classification",1,1,0.333333333333333,0.333333333333333,"success",NA
"kernelPLS","poly_degree3_offset0","synthetic_classification_p_gt_n","classification",1,2,0.263157894736842,0.263157894736842,"success",NA
"kernelPLS","poly_degree3_offset0","synthetic_classification_p_gt_n","classification",1,3,0.352941176470588,0.352941176470588,"success",NA
"kernelPLS","poly_degree3_offset0","synthetic_classification_p_gt_n","classification",1,4,0.294117647058824,0.294117647058824,"success",NA
"kernelPLS","poly_degree3_offset0","synthetic_classification_p_gt_n","classification",1,5,0.3125,0.3125,"success",NA
"kernelPLS","poly_degree3_offset0","synthetic_classification_p_gt_n","classification",2,1,0.476190476190476,0.476190476190476,"success",NA
"kernelPLS","poly_degree3_offset0","synthetic_classification_p_gt_n","classification",2,2,0.473684210526316,0.473684210526316,"success",NA
"kernelPLS","poly_degree3_offset0","synthetic_classification_p_gt_n","classification",2,3,0.352941176470588,0.352941176470588,"success",NA
"kernelPLS","poly_degree3_offset0","synthetic_classification_p_gt_n","classification",2,4,0.470588235294118,0.470588235294118,"success",NA
"kernelPLS","poly_degree3_offset0","synthetic_classification_p_gt_n","classification",2,5,0.4375,0.4375,"success",NA
"kernelPLS","poly_degree3_offset0","synthetic_classification_p_gt_n","classification",3,1,0.428571428571429,0.428571428571429,"success",NA
"kernelPLS","poly_degree3_offset0","synthetic_classification_p_gt_n","classification",3,2,0.421052631578947,0.421052631578947,"success",NA
"kernelPLS","poly_degree3_offset0","synthetic_classification_p_gt_n","classification",3,3,0.470588235294118,0.470588235294118,"success",NA
"kernelPLS","poly_degree3_offset0","synthetic_classification_p_gt_n","classification",3,4,0.529411764705882,0.529411764705882,"success",NA
"kernelPLS","poly_degree3_offset0","synthetic_classification_p_gt_n","classification",3,5,0.4375,0.4375,"success",NA
"kernelPLS","poly_degree3_offset0","synthetic_classification_p_gt_n","classification",4,1,0.571428571428571,0.571428571428571,"success",NA
"kernelPLS","poly_degree3_offset0","synthetic_classification_p_gt_n","classification",4,2,0.526315789473684,0.526315789473684,"success",NA
"kernelPLS","poly_degree3_offset0","synthetic_classification_p_gt_n","classification",4,3,0.529411764705882,0.529411764705882,"success",NA
"kernelPLS","poly_degree3_offset0","synthetic_classification_p_gt_n","classification",4,4,0.588235294117647,0.588235294117647,"success",NA
"kernelPLS","poly_degree3_offset0","synthetic_classification_p_gt_n","classification",4,5,0.5,0.5,"success",NA
"kernelPLS","poly_degree3_offset0","synthetic_classification_p_gt_n","classification",5,1,0.428571428571429,0.428571428571429,"success",NA
"kernelPLS","poly_degree3_offset0","synthetic_classification_p_gt_n","classification",5,2,0.578947368421053,0.578947368421053,"success",NA
"kernelPLS","poly_degree3_offset0","synthetic_classification_p_gt_n","classification",5,3,0.588235294117647,0.588235294117647,"success",NA
"kernelPLS","poly_degree3_offset0","synthetic_classification_p_gt_n","classification",5,4,0.588235294117647,0.588235294117647,"success",NA
"kernelPLS","poly_degree3_offset0","synthetic_classification_p_gt_n","classification",5,5,0.625,0.625,"success",NA
"OPLS","north_1","gasoline_real_regression","regression",1,1,0.919546341610624,0.919546341610622,"success",NA
"OPLS","north_1","gasoline_real_regression","regression",1,2,0.886977921756076,0.886977921756075,"success",NA
"OPLS","north_1","gasoline_real_regression","regression",1,3,0.353489485859811,0.353489485859808,"success",NA
"OPLS","north_1","gasoline_real_regression","regression",1,4,0.552504046605709,0.552504046605709,"success",NA
"OPLS","north_1","gasoline_real_regression","regression",1,5,0.570852535714801,0.570852535714807,"success",NA
"OPLS","north_1","gasoline_real_regression","regression",2,1,0.336548096281338,0.336548096281339,"success",NA
"OPLS","north_1","gasoline_real_regression","regression",2,2,0.332079199433411,0.332079199433418,"success",NA
"OPLS","north_1","gasoline_real_regression","regression",2,3,0.19484134946184,0.19484134946184,"success",NA
"OPLS","north_1","gasoline_real_regression","regression",2,4,0.363658335654976,0.363658335654974,"success",NA
"OPLS","north_1","gasoline_real_regression","regression",2,5,0.237930382751536,0.237930382751532,"success",NA
"OPLS","north_1","gasoline_real_regression","regression",3,1,0.215171636052144,0.215171636052177,"success",NA
"OPLS","north_1","gasoline_real_regression","regression",3,2,0.22534342727224,0.225343427272057,"success",NA
"OPLS","north_1","gasoline_real_regression","regression",3,3,0.184655577006101,0.184655577006082,"success",NA
"OPLS","north_1","gasoline_real_regression","regression",3,4,0.239719099141181,0.239719099141199,"success",NA
"OPLS","north_1","gasoline_real_regression","regression",3,5,0.32954420328466,0.329544203284626,"success",NA
"OPLS","north_1","gasoline_real_regression","regression",4,1,0.165030629037343,0.165030629037498,"success",NA
"OPLS","north_1","gasoline_real_regression","regression",4,2,0.276997419123919,0.276997419123304,"success",NA
"OPLS","north_1","gasoline_real_regression","regression",4,3,0.163281820607894,0.163281820607857,"success",NA
"OPLS","north_1","gasoline_real_regression","regression",4,4,0.226064275852637,0.226064275852659,"success",NA
"OPLS","north_1","gasoline_real_regression","regression",4,5,0.286839773314199,0.286839773314687,"success",NA
"OPLS","north_1","gasoline_real_regression","regression",5,1,0.158505499827324,0.158505499827035,"success",NA
"OPLS","north_1","gasoline_real_regression","regression",5,2,0.250762938704346,0.250762938704963,"success",NA
"OPLS","north_1","gasoline_real_regression","regression",5,3,0.206164272673128,0.206164272672599,"success",NA
"OPLS","north_1","gasoline_real_regression","regression",5,4,0.19487448676252,0.194874486763275,"success",NA
"OPLS","north_1","gasoline_real_regression","regression",5,5,0.24573297730038,0.245732977302353,"success",NA
"OPLS","north_2","gasoline_real_regression","regression",1,1,0.33654809628134,0.33654809628134,"success",NA
"OPLS","north_2","gasoline_real_regression","regression",1,2,0.332079199433411,0.33207919943342,"success",NA
"OPLS","north_2","gasoline_real_regression","regression",1,3,0.19484134946184,0.194841349461842,"success",NA
"OPLS","north_2","gasoline_real_regression","regression",1,4,0.363658335654977,0.363658335654977,"success",NA
"OPLS","north_2","gasoline_real_regression","regression",1,5,0.237930382751536,0.237930382751532,"success",NA
"OPLS","north_2","gasoline_real_regression","regression",2,1,0.215171636052174,0.215171636052185,"success",NA
"OPLS","north_2","gasoline_real_regression","regression",2,2,0.225343427272142,0.225343427272049,"success",NA
"OPLS","north_2","gasoline_real_regression","regression",2,3,0.184655577006091,0.184655577006091,"success",NA
"OPLS","north_2","gasoline_real_regression","regression",2,4,0.239719099141217,0.239719099141205,"success",NA
"OPLS","north_2","gasoline_real_regression","regression",2,5,0.329544203284598,0.32954420328462,"success",NA
"OPLS","north_2","gasoline_real_regression","regression",3,1,0.165030629037512,0.165030629037554,"success",NA
"OPLS","north_2","gasoline_real_regression","regression",3,2,0.276997419123597,0.276997419123287,"success",NA
"OPLS","north_2","gasoline_real_regression","regression",3,3,0.163281820607861,0.163281820607878,"success",NA
"OPLS","north_2","gasoline_real_regression","regression",3,4,0.226064275852718,0.226064275852701,"success",NA
"OPLS","north_2","gasoline_real_regression","regression",3,5,0.286839773314935,0.286839773314646,"success",NA
"OPLS","north_2","gasoline_real_regression","regression",4,1,0.158505499827167,0.158505499827114,"success",NA
"OPLS","north_2","gasoline_real_regression","regression",4,2,0.250762938704583,0.250762938704925,"success",NA
"OPLS","north_2","gasoline_real_regression","regression",4,3,0.206164272673203,0.206164272672661,"success",NA
"OPLS","north_2","gasoline_real_regression","regression",4,4,0.194874486763873,0.194874486763344,"success",NA
"OPLS","north_2","gasoline_real_regression","regression",4,5,0.245732977303436,0.245732977302278,"success",NA
"OPLS","north_2","gasoline_real_regression","regression",5,1,0.170347242700364,0.170347242699957,"success",NA
"OPLS","north_2","gasoline_real_regression","regression",5,2,0.266624711192017,0.266624711189857,"success",NA
"OPLS","north_2","gasoline_real_regression","regression",5,3,0.246546977508855,0.246546977507092,"success",NA
"OPLS","north_2","gasoline_real_regression","regression",5,4,0.220502709931635,0.220502709932889,"success",NA
"OPLS","north_2","gasoline_real_regression","regression",5,5,0.225457095265304,0.225457095263866,"success",NA
"OPLS","north_3","gasoline_real_regression","regression",1,1,0.215171636052172,0.215171636052165,"success",NA
"OPLS","north_3","gasoline_real_regression","regression",1,2,0.22534342727206,0.225343427272047,"success",NA
"OPLS","north_3","gasoline_real_regression","regression",1,3,0.184655577006099,0.184655577006115,"success",NA
"OPLS","north_3","gasoline_real_regression","regression",1,4,0.239719099141231,0.239719099141245,"success",NA
"OPLS","north_3","gasoline_real_regression","regression",1,5,0.329544203284581,0.329544203284593,"success",NA
"OPLS","north_3","gasoline_real_regression","regression",2,1,0.165030629037546,0.165030629037538,"success",NA
"OPLS","north_3","gasoline_real_regression","regression",2,2,0.276997419123262,0.276997419123255,"success",NA
"OPLS","north_3","gasoline_real_regression","regression",2,3,0.163281820607863,0.163281820607883,"success",NA
"OPLS","north_3","gasoline_real_regression","regression",2,4,0.226064275852635,0.226064275852706,"success",NA
"OPLS","north_3","gasoline_real_regression","regression",2,5,0.286839773314255,0.286839773314624,"success",NA
"OPLS","north_3","gasoline_real_regression","regression",3,1,0.158505499827124,0.158505499827099,"success",NA
"OPLS","north_3","gasoline_real_regression","regression",3,2,0.250762938704921,0.250762938704869,"success",NA
"OPLS","north_3","gasoline_real_regression","regression",3,3,0.206164272673134,0.206164272672649,"success",NA
"OPLS","north_3","gasoline_real_regression","regression",3,4,0.194874486760716,0.194874486763315,"success",NA
"OPLS","north_3","gasoline_real_regression","regression",3,5,0.245732977300866,0.245732977302262,"success",NA
"OPLS","north_3","gasoline_real_regression","regression",4,1,0.170347242700008,0.170347242699931,"success",NA
"OPLS","north_3","gasoline_real_regression","regression",4,2,0.266624711189723,0.266624711189745,"success",NA
"OPLS","north_3","gasoline_real_regression","regression",4,3,0.246546977508629,0.246546977507042,"success",NA
"OPLS","north_3","gasoline_real_regression","regression",4,4,0.220502709938573,0.220502709932727,"success",NA
"OPLS","north_3","gasoline_real_regression","regression",4,5,0.225457095262164,0.225457095263861,"success",NA
"OPLS","north_3","gasoline_real_regression","regression",5,1,0.191144817849843,0.191144817849685,"success",NA
"OPLS","north_3","gasoline_real_regression","regression",5,2,0.281344668703118,0.281344668703287,"success",NA
"OPLS","north_3","gasoline_real_regression","regression",5,3,0.361715117572645,0.361715117566195,"success",NA
"OPLS","north_3","gasoline_real_regression","regression",5,4,0.195805851319138,0.195805851321494,"success",NA
"OPLS","north_3","gasoline_real_regression","regression",5,5,0.231411261369184,0.231411261368738,"success",NA
"kernelPLS","linear","gasoline_real_regression","regression",1,1,0.94988430234113,0.949884302341124,"success",NA
"kernelPLS","linear","gasoline_real_regression","regression",1,2,1.49926641880309,1.49926641880309,"success",NA
"kernelPLS","linear","gasoline_real_regression","regression",1,3,1.28806300088116,1.28806300088116,"success",NA
"kernelPLS","linear","gasoline_real_regression","regression",1,4,1.35925607411888,1.35925607411888,"success",NA
"kernelPLS","linear","gasoline_real_regression","regression",1,5,0.739559895103934,0.739559895103939,"success",NA
"kernelPLS","linear","gasoline_real_regression","regression",2,1,0.919546341610622,0.919546341610617,"success",NA
"kernelPLS","linear","gasoline_real_regression","regression",2,2,0.886977921756075,0.886977921756074,"success",NA
"kernelPLS","linear","gasoline_real_regression","regression",2,3,0.353489485859805,0.353489485859808,"success",NA
"kernelPLS","linear","gasoline_real_regression","regression",2,4,0.552504046605709,0.552504046605709,"success",NA
"kernelPLS","linear","gasoline_real_regression","regression",2,5,0.570852535714804,0.570852535714807,"success",NA
"kernelPLS","linear","gasoline_real_regression","regression",3,1,0.336548096281341,0.336548096281342,"success",NA
"kernelPLS","linear","gasoline_real_regression","regression",3,2,0.33207919943341,0.33207919943342,"success",NA
"kernelPLS","linear","gasoline_real_regression","regression",3,3,0.19484134946184,0.194841349461839,"success",NA
"kernelPLS","linear","gasoline_real_regression","regression",3,4,0.363658335654976,0.363658335654977,"success",NA
"kernelPLS","linear","gasoline_real_regression","regression",3,5,0.237930382751536,0.237930382751532,"success",NA
"kernelPLS","linear","gasoline_real_regression","regression",4,1,0.215171636052249,0.2151716360522,"success",NA
"kernelPLS","linear","gasoline_real_regression","regression",4,2,0.225343427271982,0.225343427272041,"success",NA
"kernelPLS","linear","gasoline_real_regression","regression",4,3,0.184655577006104,0.184655577006085,"success",NA
"kernelPLS","linear","gasoline_real_regression","regression",4,4,0.239719099141149,0.239719099141192,"success",NA
"kernelPLS","linear","gasoline_real_regression","regression",4,5,0.329544203284611,0.32954420328462,"success",NA
"kernelPLS","linear","gasoline_real_regression","regression",5,1,0.165030629037902,0.16503062903763,"success",NA
"kernelPLS","linear","gasoline_real_regression","regression",5,2,0.276997419123044,0.276997419123237,"success",NA
"kernelPLS","linear","gasoline_real_regression","regression",5,3,0.163281820607874,0.163281820607859,"success",NA
"kernelPLS","linear","gasoline_real_regression","regression",5,4,0.226064275852584,0.226064275852625,"success",NA
"kernelPLS","linear","gasoline_real_regression","regression",5,5,0.286839773314813,0.286839773314678,"success",NA
"kernelPLS","rbf_gamma_0.25_over_p","gasoline_real_regression","regression",1,1,1.31163727186212,1.31163727186212,"success",NA
"kernelPLS","rbf_gamma_0.25_over_p","gasoline_real_regression","regression",1,2,1.64204938930744,1.64204938930744,"success",NA
"kernelPLS","rbf_gamma_0.25_over_p","gasoline_real_regression","regression",1,3,2.03502104415124,2.03502104415124,"success",NA
"kernelPLS","rbf_gamma_0.25_over_p","gasoline_real_regression","regression",1,4,1.46491799548723,1.46491799548723,"success",NA
"kernelPLS","rbf_gamma_0.25_over_p","gasoline_real_regression","regression",1,5,1.00142658632257,1.00142658632257,"success",NA
"kernelPLS","rbf_gamma_0.25_over_p","gasoline_real_regression","regression",2,1,1.33839296696888,1.33839296696888,"success",NA
"kernelPLS","rbf_gamma_0.25_over_p","gasoline_real_regression","regression",2,2,1.35912135086604,1.35912135086603,"success",NA
"kernelPLS","rbf_gamma_0.25_over_p","gasoline_real_regression","regression",2,3,1.55828815114942,1.55828815114942,"success",NA
"kernelPLS","rbf_gamma_0.25_over_p","gasoline_real_regression","regression",2,4,0.961271638261627,0.961271638261627,"success",NA
"kernelPLS","rbf_gamma_0.25_over_p","gasoline_real_regression","regression",2,5,0.988505448258762,0.988505448258767,"success",NA
"kernelPLS","rbf_gamma_0.25_over_p","gasoline_real_regression","regression",3,1,0.532717268797651,0.53271726879765,"success",NA
"kernelPLS","rbf_gamma_0.25_over_p","gasoline_real_regression","regression",3,2,0.404366319390349,0.404366319390342,"success",NA
"kernelPLS","rbf_gamma_0.25_over_p","gasoline_real_regression","regression",3,3,1.34867991829101,1.34867991829101,"success",NA
"kernelPLS","rbf_gamma_0.25_over_p","gasoline_real_regression","regression",3,4,0.425698154562078,0.425698154562076,"success",NA
"kernelPLS","rbf_gamma_0.25_over_p","gasoline_real_regression","regression",3,5,0.526326451347247,0.526326451347248,"success",NA
"kernelPLS","rbf_gamma_0.25_over_p","gasoline_real_regression","regression",4,1,0.362190853078909,0.362190853078907,"success",NA
"kernelPLS","rbf_gamma_0.25_over_p","gasoline_real_regression","regression",4,2,0.302420655233858,0.302420655233842,"success",NA
"kernelPLS","rbf_gamma_0.25_over_p","gasoline_real_regression","regression",4,3,0.538682492783442,0.538682492783439,"success",NA
"kernelPLS","rbf_gamma_0.25_over_p","gasoline_real_regression","regression",4,4,0.440489451935503,0.440489451935499,"success",NA
"kernelPLS","rbf_gamma_0.25_over_p","gasoline_real_regression","regression",4,5,0.402940116117836,0.402940116117832,"success",NA
"kernelPLS","rbf_gamma_0.25_over_p","gasoline_real_regression","regression",5,1,0.307185385862305,0.307185385862288,"success",NA
"kernelPLS","rbf_gamma_0.25_over_p","gasoline_real_regression","regression",5,2,0.315807969316548,0.315807969316627,"success",NA
"kernelPLS","rbf_gamma_0.25_over_p","gasoline_real_regression","regression",5,3,0.506776477271143,0.506776477271123,"success",NA
"kernelPLS","rbf_gamma_0.25_over_p","gasoline_real_regression","regression",5,4,0.403364585391774,0.403364585391745,"success",NA
"kernelPLS","rbf_gamma_0.25_over_p","gasoline_real_regression","regression",5,5,0.353916843919405,0.353916843919397,"success",NA
"kernelPLS","rbf_gamma_1_over_p","gasoline_real_regression","regression",1,1,1.39544612188483,1.39544612188483,"success",NA
"kernelPLS","rbf_gamma_1_over_p","gasoline_real_regression","regression",1,2,1.2470028929274,1.2470028929274,"success",NA
"kernelPLS","rbf_gamma_1_over_p","gasoline_real_regression","regression",1,3,1.92988273990241,1.92988273990241,"success",NA
"kernelPLS","rbf_gamma_1_over_p","gasoline_real_regression","regression",1,4,0.894651744027211,0.894651744027211,"success",NA
"kernelPLS","rbf_gamma_1_over_p","gasoline_real_regression","regression",1,5,1.18606038665728,1.18606038665729,"success",NA
"kernelPLS","rbf_gamma_1_over_p","gasoline_real_regression","regression",2,1,1.08346221210955,1.08346221210955,"success",NA
"kernelPLS","rbf_gamma_1_over_p","gasoline_real_regression","regression",2,2,1.30647933886313,1.30647933886312,"success",NA
"kernelPLS","rbf_gamma_1_over_p","gasoline_real_regression","regression",2,3,1.50815023368321,1.50815023368321,"success",NA
"kernelPLS","rbf_gamma_1_over_p","gasoline_real_regression","regression",2,4,1.05623998805171,1.05623998805172,"success",NA
"kernelPLS","rbf_gamma_1_over_p","gasoline_real_regression","regression",2,5,1.03769221451995,1.03769221451996,"success",NA
"kernelPLS","rbf_gamma_1_over_p","gasoline_real_regression","regression",3,1,0.825709196102004,0.825709196102005,"success",NA
"kernelPLS","rbf_gamma_1_over_p","gasoline_real_regression","regression",3,2,0.708503062681102,0.708503062681091,"success",NA
"kernelPLS","rbf_gamma_1_over_p","gasoline_real_regression","regression",3,3,1.50374481301806,1.50374481301806,"success",NA
"kernelPLS","rbf_gamma_1_over_p","gasoline_real_regression","regression",3,4,0.535016594729642,0.535016594729641,"success",NA
"kernelPLS","rbf_gamma_1_over_p","gasoline_real_regression","regression",3,5,0.837351061758337,0.837351061758345,"success",NA
"kernelPLS","rbf_gamma_1_over_p","gasoline_real_regression","regression",4,1,0.577202960405152,0.57720296040515,"success",NA
"kernelPLS","rbf_gamma_1_over_p","gasoline_real_regression","regression",4,2,0.781201677047511,0.781201677047509,"success",NA
"kernelPLS","rbf_gamma_1_over_p","gasoline_real_regression","regression",4,3,1.18628904027993,1.18628904027993,"success",NA
"kernelPLS","rbf_gamma_1_over_p","gasoline_real_regression","regression",4,4,0.54007224755986,0.54007224755986,"success",NA
"kernelPLS","rbf_gamma_1_over_p","gasoline_real_regression","regression",4,5,0.674481968634122,0.674481968634126,"success",NA
"kernelPLS","rbf_gamma_1_over_p","gasoline_real_regression","regression",5,1,0.533384982858902,0.533384982858902,"success",NA
"kernelPLS","rbf_gamma_1_over_p","gasoline_real_regression","regression",5,2,0.60455053807818,0.604550538078171,"success",NA
"kernelPLS","rbf_gamma_1_over_p","gasoline_real_regression","regression",5,3,1.07726873713971,1.07726873713971,"success",NA
"kernelPLS","rbf_gamma_1_over_p","gasoline_real_regression","regression",5,4,0.490578439237332,0.490578439237325,"success",NA
"kernelPLS","rbf_gamma_1_over_p","gasoline_real_regression","regression",5,5,0.552092326097047,0.55209232609705,"success",NA
"kernelPLS","rbf_gamma_4_over_p","gasoline_real_regression","regression",1,1,1.16585223441096,1.16585223441096,"success",NA
"kernelPLS","rbf_gamma_4_over_p","gasoline_real_regression","regression",1,2,1.19032575708609,1.19032575708609,"success",NA
"kernelPLS","rbf_gamma_4_over_p","gasoline_real_regression","regression",1,3,1.87669213863227,1.87669213863227,"success",NA
"kernelPLS","rbf_gamma_4_over_p","gasoline_real_regression","regression",1,4,0.682564903445944,0.682564903445944,"success",NA
"kernelPLS","rbf_gamma_4_over_p","gasoline_real_regression","regression",1,5,1.17883083871678,1.17883083871679,"success",NA
"kernelPLS","rbf_gamma_4_over_p","gasoline_real_regression","regression",2,1,1.14927815988275,1.14927815988275,"success",NA
"kernelPLS","rbf_gamma_4_over_p","gasoline_real_regression","regression",2,2,1.07064026639074,1.07064026639073,"success",NA
"kernelPLS","rbf_gamma_4_over_p","gasoline_real_regression","regression",2,3,1.74321135410502,1.74321135410502,"success",NA
"kernelPLS","rbf_gamma_4_over_p","gasoline_real_regression","regression",2,4,0.689695680412813,0.689695680412812,"success",NA
"kernelPLS","rbf_gamma_4_over_p","gasoline_real_regression","regression",2,5,1.00705864081808,1.00705864081809,"success",NA
"kernelPLS","rbf_gamma_4_over_p","gasoline_real_regression","regression",3,1,0.926069889413902,0.926069889413904,"success",NA
"kernelPLS","rbf_gamma_4_over_p","gasoline_real_regression","regression",3,2,0.765359961701711,0.765359961701707,"success",NA
"kernelPLS","rbf_gamma_4_over_p","gasoline_real_regression","regression",3,3,1.69030233496412,1.69030233496413,"success",NA
"kernelPLS","rbf_gamma_4_over_p","gasoline_real_regression","regression",3,4,0.526212792492258,0.52621279249226,"success",NA
"kernelPLS","rbf_gamma_4_over_p","gasoline_real_regression","regression",3,5,0.927375843668737,0.927375843668744,"success",NA
"kernelPLS","rbf_gamma_4_over_p","gasoline_real_regression","regression",4,1,0.844911268663177,0.844911268663179,"success",NA
"kernelPLS","rbf_gamma_4_over_p","gasoline_real_regression","regression",4,2,0.746639315146113,0.746639315146106,"success",NA
"kernelPLS","rbf_gamma_4_over_p","gasoline_real_regression","regression",4,3,1.72285416140444,1.72285416140444,"success",NA
"kernelPLS","rbf_gamma_4_over_p","gasoline_real_regression","regression",4,4,0.548185800762641,0.548185800762641,"success",NA
"kernelPLS","rbf_gamma_4_over_p","gasoline_real_regression","regression",4,5,0.895751294049432,0.895751294049439,"success",NA
"kernelPLS","rbf_gamma_4_over_p","gasoline_real_regression","regression",5,1,0.853178857255073,0.85317885725508,"success",NA
"kernelPLS","rbf_gamma_4_over_p","gasoline_real_regression","regression",5,2,0.765286820276936,0.765286820276929,"success",NA
"kernelPLS","rbf_gamma_4_over_p","gasoline_real_regression","regression",5,3,1.66386438350253,1.66386438350253,"success",NA
"kernelPLS","rbf_gamma_4_over_p","gasoline_real_regression","regression",5,4,0.526933254345841,0.526933254345843,"success",NA
"kernelPLS","rbf_gamma_4_over_p","gasoline_real_regression","regression",5,5,0.891196005562794,0.8911960055628,"success",NA
"kernelPLS","poly_degree2_offset1","gasoline_real_regression","regression",1,1,1.33934326566839,1.33934326566839,"success",NA
"kernelPLS","poly_degree2_offset1","gasoline_real_regression","regression",1,2,1.79964761806408,1.79964761806408,"success",NA
"kernelPLS","poly_degree2_offset1","gasoline_real_regression","regression",1,3,2.06732325501314,2.06732325501314,"success",NA
"kernelPLS","poly_degree2_offset1","gasoline_real_regression","regression",1,4,1.3727682689696,1.3727682689696,"success",NA
"kernelPLS","poly_degree2_offset1","gasoline_real_regression","regression",1,5,1.2934461788125,1.29344617881251,"success",NA
"kernelPLS","poly_degree2_offset1","gasoline_real_regression","regression",2,1,1.23453813205163,1.23453813205163,"success",NA
"kernelPLS","poly_degree2_offset1","gasoline_real_regression","regression",2,2,1.34968250492995,1.34968250492995,"success",NA
"kernelPLS","poly_degree2_offset1","gasoline_real_regression","regression",2,3,1.55131335549884,1.55131335549884,"success",NA
"kernelPLS","poly_degree2_offset1","gasoline_real_regression","regression",2,4,0.776180986957526,0.776180986957526,"success",NA
"kernelPLS","poly_degree2_offset1","gasoline_real_regression","regression",2,5,0.9637755401193,0.963775540119305,"success",NA
"kernelPLS","poly_degree2_offset1","gasoline_real_regression","regression",3,1,0.859765217915574,0.859765217915572,"success",NA
"kernelPLS","poly_degree2_offset1","gasoline_real_regression","regression",3,2,1.25708251528486,1.25708251528485,"success",NA
"kernelPLS","poly_degree2_offset1","gasoline_real_regression","regression",3,3,0.991990694226489,0.991990694226489,"success",NA
"kernelPLS","poly_degree2_offset1","gasoline_real_regression","regression",3,4,0.630141438135028,0.630141438135029,"success",NA
"kernelPLS","poly_degree2_offset1","gasoline_real_regression","regression",3,5,0.899541588537509,0.899541588537508,"success",NA
"kernelPLS","poly_degree2_offset1","gasoline_real_regression","regression",4,1,0.736765282460968,0.736765282460963,"success",NA
"kernelPLS","poly_degree2_offset1","gasoline_real_regression","regression",4,2,1.15944225535444,1.15944225535442,"success",NA
"kernelPLS","poly_degree2_offset1","gasoline_real_regression","regression",4,3,0.760691822101241,0.760691822101243,"success",NA
"kernelPLS","poly_degree2_offset1","gasoline_real_regression","regression",4,4,0.548216907121133,0.548216907121137,"success",NA
"kernelPLS","poly_degree2_offset1","gasoline_real_regression","regression",4,5,0.955546807167915,0.955546807167908,"success",NA
"kernelPLS","poly_degree2_offset1","gasoline_real_regression","regression",5,1,0.475275383021015,0.475275383021014,"success",NA
"kernelPLS","poly_degree2_offset1","gasoline_real_regression","regression",5,2,0.280449625610851,0.280449625610907,"success",NA
"kernelPLS","poly_degree2_offset1","gasoline_real_regression","regression",5,3,0.322442552237382,0.322442552237371,"success",NA
"kernelPLS","poly_degree2_offset1","gasoline_real_regression","regression",5,4,0.443745241830402,0.443745241830438,"success",NA
"kernelPLS","poly_degree2_offset1","gasoline_real_regression","regression",5,5,0.392319761539927,0.392319761539912,"success",NA
"kernelPLS","poly_degree3_offset1","gasoline_real_regression","regression",1,1,1.44096911923905,1.44096911923905,"success",NA
"kernelPLS","poly_degree3_offset1","gasoline_real_regression","regression",1,2,1.78966019853521,1.78966019853521,"success",NA
"kernelPLS","poly_degree3_offset1","gasoline_real_regression","regression",1,3,1.21569081735672,1.21569081735672,"success",NA
"kernelPLS","poly_degree3_offset1","gasoline_real_regression","regression",1,4,1.30371944599209,1.30371944599209,"success",NA
"kernelPLS","poly_degree3_offset1","gasoline_real_regression","regression",1,5,1.53652621631213,1.53652621631213,"success",NA
"kernelPLS","poly_degree3_offset1","gasoline_real_regression","regression",2,1,1.13697312665694,1.13697312665694,"success",NA
"kernelPLS","poly_degree3_offset1","gasoline_real_regression","regression",2,2,1.51729275247425,1.51729275247424,"success",NA
"kernelPLS","poly_degree3_offset1","gasoline_real_regression","regression",2,3,1.26438372214134,1.26438372214134,"success",NA
"kernelPLS","poly_degree3_offset1","gasoline_real_regression","regression",2,4,0.947663975528233,0.947663975528233,"success",NA
"kernelPLS","poly_degree3_offset1","gasoline_real_regression","regression",2,5,1.2815958217214,1.2815958217214,"success",NA
"kernelPLS","poly_degree3_offset1","gasoline_real_regression","regression",3,1,1.15355140352199,1.15355140352198,"success",NA
"kernelPLS","poly_degree3_offset1","gasoline_real_regression","regression",3,2,1.63839454963263,1.6383945496326,"success",NA
"kernelPLS","poly_degree3_offset1","gasoline_real_regression","regression",3,3,1.34267919790451,1.34267919790451,"success",NA
"kernelPLS","poly_degree3_offset1","gasoline_real_regression","regression",3,4,0.801703157256636,0.801703157256638,"success",NA
"kernelPLS","poly_degree3_offset1","gasoline_real_regression","regression",3,5,1.16332539152827,1.16332539152828,"success",NA
"kernelPLS","poly_degree3_offset1","gasoline_real_regression","regression",4,1,1.10314976261028,1.10314976261028,"success",NA
"kernelPLS","poly_degree3_offset1","gasoline_real_regression","regression",4,2,1.4319827536531,1.43198275365307,"success",NA
"kernelPLS","poly_degree3_offset1","gasoline_real_regression","regression",4,3,0.619652439665886,0.619652439665897,"success",NA
"kernelPLS","poly_degree3_offset1","gasoline_real_regression","regression",4,4,0.670270869714874,0.670270869714884,"success",NA
"kernelPLS","poly_degree3_offset1","gasoline_real_regression","regression",4,5,1.29220793449133,1.29220793449134,"success",NA
"kernelPLS","poly_degree3_offset1","gasoline_real_regression","regression",5,1,0.837003551696685,0.837003551696698,"success",NA
"kernelPLS","poly_degree3_offset1","gasoline_real_regression","regression",5,2,1.51378253514936,1.5137825351492,"success",NA
"kernelPLS","poly_degree3_offset1","gasoline_real_regression","regression",5,3,0.610538848473012,0.610538848473013,"success",NA
"kernelPLS","poly_degree3_offset1","gasoline_real_regression","regression",5,4,0.64196107796942,0.641961077969476,"success",NA
"kernelPLS","poly_degree3_offset1","gasoline_real_regression","regression",5,5,0.939152755492666,0.939152755492682,"success",NA
"kernelPLS","poly_degree4_offset1","gasoline_real_regression","regression",1,1,1.46828818517426,1.46828818517426,"success",NA
"kernelPLS","poly_degree4_offset1","gasoline_real_regression","regression",1,2,1.77446719433252,1.77446719433252,"success",NA
"kernelPLS","poly_degree4_offset1","gasoline_real_regression","regression",1,3,1.69750323036951,1.69750323036951,"success",NA
"kernelPLS","poly_degree4_offset1","gasoline_real_regression","regression",1,4,1.26150923577803,1.26150923577803,"success",NA
"kernelPLS","poly_degree4_offset1","gasoline_real_regression","regression",1,5,1.40260955301625,1.40260955301625,"success",NA
"kernelPLS","poly_degree4_offset1","gasoline_real_regression","regression",2,1,1.3879138356145,1.3879138356145,"success",NA
"kernelPLS","poly_degree4_offset1","gasoline_real_regression","regression",2,2,1.94238813149389,1.94238813149396,"success",NA
"kernelPLS","poly_degree4_offset1","gasoline_real_regression","regression",2,3,1.58793919649816,1.58793919649816,"success",NA
"kernelPLS","poly_degree4_offset1","gasoline_real_regression","regression",2,4,1.1085142530241,1.1085142530241,"success",NA
"kernelPLS","poly_degree4_offset1","gasoline_real_regression","regression",2,5,1.49772642499792,1.49772642499792,"success",NA
"kernelPLS","poly_degree4_offset1","gasoline_real_regression","regression",3,1,1.23276862359275,1.23276862359275,"success",NA
"kernelPLS","poly_degree4_offset1","gasoline_real_regression","regression",3,2,1.60681451048976,1.60681451048981,"success",NA
"kernelPLS","poly_degree4_offset1","gasoline_real_regression","regression",3,3,1.52932595445598,1.52932595445598,"success",NA
"kernelPLS","poly_degree4_offset1","gasoline_real_regression","regression",3,4,1.07864819019184,1.07864819019184,"success",NA
"kernelPLS","poly_degree4_offset1","gasoline_real_regression","regression",3,5,1.34105895099123,1.34105895099123,"success",NA
"kernelPLS","poly_degree4_offset1","gasoline_real_regression","regression",4,1,1.26837023727103,1.26837023727103,"success",NA
"kernelPLS","poly_degree4_offset1","gasoline_real_regression","regression",4,2,1.65650127256523,1.65650127256574,"success",NA
"kernelPLS","poly_degree4_offset1","gasoline_real_regression","regression",4,3,1.63743013587446,1.63743013587446,"success",NA
"kernelPLS","poly_degree4_offset1","gasoline_real_regression","regression",4,4,0.886309085210157,0.886309085210129,"success",NA
"kernelPLS","poly_degree4_offset1","gasoline_real_regression","regression",4,5,1.41382010607589,1.41382010607588,"success",NA
"kernelPLS","poly_degree4_offset1","gasoline_real_regression","regression",5,1,1.0504383000697,1.0504383000697,"success",NA
"kernelPLS","poly_degree4_offset1","gasoline_real_regression","regression",5,2,2.07410359947826,2.07410359947994,"success",NA
"kernelPLS","poly_degree4_offset1","gasoline_real_regression","regression",5,3,1.22752904905835,1.22752904905836,"success",NA
"kernelPLS","poly_degree4_offset1","gasoline_real_regression","regression",5,4,0.658821534536218,0.658821534536154,"success",NA
"kernelPLS","poly_degree4_offset1","gasoline_real_regression","regression",5,5,1.38416405953728,1.38416405953728,"success",NA
"kernelPLS","poly_degree3_offset0","gasoline_real_regression","regression",1,1,1.47595644393074,1.47595644393074,"success",NA
"kernelPLS","poly_degree3_offset0","gasoline_real_regression","regression",1,2,1.73795897292214,1.73795897292214,"success",NA
"kernelPLS","poly_degree3_offset0","gasoline_real_regression","regression",1,3,1.81178998616739,1.81178998616739,"success",NA
"kernelPLS","poly_degree3_offset0","gasoline_real_regression","regression",1,4,1.29355094377783,1.29355094377783,"success",NA
"kernelPLS","poly_degree3_offset0","gasoline_real_regression","regression",1,5,1.64109395312196,1.64109395312196,"success",NA
"kernelPLS","poly_degree3_offset0","gasoline_real_regression","regression",2,1,1.46317218837431,1.46317218837431,"success",NA
"kernelPLS","poly_degree3_offset0","gasoline_real_regression","regression",2,2,1.83009473444945,1.83009473444945,"success",NA
"kernelPLS","poly_degree3_offset0","gasoline_real_regression","regression",2,3,1.54904907567767,1.54904907567767,"success",NA
"kernelPLS","poly_degree3_offset0","gasoline_real_regression","regression",2,4,1.14844436268627,1.14844436268627,"success",NA
"kernelPLS","poly_degree3_offset0","gasoline_real_regression","regression",2,5,1.50073752827622,1.50073752827622,"success",NA
"kernelPLS","poly_degree3_offset0","gasoline_real_regression","regression",3,1,1.33496161712545,1.33496161712545,"success",NA
"kernelPLS","poly_degree3_offset0","gasoline_real_regression","regression",3,2,1.6209623127434,1.62096231274339,"success",NA
"kernelPLS","poly_degree3_offset0","gasoline_real_regression","regression",3,3,1.52177830873953,1.52177830873953,"success",NA
"kernelPLS","poly_degree3_offset0","gasoline_real_regression","regression",3,4,1.09922485759108,1.09922485759108,"success",NA
"kernelPLS","poly_degree3_offset0","gasoline_real_regression","regression",3,5,1.37914045875304,1.37914045875304,"success",NA
"kernelPLS","poly_degree3_offset0","gasoline_real_regression","regression",4,1,1.30998402613464,1.30998402613465,"success",NA
"kernelPLS","poly_degree3_offset0","gasoline_real_regression","regression",4,2,1.79867301245274,1.79867301245267,"success",NA
"kernelPLS","poly_degree3_offset0","gasoline_real_regression","regression",4,3,1.47716050644997,1.47716050644995,"success",NA
"kernelPLS","poly_degree3_offset0","gasoline_real_regression","regression",4,4,1.10069507331722,1.10069507331719,"success",NA
"kernelPLS","poly_degree3_offset0","gasoline_real_regression","regression",4,5,1.30997262004601,1.30997262004595,"success",NA
"kernelPLS","poly_degree3_offset0","gasoline_real_regression","regression",5,1,1.29141295077488,1.29141295077488,"success",NA
"kernelPLS","poly_degree3_offset0","gasoline_real_regression","regression",5,2,1.45103561545974,1.45103561545973,"success",NA
"kernelPLS","poly_degree3_offset0","gasoline_real_regression","regression",5,3,1.4861052831233,1.4861052831232,"success",NA
"kernelPLS","poly_degree3_offset0","gasoline_real_regression","regression",5,4,0.731774560090237,0.731774560090835,"success",NA
"kernelPLS","poly_degree3_offset0","gasoline_real_regression","regression",5,5,1.26287933132622,1.26287933132599,"success",NA
"OPLS","north_1","breast_real_classification","classification",1,1,0.8,0.8,"success",NA
"OPLS","north_1","breast_real_classification","classification",1,2,0.8,0.8,"success",NA
"OPLS","north_1","breast_real_classification","classification",1,3,0.8,0.8,"success",NA
"OPLS","north_1","breast_real_classification","classification",1,4,0.8,0.8,"success",NA
"OPLS","north_1","breast_real_classification","classification",1,5,0.8,0.8,"success",NA
"OPLS","north_1","breast_real_classification","classification",2,1,0.966666666666667,0.966666666666667,"success",NA
"OPLS","north_1","breast_real_classification","classification",2,2,0.966666666666667,0.966666666666667,"success",NA
"OPLS","north_1","breast_real_classification","classification",2,3,0.9,0.9,"success",NA
"OPLS","north_1","breast_real_classification","classification",2,4,0.933333333333333,0.933333333333333,"success",NA
"OPLS","north_1","breast_real_classification","classification",2,5,0.933333333333333,0.933333333333333,"success",NA
"OPLS","north_1","breast_real_classification","classification",3,1,1,1,"success",NA
"OPLS","north_1","breast_real_classification","classification",3,2,1,1,"success",NA
"OPLS","north_1","breast_real_classification","classification",3,3,0.933333333333333,0.933333333333333,"success",NA
"OPLS","north_1","breast_real_classification","classification",3,4,0.933333333333333,0.933333333333333,"success",NA
"OPLS","north_1","breast_real_classification","classification",3,5,0.933333333333333,0.933333333333333,"success",NA
"OPLS","north_2","breast_real_classification","classification",1,1,0.8,0.8,"success",NA
"OPLS","north_2","breast_real_classification","classification",1,2,0.8,0.8,"success",NA
"OPLS","north_2","breast_real_classification","classification",1,3,0.8,0.8,"success",NA
"OPLS","north_2","breast_real_classification","classification",1,4,0.8,0.8,"success",NA
"OPLS","north_2","breast_real_classification","classification",1,5,0.8,0.8,"success",NA
"OPLS","north_2","breast_real_classification","classification",2,1,1,1,"success",NA
"OPLS","north_2","breast_real_classification","classification",2,2,1,1,"success",NA
"OPLS","north_2","breast_real_classification","classification",2,3,0.866666666666667,0.866666666666667,"success",NA
"OPLS","north_2","breast_real_classification","classification",2,4,0.933333333333333,0.933333333333333,"success",NA
"OPLS","north_2","breast_real_classification","classification",2,5,0.933333333333333,0.933333333333333,"success",NA
"OPLS","north_2","breast_real_classification","classification",3,1,1,1,"success",NA
"OPLS","north_2","breast_real_classification","classification",3,2,1,1,"success",NA
"OPLS","north_2","breast_real_classification","classification",3,3,0.9,0.9,"success",NA
"OPLS","north_2","breast_real_classification","classification",3,4,0.933333333333333,0.933333333333333,"success",NA
"OPLS","north_2","breast_real_classification","classification",3,5,0.933333333333333,0.933333333333333,"success",NA
"OPLS","north_3","breast_real_classification","classification",1,1,0.8,0.8,"success",NA
"OPLS","north_3","breast_real_classification","classification",1,2,0.8,0.8,"success",NA
"OPLS","north_3","breast_real_classification","classification",1,3,0.8,0.8,"success",NA
"OPLS","north_3","breast_real_classification","classification",1,4,0.8,0.8,"success",NA
"OPLS","north_3","breast_real_classification","classification",1,5,0.8,0.8,"success",NA
"OPLS","north_3","breast_real_classification","classification",2,1,1,1,"success",NA
"OPLS","north_3","breast_real_classification","classification",2,2,1,1,"success",NA
"OPLS","north_3","breast_real_classification","classification",2,3,0.8,0.8,"success",NA
"OPLS","north_3","breast_real_classification","classification",2,4,0.966666666666667,0.966666666666667,"success",NA
"OPLS","north_3","breast_real_classification","classification",2,5,0.9,0.9,"success",NA
"OPLS","north_3","breast_real_classification","classification",3,1,1,1,"success",NA
"OPLS","north_3","breast_real_classification","classification",3,2,1,1,"success",NA
"OPLS","north_3","breast_real_classification","classification",3,3,0.866666666666667,0.866666666666667,"success",NA
"OPLS","north_3","breast_real_classification","classification",3,4,0.933333333333333,0.933333333333333,"success",NA
"OPLS","north_3","breast_real_classification","classification",3,5,0.866666666666667,0.866666666666667,"success",NA
"kernelPLS","linear","breast_real_classification","classification",1,1,0.8,0.8,"success",NA
"kernelPLS","linear","breast_real_classification","classification",1,2,0.8,0.8,"success",NA
"kernelPLS","linear","breast_real_classification","classification",1,3,0.8,0.8,"success",NA
"kernelPLS","linear","breast_real_classification","classification",1,4,0.8,0.8,"success",NA
"kernelPLS","linear","breast_real_classification","classification",1,5,0.8,0.8,"success",NA
"kernelPLS","linear","breast_real_classification","classification",2,1,1,1,"success",NA
"kernelPLS","linear","breast_real_classification","classification",2,2,1,1,"success",NA
"kernelPLS","linear","breast_real_classification","classification",2,3,1,1,"success",NA
"kernelPLS","linear","breast_real_classification","classification",2,4,0.933333333333333,0.933333333333333,"success",NA
"kernelPLS","linear","breast_real_classification","classification",2,5,0.933333333333333,0.933333333333333,"success",NA
"kernelPLS","linear","breast_real_classification","classification",3,1,1,1,"success",NA
"kernelPLS","linear","breast_real_classification","classification",3,2,0.966666666666667,0.966666666666667,"success",NA
"kernelPLS","linear","breast_real_classification","classification",3,3,1,1,"success",NA
"kernelPLS","linear","breast_real_classification","classification",3,4,0.933333333333333,0.933333333333333,"success",NA
"kernelPLS","linear","breast_real_classification","classification",3,5,0.933333333333333,0.933333333333333,"success",NA
"kernelPLS","rbf_gamma_0.25_over_p","breast_real_classification","classification",1,1,0.8,0.8,"success",NA
"kernelPLS","rbf_gamma_0.25_over_p","breast_real_classification","classification",1,2,0.766666666666667,0.766666666666667,"success",NA
"kernelPLS","rbf_gamma_0.25_over_p","breast_real_classification","classification",1,3,0.8,0.8,"success",NA
"kernelPLS","rbf_gamma_0.25_over_p","breast_real_classification","classification",1,4,0.8,0.8,"success",NA
"kernelPLS","rbf_gamma_0.25_over_p","breast_real_classification","classification",1,5,0.8,0.8,"success",NA
"kernelPLS","rbf_gamma_0.25_over_p","breast_real_classification","classification",2,1,0.966666666666667,0.966666666666667,"success",NA
"kernelPLS","rbf_gamma_0.25_over_p","breast_real_classification","classification",2,2,1,1,"success",NA
"kernelPLS","rbf_gamma_0.25_over_p","breast_real_classification","classification",2,3,0.866666666666667,0.866666666666667,"success",NA
"kernelPLS","rbf_gamma_0.25_over_p","breast_real_classification","classification",2,4,0.933333333333333,0.933333333333333,"success",NA
"kernelPLS","rbf_gamma_0.25_over_p","breast_real_classification","classification",2,5,0.9,0.9,"success",NA
"kernelPLS","rbf_gamma_0.25_over_p","breast_real_classification","classification",3,1,1,1,"success",NA
"kernelPLS","rbf_gamma_0.25_over_p","breast_real_classification","classification",3,2,1,1,"success",NA
"kernelPLS","rbf_gamma_0.25_over_p","breast_real_classification","classification",3,3,1,1,"success",NA
"kernelPLS","rbf_gamma_0.25_over_p","breast_real_classification","classification",3,4,0.966666666666667,0.966666666666667,"success",NA
"kernelPLS","rbf_gamma_0.25_over_p","breast_real_classification","classification",3,5,0.9,0.9,"success",NA
"kernelPLS","rbf_gamma_1_over_p","breast_real_classification","classification",1,1,0.8,0.8,"success",NA
"kernelPLS","rbf_gamma_1_over_p","breast_real_classification","classification",1,2,0.766666666666667,0.766666666666667,"success",NA
"kernelPLS","rbf_gamma_1_over_p","breast_real_classification","classification",1,3,0.8,0.8,"success",NA
"kernelPLS","rbf_gamma_1_over_p","breast_real_classification","classification",1,4,0.8,0.8,"success",NA
"kernelPLS","rbf_gamma_1_over_p","breast_real_classification","classification",1,5,0.8,0.8,"success",NA
"kernelPLS","rbf_gamma_1_over_p","breast_real_classification","classification",2,1,0.966666666666667,0.966666666666667,"success",NA
"kernelPLS","rbf_gamma_1_over_p","breast_real_classification","classification",2,2,0.966666666666667,0.966666666666667,"success",NA
"kernelPLS","rbf_gamma_1_over_p","breast_real_classification","classification",2,3,0.866666666666667,0.866666666666667,"success",NA
"kernelPLS","rbf_gamma_1_over_p","breast_real_classification","classification",2,4,0.966666666666667,0.966666666666667,"success",NA
"kernelPLS","rbf_gamma_1_over_p","breast_real_classification","classification",2,5,0.9,0.9,"success",NA
"kernelPLS","rbf_gamma_1_over_p","breast_real_classification","classification",3,1,1,1,"success",NA
"kernelPLS","rbf_gamma_1_over_p","breast_real_classification","classification",3,2,0.966666666666667,0.966666666666667,"success",NA
"kernelPLS","rbf_gamma_1_over_p","breast_real_classification","classification",3,3,0.933333333333333,0.933333333333333,"success",NA
"kernelPLS","rbf_gamma_1_over_p","breast_real_classification","classification",3,4,0.933333333333333,0.933333333333333,"success",NA
"kernelPLS","rbf_gamma_1_over_p","breast_real_classification","classification",3,5,0.9,0.9,"success",NA
"kernelPLS","rbf_gamma_4_over_p","breast_real_classification","classification",1,1,0.733333333333333,0.733333333333333,"success",NA
"kernelPLS","rbf_gamma_4_over_p","breast_real_classification","classification",1,2,0.7,0.7,"success",NA
"kernelPLS","rbf_gamma_4_over_p","breast_real_classification","classification",1,3,0.766666666666667,0.766666666666667,"success",NA
"kernelPLS","rbf_gamma_4_over_p","breast_real_classification","classification",1,4,0.766666666666667,0.766666666666667,"success",NA
"kernelPLS","rbf_gamma_4_over_p","breast_real_classification","classification",1,5,0.8,0.8,"success",NA
"kernelPLS","rbf_gamma_4_over_p","breast_real_classification","classification",2,1,0.8,0.8,"success",NA
"kernelPLS","rbf_gamma_4_over_p","breast_real_classification","classification",2,2,0.7,0.7,"success",NA
"kernelPLS","rbf_gamma_4_over_p","breast_real_classification","classification",2,3,0.833333333333333,0.833333333333333,"success",NA
"kernelPLS","rbf_gamma_4_over_p","breast_real_classification","classification",2,4,0.7,0.7,"success",NA
"kernelPLS","rbf_gamma_4_over_p","breast_real_classification","classification",2,5,0.8,0.8,"success",NA
"kernelPLS","rbf_gamma_4_over_p","breast_real_classification","classification",3,1,0.633333333333333,0.633333333333333,"success",NA
"kernelPLS","rbf_gamma_4_over_p","breast_real_classification","classification",3,2,0.8,0.8,"success",NA
"kernelPLS","rbf_gamma_4_over_p","breast_real_classification","classification",3,3,0.733333333333333,0.733333333333333,"success",NA
"kernelPLS","rbf_gamma_4_over_p","breast_real_classification","classification",3,4,0.7,0.7,"success",NA
"kernelPLS","rbf_gamma_4_over_p","breast_real_classification","classification",3,5,0.766666666666667,0.766666666666667,"success",NA
"kernelPLS","poly_degree2_offset1","breast_real_classification","classification",1,1,0.8,0.8,"success",NA
"kernelPLS","poly_degree2_offset1","breast_real_classification","classification",1,2,0.8,0.8,"success",NA
"kernelPLS","poly_degree2_offset1","breast_real_classification","classification",1,3,0.8,0.8,"success",NA
"kernelPLS","poly_degree2_offset1","breast_real_classification","classification",1,4,0.8,0.8,"success",NA
"kernelPLS","poly_degree2_offset1","breast_real_classification","classification",1,5,0.8,0.8,"success",NA
"kernelPLS","poly_degree2_offset1","breast_real_classification","classification",2,1,0.966666666666667,0.966666666666667,"success",NA
"kernelPLS","poly_degree2_offset1","breast_real_classification","classification",2,2,1,1,"success",NA
"kernelPLS","poly_degree2_offset1","breast_real_classification","classification",2,3,0.866666666666667,0.866666666666667,"success",NA
"kernelPLS","poly_degree2_offset1","breast_real_classification","classification",2,4,0.933333333333333,0.933333333333333,"success",NA
"kernelPLS","poly_degree2_offset1","breast_real_classification","classification",2,5,0.9,0.9,"success",NA
"kernelPLS","poly_degree2_offset1","breast_real_classification","classification",3,1,1,1,"success",NA
"kernelPLS","poly_degree2_offset1","breast_real_classification","classification",3,2,1,1,"success",NA
"kernelPLS","poly_degree2_offset1","breast_real_classification","classification",3,3,0.966666666666667,0.966666666666667,"success",NA
"kernelPLS","poly_degree2_offset1","breast_real_classification","classification",3,4,0.966666666666667,0.966666666666667,"success",NA
"kernelPLS","poly_degree2_offset1","breast_real_classification","classification",3,5,0.9,0.9,"success",NA
"kernelPLS","poly_degree3_offset1","breast_real_classification","classification",1,1,0.8,0.8,"success",NA
"kernelPLS","poly_degree3_offset1","breast_real_classification","classification",1,2,0.8,0.8,"success",NA
"kernelPLS","poly_degree3_offset1","breast_real_classification","classification",1,3,0.8,0.8,"success",NA
"kernelPLS","poly_degree3_offset1","breast_real_classification","classification",1,4,0.8,0.8,"success",NA
"kernelPLS","poly_degree3_offset1","breast_real_classification","classification",1,5,0.8,0.8,"success",NA
"kernelPLS","poly_degree3_offset1","breast_real_classification","classification",2,1,0.9,0.9,"success",NA
"kernelPLS","poly_degree3_offset1","breast_real_classification","classification",2,2,0.966666666666667,0.966666666666667,"success",NA
"kernelPLS","poly_degree3_offset1","breast_real_classification","classification",2,3,0.866666666666667,0.866666666666667,"success",NA
"kernelPLS","poly_degree3_offset1","breast_real_classification","classification",2,4,0.866666666666667,0.866666666666667,"success",NA
"kernelPLS","poly_degree3_offset1","breast_real_classification","classification",2,5,0.866666666666667,0.866666666666667,"success",NA
"kernelPLS","poly_degree3_offset1","breast_real_classification","classification",3,1,0.966666666666667,0.966666666666667,"success",NA
"kernelPLS","poly_degree3_offset1","breast_real_classification","classification",3,2,1,1,"success",NA
"kernelPLS","poly_degree3_offset1","breast_real_classification","classification",3,3,0.966666666666667,0.966666666666667,"success",NA
"kernelPLS","poly_degree3_offset1","breast_real_classification","classification",3,4,0.9,0.9,"success",NA
"kernelPLS","poly_degree3_offset1","breast_real_classification","classification",3,5,0.9,0.9,"success",NA
"kernelPLS","poly_degree4_offset1","breast_real_classification","classification",1,1,0.766666666666667,0.766666666666667,"success",NA
"kernelPLS","poly_degree4_offset1","breast_real_classification","classification",1,2,0.766666666666667,0.766666666666667,"success",NA
"kernelPLS","poly_degree4_offset1","breast_real_classification","classification",1,3,0.766666666666667,0.766666666666667,"success",NA
"kernelPLS","poly_degree4_offset1","breast_real_classification","classification",1,4,0.766666666666667,0.766666666666667,"success",NA
"kernelPLS","poly_degree4_offset1","breast_real_classification","classification",1,5,0.8,0.8,"success",NA
"kernelPLS","poly_degree4_offset1","breast_real_classification","classification",2,1,0.766666666666667,0.766666666666667,"success",NA
"kernelPLS","poly_degree4_offset1","breast_real_classification","classification",2,2,0.8,0.8,"success",NA
"kernelPLS","poly_degree4_offset1","breast_real_classification","classification",2,3,0.8,0.8,"success",NA
"kernelPLS","poly_degree4_offset1","breast_real_classification","classification",2,4,0.766666666666667,0.766666666666667,"success",NA
"kernelPLS","poly_degree4_offset1","breast_real_classification","classification",2,5,0.8,0.8,"success",NA
"kernelPLS","poly_degree4_offset1","breast_real_classification","classification",3,1,0.833333333333333,0.833333333333333,"success",NA
"kernelPLS","poly_degree4_offset1","breast_real_classification","classification",3,2,0.866666666666667,0.866666666666667,"success",NA
"kernelPLS","poly_degree4_offset1","breast_real_classification","classification",3,3,0.8,0.8,"success",NA
"kernelPLS","poly_degree4_offset1","breast_real_classification","classification",3,4,0.8,0.8,"success",NA
"kernelPLS","poly_degree4_offset1","breast_real_classification","classification",3,5,0.833333333333333,0.833333333333333,"success",NA
"kernelPLS","poly_degree3_offset0","breast_real_classification","classification",1,1,0.633333333333333,0.633333333333333,"success",NA
"kernelPLS","poly_degree3_offset0","breast_real_classification","classification",1,2,0.633333333333333,0.633333333333333,"success",NA
"kernelPLS","poly_degree3_offset0","breast_real_classification","classification",1,3,0.566666666666667,0.566666666666667,"success",NA
"kernelPLS","poly_degree3_offset0","breast_real_classification","classification",1,4,0.666666666666667,0.666666666666667,"success",NA
"kernelPLS","poly_degree3_offset0","breast_real_classification","classification",1,5,0.633333333333333,0.633333333333333,"success",NA
"kernelPLS","poly_degree3_offset0","breast_real_classification","classification",2,1,0.633333333333333,0.633333333333333,"success",NA
"kernelPLS","poly_degree3_offset0","breast_real_classification","classification",2,2,0.733333333333333,0.733333333333333,"success",NA
"kernelPLS","poly_degree3_offset0","breast_real_classification","classification",2,3,0.6,0.6,"success",NA
"kernelPLS","poly_degree3_offset0","breast_real_classification","classification",2,4,0.666666666666667,0.666666666666667,"success",NA
"kernelPLS","poly_degree3_offset0","breast_real_classification","classification",2,5,0.633333333333333,0.633333333333333,"success",NA
"kernelPLS","poly_degree3_offset0","breast_real_classification","classification",3,1,0.666666666666667,0.666666666666667,"success",NA
"kernelPLS","poly_degree3_offset0","breast_real_classification","classification",3,2,0.733333333333333,0.733333333333333,"success",NA
"kernelPLS","poly_degree3_offset0","breast_real_classification","classification",3,3,0.7,0.7,"success",NA
"kernelPLS","poly_degree3_offset0","breast_real_classification","classification",3,4,0.666666666666667,0.666666666666667,"success",NA
"kernelPLS","poly_degree3_offset0","breast_real_classification","classification",3,5,0.633333333333333,0.633333333333333,"success",NA
