"package_version","dataset","task_type","method","backend_requested","precision","classifier","svd_method","ncomp","n_ok","n_failed","median_fit_sec","iqr_fit_sec","median_prediction_sec","iqr_prediction_sec","median_total_sec","iqr_total_sec","median_metric","median_peak_rss_mb","median_incremental_rss_mb","control_profile","oversample","power","direction_rule","fresh_start","errors"
"0.99.39","cbmc_citeseq","regression","plssvd","cpu","float64","argmax","rsvd",1,5,0,0.09,0.00100000000000011,0.01,0.00099999999999989,0.1,0.00200000000000011,1484.73183922093,522.49609375,69.71875,"not_applicable",32,5,"NA",NA,""
"0.99.39","cbmc_citeseq","regression","plssvd","cuda","float64","argmax","rsvd",1,5,0,0.287,0.00700000000000001,0.00800000000000001,0.00100000000000011,0.295,0.00700000000000001,1484.73183922093,877.3671875,424.546875,"not_applicable",32,5,"NA",NA,""
"0.99.39","cbmc_citeseq","regression","plssvd","cpu","float64","argmax","rsvd",2,5,0,0.095,0,0.00900000000000012,0,0.104,0.00099999999999989,1204.05930120707,522.5234375,69.7578125,"not_applicable",32,5,"NA",NA,""
"0.99.39","cbmc_citeseq","regression","plssvd","cuda","float64","argmax","rsvd",2,5,0,0.27,0.0109999999999999,0.00800000000000001,0.00099999999999989,0.278,0.0119999999999998,1204.05930120707,854,401.19140625,"not_applicable",32,5,"NA",NA,""
"0.99.39","cbmc_citeseq","regression","plssvd","cpu","float64","argmax","rsvd",5,5,0,0.108,1.11022302462516e-16,0.00900000000000012,0.00099999999999989,0.117,0.00100000000000022,1092.52684370828,522.640625,69.7734375,"not_applicable",32,5,"NA",NA,""
"0.99.39","cbmc_citeseq","regression","plssvd","cuda","float64","argmax","rsvd",5,5,0,0.268,0.003,0.018,0,0.286,0.005,1092.52684370828,877.12109375,424.296875,"not_applicable",32,5,"NA",NA,""
"0.99.39","cbmc_citeseq","regression","plssvd","cpu","float64","argmax","rsvd",10,5,0,0.132,0.0170000000000001,0.01,0,0.142,0.0170000000000001,1096.50042330597,524.296875,71.50390625,"not_applicable",32,5,"NA",NA,""
"0.99.39","cbmc_citeseq","regression","plssvd","cuda","float64","argmax","rsvd",10,5,0,0.268,0.00399999999999989,0.00800000000000001,0,0.276,0.00399999999999989,1096.50042330598,856.515625,403.76953125,"not_applicable",32,5,"NA",NA,""
"0.99.39","cbmc_citeseq","regression","simpls","cpu","float64","argmax","rsvd",1,5,0,0.115,0.00100000000000011,0.00900000000000012,2.22044604925031e-16,0.125,0.00100000000000011,1484.73183922093,572.55078125,119.69140625,"ordinary_fast",32,5,"fresh_oversampled_sketch_per_component",TRUE,""
"0.99.39","cbmc_citeseq","regression","simpls","cuda","float64","argmax","rsvd",1,5,0,0.267,0.003,0.012,0.00099999999999989,0.279,0.003,1484.73183922093,858.234375,405.3984375,"ordinary_fast",32,5,"fresh_oversampled_sketch_per_component",TRUE,""
"0.99.39","cbmc_citeseq","regression","simpls","cpu","float64","argmax","rsvd",2,5,0,0.128,0.00199999999999989,0.01,0.00099999999999989,0.137,0.003,1480.64923754435,572.10546875,119.36328125,"ordinary_fast",32,5,"fresh_oversampled_sketch_per_component",TRUE,""
"0.99.39","cbmc_citeseq","regression","simpls","cuda","float64","argmax","rsvd",2,5,0,0.275,1.11022302462516e-16,0.00700000000000012,2.22044604925031e-16,0.282,3.33066907387547e-16,1480.64923754435,858.63671875,405.80078125,"ordinary_fast",32,5,"fresh_oversampled_sketch_per_component",TRUE,""
"0.99.39","cbmc_citeseq","regression","simpls","cpu","float64","argmax","rsvd",5,5,0,0.159,0.00600000000000012,0.01,0.00099999999999989,0.169,0.00700000000000023,1114.67303488022,572.23046875,119.4609375,"ordinary_fast",32,5,"fresh_oversampled_sketch_per_component",TRUE,""
"0.99.39","cbmc_citeseq","regression","simpls","cuda","float64","argmax","rsvd",5,5,0,0.288,0.00399999999999989,0.018,0,0.306,0.004,1114.6730348802,880.87890625,428.109375,"ordinary_fast",32,5,"fresh_oversampled_sketch_per_component",TRUE,""
"0.99.39","cbmc_citeseq","regression","simpls","cpu","float64","argmax","rsvd",10,5,0,0.208,0.00100000000000011,0.00900000000000012,0.00100000000000011,0.217,1.11022302462516e-16,1091.41081609294,572.4375,119.55859375,"ordinary_fast",32,5,"fresh_oversampled_sketch_per_component",TRUE,""
"0.99.39","cbmc_citeseq","regression","simpls","cuda","float64","argmax","rsvd",10,5,0,0.307,0.00599999999999989,0.00800000000000001,0,0.315,0.00599999999999989,1091.4108160928,859.90625,407.0390625,"ordinary_fast",32,5,"fresh_oversampled_sketch_per_component",TRUE,""
"0.99.39","cbmc_citeseq","regression","simpls","cpu","float64","argmax","rsvd",20,5,0,0.308,0.00100000000000011,0.0089999999999999,0,0.317,0.00100000000000033,1099.96071166661,572.41015625,119.578125,"ordinary_fast",32,5,"fresh_oversampled_sketch_per_component",TRUE,""
"0.99.39","cbmc_citeseq","regression","simpls","cuda","float64","argmax","rsvd",20,5,0,0.346,0.00100000000000011,0.00800000000000001,0,0.354,0.00100000000000011,1099.96071166573,860.4375,407.6875,"ordinary_fast",32,5,"fresh_oversampled_sketch_per_component",TRUE,""
"0.99.39","cbmc_citeseq","regression","simpls","cpu","float64","argmax","rsvd",49,5,0,0.602,0.004,0.00900000000000012,0.00099999999999989,0.611,0.00499999999999989,1050.86326616378,573.5234375,120.6875,"ordinary_fast",32,5,"fresh_oversampled_sketch_per_component",TRUE,""
"0.99.39","cbmc_citeseq","regression","simpls","cuda","float64","argmax","rsvd",49,5,0,0.464,0.003,0.00800000000000001,0,0.473,0.003,1050.86326613898,860.17578125,407.33203125,"ordinary_fast",32,5,"fresh_oversampled_sketch_per_component",TRUE,""
"0.99.39","cbmc_citeseq","regression","simpls","cpu","float64","argmax","rsvd",50,5,0,0.614,0.001,0.01,0.00099999999999989,0.624,0.001,1052.0989214957,573.48828125,120.61328125,"ordinary_fast",32,5,"fresh_oversampled_sketch_per_component",TRUE,""
"0.99.39","cbmc_citeseq","regression","simpls","cuda","float64","argmax","rsvd",50,5,0,0.466,0.0100000000000002,0.00800000000000001,0,0.474,0.01,1052.09892146373,860.23828125,407.390625,"ordinary_fast",32,5,"fresh_oversampled_sketch_per_component",TRUE,""
"0.99.39","cbmc_citeseq","regression","opls","cpu","float64","argmax","rsvd",1,5,0,0.229,1.11022302462516e-16,0.016,2.22044604925031e-16,0.245,2.22044604925031e-16,1480.8070048676,631.5859375,178.78515625,"ordinary_fast",32,5,"fresh_oversampled_sketch_per_component",TRUE,""
"0.99.39","cbmc_citeseq","regression","opls","cuda","float64","argmax","rsvd",1,5,0,0.38,0.0129999999999998,0.0169999999999999,0.00099999999999989,0.398,0.0129999999999998,1480.8070048676,898.328125,445.5390625,"ordinary_fast",32,5,"fresh_oversampled_sketch_per_component",TRUE,""
"0.99.39","cbmc_citeseq","regression","opls","cpu","float64","argmax","rsvd",2,5,0,0.238,0.00200000000000011,0.0150000000000001,2.22044604925031e-16,0.254,0.00199999999999989,1146.2822099557,631.5,178.61328125,"ordinary_fast",32,5,"fresh_oversampled_sketch_per_component",TRUE,""
"0.99.39","cbmc_citeseq","regression","opls","cuda","float64","argmax","rsvd",2,5,0,0.392,0.02,0.0129999999999999,0.00100000000000011,0.405,0.0189999999999999,1146.2822099557,908.453125,455.6875,"ordinary_fast",32,5,"fresh_oversampled_sketch_per_component",TRUE,""
"0.99.39","cbmc_citeseq","regression","opls","cpu","float64","argmax","rsvd",5,5,0,0.269,0.001,0.016,0,0.285,0.001,1110.73064115455,631.8125,178.98828125,"ordinary_fast",32,5,"fresh_oversampled_sketch_per_component",TRUE,""
"0.99.39","cbmc_citeseq","regression","opls","cuda","float64","argmax","rsvd",5,5,0,0.398,0.00499999999999989,0.024,0,0.421,0.00499999999999989,1110.73064115454,908.5078125,455.65234375,"ordinary_fast",32,5,"fresh_oversampled_sketch_per_component",TRUE,""
"0.99.39","cbmc_citeseq","regression","opls","cpu","float64","argmax","rsvd",10,5,0,0.319,0.001,0.0150000000000001,2.22044604925031e-16,0.334,0.00100000000000022,1085.3902218495,631.67578125,178.81640625,"ordinary_fast",32,5,"fresh_oversampled_sketch_per_component",TRUE,""
"0.99.39","cbmc_citeseq","regression","opls","cuda","float64","argmax","rsvd",10,5,0,0.42,0.00600000000000012,0.014,0,0.434,0.00600000000000012,1085.39022184911,908.171875,455.44921875,"ordinary_fast",32,5,"fresh_oversampled_sketch_per_component",TRUE,""
"0.99.39","cbmc_citeseq","regression","opls","cpu","float64","argmax","rsvd",20,5,0,0.448,0.005,0.016,0.00099999999999989,0.464,0.00599999999999989,1094.04583578877,631.6171875,178.80859375,"ordinary_fast",32,5,"fresh_oversampled_sketch_per_component",TRUE,""
"0.99.39","cbmc_citeseq","regression","opls","cuda","float64","argmax","rsvd",20,5,0,0.472,0.002,0.014,0,0.486,0.002,1094.04583578649,908.77734375,456.0390625,"ordinary_fast",32,5,"fresh_oversampled_sketch_per_component",TRUE,""
"0.99.39","cbmc_citeseq","regression","opls","cpu","float64","argmax","rsvd",48,5,0,0.705,0.00399999999999989,0.0149999999999999,2.22044604925031e-16,0.72,0.00400000000000011,1051.00988214273,632.6328125,179.7734375,"ordinary_fast",32,5,"fresh_oversampled_sketch_per_component",TRUE,""
"0.99.39","cbmc_citeseq","regression","opls","cuda","float64","argmax","rsvd",48,5,0,0.569,0.00399999999999989,0.014,0,0.583,0.00300000000000011,1051.00988209541,909.06640625,456.31640625,"ordinary_fast",32,5,"fresh_oversampled_sketch_per_component",TRUE,""
"0.99.39","cbmc_citeseq","regression","opls","cpu","float64","argmax","rsvd",50,5,0,0.726,0.005,0.016,0,0.742,0.00400000000000011,1051.84354851127,632.703125,179.90234375,"ordinary_fast",32,5,"fresh_oversampled_sketch_per_component",TRUE,""
"0.99.39","cbmc_citeseq","regression","opls","cuda","float64","argmax","rsvd",50,5,0,0.58,0.005,0.014,0,0.594,0.00399999999999989,1051.84354844922,909.5234375,456.6796875,"ordinary_fast",32,5,"fresh_oversampled_sketch_per_component",TRUE,""
"0.99.39","cbmc_citeseq","regression","kernelpls","cpu","float64","argmax","rsvd",1,5,0,0.119,0.001,0.00900000000000012,0.00099999999999989,0.128,0.00199999999999989,1484.73183922093,572.2578125,119.50390625,"ordinary_fast",32,5,"fresh_oversampled_sketch_per_component",TRUE,""
"0.99.39","cbmc_citeseq","regression","kernelpls","cuda","float64","argmax","rsvd",1,5,0,0.267,0.00500000000000012,0.0110000000000001,0,0.278,0.00500000000000012,1484.73183922093,857.68359375,404.80859375,"ordinary_fast",32,5,"fresh_oversampled_sketch_per_component",TRUE,""
"0.99.39","cbmc_citeseq","regression","kernelpls","cpu","float64","argmax","rsvd",2,5,0,0.132,0.00100000000000011,0.0089999999999999,0.00099999999999989,0.141,2.22044604925031e-16,1480.64923754435,572.33984375,119.62890625,"ordinary_fast",32,5,"fresh_oversampled_sketch_per_component",TRUE,""
"0.99.39","cbmc_citeseq","regression","kernelpls","cuda","float64","argmax","rsvd",2,5,0,0.276,0.00499999999999978,0.00700000000000012,0.00100000000000011,0.283,0.00500000000000012,1480.64923754435,858.62890625,405.87109375,"ordinary_fast",32,5,"fresh_oversampled_sketch_per_component",TRUE,""
"0.99.39","cbmc_citeseq","regression","kernelpls","cpu","float64","argmax","rsvd",5,5,0,0.158,1.11022302462516e-16,0.00900000000000012,0.00099999999999989,0.167,3.33066907387547e-16,1114.67303488022,572.0703125,119.3125,"ordinary_fast",32,5,"fresh_oversampled_sketch_per_component",TRUE,""
"0.99.39","cbmc_citeseq","regression","kernelpls","cuda","float64","argmax","rsvd",5,5,0,0.288,0.002,0.018,0,0.307,0.002,1114.6730348802,880.3046875,427.515625,"ordinary_fast",32,5,"fresh_oversampled_sketch_per_component",TRUE,""
"0.99.39","cbmc_citeseq","regression","kernelpls","cpu","float64","argmax","rsvd",10,5,0,0.209,0.001,0.01,0,0.219,0.001,1091.41081609294,572.15234375,119.34765625,"ordinary_fast",32,5,"fresh_oversampled_sketch_per_component",TRUE,""
"0.99.39","cbmc_citeseq","regression","kernelpls","cuda","float64","argmax","rsvd",10,5,0,0.307,0.001,0.00800000000000001,0,0.315,0.001,1091.4108160928,859.9453125,407.0625,"ordinary_fast",32,5,"fresh_oversampled_sketch_per_component",TRUE,""
"0.99.39","cbmc_citeseq","regression","kernelpls","cpu","float64","argmax","rsvd",20,5,0,0.322,0.0189999999999999,0.01,0,0.332,0.0189999999999999,1099.96071166661,572.1875,119.3828125,"ordinary_fast",32,5,"fresh_oversampled_sketch_per_component",TRUE,""
"0.99.39","cbmc_citeseq","regression","kernelpls","cuda","float64","argmax","rsvd",20,5,0,0.354,0.003,0.00800000000000001,0,0.362,0.003,1099.96071166573,860.28125,407.5625,"ordinary_fast",32,5,"fresh_oversampled_sketch_per_component",TRUE,""
"0.99.39","cbmc_citeseq","regression","kernelpls","cpu","float64","argmax","rsvd",49,5,0,0.614,0.0220000000000001,0.01,0,0.624,0.0220000000000001,1050.86326616378,573.28125,120.515625,"ordinary_fast",32,5,"fresh_oversampled_sketch_per_component",TRUE,""
"0.99.39","cbmc_citeseq","regression","kernelpls","cuda","float64","argmax","rsvd",49,5,0,0.464,0.00299999999999989,0.00800000000000001,0,0.472,0.00299999999999989,1050.86326613898,860.421875,407.66796875,"ordinary_fast",32,5,"fresh_oversampled_sketch_per_component",TRUE,""
"0.99.39","cbmc_citeseq","regression","kernelpls","cpu","float64","argmax","rsvd",50,5,0,0.621,0.00600000000000012,0.01,0.00099999999999989,0.63,0.005,1052.0989214957,573.26953125,120.40234375,"ordinary_fast",32,5,"fresh_oversampled_sketch_per_component",TRUE,""
"0.99.39","cbmc_citeseq","regression","kernelpls","cuda","float64","argmax","rsvd",50,5,0,0.471,0.004,0.00800000000000001,0,0.479,0.004,1052.09892146373,859.66796875,406.8984375,"ordinary_fast",32,5,"fresh_oversampled_sketch_per_component",TRUE,""
"0.99.39","ccle","classification","plssvd","cpu","float64","argmax","rsvd",1,5,0,0.015,1.11022302462516e-16,0.004,0,0.0189999999999999,1.11022302462516e-16,0.267605633802817,463.12109375,69.9296875,"not_applicable",32,5,"NA",NA,""
"0.99.39","ccle","classification","plssvd","cuda","float64","argmax","rsvd",1,5,0,0.243,0.004,0.0069999999999999,2.22044604925031e-16,0.25,0.00400000000000023,0.267605633802817,832.66796875,439.546875,"not_applicable",32,5,"NA",NA,""
"0.99.39","ccle","classification","plssvd","cpu","float64","argmax","rsvd",2,5,0,0.0159999999999999,0.001,0.004,0,0.019,0.00099999999999989,0.338028169014085,462.55078125,69.48046875,"not_applicable",32,5,"NA",NA,""
"0.99.39","ccle","classification","plssvd","cuda","float64","argmax","rsvd",2,5,0,0.234,1.11022302462516e-16,0.004,0,0.238,1.11022302462516e-16,0.338028169014085,809.96875,416.890625,"not_applicable",32,5,"NA",NA,""
"0.99.39","ccle","classification","plssvd","cpu","float64","argmax","rsvd",5,5,0,0.0159999999999999,1.11022302462516e-16,0.003,0.001,0.019,0.001,0.436619718309859,462.80078125,69.609375,"not_applicable",32,5,"NA",NA,""
"0.99.39","ccle","classification","plssvd","cuda","float64","argmax","rsvd",5,5,0,0.233,0.00100000000000011,0.004,0,0.237,0.001,0.436619718309859,809.8984375,416.796875,"not_applicable",32,5,"NA",NA,""
"0.99.39","ccle","classification","plssvd","cpu","float64","argmax","rsvd",10,5,0,0.0169999999999999,1.11022302462516e-16,0.004,0,0.0209999999999999,0.001,0.619718309859155,463.1015625,69.92578125,"not_applicable",32,5,"NA",NA,""
"0.99.39","ccle","classification","plssvd","cuda","float64","argmax","rsvd",10,5,0,0.238,0.00399999999999989,0.004,0,0.242,0.00399999999999989,0.619718309859155,818.046875,424.8203125,"not_applicable",32,5,"NA",NA,""
"0.99.39","ccle","classification","plssvd","cpu","float64","argmax","rsvd",17,5,0,0.018,0.00100000000000011,0.004,0,0.022,0.00100000000000011,0.647887323943662,463.05859375,69.98828125,"not_applicable",32,5,"NA",NA,""
"0.99.39","ccle","classification","plssvd","cuda","float64","argmax","rsvd",17,5,0,0.236,0.00399999999999989,0.00499999999999989,0.00099999999999989,0.24,0.00400000000000011,0.647887323943662,810.0625,416.921875,"not_applicable",32,5,"NA",NA,""
"0.99.39","ccle","classification","plssvd","cpu","float64","argmax","rsvd",18,5,0,0.019,0,0.004,0,0.023,1.11022302462516e-16,0.647887323943662,463.18359375,70.0234375,"not_applicable",32,5,"NA",NA,""
"0.99.39","ccle","classification","plssvd","cuda","float64","argmax","rsvd",18,5,0,0.235,0.012,0.004,0,0.239,0.012,0.647887323943662,810.5,417.265625,"not_applicable",32,5,"NA",NA,""
"0.99.39","ccle","classification","simpls","cpu","float64","argmax","rsvd",1,5,0,0.02,1.11022302462516e-16,0.004,0,0.024,1.11022302462516e-16,0.267605633802817,462.7734375,69.6328125,"ordinary_fast",32,5,"fresh_oversampled_sketch_per_component",TRUE,""
"0.99.39","ccle","classification","simpls","cuda","float64","argmax","rsvd",1,5,0,0.232,0.002,0.00800000000000001,0,0.24,0.002,0.267605633802817,813.015625,419.90625,"ordinary_fast",32,5,"fresh_oversampled_sketch_per_component",TRUE,""
"0.99.39","ccle","classification","simpls","cpu","float64","argmax","rsvd",2,5,0,0.024,1.11022302462516e-16,0.004,0.001,0.0279999999999999,0.001,0.338028169014085,462.7578125,69.62890625,"ordinary_fast",32,5,"fresh_oversampled_sketch_per_component",TRUE,""
"0.99.39","ccle","classification","simpls","cuda","float64","argmax","rsvd",2,5,0,0.238,0.00299999999999989,0.004,0,0.242,0.00299999999999989,0.338028169014085,814.15625,420.98046875,"ordinary_fast",32,5,"fresh_oversampled_sketch_per_component",TRUE,""
"0.99.39","ccle","classification","simpls","cpu","float64","argmax","rsvd",5,5,0,0.036,0.001,0.003,0.001,0.039,0,0.422535211267606,462.82421875,69.625,"ordinary_fast",32,5,"fresh_oversampled_sketch_per_component",TRUE,""
"0.99.39","ccle","classification","simpls","cuda","float64","argmax","rsvd",5,5,0,0.248,0.00600000000000001,0.004,0.00099999999999989,0.252,0.0069999999999999,0.422535211267606,813.9921875,420.8515625,"ordinary_fast",32,5,"fresh_oversampled_sketch_per_component",TRUE,""
"0.99.39","ccle","classification","simpls","cpu","float64","argmax","rsvd",10,5,0,0.055,0,0.003,0.001,0.0590000000000001,0.001,0.507042253521127,462.5859375,69.43359375,"ordinary_fast",32,5,"fresh_oversampled_sketch_per_component",TRUE,""
"0.99.39","ccle","classification","simpls","cuda","float64","argmax","rsvd",10,5,0,0.259,0.004,0.004,0,0.263,0.004,0.507042253521127,814.38671875,421.3046875,"ordinary_fast",32,5,"fresh_oversampled_sketch_per_component",TRUE,""
"0.99.39","ccle","classification","simpls","cpu","float64","argmax","rsvd",18,5,0,0.0870000000000001,0.002,0.004,0,0.0910000000000001,0.002,0.647887323943662,462.61328125,69.48046875,"ordinary_fast",32,5,"fresh_oversampled_sketch_per_component",TRUE,""
"0.99.39","ccle","classification","simpls","cuda","float64","argmax","rsvd",18,5,0,0.275,0.001,0.004,0,0.279,0.001,0.647887323943662,814.6328125,421.484375,"ordinary_fast",32,5,"fresh_oversampled_sketch_per_component",TRUE,""
"0.99.39","ccle","classification","simpls","cpu","float64","argmax","rsvd",26,5,0,0.12,0,0.004,0.00100000000000011,0.124,0.001,0.71830985915493,462.6875,69.6015625,"ordinary_fast",32,5,"fresh_oversampled_sketch_per_component",TRUE,""
"0.99.39","ccle","classification","simpls","cuda","float64","argmax","rsvd",26,5,0,0.297,0.00499999999999989,0.004,0,0.301,0.00399999999999978,0.71830985915493,814.52734375,421.3359375,"ordinary_fast",32,5,"fresh_oversampled_sketch_per_component",TRUE,""
"0.99.39","ccle","classification","simpls","cpu","float64","argmax","rsvd",50,5,0,0.217,0.001,0.00300000000000011,0.00099999999999989,0.22,2.22044604925031e-16,0.732394366197183,462.83984375,69.69140625,"ordinary_fast",32,5,"fresh_oversampled_sketch_per_component",TRUE,""
"0.99.39","ccle","classification","simpls","cuda","float64","argmax","rsvd",50,5,0,0.35,0.004,0.004,0,0.354,0.004,0.732394366197183,814.0703125,420.83984375,"ordinary_fast",32,5,"fresh_oversampled_sketch_per_component",TRUE,""
"0.99.39","ccle","classification","simpls","cpu","float64","argmax","rsvd",100,5,0,0.419,0.00099999999999989,0.004,0,0.423,0.00099999999999989,0.71830985915493,464.3828125,71.22265625,"ordinary_fast",32,5,"fresh_oversampled_sketch_per_component",TRUE,""
"0.99.39","ccle","classification","simpls","cuda","float64","argmax","rsvd",100,5,0,0.465,0.00699999999999978,0.004,0,0.469,0.00699999999999978,0.71830985915493,815.8828125,422.70703125,"ordinary_fast",32,5,"fresh_oversampled_sketch_per_component",TRUE,""
"0.99.39","ccle","classification","opls","cpu","float64","argmax","rsvd",1,5,0,0.029,0,0.004,0,0.033,0.001,0.323943661971831,471.171875,78.1015625,"ordinary_fast",32,5,"fresh_oversampled_sketch_per_component",TRUE,""
"0.99.39","ccle","classification","opls","cuda","float64","argmax","rsvd",1,5,0,0.239,0.00900000000000001,0.00800000000000001,0,0.247,0.00900000000000001,0.323943661971831,817.30078125,424.16015625,"ordinary_fast",32,5,"fresh_oversampled_sketch_per_component",TRUE,""
"0.99.39","ccle","classification","opls","cpu","float64","argmax","rsvd",2,5,0,0.034,0.001,0.004,0,0.038,0.001,0.380281690140845,471.2578125,78.1640625,"ordinary_fast",32,5,"fresh_oversampled_sketch_per_component",TRUE,""
"0.99.39","ccle","classification","opls","cuda","float64","argmax","rsvd",2,5,0,0.244,0.0079999999999999,0.004,0.00099999999999989,0.249,0.00899999999999979,0.380281690140845,818.5234375,425.4375,"ordinary_fast",32,5,"fresh_oversampled_sketch_per_component",TRUE,""
"0.99.39","ccle","classification","opls","cpu","float64","argmax","rsvd",5,5,0,0.045,0.00099999999999989,0.004,0,0.049,0.001,0.450704225352113,471.37890625,78.23828125,"ordinary_fast",32,5,"fresh_oversampled_sketch_per_component",TRUE,""
"0.99.39","ccle","classification","opls","cuda","float64","argmax","rsvd",5,5,0,0.252,0.00200000000000011,0.00499999999999989,0.00099999999999989,0.257,0.003,0.450704225352113,818.96484375,425.84375,"ordinary_fast",32,5,"fresh_oversampled_sketch_per_component",TRUE,""
"0.99.39","ccle","classification","opls","cpu","float64","argmax","rsvd",10,5,0,0.0650000000000001,0.001,0.005,0.001,0.0700000000000001,1.11022302462516e-16,0.52112676056338,471.32421875,78.2109375,"ordinary_fast",32,5,"fresh_oversampled_sketch_per_component",TRUE,""
"0.99.39","ccle","classification","opls","cuda","float64","argmax","rsvd",10,5,0,0.264,0.00200000000000011,0.004,0,0.269,0.00200000000000033,0.52112676056338,819.10546875,426.03125,"ordinary_fast",32,5,"fresh_oversampled_sketch_per_component",TRUE,""
"0.99.39","ccle","classification","opls","cpu","float64","argmax","rsvd",18,5,0,0.099,0.00199999999999989,0.004,1.11022302462516e-16,0.103,0.00299999999999989,0.605633802816901,471.203125,78.0703125,"ordinary_fast",32,5,"fresh_oversampled_sketch_per_component",TRUE,""
"0.99.39","ccle","classification","opls","cuda","float64","argmax","rsvd",18,5,0,0.282,0.00100000000000011,0.00499999999999989,0.00100000000000011,0.286,0.00099999999999989,0.605633802816901,819.28515625,426.07421875,"ordinary_fast",32,5,"fresh_oversampled_sketch_per_component",TRUE,""
"0.99.39","ccle","classification","opls","cpu","float64","argmax","rsvd",25,5,0,0.126,0,0.004,0,0.13,0,0.676056338028169,471.3671875,78.16015625,"ordinary_fast",32,5,"fresh_oversampled_sketch_per_component",TRUE,""
"0.99.39","ccle","classification","opls","cuda","float64","argmax","rsvd",25,5,0,0.298,0.00099999999999989,0.004,0.00100000000000011,0.303,0.00100000000000011,0.676056338028169,819.296875,426.15625,"ordinary_fast",32,5,"fresh_oversampled_sketch_per_component",TRUE,""
"0.99.39","ccle","classification","opls","cpu","float64","argmax","rsvd",50,5,0,0.226,0.000999999999999779,0.004,0,0.23,0.000999999999999779,0.71830985915493,471.34765625,78.24609375,"ordinary_fast",32,5,"fresh_oversampled_sketch_per_component",TRUE,""
"0.99.39","ccle","classification","opls","cuda","float64","argmax","rsvd",50,5,0,0.355,1.11022302462516e-16,0.004,0,0.359,1.11022302462516e-16,0.71830985915493,819.31640625,426.17578125,"ordinary_fast",32,5,"fresh_oversampled_sketch_per_component",TRUE,""
"0.99.39","ccle","classification","opls","cpu","float64","argmax","rsvd",100,5,0,0.429,0.00199999999999989,0.004,0,0.433,0.00199999999999989,0.704225352112676,471.88671875,78.7109375,"ordinary_fast",32,5,"fresh_oversampled_sketch_per_component",TRUE,""
"0.99.39","ccle","classification","opls","cuda","float64","argmax","rsvd",100,5,0,0.47,0.00299999999999989,0.00499999999999989,0.00100000000000011,0.475,0.00299999999999967,0.704225352112676,820.5234375,427.3828125,"ordinary_fast",32,5,"fresh_oversampled_sketch_per_component",TRUE,""
"0.99.39","ccle","classification","kernelpls","cpu","float64","argmax","rsvd",1,5,0,0.0219999999999999,1.11022302462516e-16,0.003,0.001,0.025,1.11022302462516e-16,0.267605633802817,462.79296875,69.6796875,"ordinary_fast",32,5,"fresh_oversampled_sketch_per_component",TRUE,""
"0.99.39","ccle","classification","kernelpls","cuda","float64","argmax","rsvd",1,5,0,0.233,2.22044604925031e-16,0.00800000000000001,0,0.241,2.22044604925031e-16,0.267605633802817,813.26953125,420.13671875,"ordinary_fast",32,5,"fresh_oversampled_sketch_per_component",TRUE,""
"0.99.39","ccle","classification","kernelpls","cpu","float64","argmax","rsvd",2,5,0,0.0249999999999999,0,0.004,0.001,0.0289999999999999,0.001,0.338028169014085,462.79296875,69.67578125,"ordinary_fast",32,5,"fresh_oversampled_sketch_per_component",TRUE,""
"0.99.39","ccle","classification","kernelpls","cuda","float64","argmax","rsvd",2,5,0,0.241,0.001,0.004,0,0.245,0.001,0.338028169014085,813.56640625,420.45703125,"ordinary_fast",32,5,"fresh_oversampled_sketch_per_component",TRUE,""
"0.99.39","ccle","classification","kernelpls","cpu","float64","argmax","rsvd",5,5,0,0.0369999999999999,0.001,0.004,0,0.0409999999999999,0.001,0.422535211267606,462.51171875,69.42578125,"ordinary_fast",32,5,"fresh_oversampled_sketch_per_component",TRUE,""
"0.99.39","ccle","classification","kernelpls","cuda","float64","argmax","rsvd",5,5,0,0.247,0.001,0.004,0,0.251,0.001,0.422535211267606,813.84375,420.75390625,"ordinary_fast",32,5,"fresh_oversampled_sketch_per_component",TRUE,""
"0.99.39","ccle","classification","kernelpls","cpu","float64","argmax","rsvd",10,5,0,0.0570000000000001,0.001,0.003,0.001,0.0610000000000001,0,0.507042253521127,462.80859375,69.73046875,"ordinary_fast",32,5,"fresh_oversampled_sketch_per_component",TRUE,""
"0.99.39","ccle","classification","kernelpls","cuda","float64","argmax","rsvd",10,5,0,0.258,0.003,0.004,0,0.263,0.003,0.507042253521127,814.046875,420.8671875,"ordinary_fast",32,5,"fresh_oversampled_sketch_per_component",TRUE,""
"0.99.39","ccle","classification","kernelpls","cpu","float64","argmax","rsvd",18,5,0,0.0890000000000001,0.00099999999999989,0.003,0,0.093,0.001,0.647887323943662,462.62890625,69.4921875,"ordinary_fast",32,5,"fresh_oversampled_sketch_per_component",TRUE,""
"0.99.39","ccle","classification","kernelpls","cuda","float64","argmax","rsvd",18,5,0,0.277,0.00199999999999989,0.004,0,0.281,0.00199999999999989,0.647887323943662,814.36328125,421.16015625,"ordinary_fast",32,5,"fresh_oversampled_sketch_per_component",TRUE,""
"0.99.39","ccle","classification","kernelpls","cpu","float64","argmax","rsvd",26,5,0,0.121,0.00099999999999989,0.004,2.22044604925031e-16,0.125,0.001,0.71830985915493,462.8046875,69.7265625,"ordinary_fast",32,5,"fresh_oversampled_sketch_per_component",TRUE,""
"0.99.39","ccle","classification","kernelpls","cuda","float64","argmax","rsvd",26,5,0,0.295,0.00600000000000001,0.004,0,0.299,0.00600000000000001,0.71830985915493,814.7109375,421.62109375,"ordinary_fast",32,5,"fresh_oversampled_sketch_per_component",TRUE,""
"0.99.39","ccle","classification","kernelpls","cpu","float64","argmax","rsvd",50,5,0,0.218,0.001,0.004,0,0.222,0.001,0.732394366197183,462.84765625,69.703125,"ordinary_fast",32,5,"fresh_oversampled_sketch_per_component",TRUE,""
"0.99.39","ccle","classification","kernelpls","cuda","float64","argmax","rsvd",50,5,0,0.351,0.0089999999999999,0.004,0,0.355,0.0089999999999999,0.732394366197183,814.21875,421.01171875,"ordinary_fast",32,5,"fresh_oversampled_sketch_per_component",TRUE,""
"0.99.39","ccle","classification","kernelpls","cpu","float64","argmax","rsvd",100,5,0,0.422,0.00199999999999989,0.004,0.00099999999999989,0.426,0.00099999999999989,0.71830985915493,464.80078125,71.703125,"ordinary_fast",32,5,"fresh_oversampled_sketch_per_component",TRUE,""
"0.99.39","ccle","classification","kernelpls","cuda","float64","argmax","rsvd",100,5,0,0.465,0.00200000000000011,0.004,0,0.469,0.00200000000000011,0.71830985915493,815.8984375,422.7578125,"ordinary_fast",32,5,"fresh_oversampled_sketch_per_component",TRUE,""
"0.99.39","cifar100","classification","plssvd","cpu","float64","argmax","rsvd",1,5,0,2.507,0.0110000000000001,0.526,0.00300000000000011,3.036,0.012,0.0199,1111.19140625,372.515625,"not_applicable",32,5,"NA",NA,""
"0.99.39","cifar100","classification","plssvd","cuda","float64","argmax","rsvd",1,5,0,0.538,0.002,0.0910000000000002,0.00100000000000011,0.628,0.00300000000000011,0.0199,1479.3359375,740.68359375,"not_applicable",32,5,"NA",NA,""
"0.99.39","cifar100","classification","plssvd","cpu","float64","argmax","rsvd",2,5,0,2.527,0.0130000000000003,0.527,0.00100000000000033,3.053,0.0139999999999993,0.0426,1112.5859375,374.0078125,"not_applicable",32,5,"NA",NA,""
"0.99.39","cifar100","classification","plssvd","cuda","float64","argmax","rsvd",2,5,0,0.532,0.00399999999999978,0.0910000000000002,2.22044604925031e-16,0.623,0.00299999999999989,0.0426,1466.5390625,727.9296875,"not_applicable",32,5,"NA",NA,""
"0.99.39","cifar100","classification","plssvd","cpu","float64","argmax","rsvd",5,5,0,2.608,0.0150000000000001,0.528,0.00300000000000011,3.136,0.0180000000000002,0.109,1116.08203125,377.45703125,"not_applicable",32,5,"NA",NA,""
"0.99.39","cifar100","classification","plssvd","cuda","float64","argmax","rsvd",5,5,0,0.531,0.00600000000000001,0.0910000000000002,0.00100000000000011,0.623,0.00700000000000012,0.1089,1467.4609375,728.85546875,"not_applicable",32,5,"NA",NA,""
"0.99.39","cifar100","classification","plssvd","cpu","float64","argmax","rsvd",10,5,0,2.733,0.0100000000000002,0.527,0.00300000000000011,3.26,0.0139999999999998,0.2655,1121.8359375,383.16015625,"not_applicable",32,5,"NA",NA,""
"0.99.39","cifar100","classification","plssvd","cuda","float64","argmax","rsvd",10,5,0,0.541,0.00800000000000001,0.093,2.22044604925031e-16,0.634,0.00799999999999979,0.2656,1470.85546875,732.2890625,"not_applicable",32,5,"NA",NA,""
"0.99.39","cifar100","classification","plssvd","cpu","float64","argmax","rsvd",20,5,0,2.993,0.00400000000000045,0.526999999999999,0.00199999999999978,3.52,0.00599999999999934,0.412,1133.1875,394.59375,"not_applicable",32,5,"NA",NA,""
"0.99.39","cifar100","classification","plssvd","cuda","float64","argmax","rsvd",20,5,0,0.532,0.00100000000000011,0.0910000000000002,0.00100000000000011,0.624,0.00299999999999989,0.4115,1471.48828125,732.87109375,"not_applicable",32,5,"NA",NA,""
"0.99.39","cifar100","classification","plssvd","cpu","float64","argmax","rsvd",50,5,0,3.76,0.00699999999999967,0.524,0.00200000000000067,4.285,0.00300000000000011,0.7082,1167.234375,428.66015625,"not_applicable",32,5,"NA",NA,""
"0.99.39","cifar100","classification","plssvd","cuda","float64","argmax","rsvd",50,5,0,0.557,0.00500000000000012,0.0959999999999999,0.00099999999999989,0.653,0.00500000000000012,0.7082,1494.19921875,755.5703125,"not_applicable",32,5,"NA",NA,""
"0.99.39","cifar100","classification","plssvd","cpu","float64","argmax","rsvd",99,5,0,4.986,0.019000000000001,0.529,0.0149999999999997,5.519,0.0160000000000009,0.874,1226.5859375,487.87890625,"not_applicable",32,5,"NA",NA,""
"0.99.39","cifar100","classification","plssvd","cuda","float64","argmax","rsvd",99,5,0,0.583,0.01,0.0980000000000001,0,0.681,0.01,0.874,1509.94921875,771.30078125,"not_applicable",32,5,"NA",NA,""
"0.99.39","cifar100","classification","plssvd","cpu","float64","argmax","rsvd",100,5,0,4.979,0.0129999999999999,0.528,0.00399999999999956,5.518,0.0309999999999997,0.874,1226.12890625,487.41796875,"not_applicable",32,5,"NA",NA,""
"0.99.39","cifar100","classification","plssvd","cuda","float64","argmax","rsvd",100,5,0,0.59,0.0219999999999998,0.0979999999999999,0.00099999999999989,0.688,0.0219999999999998,0.874,1509.97265625,771.3828125,"not_applicable",32,5,"NA",NA,""
"0.99.39","cifar100","classification","simpls","cpu","float64","argmax","rsvd",1,5,0,2.579,0.0110000000000001,0.531,0.00500000000000034,3.111,0.0169999999999999,0.0199,1442.6796875,704.02734375,"ordinary_fast",32,5,"fresh_oversampled_sketch_per_component",TRUE,""
"0.99.39","cifar100","classification","simpls","cuda","float64","argmax","rsvd",1,5,0,0.529,0.0140000000000002,0.0960000000000001,0.002,0.626,0.0160000000000002,0.0199,1450.6015625,712.01953125,"ordinary_fast",32,5,"fresh_oversampled_sketch_per_component",TRUE,""
"0.99.39","cifar100","classification","simpls","cpu","float64","argmax","rsvd",2,5,0,2.756,0.130999999999999,0.532,0.0259999999999989,3.284,0.160999999999999,0.0426,1442.76171875,704.09765625,"ordinary_fast",32,5,"fresh_oversampled_sketch_per_component",TRUE,""
"0.99.39","cifar100","classification","simpls","cuda","float64","argmax","rsvd",2,5,0,0.541,0.004,0.0960000000000001,0,0.637,0.004,0.0426,1461.08203125,722.3671875,"ordinary_fast",32,5,"fresh_oversampled_sketch_per_component",TRUE,""
"0.99.39","cifar100","classification","simpls","cpu","float64","argmax","rsvd",5,5,0,2.852,0.0189999999999992,0.532,0.00699999999999967,3.378,0.0289999999999981,0.1092,1442.765625,704.14453125,"ordinary_fast",32,5,"fresh_oversampled_sketch_per_component",TRUE,""
"0.99.39","cifar100","classification","simpls","cuda","float64","argmax","rsvd",5,5,0,0.557,0.002,0.095,0,0.652,0.002,0.1092,1461.1796875,722.55078125,"ordinary_fast",32,5,"fresh_cuda_candidate_block",TRUE,""
"0.99.39","cifar100","classification","simpls","cpu","float64","argmax","rsvd",10,5,0,3.173,0.0200000000000005,0.526,0.00199999999999978,3.7,0.0179999999999998,0.2648,1442.83203125,704.21875,"ordinary_fast",32,5,"fresh_oversampled_sketch_per_component",TRUE,""
"0.99.39","cifar100","classification","simpls","cuda","float64","argmax","rsvd",10,5,0,0.584,0.00599999999999978,0.093,0,0.677,0.00599999999999978,0.2653,1461.7421875,723.109375,"ordinary_fast",32,5,"fresh_cuda_candidate_block",TRUE,""
"0.99.39","cifar100","classification","simpls","cpu","float64","argmax","rsvd",20,5,0,3.88,0.0730000000000004,0.528,0.00400000000000045,4.405,0.0709999999999988,0.4116,1442.76953125,704.1953125,"ordinary_fast",32,5,"fresh_oversampled_sketch_per_component",TRUE,""
"0.99.39","cifar100","classification","simpls","cuda","float64","argmax","rsvd",20,5,0,0.645,0.00299999999999989,0.0930000000000002,2.22044604925031e-16,0.738,0.00300000000000011,0.4131,1461.890625,723.26171875,"ordinary_fast",32,5,"fresh_cuda_candidate_block",TRUE,""
"0.99.39","cifar100","classification","simpls","cpu","float64","argmax","rsvd",50,5,0,5.794,0.016,0.527,0.000999999999999446,6.326,0.0170000000000003,0.7085,1442.91015625,704.26171875,"ordinary_fast",32,5,"fresh_oversampled_sketch_per_component",TRUE,""
"0.99.39","cifar100","classification","simpls","cuda","float64","argmax","rsvd",50,5,0,0.65,0.00500000000000012,0.0960000000000001,2.22044604925031e-16,0.746,0.00500000000000034,0.7088,1462.73046875,724.07421875,"ordinary_fast",32,5,"fresh_cuda_candidate_block",TRUE,""
"0.99.39","cifar100","classification","simpls","cpu","float64","argmax","rsvd",100,5,0,9.085,0.0200000000000014,0.532,0.0080000000000009,9.622,0.00999999999999801,0.8739,1444.16796875,705.5546875,"ordinary_fast",32,5,"fresh_oversampled_sketch_per_component",TRUE,""
"0.99.39","cifar100","classification","simpls","cuda","float64","argmax","rsvd",100,5,0,0.758,0.004,0.0980000000000003,0.00100000000000033,0.857,0.00399999999999956,0.8735,1463.16796875,724.46484375,"ordinary_fast",32,5,"fresh_cuda_candidate_block",TRUE,""
"0.99.39","cifar100","classification","simpls","cpu","float64","argmax","rsvd",200,5,0,15.613,0.043000000000001,0.532999999999998,0.00999999999999801,16.145,0.0399999999999991,0.888,1445.7109375,707.13671875,"ordinary_fast",32,5,"fresh_oversampled_sketch_per_component",TRUE,""
"0.99.39","cifar100","classification","simpls","cuda","float64","argmax","rsvd",200,5,0,0.987,0.00300000000000011,0.103,0,1.09,0.00299999999999967,0.8882,1465.4140625,726.83203125,"ordinary_fast",32,5,"fresh_cuda_candidate_block",TRUE,""
"0.99.39","cifar100","classification","simpls","cpu","float64","argmax","rsvd",263,5,0,19.789,0.0360000000000014,0.536000000000001,0.007000000000005,20.325,0.0379999999999967,0.8912,1447.03125,708.33203125,"ordinary_fast",32,5,"fresh_oversampled_sketch_per_component",TRUE,""
"0.99.39","cifar100","classification","simpls","cuda","float64","argmax","rsvd",263,5,0,1.127,0.00400000000000023,0.106,0,1.233,0.00600000000000001,0.8907,1466.63671875,727.9375,"ordinary_fast",32,5,"fresh_cuda_candidate_block",TRUE,""
"0.99.39","cifar100","classification","simpls","cpu","float64","argmax","rsvd",300,5,0,22.209,0.0440000000000005,0.527999999999999,0.0150000000000006,22.739,0.0410000000000004,0.8908,1447.71484375,709.00390625,"ordinary_fast",32,5,"fresh_oversampled_sketch_per_component",TRUE,""
"0.99.39","cifar100","classification","simpls","cuda","float64","argmax","rsvd",300,5,0,1.217,0.002,0.108,0,1.325,0.00299999999999989,0.8909,1467.296875,728.60546875,"ordinary_fast",32,5,"fresh_cuda_candidate_block",TRUE,""
"0.99.39","cifar100","classification","opls","cpu","float64","argmax","rsvd",1,5,0,5.254,0.0130000000000008,0.59,0.00199999999999978,5.845,0.0120000000000013,0.02,1773.46875,1034.86328125,"ordinary_fast",32,5,"fresh_oversampled_sketch_per_component",TRUE,""
"0.99.39","cifar100","classification","opls","cuda","float64","argmax","rsvd",1,5,0,3.228,0.0149999999999997,0.16,0,3.388,0.016,0.02,1782.90234375,1044.19140625,"ordinary_fast",32,5,"fresh_oversampled_sketch_per_component",TRUE,""
"0.99.39","cifar100","classification","opls","cpu","float64","argmax","rsvd",2,5,0,5.354,0.0350000000000001,0.592,0.00300000000000011,5.944,0.0259999999999998,0.0444,1773.296875,1034.69140625,"ordinary_fast",32,5,"fresh_oversampled_sketch_per_component",TRUE,""
"0.99.39","cifar100","classification","opls","cuda","float64","argmax","rsvd",2,5,0,3.242,0.016,0.161,0.00199999999999978,3.403,0.0209999999999995,0.0444,1793.21875,1054.6015625,"ordinary_fast",32,5,"fresh_oversampled_sketch_per_component",TRUE,""
"0.99.39","cifar100","classification","opls","cpu","float64","argmax","rsvd",5,5,0,5.529,0.0389999999999997,0.59,0.00199999999999978,6.118,0.0459999999999994,0.0982,1773.48828125,1034.86328125,"ordinary_fast",32,5,"fresh_oversampled_sketch_per_component",TRUE,""
"0.99.39","cifar100","classification","opls","cuda","float64","argmax","rsvd",5,5,0,3.261,0.0280000000000005,0.16,0.00100000000000033,3.421,0.0249999999999995,0.0982,1793.328125,1054.734375,"ordinary_fast",32,5,"fresh_cuda_candidate_block",TRUE,""
"0.99.39","cifar100","classification","opls","cpu","float64","argmax","rsvd",10,5,0,5.87,0.0439999999999996,0.593999999999999,0.00300000000000011,6.461,0.0379999999999994,0.2667,1773.5546875,1034.92578125,"ordinary_fast",32,5,"fresh_oversampled_sketch_per_component",TRUE,""
"0.99.39","cifar100","classification","opls","cuda","float64","argmax","rsvd",10,5,0,3.289,0.0209999999999999,0.157999999999999,0.003000000000001,3.446,0.0240000000000009,0.2666,1794.02734375,1055.3125,"ordinary_fast",32,5,"fresh_cuda_candidate_block",TRUE,""
"0.99.39","cifar100","classification","opls","cpu","float64","argmax","rsvd",20,5,0,6.512,0.0110000000000001,0.592000000000001,8.88178419700125e-16,7.104,0.00999999999999979,0.4262,1773.609375,1034.96875,"ordinary_fast",32,5,"fresh_oversampled_sketch_per_component",TRUE,""
"0.99.39","cifar100","classification","opls","cuda","float64","argmax","rsvd",20,5,0,3.35,0.016,0.157999999999999,0.00100000000000033,3.509,0.0170000000000003,0.4257,1793.5234375,1054.81640625,"ordinary_fast",32,5,"fresh_cuda_candidate_block",TRUE,""
"0.99.39","cifar100","classification","opls","cpu","float64","argmax","rsvd",50,5,0,8.529,0.0570000000000004,0.592000000000001,0.00399999999999956,9.118,0.0630000000000006,0.7054,1773.4453125,1034.80859375,"ordinary_fast",32,5,"fresh_oversampled_sketch_per_component",TRUE,""
"0.99.39","cifar100","classification","opls","cuda","float64","argmax","rsvd",50,5,0,3.347,0.0220000000000007,0.16,0.000999999999999446,3.507,0.0230000000000001,0.7073,1794.71875,1056.0703125,"ordinary_fast",32,5,"fresh_cuda_candidate_block",TRUE,""
"0.99.39","cifar100","classification","opls","cpu","float64","argmax","rsvd",100,5,0,11.778,0.0109999999999992,0.596,0.00399999999999956,12.374,0.00699999999999967,0.8751,1774.953125,1036.296875,"ordinary_fast",32,5,"fresh_oversampled_sketch_per_component",TRUE,""
"0.99.39","cifar100","classification","opls","cuda","float64","argmax","rsvd",100,5,0,3.471,0.0260000000000007,0.163,0.00100000000000033,3.633,0.0260000000000007,0.8751,1794.96875,1056.28515625,"ordinary_fast",32,5,"fresh_cuda_candidate_block",TRUE,""
"0.99.39","cifar100","classification","opls","cpu","float64","argmax","rsvd",200,5,0,18.315,0.032,0.602,0.00900000000000034,18.92,0.0219999999999949,0.8877,1776.55078125,1037.90625,"ordinary_fast",32,5,"fresh_oversampled_sketch_per_component",TRUE,""
"0.99.39","cifar100","classification","opls","cuda","float64","argmax","rsvd",200,5,0,3.675,0.00399999999999912,0.167,0.00100000000000033,3.842,0.00299999999999878,0.8875,1796.33203125,1057.65234375,"ordinary_fast",32,5,"fresh_cuda_candidate_block",TRUE,""
"0.99.39","cifar100","classification","opls","cpu","float64","argmax","rsvd",286,5,0,23.973,0.0789999999999971,0.602,0.00499999999999901,24.57,0.0719999999999992,0.8909,1778.0078125,1039.359375,"ordinary_fast",32,5,"fresh_oversampled_sketch_per_component",TRUE,""
"0.99.39","cifar100","classification","opls","cuda","float64","argmax","rsvd",286,5,0,3.875,0.00800000000000001,0.170000000000001,0.00100000000000033,4.045,0.00800000000000001,0.8903,1797.92578125,1059.328125,"ordinary_fast",32,5,"fresh_cuda_candidate_block",TRUE,""
"0.99.39","cifar100","classification","opls","cpu","float64","argmax","rsvd",300,5,0,24.87,0.0480000000000018,0.591000000000001,0.0110000000000028,25.459,0.0459999999999994,0.8903,1778.43359375,1039.7734375,"ordinary_fast",32,5,"fresh_oversampled_sketch_per_component",TRUE,""
"0.99.39","cifar100","classification","opls","cuda","float64","argmax","rsvd",300,5,0,3.93,0.0220000000000007,0.172,8.88178419700125e-16,4.101,0.0219999999999994,0.8901,1798.85546875,1060.09375,"ordinary_fast",32,5,"fresh_cuda_candidate_block",TRUE,""
"0.99.39","cifar100","classification","kernelpls","cpu","float64","argmax","rsvd",1,5,0,2.584,0.0109999999999997,0.524,0.00100000000000033,3.108,0.0120000000000005,0.0199,1442.74609375,704.1484375,"ordinary_fast",32,5,"fresh_oversampled_sketch_per_component",TRUE,""
"0.99.39","cifar100","classification","kernelpls","cuda","float64","argmax","rsvd",1,5,0,0.525,0.00600000000000023,0.095,0.00100000000000011,0.62,0.00700000000000034,0.0199,1450.96484375,712.3515625,"ordinary_fast",32,5,"fresh_oversampled_sketch_per_component",TRUE,""
"0.99.39","cifar100","classification","kernelpls","cpu","float64","argmax","rsvd",2,5,0,2.648,0.0269999999999997,0.525,0.00299999999999923,3.173,0.0239999999999996,0.0426,1442.88671875,704.28515625,"ordinary_fast",32,5,"fresh_oversampled_sketch_per_component",TRUE,""
"0.99.39","cifar100","classification","kernelpls","cuda","float64","argmax","rsvd",2,5,0,0.538,0.018,0.0960000000000001,0.00100000000000011,0.633,0.018,0.0426,1462.01171875,723.2421875,"ordinary_fast",32,5,"fresh_oversampled_sketch_per_component",TRUE,""
"0.99.39","cifar100","classification","kernelpls","cpu","float64","argmax","rsvd",5,5,0,2.835,0.02,0.532999999999999,0.00900000000000034,3.37,0.00800000000000045,0.1092,1442.86328125,704.25,"ordinary_fast",32,5,"fresh_oversampled_sketch_per_component",TRUE,""
"0.99.39","cifar100","classification","kernelpls","cuda","float64","argmax","rsvd",5,5,0,0.558,0.00299999999999989,0.0960000000000001,0.00100000000000011,0.655,0.00199999999999978,0.1092,1461.53125,722.8203125,"ordinary_fast",32,5,"fresh_cuda_candidate_block",TRUE,""
"0.99.39","cifar100","classification","kernelpls","cpu","float64","argmax","rsvd",10,5,0,3.177,0.0209999999999999,0.528,0.0110000000000001,3.705,0.0330000000000004,0.2648,1442.7578125,704.09375,"ordinary_fast",32,5,"fresh_oversampled_sketch_per_component",TRUE,""
"0.99.39","cifar100","classification","kernelpls","cuda","float64","argmax","rsvd",10,5,0,0.589,0.004,0.0930000000000002,0.00099999999999989,0.682,0.00400000000000023,0.2653,1461.65625,723.01171875,"ordinary_fast",32,5,"fresh_cuda_candidate_block",TRUE,""
"0.99.39","cifar100","classification","kernelpls","cpu","float64","argmax","rsvd",20,5,0,3.802,0.0229999999999997,0.527,0.00600000000000112,4.331,0.0179999999999989,0.4116,1443.0546875,704.4296875,"ordinary_fast",32,5,"fresh_oversampled_sketch_per_component",TRUE,""
"0.99.39","cifar100","classification","kernelpls","cuda","float64","argmax","rsvd",20,5,0,0.647,0,0.0930000000000002,0.000999999999999668,0.74,0.000999999999999668,0.4131,1462.046875,723.453125,"ordinary_fast",32,5,"fresh_cuda_candidate_block",TRUE,""
"0.99.39","cifar100","classification","kernelpls","cpu","float64","argmax","rsvd",50,5,0,5.791,0.0230000000000006,0.526,0.00699999999999967,6.322,0.0320000000000009,0.7085,1442.8671875,704.20703125,"ordinary_fast",32,5,"fresh_oversampled_sketch_per_component",TRUE,""
"0.99.39","cifar100","classification","kernelpls","cuda","float64","argmax","rsvd",50,5,0,0.651,0.0089999999999999,0.0960000000000001,2.22044604925031e-16,0.747,0.0089999999999999,0.7088,1462.42578125,723.828125,"ordinary_fast",32,5,"fresh_cuda_candidate_block",TRUE,""
"0.99.39","cifar100","classification","kernelpls","cpu","float64","argmax","rsvd",100,5,0,9.074,0.00900000000000034,0.526999999999999,0.00100000000000122,9.6,0.0370000000000008,0.8739,1444.11328125,705.44921875,"ordinary_fast",32,5,"fresh_oversampled_sketch_per_component",TRUE,""
"0.99.39","cifar100","classification","kernelpls","cuda","float64","argmax","rsvd",100,5,0,0.757,0.004,0.0980000000000003,0.00100000000000033,0.855,0.00199999999999978,0.8735,1463.34765625,724.7109375,"ordinary_fast",32,5,"fresh_cuda_candidate_block",TRUE,""
"0.99.39","cifar100","classification","kernelpls","cpu","float64","argmax","rsvd",200,5,0,15.626,0.00499999999999723,0.532,0.0120000000000005,16.158,0.0140000000000065,0.888,1445.953125,707.3046875,"ordinary_fast",32,5,"fresh_oversampled_sketch_per_component",TRUE,""
"0.99.39","cifar100","classification","kernelpls","cuda","float64","argmax","rsvd",200,5,0,0.985,0.00300000000000034,0.104,0,1.088,0.00300000000000056,0.8882,1465.515625,726.90234375,"ordinary_fast",32,5,"fresh_cuda_candidate_block",TRUE,""
"0.99.39","cifar100","classification","kernelpls","cpu","float64","argmax","rsvd",263,5,0,19.824,0.0380000000000003,0.529,0.00199999999999889,20.353,0.0399999999999991,0.8912,1447.38671875,708.67578125,"ordinary_fast",32,5,"fresh_oversampled_sketch_per_component",TRUE,""
"0.99.39","cifar100","classification","kernelpls","cuda","float64","argmax","rsvd",263,5,0,1.129,0.004,0.107,0.00099999999999989,1.235,0.00400000000000067,0.8907,1467.32421875,728.77734375,"ordinary_fast",32,5,"fresh_cuda_candidate_block",TRUE,""
"0.99.39","cifar100","classification","kernelpls","cpu","float64","argmax","rsvd",300,5,0,22.25,0.0899999999999999,0.532999999999998,0.00300000000000011,22.779,0.0940000000000012,0.8908,1447.71875,708.9609375,"ordinary_fast",32,5,"fresh_oversampled_sketch_per_component",TRUE,""
"0.99.39","cifar100","classification","kernelpls","cuda","float64","argmax","rsvd",300,5,0,1.218,0.0139999999999998,0.108,0.00099999999999989,1.326,0.0149999999999997,0.8909,1467.59375,728.8828125,"ordinary_fast",32,5,"fresh_cuda_candidate_block",TRUE,""
"0.99.39","gtex_v8","classification","plssvd","cpu","float64","argmax","rsvd",1,5,0,0.0740000000000001,0.001,0.0180000000000001,1.11022302462516e-16,0.0920000000000002,0.00099999999999989,0.248431618569636,494.46484375,76.68359375,"not_applicable",32,5,"NA",NA,""
"0.99.39","gtex_v8","classification","plssvd","cuda","float64","argmax","rsvd",1,5,0,0.26,0.002,0.0089999999999999,2.22044604925031e-16,0.269,0.002,0.248431618569636,857.87109375,440.1328125,"not_applicable",32,5,"NA",NA,""
"0.99.39","gtex_v8","classification","plssvd","cpu","float64","argmax","rsvd",2,5,0,0.0750000000000001,0.001,0.018,0.001,0.0930000000000001,0,0.302383939774153,494.14453125,76.453125,"not_applicable",32,5,"NA",NA,""
"0.99.39","gtex_v8","classification","plssvd","cuda","float64","argmax","rsvd",2,5,0,0.256,0.001,0.00900000000000012,0,0.264,0.001,0.302383939774153,848.546875,430.8046875,"not_applicable",32,5,"NA",NA,""
"0.99.39","gtex_v8","classification","plssvd","cpu","float64","argmax","rsvd",5,5,0,0.0800000000000001,0,0.0169999999999999,2.22044604925031e-16,0.097,2.22044604925031e-16,0.454203262233375,494.25390625,76.64453125,"not_applicable",32,5,"NA",NA,""
"0.99.39","gtex_v8","classification","plssvd","cuda","float64","argmax","rsvd",5,5,0,0.252,0.005,0.00900000000000012,0,0.261,0.005,0.454203262233375,840.95703125,423.18359375,"not_applicable",32,5,"NA",NA,""
"0.99.39","gtex_v8","classification","plssvd","cpu","float64","argmax","rsvd",10,5,0,0.0860000000000001,0.001,0.018,2.22044604925031e-16,0.104,0.00100000000000022,0.72396486825596,494.3359375,76.59375,"not_applicable",32,5,"NA",NA,""
"0.99.39","gtex_v8","classification","plssvd","cuda","float64","argmax","rsvd",10,5,0,0.256,0.001,0.00900000000000012,0,0.265,0.00100000000000011,0.72396486825596,849.46875,431.734375,"not_applicable",32,5,"NA",NA,""
"0.99.39","gtex_v8","classification","plssvd","cpu","float64","argmax","rsvd",20,5,0,0.1,0.003,0.0179999999999998,0.00100000000000011,0.117,0.00400000000000011,0.892095357590966,495.23828125,77.4453125,"not_applicable",32,5,"NA",NA,""
"0.99.39","gtex_v8","classification","plssvd","cuda","float64","argmax","rsvd",20,5,0,0.251,0.00399999999999989,0.0089999999999999,2.22044604925031e-16,0.259,0.00400000000000011,0.892095357590966,841.67578125,423.98046875,"not_applicable",32,5,"NA",NA,""
"0.99.39","gtex_v8","classification","plssvd","cpu","float64","argmax","rsvd",30,5,0,0.116,0.002,0.0170000000000001,0.00100000000000011,0.133,0.002,0.941028858218319,496.52734375,78.8125,"not_applicable",32,5,"NA",NA,""
"0.99.39","gtex_v8","classification","plssvd","cuda","float64","argmax","rsvd",30,5,0,0.252,0.00100000000000011,0.0089999999999999,2.22044604925031e-16,0.261,3.33066907387547e-16,0.941028858218319,842.8125,424.96484375,"not_applicable",32,5,"NA",NA,""
"0.99.39","gtex_v8","classification","plssvd","cpu","float64","argmax","rsvd",32,5,0,0.118,0.00100000000000011,0.018,0,0.136,0.00100000000000011,0.941028858218319,496.671875,78.921875,"not_applicable",32,5,"NA",NA,""
"0.99.39","gtex_v8","classification","plssvd","cuda","float64","argmax","rsvd",32,5,0,0.253,0.00300000000000011,0.00900000000000012,0.00100000000000011,0.262,0.00400000000000023,0.941028858218319,842.66015625,424.93359375,"not_applicable",32,5,"NA",NA,""
"0.99.39","gtex_v8","classification","simpls","cpu","float64","argmax","rsvd",1,5,0,0.0890000000000001,0.004,0.018,2.22044604925031e-16,0.107,0.00399999999999978,0.248431618569636,495.2109375,77.484375,"ordinary_fast",32,5,"fresh_oversampled_sketch_per_component",TRUE,""
"0.99.39","gtex_v8","classification","simpls","cuda","float64","argmax","rsvd",1,5,0,0.25,0.00399999999999989,0.0129999999999999,0.00099999999999989,0.263,0.005,0.248431618569636,844.0234375,426.32421875,"ordinary_fast",32,5,"fresh_oversampled_sketch_per_component",TRUE,""
"0.99.39","gtex_v8","classification","simpls","cpu","float64","argmax","rsvd",2,5,0,0.102,0.00200000000000011,0.0170000000000001,0.00100000000000011,0.119,0.001,0.302383939774153,494.8046875,77.16796875,"ordinary_fast",32,5,"fresh_oversampled_sketch_per_component",TRUE,""
"0.99.39","gtex_v8","classification","simpls","cuda","float64","argmax","rsvd",2,5,0,0.255,0.00800000000000001,0.0089999999999999,0.00100000000000011,0.264,0.00800000000000001,0.302383939774153,845.04296875,427.26171875,"ordinary_fast",32,5,"fresh_oversampled_sketch_per_component",TRUE,""
"0.99.39","gtex_v8","classification","simpls","cpu","float64","argmax","rsvd",5,5,0,0.148,0.00299999999999989,0.0170000000000001,2.22044604925031e-16,0.165,0.00299999999999967,0.456712672521957,495.0078125,77.28125,"ordinary_fast",32,5,"fresh_oversampled_sketch_per_component",TRUE,""
"0.99.39","gtex_v8","classification","simpls","cuda","float64","argmax","rsvd",5,5,0,0.265,0.001,0.0089999999999999,0.00099999999999989,0.274,2.22044604925031e-16,0.456712672521957,844.9375,427.13671875,"ordinary_fast",32,5,"fresh_oversampled_sketch_per_component",TRUE,""
"0.99.39","gtex_v8","classification","simpls","cpu","float64","argmax","rsvd",10,5,0,0.22,0.002,0.0179999999999998,0.00100000000000011,0.238,0.00299999999999989,0.731493099121706,494.80859375,77.0390625,"ordinary_fast",32,5,"fresh_oversampled_sketch_per_component",TRUE,""
"0.99.39","gtex_v8","classification","simpls","cuda","float64","argmax","rsvd",10,5,0,0.284,0.00300000000000011,0.00900000000000012,2.22044604925031e-16,0.293,0.00200000000000022,0.731493099121706,844.8984375,427.1953125,"ordinary_fast",32,5,"fresh_oversampled_sketch_per_component",TRUE,""
"0.99.39","gtex_v8","classification","simpls","cpu","float64","argmax","rsvd",20,5,0,0.37,0.00200000000000011,0.018,0,0.388,0.003,0.875784190715182,494.81640625,77.1796875,"ordinary_fast",32,5,"fresh_oversampled_sketch_per_component",TRUE,""
"0.99.39","gtex_v8","classification","simpls","cuda","float64","argmax","rsvd",20,5,0,0.317,0.00100000000000011,0.0089999999999999,0,0.326,0.00100000000000033,0.875784190715182,846.03515625,428.328125,"ordinary_fast",32,5,"fresh_oversampled_sketch_per_component",TRUE,""
"0.99.39","gtex_v8","classification","simpls","cpu","float64","argmax","rsvd",32,5,0,0.548,0.00099999999999989,0.018,0,0.565,0.00099999999999989,0.93099121706399,495.40625,77.64453125,"ordinary_fast",32,5,"fresh_oversampled_sketch_per_component",TRUE,""
"0.99.39","gtex_v8","classification","simpls","cuda","float64","argmax","rsvd",32,5,0,0.353,0.00200000000000011,0.00900000000000012,2.22044604925031e-16,0.362,0.00200000000000033,0.93099121706399,845.484375,427.8359375,"ordinary_fast",32,5,"fresh_oversampled_sketch_per_component",TRUE,""
"0.99.39","gtex_v8","classification","simpls","cpu","float64","argmax","rsvd",50,5,0,0.817,0.00100000000000011,0.0170000000000001,0.00099999999999989,0.834,0.00199999999999989,0.957340025094103,495.59765625,77.94140625,"ordinary_fast",32,5,"fresh_oversampled_sketch_per_component",TRUE,""
"0.99.39","gtex_v8","classification","simpls","cuda","float64","argmax","rsvd",50,5,0,0.416,0.00299999999999989,0.0089999999999999,0,0.425,0.00299999999999989,0.957340025094103,845.765625,428,"ordinary_fast",32,5,"fresh_oversampled_sketch_per_component",TRUE,""
"0.99.39","gtex_v8","classification","simpls","cpu","float64","argmax","rsvd",100,5,0,1.556,0.004,0.0179999999999998,0.000999999999999446,1.573,0.00300000000000056,0.962358845671267,496.953125,79.2265625,"ordinary_fast",32,5,"fresh_oversampled_sketch_per_component",TRUE,""
"0.99.39","gtex_v8","classification","simpls","cuda","float64","argmax","rsvd",100,5,0,0.579,0.004,0.0089999999999999,0,0.588,0.004,0.962358845671267,847.4375,429.66015625,"ordinary_fast",32,5,"fresh_oversampled_sketch_per_component",TRUE,""
"0.99.39","gtex_v8","classification","simpls","cpu","float64","argmax","rsvd",190,5,0,2.906,0.00499999999999989,0.0169999999999999,0,2.923,0.00599999999999978,0.963613550815558,499.3984375,81.734375,"ordinary_fast",32,5,"fresh_oversampled_sketch_per_component",TRUE,""
"0.99.39","gtex_v8","classification","simpls","cuda","float64","argmax","rsvd",190,5,0,0.884,0.00600000000000012,0.01,0.00099999999999989,0.893,0.005,0.963613550815558,849.875,432.203125,"ordinary_fast",32,5,"fresh_oversampled_sketch_per_component",TRUE,""
"0.99.39","gtex_v8","classification","simpls","cpu","float64","argmax","rsvd",200,5,0,3.055,0.0110000000000001,0.0170000000000003,0.00100000000000033,3.072,0.0110000000000001,0.962358845671267,499.37890625,81.59375,"ordinary_fast",32,5,"fresh_oversampled_sketch_per_component",TRUE,""
"0.99.39","gtex_v8","classification","simpls","cuda","float64","argmax","rsvd",200,5,0,0.913,0.00199999999999989,0.0089999999999999,2.22044604925031e-16,0.922,0.00199999999999978,0.962358845671267,850.0546875,432.27734375,"ordinary_fast",32,5,"fresh_oversampled_sketch_per_component",TRUE,""
"0.99.39","gtex_v8","classification","opls","cpu","float64","argmax","rsvd",1,5,0,0.165,1.11022302462516e-16,0.0230000000000001,0.00099999999999989,0.188,0.000999999999999779,0.248431618569636,508.65234375,90.9375,"ordinary_fast",32,5,"fresh_oversampled_sketch_per_component",TRUE,""
"0.99.39","gtex_v8","classification","opls","cuda","float64","argmax","rsvd",1,5,0,0.319,0.00200000000000011,0.012,0,0.331,0.00300000000000022,0.248431618569636,854.19140625,436.484375,"ordinary_fast",32,5,"fresh_oversampled_sketch_per_component",TRUE,""
"0.99.39","gtex_v8","classification","opls","cpu","float64","argmax","rsvd",2,5,0,0.18,0,0.0230000000000001,0.00100000000000011,0.203,0.00099999999999989,0.324968632371393,508.515625,90.85546875,"ordinary_fast",32,5,"fresh_oversampled_sketch_per_component",TRUE,""
"0.99.39","gtex_v8","classification","opls","cuda","float64","argmax","rsvd",2,5,0,0.333,0.003,0.0109999999999999,0,0.344,0.00399999999999989,0.324968632371393,863.69921875,445.87109375,"ordinary_fast",32,5,"fresh_oversampled_sketch_per_component",TRUE,""
"0.99.39","gtex_v8","classification","opls","cpu","float64","argmax","rsvd",5,5,0,0.225,0.001,0.0239999999999998,0.00100000000000011,0.248,2.22044604925031e-16,0.508155583437892,508.6796875,91.015625,"ordinary_fast",32,5,"fresh_oversampled_sketch_per_component",TRUE,""
"0.99.39","gtex_v8","classification","opls","cuda","float64","argmax","rsvd",5,5,0,0.335,0.003,0.0109999999999999,0,0.346,0.003,0.508155583437892,864.94140625,447.2265625,"ordinary_fast",32,5,"fresh_oversampled_sketch_per_component",TRUE,""
"0.99.39","gtex_v8","classification","opls","cpu","float64","argmax","rsvd",10,5,0,0.299,0.00199999999999989,0.0230000000000001,2.22044604925031e-16,0.322,0.00200000000000011,0.737766624843162,508.5546875,90.828125,"ordinary_fast",32,5,"fresh_oversampled_sketch_per_component",TRUE,""
"0.99.39","gtex_v8","classification","opls","cuda","float64","argmax","rsvd",10,5,0,0.36,0.017,0.0109999999999999,0,0.371,0.017,0.737766624843162,864.43359375,446.6953125,"ordinary_fast",32,5,"fresh_oversampled_sketch_per_component",TRUE,""
"0.99.39","gtex_v8","classification","opls","cpu","float64","argmax","rsvd",20,5,0,0.447,0.00100000000000011,0.0230000000000001,0,0.47,0.00100000000000011,0.875784190715182,508.76953125,91.03125,"ordinary_fast",32,5,"fresh_oversampled_sketch_per_component",TRUE,""
"0.99.39","gtex_v8","classification","opls","cuda","float64","argmax","rsvd",20,5,0,0.388,0.00600000000000001,0.01,0.00099999999999989,0.399,0.00600000000000001,0.875784190715182,864.7109375,446.9765625,"ordinary_fast",32,5,"fresh_oversampled_sketch_per_component",TRUE,""
"0.99.39","gtex_v8","classification","opls","cpu","float64","argmax","rsvd",32,5,0,0.626,0.00199999999999989,0.024,0.00099999999999989,0.649,0.00299999999999978,0.928481806775408,508.6875,90.90625,"ordinary_fast",32,5,"fresh_oversampled_sketch_per_component",TRUE,""
"0.99.39","gtex_v8","classification","opls","cuda","float64","argmax","rsvd",32,5,0,0.426,0.00100000000000011,0.0109999999999999,2.22044604925031e-16,0.437,0.00100000000000033,0.928481806775408,865.17578125,447.515625,"ordinary_fast",32,5,"fresh_oversampled_sketch_per_component",TRUE,""
"0.99.39","gtex_v8","classification","opls","cpu","float64","argmax","rsvd",50,5,0,0.891,0.00299999999999989,0.0230000000000001,0.00099999999999989,0.914,0.00399999999999978,0.95357590966123,508.5546875,90.796875,"ordinary_fast",32,5,"fresh_oversampled_sketch_per_component",TRUE,""
"0.99.39","gtex_v8","classification","opls","cuda","float64","argmax","rsvd",50,5,0,0.484,0.00100000000000011,0.0109999999999999,2.22044604925031e-16,0.495,0.00099999999999989,0.95357590966123,865.6171875,447.86328125,"ordinary_fast",32,5,"fresh_oversampled_sketch_per_component",TRUE,""
"0.99.39","gtex_v8","classification","opls","cpu","float64","argmax","rsvd",100,5,0,1.636,0.00600000000000001,0.0190000000000001,0,1.656,0.00600000000000001,0.959849435382685,539.46875,121.69921875,"ordinary_fast",32,5,"fresh_oversampled_sketch_per_component",TRUE,""
"0.99.39","gtex_v8","classification","opls","cuda","float64","argmax","rsvd",100,5,0,0.654,0.00599999999999989,0.012,0,0.666,0.00599999999999989,0.959849435382685,866.60546875,448.828125,"ordinary_fast",32,5,"fresh_oversampled_sketch_per_component",TRUE,""
"0.99.39","gtex_v8","classification","opls","cpu","float64","argmax","rsvd",179,5,0,2.807,0.00499999999999989,0.0189999999999997,0.00199999999999978,2.826,0.00500000000000034,0.961104140526976,541.125,123.4453125,"ordinary_fast",32,5,"fresh_oversampled_sketch_per_component",TRUE,""
"0.99.39","gtex_v8","classification","opls","cuda","float64","argmax","rsvd",179,5,0,0.917,0.004,0.012,0.00099999999999989,0.928,0.00499999999999989,0.961104140526976,868.2265625,450.5234375,"ordinary_fast",32,5,"fresh_oversampled_sketch_per_component",TRUE,""
"0.99.39","gtex_v8","classification","opls","cpu","float64","argmax","rsvd",200,5,0,3.129,0.00900000000000034,0.0190000000000001,8.88178419700125e-16,3.148,0.00800000000000001,0.959849435382685,541.55859375,123.8046875,"ordinary_fast",32,5,"fresh_oversampled_sketch_per_component",TRUE,""
"0.99.39","gtex_v8","classification","opls","cuda","float64","argmax","rsvd",200,5,0,0.984,0.00300000000000011,0.012,0,0.996,0.00300000000000011,0.959849435382685,868.9140625,451.25390625,"ordinary_fast",32,5,"fresh_oversampled_sketch_per_component",TRUE,""
"0.99.39","gtex_v8","classification","kernelpls","cpu","float64","argmax","rsvd",1,5,0,0.0890000000000001,0.00100000000000011,0.0179999999999998,2.22044604925031e-16,0.107,0.00099999999999989,0.248431618569636,494.9296875,77.171875,"ordinary_fast",32,5,"fresh_oversampled_sketch_per_component",TRUE,""
"0.99.39","gtex_v8","classification","kernelpls","cuda","float64","argmax","rsvd",1,5,0,0.249,0.00200000000000011,0.012,0.00099999999999989,0.262,0.00200000000000011,0.248431618569636,843.95703125,426.2421875,"ordinary_fast",32,5,"fresh_oversampled_sketch_per_component",TRUE,""
"0.99.39","gtex_v8","classification","kernelpls","cpu","float64","argmax","rsvd",2,5,0,0.104,1.11022302462516e-16,0.0169999999999999,2.22044604925031e-16,0.121,0.00100000000000011,0.302383939774153,494.890625,77.23046875,"ordinary_fast",32,5,"fresh_oversampled_sketch_per_component",TRUE,""
"0.99.39","gtex_v8","classification","kernelpls","cuda","float64","argmax","rsvd",2,5,0,0.256,0.004,0.0089999999999999,0,0.265,0.00500000000000012,0.302383939774153,844.85546875,427.0859375,"ordinary_fast",32,5,"fresh_oversampled_sketch_per_component",TRUE,""
"0.99.39","gtex_v8","classification","kernelpls","cpu","float64","argmax","rsvd",5,5,0,0.148,0.002,0.0170000000000001,0.00100000000000011,0.166,0.00199999999999978,0.456712672521957,494.8203125,77.01953125,"ordinary_fast",32,5,"fresh_oversampled_sketch_per_component",TRUE,""
"0.99.39","gtex_v8","classification","kernelpls","cuda","float64","argmax","rsvd",5,5,0,0.265,0.00100000000000011,0.00900000000000012,2.22044604925031e-16,0.274,0.00099999999999989,0.456712672521957,845.30859375,427.63671875,"ordinary_fast",32,5,"fresh_oversampled_sketch_per_component",TRUE,""
"0.99.39","gtex_v8","classification","kernelpls","cpu","float64","argmax","rsvd",10,5,0,0.223,0.001,0.0169999999999999,0.00099999999999989,0.241,0.001,0.731493099121706,494.58984375,76.9453125,"ordinary_fast",32,5,"fresh_oversampled_sketch_per_component",TRUE,""
"0.99.39","gtex_v8","classification","kernelpls","cuda","float64","argmax","rsvd",10,5,0,0.281,0.00499999999999989,0.00900000000000012,2.22044604925031e-16,0.29,0.00600000000000001,0.731493099121706,845.00390625,427.2421875,"ordinary_fast",32,5,"fresh_oversampled_sketch_per_component",TRUE,""
"0.99.39","gtex_v8","classification","kernelpls","cpu","float64","argmax","rsvd",20,5,0,0.371,0.004,0.018,0,0.389,0.004,0.875784190715182,495.03515625,77.23046875,"ordinary_fast",32,5,"fresh_oversampled_sketch_per_component",TRUE,""
"0.99.39","gtex_v8","classification","kernelpls","cuda","float64","argmax","rsvd",20,5,0,0.318,0.00700000000000001,0.0089999999999999,0,0.327,0.00700000000000001,0.875784190715182,845.76953125,428.09375,"ordinary_fast",32,5,"fresh_oversampled_sketch_per_component",TRUE,""
"0.99.39","gtex_v8","classification","kernelpls","cpu","float64","argmax","rsvd",32,5,0,0.548,0.00399999999999989,0.018,0.00100000000000011,0.565,0.005,0.93099121706399,495.20703125,77.55078125,"ordinary_fast",32,5,"fresh_oversampled_sketch_per_component",TRUE,""
"0.99.39","gtex_v8","classification","kernelpls","cuda","float64","argmax","rsvd",32,5,0,0.354,0.001,0.0089999999999999,0,0.363,0.00199999999999989,0.93099121706399,845.7109375,428.01171875,"ordinary_fast",32,5,"fresh_oversampled_sketch_per_component",TRUE,""
"0.99.39","gtex_v8","classification","kernelpls","cpu","float64","argmax","rsvd",50,5,0,0.819,0.001,0.0170000000000001,0.00099999999999989,0.836,0.002,0.957340025094103,495.23046875,77.484375,"ordinary_fast",32,5,"fresh_oversampled_sketch_per_component",TRUE,""
"0.99.39","gtex_v8","classification","kernelpls","cuda","float64","argmax","rsvd",50,5,0,0.413,0.00600000000000012,0.00900000000000012,0,0.422,0.00599999999999989,0.957340025094103,846.13671875,428.45703125,"ordinary_fast",32,5,"fresh_oversampled_sketch_per_component",TRUE,""
"0.99.39","gtex_v8","classification","kernelpls","cpu","float64","argmax","rsvd",100,5,0,1.564,0.00700000000000034,0.0169999999999999,4.44089209850063e-16,1.581,0.00800000000000067,0.962358845671267,497.03515625,79.3125,"ordinary_fast",32,5,"fresh_oversampled_sketch_per_component",TRUE,""
"0.99.39","gtex_v8","classification","kernelpls","cuda","float64","argmax","rsvd",100,5,0,0.575,0.002,0.0089999999999999,2.22044604925031e-16,0.584,0.00199999999999978,0.962358845671267,847.37890625,429.640625,"ordinary_fast",32,5,"fresh_oversampled_sketch_per_component",TRUE,""
"0.99.39","gtex_v8","classification","kernelpls","cpu","float64","argmax","rsvd",190,5,0,2.908,0.00500000000000034,0.0169999999999999,0,2.925,0.00500000000000034,0.963613550815558,499.06640625,81.37109375,"ordinary_fast",32,5,"fresh_oversampled_sketch_per_component",TRUE,""
"0.99.39","gtex_v8","classification","kernelpls","cuda","float64","argmax","rsvd",190,5,0,0.873,0.00499999999999989,0.01,0.00099999999999989,0.883,0.00400000000000011,0.963613550815558,849.75,431.99609375,"ordinary_fast",32,5,"fresh_oversampled_sketch_per_component",TRUE,""
"0.99.39","gtex_v8","classification","kernelpls","cpu","float64","argmax","rsvd",200,5,0,3.06,0.0089999999999999,0.016,0.00099999999999989,3.076,0.00800000000000001,0.962358845671267,499.4296875,81.78515625,"ordinary_fast",32,5,"fresh_oversampled_sketch_per_component",TRUE,""
"0.99.39","gtex_v8","classification","kernelpls","cuda","float64","argmax","rsvd",200,5,0,0.907,0.00599999999999978,0.0089999999999999,0.00100000000000011,0.917,0.0069999999999999,0.962358845671267,850.08203125,432.37109375,"ordinary_fast",32,5,"fresh_oversampled_sketch_per_component",TRUE,""
"0.99.39","metref","classification","plssvd","cpu","float64","argmax","rsvd",1,5,0,0.012,1.11022302462516e-16,0.003,0.001,0.0159999999999999,0.001,0.12,462.80859375,71.93359375,"not_applicable",32,5,"NA",NA,""
"0.99.39","metref","classification","plssvd","cuda","float64","argmax","rsvd",1,5,0,0.24,0.00100000000000011,0.00600000000000001,0.00100000000000011,0.247,1.11022302462516e-16,0.12,829.1875,438.2265625,"not_applicable",32,5,"NA",NA,""
"0.99.39","metref","classification","plssvd","cpu","float64","argmax","rsvd",2,5,0,0.0119999999999999,1.11022302462516e-16,0.004,0,0.0159999999999999,1.11022302462516e-16,0.13,463.06640625,72.1796875,"not_applicable",32,5,"NA",NA,""
"0.99.39","metref","classification","plssvd","cuda","float64","argmax","rsvd",2,5,0,0.236,0.00100000000000011,0.004,0,0.24,0.002,0.13,815.4765625,424.5546875,"not_applicable",32,5,"NA",NA,""
"0.99.39","metref","classification","plssvd","cpu","float64","argmax","rsvd",5,5,0,0.012,0.00099999999999989,0.003,0,0.015,0.001,0.41,462.75,71.9296875,"not_applicable",32,5,"NA",NA,""
"0.99.39","metref","classification","plssvd","cuda","float64","argmax","rsvd",5,5,0,0.237,0.00199999999999989,0.004,0,0.241,0.00199999999999989,0.41,815.625,424.7578125,"not_applicable",32,5,"NA",NA,""
"0.99.39","metref","classification","plssvd","cpu","float64","argmax","rsvd",10,5,0,0.0139999999999999,0.001,0.003,0,0.017,1.11022302462516e-16,0.56,462.8671875,72.01171875,"not_applicable",32,5,"NA",NA,""
"0.99.39","metref","classification","plssvd","cuda","float64","argmax","rsvd",10,5,0,0.237,0.00199999999999989,0.004,0,0.241,0.00199999999999967,0.56,815.9609375,425.140625,"not_applicable",32,5,"NA",NA,""
"0.99.39","metref","classification","plssvd","cpu","float64","argmax","rsvd",21,5,0,0.0149999999999999,0.001,0.003,0,0.0179999999999999,1.11022302462516e-16,0.8,462.8046875,71.8984375,"not_applicable",32,5,"NA",NA,""
"0.99.39","metref","classification","plssvd","cuda","float64","argmax","rsvd",21,5,0,0.234,0.00200000000000011,0.004,0,0.238,0.00200000000000011,0.8,809.05078125,418.16796875,"not_applicable",32,5,"NA",NA,""
"0.99.39","metref","classification","plssvd","cpu","float64","argmax","rsvd",22,5,0,0.015,1.11022302462516e-16,0.003,0.001,0.018,0,0.8,462.8046875,71.9609375,"not_applicable",32,5,"NA",NA,""
"0.99.39","metref","classification","plssvd","cuda","float64","argmax","rsvd",22,5,0,0.236,0.00399999999999989,0.00300000000000011,0.00099999999999989,0.239,0.00299999999999978,0.8,809.00390625,418.08984375,"not_applicable",32,5,"NA",NA,""
"0.99.39","metref","classification","simpls","cpu","float64","argmax","rsvd",1,5,0,0.014,1.11022302462516e-16,0.004,0.001,0.0179999999999999,0.001,0.12,464.8046875,73.90625,"ordinary_fast",32,5,"fresh_oversampled_sketch_per_component",TRUE,""
"0.99.39","metref","classification","simpls","cuda","float64","argmax","rsvd",1,5,0,0.233,0.005,0.00800000000000001,0.00099999999999989,0.241,0.00600000000000001,0.12,811.04296875,420.2109375,"ordinary_fast",32,5,"fresh_oversampled_sketch_per_component",TRUE,""
"0.99.39","metref","classification","simpls","cpu","float64","argmax","rsvd",2,5,0,0.016,0.001,0.003,0.001,0.02,0.001,0.13,464.9609375,74.1015625,"ordinary_fast",32,5,"fresh_oversampled_sketch_per_component",TRUE,""
"0.99.39","metref","classification","simpls","cuda","float64","argmax","rsvd",2,5,0,0.236,0.00099999999999989,0.004,0,0.24,0.00099999999999989,0.13,812.1328125,421.328125,"ordinary_fast",32,5,"fresh_oversampled_sketch_per_component",TRUE,""
"0.99.39","metref","classification","simpls","cpu","float64","argmax","rsvd",5,5,0,0.023,1.11022302462516e-16,0.003,0.001,0.0269999999999999,0.00099999999999989,0.39,464.93359375,74.0078125,"ordinary_fast",32,5,"fresh_oversampled_sketch_per_component",TRUE,""
"0.99.39","metref","classification","simpls","cuda","float64","argmax","rsvd",5,5,0,0.246,0.00100000000000011,0.004,0,0.25,0.00100000000000011,0.39,812.64453125,421.75390625,"ordinary_fast",32,5,"fresh_oversampled_sketch_per_component",TRUE,""
"0.99.39","metref","classification","simpls","cpu","float64","argmax","rsvd",10,5,0,0.0339999999999999,0.001,0.004,0.001,0.037,0,0.59,464.8125,73.9296875,"ordinary_fast",32,5,"fresh_oversampled_sketch_per_component",TRUE,""
"0.99.39","metref","classification","simpls","cuda","float64","argmax","rsvd",10,5,0,0.258,0.00300000000000011,0.004,0,0.262,0.00300000000000011,0.59,812.33203125,421.37109375,"ordinary_fast",32,5,"fresh_oversampled_sketch_per_component",TRUE,""
"0.99.39","metref","classification","simpls","cpu","float64","argmax","rsvd",22,5,0,0.0600000000000001,0,0.003,0,0.0630000000000001,0.00099999999999989,0.77,464.921875,73.9921875,"ordinary_fast",32,5,"fresh_oversampled_sketch_per_component",TRUE,""
"0.99.39","metref","classification","simpls","cuda","float64","argmax","rsvd",22,5,0,0.282,0.00100000000000011,0.004,0.00099999999999989,0.286,2.22044604925031e-16,0.77,811.66796875,420.72265625,"ordinary_fast",32,5,"fresh_oversampled_sketch_per_component",TRUE,""
"0.99.39","metref","classification","simpls","cpu","float64","argmax","rsvd",50,5,0,0.121,1.11022302462516e-16,0.00299999999999989,2.22044604925031e-16,0.124,0.001,0.95,464.73046875,73.81640625,"ordinary_fast",32,5,"fresh_oversampled_sketch_per_component",TRUE,""
"0.99.39","metref","classification","simpls","cuda","float64","argmax","rsvd",50,5,0,0.349,0.00399999999999989,0.004,0.00099999999999989,0.352,0.00399999999999978,0.95,812.5859375,421.75390625,"ordinary_fast",32,5,"fresh_oversampled_sketch_per_component",TRUE,""
"0.99.39","metref","classification","simpls","cpu","float64","argmax","rsvd",100,5,0,0.23,0.00099999999999989,0.00300000000000011,2.22044604925031e-16,0.233,0.000999999999999668,0.98,464.8046875,73.91015625,"ordinary_fast",32,5,"fresh_oversampled_sketch_per_component",TRUE,""
"0.99.39","metref","classification","simpls","cuda","float64","argmax","rsvd",100,5,0,0.46,0.00100000000000011,0.004,0,0.464,2.22044604925031e-16,0.98,812.6328125,421.75,"ordinary_fast",32,5,"fresh_oversampled_sketch_per_component",TRUE,""
"0.99.39","metref","classification","simpls","cpu","float64","argmax","rsvd",118,5,0,0.269,1.11022302462516e-16,0.00300000000000011,0.00099999999999989,0.273,0.00100000000000011,0.97,464.93359375,73.984375,"ordinary_fast",32,5,"fresh_oversampled_sketch_per_component",TRUE,""
"0.99.39","metref","classification","simpls","cuda","float64","argmax","rsvd",118,5,0,0.501,0.00200000000000022,0.004,0.00099999999999989,0.505,0.00200000000000022,0.97,812.953125,422.08203125,"ordinary_fast",32,5,"fresh_oversampled_sketch_per_component",TRUE,""
"0.99.39","metref","classification","simpls","cpu","float64","argmax","rsvd",150,5,0,0.34,0.00100000000000011,0.00300000000000011,0.00099999999999989,0.343,2.22044604925031e-16,0.96,464.90234375,73.93359375,"ordinary_fast",32,5,"fresh_oversampled_sketch_per_component",TRUE,""
"0.99.39","metref","classification","simpls","cuda","float64","argmax","rsvd",150,5,0,0.573,0.002,0.00300000000000011,0.00099999999999989,0.576,0.00300000000000011,0.96,812.90234375,421.94921875,"ordinary_fast",32,5,"fresh_oversampled_sketch_per_component",TRUE,""
"0.99.39","metref","classification","opls","cpu","float64","argmax","rsvd",1,5,0,0.021,0.001,0.004,0,0.025,1.11022302462516e-16,0.12,463.1328125,72.171875,"ordinary_fast",32,5,"fresh_oversampled_sketch_per_component",TRUE,""
"0.99.39","metref","classification","opls","cuda","float64","argmax","rsvd",1,5,0,0.236,0.00100000000000011,0.00800000000000001,0,0.244,0.00100000000000011,0.12,814.46875,423.54296875,"ordinary_fast",32,5,"fresh_oversampled_sketch_per_component",TRUE,""
"0.99.39","metref","classification","opls","cpu","float64","argmax","rsvd",2,5,0,0.0239999999999999,1.11022302462516e-16,0.004,0.001,0.027,0.00100000000000011,0.13,463.00390625,72.07421875,"ordinary_fast",32,5,"fresh_oversampled_sketch_per_component",TRUE,""
"0.99.39","metref","classification","opls","cuda","float64","argmax","rsvd",2,5,0,0.244,0.00500000000000012,0.004,0.00099999999999989,0.249,0.00400000000000023,0.13,816.14453125,425.234375,"ordinary_fast",32,5,"fresh_oversampled_sketch_per_component",TRUE,""
"0.99.39","metref","classification","opls","cpu","float64","argmax","rsvd",5,5,0,0.0309999999999999,0.001,0.004,0.001,0.0339999999999999,0.00100000000000011,0.29,463.15234375,72.21875,"ordinary_fast",32,5,"fresh_oversampled_sketch_per_component",TRUE,""
"0.99.39","metref","classification","opls","cuda","float64","argmax","rsvd",5,5,0,0.254,0.00900000000000001,0.004,0.00099999999999989,0.258,0.00900000000000001,0.29,816.3828125,425.5078125,"ordinary_fast",32,5,"fresh_oversampled_sketch_per_component",TRUE,""
"0.99.39","metref","classification","opls","cpu","float64","argmax","rsvd",10,5,0,0.041,0,0.004,0,0.045,1.11022302462516e-16,0.59,463.2421875,72.3125,"ordinary_fast",32,5,"fresh_oversampled_sketch_per_component",TRUE,""
"0.99.39","metref","classification","opls","cuda","float64","argmax","rsvd",10,5,0,0.262,0.00100000000000022,0.00499999999999989,0.00099999999999989,0.266,0.00100000000000044,0.59,816.35546875,425.5,"ordinary_fast",32,5,"fresh_oversampled_sketch_per_component",TRUE,""
"0.99.39","metref","classification","opls","cpu","float64","argmax","rsvd",22,5,0,0.0679999999999999,0.001,0.004,0,0.0710000000000001,0.00099999999999989,0.76,463.0234375,72.0859375,"ordinary_fast",32,5,"fresh_oversampled_sketch_per_component",TRUE,""
"0.99.39","metref","classification","opls","cuda","float64","argmax","rsvd",22,5,0,0.291,0.003,0.004,0,0.295,0.003,0.76,816.30859375,425.41015625,"ordinary_fast",32,5,"fresh_oversampled_sketch_per_component",TRUE,""
"0.99.39","metref","classification","opls","cpu","float64","argmax","rsvd",50,5,0,0.128,0.001,0.004,0,0.132,0.00099999999999989,0.95,462.7734375,71.86328125,"ordinary_fast",32,5,"fresh_oversampled_sketch_per_component",TRUE,""
"0.99.39","metref","classification","opls","cuda","float64","argmax","rsvd",50,5,0,0.355,0.004,0.004,0,0.359,0.004,0.95,816.6953125,425.82421875,"ordinary_fast",32,5,"fresh_oversampled_sketch_per_component",TRUE,""
"0.99.39","metref","classification","opls","cpu","float64","argmax","rsvd",100,5,0,0.237,2.22044604925031e-16,0.004,0,0.241,0.001,0.98,462.875,71.96484375,"ordinary_fast",32,5,"fresh_oversampled_sketch_per_component",TRUE,""
"0.99.39","metref","classification","opls","cuda","float64","argmax","rsvd",100,5,0,0.47,0.00200000000000011,0.004,0,0.474,0.00200000000000011,0.98,817.20703125,426.22265625,"ordinary_fast",32,5,"fresh_oversampled_sketch_per_component",TRUE,""
"0.99.39","metref","classification","opls","cpu","float64","argmax","rsvd",118,5,0,0.277,1.11022302462516e-16,0.004,0.00099999999999989,0.28,0.00099999999999989,0.97,463.125,72.2265625,"ordinary_fast",32,5,"fresh_oversampled_sketch_per_component",TRUE,""
"0.99.39","metref","classification","opls","cuda","float64","argmax","rsvd",118,5,0,0.509,0.00600000000000001,0.004,2.22044604925031e-16,0.512,0.00600000000000001,0.97,817.01953125,426.12109375,"ordinary_fast",32,5,"fresh_oversampled_sketch_per_component",TRUE,""
"0.99.39","metref","classification","opls","cpu","float64","argmax","rsvd",150,5,0,0.347,0.00099999999999989,0.00300000000000011,0.00099999999999989,0.35,0.00199999999999978,0.96,463.25,72.30859375,"ordinary_fast",32,5,"fresh_oversampled_sketch_per_component",TRUE,""
"0.99.39","metref","classification","opls","cuda","float64","argmax","rsvd",150,5,0,0.584,0.00500000000000012,0.004,0.00099999999999989,0.588,0.00500000000000012,0.96,817.5703125,426.7578125,"ordinary_fast",32,5,"fresh_oversampled_sketch_per_component",TRUE,""
"0.99.39","metref","classification","kernelpls","cpu","float64","argmax","rsvd",1,5,0,0.0159999999999999,0,0.004,0.001,0.0189999999999999,0.001,0.12,464.9296875,74.046875,"ordinary_fast",32,5,"fresh_oversampled_sketch_per_component",TRUE,""
"0.99.39","metref","classification","kernelpls","cuda","float64","argmax","rsvd",1,5,0,0.235,0.00800000000000001,0.00800000000000001,0,0.243,0.00800000000000001,0.12,810.71484375,419.82421875,"ordinary_fast",32,5,"fresh_oversampled_sketch_per_component",TRUE,""
"0.99.39","metref","classification","kernelpls","cpu","float64","argmax","rsvd",2,5,0,0.018,1.11022302462516e-16,0.004,0.001,0.0219999999999999,1.11022302462516e-16,0.13,465.01953125,74.15625,"ordinary_fast",32,5,"fresh_oversampled_sketch_per_component",TRUE,""
"0.99.39","metref","classification","kernelpls","cuda","float64","argmax","rsvd",2,5,0,0.238,0.00299999999999989,0.004,0,0.242,0.003,0.13,812.671875,421.78125,"ordinary_fast",32,5,"fresh_oversampled_sketch_per_component",TRUE,""
"0.99.39","metref","classification","kernelpls","cpu","float64","argmax","rsvd",5,5,0,0.0249999999999999,1.11022302462516e-16,0.003,0,0.0279999999999999,1.11022302462516e-16,0.39,465.0859375,74.21875,"ordinary_fast",32,5,"fresh_oversampled_sketch_per_component",TRUE,""
"0.99.39","metref","classification","kernelpls","cuda","float64","argmax","rsvd",5,5,0,0.247,0.00299999999999978,0.004,0,0.251,0.00299999999999978,0.39,812.51171875,421.52734375,"ordinary_fast",32,5,"fresh_oversampled_sketch_per_component",TRUE,""
"0.99.39","metref","classification","kernelpls","cpu","float64","argmax","rsvd",10,5,0,0.036,1.11022302462516e-16,0.003,0.001,0.039,0.00100000000000011,0.59,464.859375,73.96484375,"ordinary_fast",32,5,"fresh_oversampled_sketch_per_component",TRUE,""
"0.99.39","metref","classification","kernelpls","cuda","float64","argmax","rsvd",10,5,0,0.263,0.014,0.004,0,0.267,0.014,0.59,812.0234375,421.1171875,"ordinary_fast",32,5,"fresh_oversampled_sketch_per_component",TRUE,""
"0.99.39","metref","classification","kernelpls","cpu","float64","argmax","rsvd",22,5,0,0.0620000000000001,0,0.003,0,0.0650000000000001,0,0.77,464.7578125,73.8671875,"ordinary_fast",32,5,"fresh_oversampled_sketch_per_component",TRUE,""
"0.99.39","metref","classification","kernelpls","cuda","float64","argmax","rsvd",22,5,0,0.285,0.00100000000000011,0.00300000000000011,0.00099999999999989,0.289,0.00199999999999978,0.77,811.515625,420.56640625,"ordinary_fast",32,5,"fresh_oversampled_sketch_per_component",TRUE,""
"0.99.39","metref","classification","kernelpls","cpu","float64","argmax","rsvd",50,5,0,0.122,1.11022302462516e-16,0.00300000000000011,0,0.125,0.001,0.95,464.8046875,73.95703125,"ordinary_fast",32,5,"fresh_oversampled_sketch_per_component",TRUE,""
"0.99.39","metref","classification","kernelpls","cuda","float64","argmax","rsvd",50,5,0,0.349,0.002,0.00300000000000011,0.00100000000000011,0.352,0.00300000000000011,0.95,812.2265625,421.30078125,"ordinary_fast",32,5,"fresh_oversampled_sketch_per_component",TRUE,""
"0.99.39","metref","classification","kernelpls","cpu","float64","argmax","rsvd",100,5,0,0.232,0.00099999999999989,0.00300000000000011,2.22044604925031e-16,0.235,0.00099999999999989,0.98,464.875,73.9921875,"ordinary_fast",32,5,"fresh_oversampled_sketch_per_component",TRUE,""
"0.99.39","metref","classification","kernelpls","cuda","float64","argmax","rsvd",100,5,0,0.46,0.00099999999999989,0.004,0,0.464,0.00099999999999989,0.98,812.5390625,421.6015625,"ordinary_fast",32,5,"fresh_oversampled_sketch_per_component",TRUE,""
"0.99.39","metref","classification","kernelpls","cpu","float64","argmax","rsvd",118,5,0,0.271,0,0.00300000000000011,0,0.274,0,0.97,464.828125,73.921875,"ordinary_fast",32,5,"fresh_oversampled_sketch_per_component",TRUE,""
"0.99.39","metref","classification","kernelpls","cuda","float64","argmax","rsvd",118,5,0,0.502,0.00200000000000011,0.004,0.00100000000000011,0.506,0.00300000000000022,0.97,813.25390625,422.38671875,"ordinary_fast",32,5,"fresh_oversampled_sketch_per_component",TRUE,""
"0.99.39","metref","classification","kernelpls","cpu","float64","argmax","rsvd",150,5,0,0.342,0.00100000000000011,0.00300000000000011,0,0.346,0.000999999999999779,0.96,464.7890625,73.9765625,"ordinary_fast",32,5,"fresh_oversampled_sketch_per_component",TRUE,""
"0.99.39","metref","classification","kernelpls","cuda","float64","argmax","rsvd",150,5,0,0.575,0.003,0.004,0,0.579,0.003,0.96,812.53125,421.578125,"ordinary_fast",32,5,"fresh_oversampled_sketch_per_component",TRUE,""
"0.99.39","prism","regression","plssvd","cpu","float64","argmax","rsvd",1,5,0,0.563,0.00300000000000011,0.113,0.002,0.675,0.00600000000000001,0.553800139722206,547.53515625,135.484375,"not_applicable",32,5,"NA",NA,""
"0.99.39","prism","regression","plssvd","cuda","float64","argmax","rsvd",1,5,0,0.292,0.002,0.0089999999999999,0.00100000000000011,0.302,0.00100000000000011,0.553800139722205,917.671875,505.5546875,"not_applicable",32,5,"NA",NA,""
"0.99.39","prism","regression","plssvd","cpu","float64","argmax","rsvd",2,5,0,0.589,0.00100000000000011,0.109,0,0.698,0.002,0.551369589534411,548.3359375,136.09765625,"not_applicable",32,5,"NA",NA,""
"0.99.39","prism","regression","plssvd","cuda","float64","argmax","rsvd",2,5,0,0.284,0.001,0.0089999999999999,2.22044604925031e-16,0.293,0.00199999999999978,0.551369589534402,894.7265625,482.58984375,"not_applicable",32,5,"NA",NA,""
"0.99.39","prism","regression","plssvd","cpu","float64","argmax","rsvd",5,5,0,0.657,0.001,0.11,0.00299999999999989,0.767,0.00200000000000011,0.549987665204381,547.453125,135.2578125,"not_applicable",32,5,"NA",NA,""
"0.99.39","prism","regression","plssvd","cuda","float64","argmax","rsvd",5,5,0,0.285,0.00300000000000011,0.00900000000000012,0.00100000000000011,0.295,0.00299999999999978,0.549987665186138,896.6875,484.59765625,"not_applicable",32,5,"NA",NA,""
"0.99.39","prism","regression","plssvd","cpu","float64","argmax","rsvd",7,5,0,0.691,0.004,0.11,0.00300000000000011,0.801,0.00599999999999989,0.549632284408543,548.70703125,136.578125,"not_applicable",32,5,"NA",NA,""
"0.99.39","prism","regression","plssvd","cuda","float64","argmax","rsvd",7,5,0,0.289,0.00299999999999989,0.0089999999999999,2.22044604925031e-16,0.298,0.004,0.549632285916224,896.80859375,484.765625,"not_applicable",32,5,"NA",NA,""
"0.99.39","prism","regression","plssvd","cpu","float64","argmax","rsvd",10,5,0,0.754,0.011,0.11,0.002,0.864,0.0079999999999999,0.551540635498337,548.68359375,136.5859375,"not_applicable",32,5,"NA",NA,""
"0.99.39","prism","regression","plssvd","cuda","float64","argmax","rsvd",10,5,0,0.292,0.00300000000000011,0.00900000000000012,2.22044604925031e-16,0.301,0.00400000000000011,0.551540666516489,906.75390625,494.67578125,"not_applicable",32,5,"NA",NA,""
"0.99.39","prism","regression","plssvd","cpu","float64","argmax","rsvd",20,5,0,0.976,0.00700000000000001,0.111,0.00599999999999978,1.089,0.00999999999999956,0.549191811489301,550.83203125,138.68359375,"not_applicable",32,5,"NA",NA,""
"0.99.39","prism","regression","plssvd","cuda","float64","argmax","rsvd",20,5,0,0.292,0.00399999999999989,0.01,0.00099999999999989,0.302,0.003,0.549191624480133,900.5703125,488.42578125,"not_applicable",32,5,"NA",NA,""
"0.99.39","prism","regression","plssvd","cpu","float64","argmax","rsvd",50,5,0,1.664,0.016,0.109,0.00099999999999989,1.773,0.0129999999999999,0.564377117133977,554.2421875,142.08984375,"not_applicable",32,5,"NA",NA,""
"0.99.39","prism","regression","plssvd","cuda","float64","argmax","rsvd",50,5,0,0.305,0.00600000000000001,0.01,0.00099999999999989,0.315,0.005,0.564407989431777,909.5,497.33203125,"not_applicable",32,5,"NA",NA,""
"0.99.39","prism","regression","plssvd","cpu","float64","argmax","rsvd",100,5,0,2.979,0.0100000000000002,0.106,0.004,3.085,0.00600000000000023,0.589060794664656,557.546875,145.421875,"not_applicable",32,5,"NA",NA,""
"0.99.39","prism","regression","plssvd","cuda","float64","argmax","rsvd",100,5,0,0.338,0.003,0.01,0,0.348,0.003,0.589035174462359,937.62890625,525.49609375,"not_applicable",32,5,"NA",NA,""
"0.99.39","prism","regression","simpls","cpu","float64","argmax","rsvd",1,5,0,0.965,0.00900000000000001,0.115,0.002,1.08,0.012,0.553800139722206,548.38671875,136.265625,"high_response_stable",48,6,"fresh_oversampled_sketch_per_component",TRUE,""
"0.99.39","prism","regression","simpls","cuda","float64","argmax","rsvd",1,5,0,0.3,0.0079999999999999,0.0130000000000001,0.00100000000000011,0.314,0.00700000000000001,0.553800139722206,900.0234375,487.8984375,"high_response_stable",48,6,"fresh_oversampled_sketch_per_component",TRUE,""
"0.99.39","prism","regression","simpls","cpu","float64","argmax","rsvd",2,5,0,1.842,0.00799999999999979,0.115,0.00299999999999967,1.957,0.00400000000000023,0.551360029101044,548.4375,136.39453125,"high_response_stable",48,6,"fresh_oversampled_sketch_per_component",TRUE,""
"0.99.39","prism","regression","simpls","cuda","float64","argmax","rsvd",2,5,0,0.323,0.002,0.00900000000000012,2.22044604925031e-16,0.332,0.00199999999999978,0.551360029101045,901.1875,488.98046875,"high_response_stable",48,6,"fresh_oversampled_sketch_per_component",TRUE,""
"0.99.39","prism","regression","simpls","cpu","float64","argmax","rsvd",5,5,0,4.52,0.085,0.114,0,4.634,0.0879999999999992,0.548247842937542,548.56640625,136.43359375,"high_response_stable",48,6,"fresh_oversampled_sketch_per_component",TRUE,""
"0.99.39","prism","regression","simpls","cuda","float64","argmax","rsvd",5,5,0,0.388,0.00700000000000001,0.01,0.00099999999999989,0.397,0.0079999999999999,0.548247842937304,901.30078125,489.18359375,"high_response_stable",48,6,"fresh_oversampled_sketch_per_component",TRUE,""
"0.99.39","prism","regression","simpls","cpu","float64","argmax","rsvd",6,5,0,5.432,0.0849999999999991,0.109999999999999,0.00400000000000134,5.542,0.077,0.547758816210503,548.72265625,136.5703125,"high_response_stable",48,6,"fresh_oversampled_sketch_per_component",TRUE,""
"0.99.39","prism","regression","simpls","cuda","float64","argmax","rsvd",6,5,0,0.403,0.002,0.01,0,0.413,0.003,0.547758816210376,902.0078125,489.90625,"high_response_stable",48,6,"fresh_oversampled_sketch_per_component",TRUE,""
"0.99.39","prism","regression","simpls","cpu","float64","argmax","rsvd",10,5,0,9.091,0.0709999999999997,0.113999999999999,0.00199999999999889,9.203,0.0729999999999986,0.550362821149091,549.125,136.97265625,"high_response_stable",48,6,"fresh_oversampled_sketch_per_component",TRUE,""
"0.99.39","prism","regression","simpls","cuda","float64","argmax","rsvd",10,5,0,0.483,0,0.0089999999999999,0,0.492,2.22044604925031e-16,0.550362821347214,901.484375,489.32421875,"high_response_stable",48,6,"fresh_oversampled_sketch_per_component",TRUE,""
"0.99.39","prism","regression","simpls","cpu","float64","argmax","rsvd",20,5,0,18.114,0.0579999999999963,0.118000000000002,0.00100000000000122,18.232,0.0569999999999986,0.559266573682735,549.90234375,137.8046875,"high_response_stable",48,6,"fresh_oversampled_sketch_per_component",TRUE,""
"0.99.39","prism","regression","simpls","cuda","float64","argmax","rsvd",20,5,0,0.688,0,0.01,0.00100000000000011,0.698,0.00100000000000011,0.559266575347847,903.17578125,491.06640625,"high_response_stable",48,6,"fresh_oversampled_sketch_per_component",TRUE,""
"0.99.39","prism","regression","simpls","cpu","float64","argmax","rsvd",50,5,0,45.65,0.070999999999998,0.116,0.000999999999997669,45.767,0.0730000000000004,0.568244399327,552.35546875,140.28515625,"high_response_stable",48,6,"fresh_oversampled_sketch_per_component",TRUE,""
"0.99.39","prism","regression","simpls","cuda","float64","argmax","rsvd",50,5,0,1.309,0.00900000000000034,0.00999999999999979,4.44089209850063e-16,1.319,0.0100000000000002,0.568244745161283,903.65625,491.5,"high_response_stable",48,6,"fresh_oversampled_sketch_per_component",TRUE,""
"0.99.39","prism","regression","simpls","cpu","float64","argmax","rsvd",100,5,0,92.595,0.463999999999984,0.108999999999995,0.00400000000000489,92.704,0.46899999999998,0.595991561877026,554.06640625,141.89453125,"high_response_stable",48,6,"fresh_oversampled_sketch_per_component",TRUE,""
"0.99.39","prism","regression","simpls","cuda","float64","argmax","rsvd",100,5,0,2.397,0.00099999999999989,0.0109999999999997,4.44089209850063e-16,2.408,0.00199999999999934,0.59601331833763,906.1171875,493.9375,"high_response_stable",48,6,"fresh_oversampled_sketch_per_component",TRUE,""
"0.99.39","prism","regression","opls","cpu","float64","argmax","rsvd",1,5,0,9.153,0.0200000000000014,0.109,0.00199999999999889,9.26,0.0230000000000015,0.552231674853753,596.6015625,184.546875,"high_response_stable",48,6,"fresh_oversampled_sketch_per_component",TRUE,""
"0.99.39","prism","regression","opls","cuda","float64","argmax","rsvd",1,5,0,8.47,0.0489999999999995,0.0080000000000009,0.00100000000000122,8.478,0.0489999999999995,0.552231674853753,905.23828125,493.10546875,"high_response_stable",48,6,"fresh_oversampled_sketch_per_component",TRUE,""
"0.99.39","prism","regression","opls","cpu","float64","argmax","rsvd",2,5,0,10.115,0.0829999999999984,0.108000000000001,0.00200000000000067,10.223,0.0829999999999984,0.550750815916269,596.265625,184.15234375,"high_response_stable",48,6,"fresh_oversampled_sketch_per_component",TRUE,""
"0.99.39","prism","regression","opls","cuda","float64","argmax","rsvd",2,5,0,8.555,0.105,0.00600000000000023,0,8.561,0.104999999999999,0.550750815916266,903.75,491.62109375,"high_response_stable",48,6,"fresh_oversampled_sketch_per_component",TRUE,""
"0.99.39","prism","regression","opls","cpu","float64","argmax","rsvd",5,5,0,12.735,0.0820000000000007,0.107000000000001,0.00300000000000011,12.843,0.0839999999999996,0.549646861459972,596.62109375,184.48828125,"high_response_stable",48,6,"fresh_oversampled_sketch_per_component",TRUE,""
"0.99.39","prism","regression","opls","cuda","float64","argmax","rsvd",5,5,0,8.555,0.0760000000000005,0.00600000000000023,0.000999999999999446,8.562,0.077,0.549646861460216,904.21875,492.0625,"high_response_stable",48,6,"fresh_oversampled_sketch_per_component",TRUE,""
"0.99.39","prism","regression","opls","cpu","float64","argmax","rsvd",10,5,0,17.342,0.114999999999998,0.108000000000001,0.00199999999999534,17.449,0.113,0.553519176450988,596.32421875,184.24609375,"high_response_stable",48,6,"fresh_oversampled_sketch_per_component",TRUE,""
"0.99.39","prism","regression","opls","cuda","float64","argmax","rsvd",10,5,0,8.636,0.0180000000000007,0.00600000000000023,0,8.642,0.0180000000000007,0.553519177070523,903.5390625,491.37109375,"high_response_stable",48,6,"fresh_oversampled_sketch_per_component",TRUE,""
"0.99.39","prism","regression","opls","cpu","float64","argmax","rsvd",20,5,0,26.166,0.0630000000000024,0.107000000000003,0.00100000000000122,26.272,0.0620000000000012,0.561585115316146,596.30859375,184.1875,"high_response_stable",48,6,"fresh_oversampled_sketch_per_component",TRUE,""
"0.99.39","prism","regression","opls","cuda","float64","argmax","rsvd",20,5,0,8.892,0.0449999999999999,0.00600000000000023,0,8.898,0.0459999999999994,0.561585141524598,904.41015625,492.25,"high_response_stable",48,6,"fresh_oversampled_sketch_per_component",TRUE,""
"0.99.39","prism","regression","opls","cpu","float64","argmax","rsvd",50,5,0,53.559,0.539999999999999,0.109999999999999,0.00199999999999534,53.669,0.533000000000001,0.570954006725668,596.28125,184.1796875,"high_response_stable",48,6,"fresh_oversampled_sketch_per_component",TRUE,""
"0.99.39","prism","regression","opls","cuda","float64","argmax","rsvd",50,5,0,9.548,0.0329999999999977,0.00699999999999967,1.77635683940025e-15,9.555,0.0319999999999983,0.570954277301612,907.80859375,495.69140625,"high_response_stable",48,6,"fresh_oversampled_sketch_per_component",TRUE,""
"0.99.39","prism","regression","opls","cpu","float64","argmax","rsvd",100,5,0,100.332,0.586999999999989,0.106999999999999,0.00300000000000011,100.437,0.589999999999989,0.597273481717498,596.3203125,184.1796875,"high_response_stable",48,6,"fresh_oversampled_sketch_per_component",TRUE,""
"0.99.39","prism","regression","opls","cuda","float64","argmax","rsvd",100,5,0,10.591,0.0640000000000001,0.00799999999999912,0.00100000000000122,10.599,0.0630000000000006,0.597300930365236,909.1640625,497.04296875,"high_response_stable",48,6,"fresh_oversampled_sketch_per_component",TRUE,""
"0.99.39","prism","regression","kernelpls","cpu","float64","argmax","rsvd",1,5,0,0.956,0.00700000000000001,0.115,0.00300000000000011,1.075,0.00500000000000034,0.553800139722206,548.578125,136.3828125,"high_response_stable",48,6,"fresh_oversampled_sketch_per_component",TRUE,""
"0.99.39","prism","regression","kernelpls","cuda","float64","argmax","rsvd",1,5,0,0.301,0.003,0.0129999999999999,0,0.314,0.00200000000000011,0.553800139722206,900.33984375,488.2890625,"high_response_stable",48,6,"fresh_oversampled_sketch_per_component",TRUE,""
"0.99.39","prism","regression","kernelpls","cpu","float64","argmax","rsvd",2,5,0,1.862,0.0169999999999999,0.116,0.00199999999999978,1.975,0.0169999999999997,0.551360029101044,548.5625,136.41796875,"high_response_stable",48,6,"fresh_oversampled_sketch_per_component",TRUE,""
"0.99.39","prism","regression","kernelpls","cuda","float64","argmax","rsvd",2,5,0,0.321,0.00299999999999989,0.00900000000000012,0,0.331,0.00299999999999989,0.551360029101045,901.484375,489.421875,"high_response_stable",48,6,"fresh_oversampled_sketch_per_component",TRUE,""
"0.99.39","prism","regression","kernelpls","cpu","float64","argmax","rsvd",5,5,0,4.528,0.0260000000000007,0.115,0.00199999999999978,4.645,0.0240000000000009,0.548247842937542,548.6640625,136.5390625,"high_response_stable",48,6,"fresh_oversampled_sketch_per_component",TRUE,""
"0.99.39","prism","regression","kernelpls","cuda","float64","argmax","rsvd",5,5,0,0.388,0.00499999999999989,0.00900000000000012,0.00100000000000011,0.397,0.00499999999999989,0.548247842937304,901.78125,489.7265625,"high_response_stable",48,6,"fresh_oversampled_sketch_per_component",TRUE,""
"0.99.39","prism","regression","kernelpls","cpu","float64","argmax","rsvd",6,5,0,5.444,0.0220000000000002,0.111000000000001,0.00200000000000067,5.555,0.0199999999999996,0.547758816210503,548.9140625,136.66796875,"high_response_stable",48,6,"fresh_oversampled_sketch_per_component",TRUE,""
"0.99.39","prism","regression","kernelpls","cuda","float64","argmax","rsvd",6,5,0,0.402,0.00600000000000001,0.00900000000000012,0.00099999999999989,0.411,0.00600000000000001,0.547758816210376,901.34375,489.2734375,"high_response_stable",48,6,"fresh_oversampled_sketch_per_component",TRUE,""
"0.99.39","prism","regression","kernelpls","cpu","float64","argmax","rsvd",10,5,0,9.063,0.0260000000000016,0.114000000000001,0.000999999999999446,9.175,0.0250000000000021,0.550362821149091,549.42578125,137.3046875,"high_response_stable",48,6,"fresh_oversampled_sketch_per_component",TRUE,""
"0.99.39","prism","regression","kernelpls","cuda","float64","argmax","rsvd",10,5,0,0.488,0.00600000000000001,0.0089999999999999,2.22044604925031e-16,0.497,0.00700000000000012,0.550362821347214,901.12890625,489.015625,"high_response_stable",48,6,"fresh_oversampled_sketch_per_component",TRUE,""
"0.99.39","prism","regression","kernelpls","cpu","float64","argmax","rsvd",20,5,0,18.033,0.229000000000003,0.117000000000001,0.00100000000000122,18.149,0.227,0.559266573682735,549.91796875,137.82421875,"high_response_stable",48,6,"fresh_oversampled_sketch_per_component",TRUE,""
"0.99.39","prism","regression","kernelpls","cuda","float64","argmax","rsvd",20,5,0,0.689,0.001,0.00900000000000012,0.000999999999999668,0.698,1.11022302462516e-16,0.559266575347847,903.16015625,490.97265625,"high_response_stable",48,6,"fresh_oversampled_sketch_per_component",TRUE,""
"0.99.39","prism","regression","kernelpls","cpu","float64","argmax","rsvd",50,5,0,45.744,0.197000000000003,0.113,0.00200000000000244,45.858,0.199000000000005,0.568244399327,552.44140625,140.3203125,"high_response_stable",48,6,"fresh_oversampled_sketch_per_component",TRUE,""
"0.99.39","prism","regression","kernelpls","cuda","float64","argmax","rsvd",50,5,0,1.31,0.00500000000000012,0.00999999999999979,0.00099999999999989,1.32,0.00600000000000045,0.568244745161283,904.05859375,491.875,"high_response_stable",48,6,"fresh_oversampled_sketch_per_component",TRUE,""
"0.99.39","prism","regression","kernelpls","cpu","float64","argmax","rsvd",100,5,0,92.326,0.244000000000014,0.109000000000009,0.00100000000000477,92.435,0.244000000000014,0.595991561877026,553.84375,141.76953125,"high_response_stable",48,6,"fresh_oversampled_sketch_per_component",TRUE,""
"0.99.39","prism","regression","kernelpls","cuda","float64","argmax","rsvd",100,5,0,2.391,0.004,0.0109999999999997,0.000999999999999446,2.402,0.00300000000000056,0.59601331833763,905.87890625,493.7265625,"high_response_stable",48,6,"fresh_oversampled_sketch_per_component",TRUE,""
"0.99.39","retina","classification","plssvd","cpu","float64","argmax","rsvd",1,5,0,0.023,1.11022302462516e-16,0.026,0.00100000000000011,0.049,0.00100000000000022,0.723020619476926,509.6875,96.08984375,"not_applicable",32,5,"NA",NA,""
"0.99.39","retina","classification","plssvd","cuda","float64","argmax","rsvd",1,5,0,0.243,0.00299999999999989,0.024,0.00100000000000011,0.266,0.003,0.723020619476926,875.44140625,461.8984375,"not_applicable",32,5,"NA",NA,""
"0.99.39","retina","classification","plssvd","cpu","float64","argmax","rsvd",2,5,0,0.0239999999999999,1.11022302462516e-16,0.026,0.00099999999999989,0.0499999999999999,2.22044604925031e-16,0.844104257788093,509.8359375,96.21484375,"not_applicable",32,5,"NA",NA,""
"0.99.39","retina","classification","plssvd","cuda","float64","argmax","rsvd",2,5,0,0.239,0.001,0.0230000000000001,0.00099999999999989,0.262,0.00199999999999967,0.844104257788093,866.6015625,452.99609375,"not_applicable",32,5,"NA",NA,""
"0.99.39","retina","classification","plssvd","cpu","float64","argmax","rsvd",5,5,0,0.025,0,0.026,0.00100000000000011,0.051,0.001,0.90783718646791,510.13671875,96.4921875,"not_applicable",32,5,"NA",NA,""
"0.99.39","retina","classification","plssvd","cuda","float64","argmax","rsvd",5,5,0,0.24,0.00500000000000012,0.0239999999999998,0.00099999999999989,0.264,0.00600000000000023,0.90783718646791,868.0078125,454.328125,"not_applicable",32,5,"NA",NA,""
"0.99.39","retina","classification","plssvd","cpu","float64","argmax","rsvd",10,5,0,0.0289999999999999,0,0.026,0.00099999999999989,0.055,0.00099999999999989,0.92667142729626,511.0625,97.390625,"not_applicable",32,5,"NA",NA,""
"0.99.39","retina","classification","plssvd","cuda","float64","argmax","rsvd",10,5,0,0.239,0.00899999999999979,0.0229999999999999,0.00099999999999989,0.262,0.0079999999999999,0.92667142729626,860.48046875,446.83203125,"not_applicable",32,5,"NA",NA,""
"0.99.39","retina","classification","plssvd","cpu","float64","argmax","rsvd",11,5,0,0.0299999999999999,0.001,0.026,0.00099999999999989,0.0559999999999999,1.11022302462516e-16,0.927251629027939,511.41796875,97.75390625,"not_applicable",32,5,"NA",NA,""
"0.99.39","retina","classification","plssvd","cuda","float64","argmax","rsvd",11,5,0,0.239,0.011,0.024,2.22044604925031e-16,0.263,0.0110000000000002,0.927251629027939,860.5859375,446.96484375,"not_applicable",32,5,"NA",NA,""
"0.99.39","retina","classification","simpls","cpu","float64","argmax","rsvd",1,5,0,0.027,0.001,0.0269999999999999,0.00099999999999989,0.0539999999999999,0.003,0.723020619476926,509.78515625,96.2421875,"ordinary_fast",32,5,"fresh_oversampled_sketch_per_component",TRUE,""
"0.99.39","retina","classification","simpls","cuda","float64","argmax","rsvd",1,5,0,0.23,0.00700000000000001,0.0270000000000001,0.00099999999999989,0.258,0.00699999999999978,0.723020619476926,856.171875,442.51171875,"ordinary_fast",32,5,"fresh_oversampled_sketch_per_component",TRUE,""
"0.99.39","retina","classification","simpls","cpu","float64","argmax","rsvd",2,5,0,0.028,0.00099999999999989,0.0269999999999999,0.00099999999999989,0.055,1.11022302462516e-16,0.843524056056413,509.87890625,96.32421875,"ordinary_fast",32,5,"fresh_oversampled_sketch_per_component",TRUE,""
"0.99.39","retina","classification","simpls","cuda","float64","argmax","rsvd",2,5,0,0.239,0.00100000000000011,0.0270000000000001,2.22044604925031e-16,0.266,0.00100000000000033,0.843524056056413,863.34765625,449.6640625,"ordinary_fast",32,5,"fresh_oversampled_sketch_per_component",TRUE,""
"0.99.39","retina","classification","simpls","cpu","float64","argmax","rsvd",5,5,0,0.0320000000000001,0.00099999999999989,0.0269999999999999,2.22044604925031e-16,0.0590000000000002,0.001,0.92327947871106,509.70703125,96.09765625,"ordinary_fast",32,5,"fresh_oversampled_sketch_per_component",TRUE,""
"0.99.39","retina","classification","simpls","cuda","float64","argmax","rsvd",5,5,0,0.241,0.00299999999999978,0.0279999999999998,0.00099999999999989,0.268,0.00299999999999978,0.92327947871106,863.4453125,449.82421875,"ordinary_fast",32,5,"fresh_oversampled_sketch_per_component",TRUE,""
"0.99.39","retina","classification","simpls","cpu","float64","argmax","rsvd",10,5,0,0.038,0.001,0.0270000000000001,0,0.0650000000000002,0.001,0.96134963848969,509.86328125,96.25,"ordinary_fast",32,5,"fresh_oversampled_sketch_per_component",TRUE,""
"0.99.39","retina","classification","simpls","cuda","float64","argmax","rsvd",10,5,0,0.248,0.00299999999999989,0.024,0,0.272,0.00299999999999989,0.96134963848969,855.52734375,441.87890625,"ordinary_fast",32,5,"fresh_oversampled_sketch_per_component",TRUE,""
"0.99.39","retina","classification","simpls","cpu","float64","argmax","rsvd",20,5,0,0.054,0.00099999999999989,0.0269999999999999,0.00099999999999989,0.0800000000000001,1.11022302462516e-16,0.967597964830849,509.94921875,96.3046875,"ordinary_fast",32,5,"fresh_oversampled_sketch_per_component",TRUE,""
"0.99.39","retina","classification","simpls","cuda","float64","argmax","rsvd",20,5,0,0.263,0.00100000000000022,0.024,0,0.287,0.00100000000000022,0.967597964830849,856.79296875,443.23046875,"ordinary_fast",32,5,"fresh_oversampled_sketch_per_component",TRUE,""
"0.99.39","retina","classification","simpls","cpu","float64","argmax","rsvd",30,5,0,0.053,0.001,0.0269999999999999,0.00099999999999989,0.08,2.22044604925031e-16,0.967776488440596,509.8984375,96.25390625,"ordinary_fast",32,5,"fresh_oversampled_sketch_per_component",TRUE,""
"0.99.39","retina","classification","simpls","cuda","float64","argmax","rsvd",30,5,0,0.279,0.002,0.024,0,0.303,0.002,0.967776488440596,856.484375,442.85546875,"ordinary_fast",32,5,"fresh_oversampled_sketch_per_component",TRUE,""
"0.99.39","retina","classification","simpls","cpu","float64","argmax","rsvd",50,5,0,0.056,0.00099999999999989,0.0270000000000001,0,0.0830000000000002,0.00099999999999989,0.967776488440596,510.0859375,96.44921875,"ordinary_fast",32,5,"fresh_oversampled_sketch_per_component",TRUE,""
"0.99.39","retina","classification","simpls","cuda","float64","argmax","rsvd",50,5,0,0.308,0.00100000000000011,0.024,0.00100000000000011,0.333,2.22044604925031e-16,0.967776488440596,862.85546875,449.1796875,"ordinary_fast",32,5,"fresh_oversampled_sketch_per_component",TRUE,""
"0.99.39","retina","classification","opls","cpu","float64","argmax","rsvd",1,5,0,0.047,1.11022302462516e-16,0.03,0,0.0770000000000001,0.000999999999999779,0.768722663572257,521.390625,107.765625,"ordinary_fast",32,5,"fresh_oversampled_sketch_per_component",TRUE,""
"0.99.39","retina","classification","opls","cuda","float64","argmax","rsvd",1,5,0,0.25,0.00400000000000011,0.0309999999999999,2.22044604925031e-16,0.281,0.00500000000000023,0.768722663572257,856.609375,442.953125,"ordinary_fast",32,5,"fresh_oversampled_sketch_per_component",TRUE,""
"0.99.39","retina","classification","opls","cpu","float64","argmax","rsvd",2,5,0,0.048,1.11022302462516e-16,0.03,0,0.0780000000000001,2.22044604925031e-16,0.801303222351156,521.39453125,107.74609375,"ordinary_fast",32,5,"fresh_oversampled_sketch_per_component",TRUE,""
"0.99.39","retina","classification","opls","cuda","float64","argmax","rsvd",2,5,0,0.256,0.003,0.0310000000000001,2.22044604925031e-16,0.287,0.00399999999999989,0.801303222351156,865.2734375,451.6640625,"ordinary_fast",32,5,"fresh_oversampled_sketch_per_component",TRUE,""
"0.99.39","retina","classification","opls","cpu","float64","argmax","rsvd",5,5,0,0.052,1.11022302462516e-16,0.03,0,0.0820000000000002,1.11022302462516e-16,0.923815049540302,521.328125,107.6171875,"ordinary_fast",32,5,"fresh_oversampled_sketch_per_component",TRUE,""
"0.99.39","retina","classification","opls","cuda","float64","argmax","rsvd",5,5,0,0.262,0.0109999999999999,0.032,0.00099999999999989,0.294,0.012,0.923815049540302,865.48828125,451.796875,"ordinary_fast",32,5,"fresh_oversampled_sketch_per_component",TRUE,""
"0.99.39","retina","classification","opls","cpu","float64","argmax","rsvd",10,5,0,0.0580000000000002,0.00099999999999989,0.03,0,0.089,0.000999999999999779,0.94322949210033,521.4453125,107.90234375,"ordinary_fast",32,5,"fresh_oversampled_sketch_per_component",TRUE,""
"0.99.39","retina","classification","opls","cuda","float64","argmax","rsvd",10,5,0,0.268,0.00599999999999989,0.028,0,0.296,0.00599999999999989,0.94322949210033,855.90625,442.30859375,"ordinary_fast",32,5,"fresh_oversampled_sketch_per_component",TRUE,""
"0.99.39","retina","classification","opls","cpu","float64","argmax","rsvd",20,5,0,0.0720000000000001,0.00100000000000011,0.03,0.00100000000000011,0.103,0.00100000000000033,0.94974560385611,521.29296875,107.7109375,"ordinary_fast",32,5,"fresh_oversampled_sketch_per_component",TRUE,""
"0.99.39","retina","classification","opls","cuda","float64","argmax","rsvd",20,5,0,0.28,0.004,0.028,0.00099999999999989,0.308,0.00599999999999989,0.94974560385611,855.00390625,441.4453125,"ordinary_fast",32,5,"fresh_oversampled_sketch_per_component",TRUE,""
"0.99.39","retina","classification","opls","cpu","float64","argmax","rsvd",22,5,0,0.0730000000000001,0.001,0.03,0,0.103,0.00100000000000022,0.94974560385611,521.46484375,107.81640625,"ordinary_fast",32,5,"fresh_oversampled_sketch_per_component",TRUE,""
"0.99.39","retina","classification","opls","cuda","float64","argmax","rsvd",22,5,0,0.284,0.00099999999999989,0.028,0.00099999999999989,0.311,0.002,0.94974560385611,855.76953125,442.109375,"ordinary_fast",32,5,"fresh_oversampled_sketch_per_component",TRUE,""
"0.99.39","retina","classification","opls","cpu","float64","argmax","rsvd",30,5,0,0.0730000000000001,0.00300000000000011,0.03,0,0.103,0.00300000000000034,0.950325805587789,521.51953125,107.8359375,"ordinary_fast",32,5,"fresh_oversampled_sketch_per_component",TRUE,""
"0.99.39","retina","classification","opls","cuda","float64","argmax","rsvd",30,5,0,0.296,0.00399999999999989,0.028,0.00099999999999989,0.323,0.003,0.950325805587789,855.171875,441.50390625,"ordinary_fast",32,5,"fresh_oversampled_sketch_per_component",TRUE,""
"0.99.39","retina","classification","opls","cpu","float64","argmax","rsvd",50,5,0,0.076,0.001,0.03,0,0.106,0.00100000000000011,0.943452646612514,521.4140625,107.75,"ordinary_fast",32,5,"fresh_oversampled_sketch_per_component",TRUE,""
"0.99.39","retina","classification","opls","cuda","float64","argmax","rsvd",50,5,0,0.324,0.00500000000000012,0.028,0,0.352,0.00500000000000023,0.94648754797822,862.02734375,448.5078125,"ordinary_fast",32,5,"fresh_oversampled_sketch_per_component",TRUE,""
"0.99.39","retina","classification","kernelpls","cpu","float64","argmax","rsvd",1,5,0,0.029,2.22044604925031e-16,0.026,0.00099999999999989,0.0559999999999998,0.00099999999999989,0.723020619476926,509.7734375,96.11328125,"ordinary_fast",32,5,"fresh_oversampled_sketch_per_component",TRUE,""
"0.99.39","retina","classification","kernelpls","cuda","float64","argmax","rsvd",1,5,0,0.234,0.00600000000000001,0.028,2.22044604925031e-16,0.261,0.00600000000000023,0.723020619476926,855.828125,442.30078125,"ordinary_fast",32,5,"fresh_oversampled_sketch_per_component",TRUE,""
"0.99.39","retina","classification","kernelpls","cpu","float64","argmax","rsvd",2,5,0,0.0309999999999999,1.11022302462516e-16,0.026,0,0.0569999999999999,1.11022302462516e-16,0.843524056056413,509.7265625,96.1484375,"ordinary_fast",32,5,"fresh_oversampled_sketch_per_component",TRUE,""
"0.99.39","retina","classification","kernelpls","cuda","float64","argmax","rsvd",2,5,0,0.242,0.005,0.0269999999999999,0,0.27,0.005,0.843524056056413,863.62890625,450.0859375,"ordinary_fast",32,5,"fresh_oversampled_sketch_per_component",TRUE,""
"0.99.39","retina","classification","kernelpls","cpu","float64","argmax","rsvd",5,5,0,0.0340000000000001,0.001,0.026,0.00099999999999989,0.0600000000000002,0.002,0.92327947871106,510.0390625,96.4140625,"ordinary_fast",32,5,"fresh_oversampled_sketch_per_component",TRUE,""
"0.99.39","retina","classification","kernelpls","cuda","float64","argmax","rsvd",5,5,0,0.243,0.00300000000000011,0.0270000000000001,0.00100000000000011,0.27,0.00300000000000011,0.92327947871106,864.25,450.64453125,"ordinary_fast",32,5,"fresh_oversampled_sketch_per_component",TRUE,""
"0.99.39","retina","classification","kernelpls","cpu","float64","argmax","rsvd",10,5,0,0.041,0.001,0.0270000000000001,2.22044604925031e-16,0.0680000000000002,1.11022302462516e-16,0.96134963848969,509.60546875,95.9765625,"ordinary_fast",32,5,"fresh_oversampled_sketch_per_component",TRUE,""
"0.99.39","retina","classification","kernelpls","cuda","float64","argmax","rsvd",10,5,0,0.25,0.001,0.024,0.00100000000000011,0.273,0.00100000000000022,0.96134963848969,855.7578125,442.11328125,"ordinary_fast",32,5,"fresh_oversampled_sketch_per_component",TRUE,""
"0.99.39","retina","classification","kernelpls","cpu","float64","argmax","rsvd",20,5,0,0.054,0.00200000000000011,0.0270000000000001,2.22044604925031e-16,0.0810000000000002,0.00199999999999989,0.967597964830849,509.703125,96.1328125,"ordinary_fast",32,5,"fresh_oversampled_sketch_per_component",TRUE,""
"0.99.39","retina","classification","kernelpls","cuda","float64","argmax","rsvd",20,5,0,0.265,0.00200000000000011,0.024,0,0.289,0.003,0.967597964830849,856.296875,442.79296875,"ordinary_fast",32,5,"fresh_oversampled_sketch_per_component",TRUE,""
"0.99.39","retina","classification","kernelpls","cpu","float64","argmax","rsvd",30,5,0,0.056,0.001,0.026,0.00100000000000011,0.0820000000000001,1.11022302462516e-16,0.967776488440596,509.828125,96.22265625,"ordinary_fast",32,5,"fresh_oversampled_sketch_per_component",TRUE,""
"0.99.39","retina","classification","kernelpls","cuda","float64","argmax","rsvd",30,5,0,0.277,0.001,0.024,0,0.302,0.00100000000000011,0.967776488440596,855.6953125,442.08984375,"ordinary_fast",32,5,"fresh_oversampled_sketch_per_component",TRUE,""
"0.99.39","retina","classification","kernelpls","cpu","float64","argmax","rsvd",50,5,0,0.0580000000000001,0.00099999999999989,0.026,0,0.0840000000000001,0.00099999999999989,0.967776488440596,509.73046875,96.109375,"ordinary_fast",32,5,"fresh_oversampled_sketch_per_component",TRUE,""
"0.99.39","retina","classification","kernelpls","cuda","float64","argmax","rsvd",50,5,0,0.309,0.00999999999999979,0.0249999999999999,0.00099999999999989,0.334,0.0109999999999997,0.967776488440596,862.6015625,448.99609375,"ordinary_fast",32,5,"fresh_oversampled_sketch_per_component",TRUE,""
"0.99.39","tabula","classification","plssvd","cpu","float64","argmax","rsvd",1,5,0,0.079,0.00100000000000011,0.201,0.00100000000000011,0.28,0.00100000000000011,0.213168461215765,586.6015625,146.40234375,"not_applicable",32,5,"NA",NA,""
"0.99.39","tabula","classification","plssvd","cuda","float64","argmax","rsvd",1,5,0,0.267,0.00700000000000012,0.171,0.00199999999999978,0.439,0.00500000000000012,0.213168461215765,961.98046875,521.828125,"not_applicable",32,5,"NA",NA,""
"0.99.39","tabula","classification","plssvd","cpu","float64","argmax","rsvd",2,5,0,0.0800000000000001,2.22044604925031e-16,0.202,0.002,0.284,0.002,0.257815777382688,586.93359375,146.84375,"not_applicable",32,5,"NA",NA,""
"0.99.39","tabula","classification","plssvd","cuda","float64","argmax","rsvd",2,5,0,0.269,0.00700000000000012,0.167,0,0.436,0.00500000000000012,0.257815777382688,954.3671875,514.29296875,"not_applicable",32,5,"NA",NA,""
"0.99.39","tabula","classification","plssvd","cpu","float64","argmax","rsvd",5,5,0,0.085,0,0.187,0.00299999999999989,0.272,0.00299999999999989,0.416368684951757,588.875,148.74609375,"not_applicable",32,5,"NA",NA,""
"0.99.39","tabula","classification","plssvd","cuda","float64","argmax","rsvd",5,5,0,0.264,0.00300000000000011,0.16,0.00800000000000001,0.425,0.0149999999999997,0.416368684951757,925.25,485.12109375,"not_applicable",32,5,"NA",NA,""
"0.99.39","tabula","classification","plssvd","cpu","float64","argmax","rsvd",10,5,0,0.0940000000000001,0.00099999999999989,0.188,2.22044604925031e-16,0.282,0.00099999999999989,0.601769911504425,594.68359375,154.57421875,"not_applicable",32,5,"NA",NA,""
"0.99.39","tabula","classification","plssvd","cuda","float64","argmax","rsvd",10,5,0,0.266,0.0159999999999998,0.162,0.00900000000000012,0.424,0.0229999999999999,0.601769911504425,928.73828125,488.68359375,"not_applicable",32,5,"NA",NA,""
"0.99.39","tabula","classification","plssvd","cpu","float64","argmax","rsvd",20,5,0,0.114,0.002,0.185,0.002,0.301,0.00200000000000022,0.748097245250604,593.73828125,153.61328125,"not_applicable",32,5,"NA",NA,""
"0.99.39","tabula","classification","plssvd","cuda","float64","argmax","rsvd",20,5,0,0.268,0.00300000000000011,0.161,0.00600000000000001,0.431,0.00800000000000001,0.748097245250604,935.8515625,495.7265625,"not_applicable",32,5,"NA",NA,""
"0.99.39","tabula","classification","plssvd","cpu","float64","argmax","rsvd",31,5,0,0.14,2.22044604925031e-16,0.186,0.002,0.325,0.00300000000000011,0.779999600471444,631.078125,191.03515625,"not_applicable",32,5,"NA",NA,""
"0.99.39","tabula","classification","plssvd","cuda","float64","argmax","rsvd",31,5,0,0.274,0.00600000000000001,0.164,0.00100000000000011,0.437,0.00700000000000012,0.779999600471444,993.6328125,553.54296875,"not_applicable",32,5,"NA",NA,""
"0.99.39","tabula","classification","plssvd","cpu","float64","argmax","rsvd",32,5,0,0.14,0.00100000000000011,0.186,0.00099999999999989,0.326,0.00099999999999989,0.779999600471444,630.99609375,190.91796875,"not_applicable",32,5,"NA",NA,""
"0.99.39","tabula","classification","plssvd","cuda","float64","argmax","rsvd",32,5,0,0.27,0.00800000000000001,0.164,0.002,0.433,0.0089999999999999,0.779999600471444,992.57421875,552.421875,"not_applicable",32,5,"NA",NA,""
"0.99.39","tabula","classification","simpls","cpu","float64","argmax","rsvd",1,5,0,0.089,0.00199999999999978,0.196,0.002,0.285,0.002,0.213168461215765,631.96484375,191.7734375,"ordinary_fast",32,5,"fresh_oversampled_sketch_per_component",TRUE,""
"0.99.39","tabula","classification","simpls","cuda","float64","argmax","rsvd",1,5,0,0.257,0.00600000000000001,0.162,0.00100000000000011,0.42,0.004,0.213168461215765,946.421875,506.25390625,"ordinary_fast",32,5,"fresh_oversampled_sketch_per_component",TRUE,""
"0.99.39","tabula","classification","simpls","cpu","float64","argmax","rsvd",2,5,0,0.0939999999999999,2.22044604925031e-16,0.198,0.00100000000000011,0.292,0.002,0.257316366687309,632.01953125,191.8125,"ordinary_fast",32,5,"fresh_oversampled_sketch_per_component",TRUE,""
"0.99.39","tabula","classification","simpls","cuda","float64","argmax","rsvd",2,5,0,0.266,0.002,0.163,0,0.429,0.004,0.257316366687309,956.734375,516.58203125,"ordinary_fast",32,5,"fresh_oversampled_sketch_per_component",TRUE,""
"0.99.39","tabula","classification","simpls","cpu","float64","argmax","rsvd",5,5,0,0.108,0.00100000000000011,0.198,0.002,0.304,0.00200000000000022,0.408777642381989,632.02734375,191.99609375,"ordinary_fast",32,5,"fresh_oversampled_sketch_per_component",TRUE,""
"0.99.39","tabula","classification","simpls","cuda","float64","argmax","rsvd",5,5,0,0.273,0.00400000000000023,0.161,0.00499999999999989,0.438,0.0189999999999997,0.408777642381989,954.05859375,513.9765625,"ordinary_fast",32,5,"fresh_oversampled_sketch_per_component",TRUE,""
"0.99.39","tabula","classification","simpls","cpu","float64","argmax","rsvd",10,5,0,0.128,0.00100000000000011,0.195,0.00299999999999989,0.322,0.00300000000000011,0.598773447332148,619.734375,179.6640625,"ordinary_fast",32,5,"fresh_oversampled_sketch_per_component",TRUE,""
"0.99.39","tabula","classification","simpls","cuda","float64","argmax","rsvd",10,5,0,0.29,0.0089999999999999,0.161,0.01,0.459,0.00799999999999979,0.598773447332148,955.9921875,515.87890625,"ordinary_fast",32,5,"fresh_oversampled_sketch_per_component",TRUE,""
"0.99.39","tabula","classification","simpls","cpu","float64","argmax","rsvd",20,5,0,0.159,0.00099999999999989,0.195,0.00300000000000011,0.354,0.00300000000000011,0.739447452006632,619.78515625,179.58203125,"ordinary_fast",32,5,"fresh_oversampled_sketch_per_component",TRUE,""
"0.99.39","tabula","classification","simpls","cuda","float64","argmax","rsvd",20,5,0,0.32,0.00600000000000001,0.16,0.00299999999999989,0.479,0.004,0.739447452006632,955.24609375,515.1796875,"ordinary_fast",32,5,"fresh_oversampled_sketch_per_component",TRUE,""
"0.99.39","tabula","classification","simpls","cpu","float64","argmax","rsvd",32,5,0,0.168,0.00100000000000011,0.194,0.002,0.362,0.00700000000000012,0.794921992049382,619.55859375,179.38671875,"ordinary_fast",32,5,"fresh_oversampled_sketch_per_component",TRUE,""
"0.99.39","tabula","classification","simpls","cuda","float64","argmax","rsvd",32,5,0,0.353,0.00300000000000011,0.169,0.00100000000000011,0.522,0.00100000000000011,0.794921992049382,943.453125,503.34765625,"ordinary_fast",32,5,"fresh_oversampled_sketch_per_component",TRUE,""
"0.99.39","tabula","classification","simpls","cpu","float64","argmax","rsvd",44,5,0,0.174,0.00500000000000012,0.205,0.002,0.378,0.00599999999999978,0.800435486126371,607.42578125,167.20703125,"ordinary_fast",32,5,"fresh_oversampled_sketch_per_component",TRUE,""
"0.99.39","tabula","classification","simpls","cuda","float64","argmax","rsvd",44,5,0,0.39,0.00100000000000011,0.17,0.00299999999999989,0.56,0.00299999999999989,0.800435486126371,950.4140625,510.36328125,"ordinary_fast",32,5,"fresh_oversampled_sketch_per_component",TRUE,""
"0.99.39","tabula","classification","simpls","cpu","float64","argmax","rsvd",50,5,0,0.178,0.00099999999999989,0.204,0.00100000000000011,0.382,0.00200000000000022,0.800595297548892,607.234375,167.06640625,"ordinary_fast",32,5,"fresh_oversampled_sketch_per_component",TRUE,""
"0.99.39","tabula","classification","simpls","cuda","float64","argmax","rsvd",50,5,0,0.405,0.00300000000000011,0.169,0.00300000000000011,0.576,0.00300000000000011,0.800595297548892,944.54296875,504.31640625,"ordinary_fast",32,5,"fresh_oversampled_sketch_per_component",TRUE,""
"0.99.39","tabula","classification","opls","cpu","float64","argmax","rsvd",1,5,0,0.169,0,0.182,0.00399999999999978,0.354,0.00399999999999978,0.1570147226273,621.65234375,181.55859375,"ordinary_fast",32,5,"fresh_oversampled_sketch_per_component",TRUE,""
"0.99.39","tabula","classification","opls","cuda","float64","argmax","rsvd",1,5,0,0.335,0.0129999999999999,0.168,0.00600000000000001,0.5,0.02,0.1570147226273,967.95703125,527.68359375,"ordinary_fast",32,5,"fresh_oversampled_sketch_per_component",TRUE,""
"0.99.39","tabula","classification","opls","cpu","float64","argmax","rsvd",2,5,0,0.173,0.00199999999999978,0.187,0.0109999999999999,0.362,0.0109999999999997,0.294931980263289,621.72265625,181.6328125,"ordinary_fast",32,5,"fresh_oversampled_sketch_per_component",TRUE,""
"0.99.39","tabula","classification","opls","cuda","float64","argmax","rsvd",2,5,0,0.354,0.00499999999999989,0.167,0.00700000000000012,0.521,0.0110000000000001,0.294931980263289,948.08203125,508.01171875,"ordinary_fast",32,5,"fresh_oversampled_sketch_per_component",TRUE,""
"0.99.39","tabula","classification","opls","cpu","float64","argmax","rsvd",5,5,0,0.187,0.002,0.181,0.0109999999999999,0.372,0.0109999999999999,0.388221898160171,621.8125,181.76953125,"ordinary_fast",32,5,"fresh_oversampled_sketch_per_component",TRUE,""
"0.99.39","tabula","classification","opls","cuda","float64","argmax","rsvd",5,5,0,0.355,0.00299999999999989,0.174,0.00299999999999989,0.53,0.00599999999999978,0.388221898160171,946.2421875,506.0625,"ordinary_fast",32,5,"fresh_oversampled_sketch_per_component",TRUE,""
"0.99.39","tabula","classification","opls","cpu","float64","argmax","rsvd",10,5,0,0.207,0.00300000000000011,0.183,0.002,0.389,0.00299999999999989,0.579316406640165,621.78125,181.6640625,"ordinary_fast",32,5,"fresh_oversampled_sketch_per_component",TRUE,""
"0.99.39","tabula","classification","opls","cuda","float64","argmax","rsvd",10,5,0,0.362,0.01,0.171,0.00199999999999978,0.533,0.00900000000000012,0.579316406640165,946.55859375,506.43359375,"ordinary_fast",32,5,"fresh_oversampled_sketch_per_component",TRUE,""
"0.99.39","tabula","classification","opls","cpu","float64","argmax","rsvd",20,5,0,0.239,0.004,0.182,2.22044604925031e-16,0.42,0.00299999999999989,0.739926886274196,621.73046875,181.51953125,"ordinary_fast",32,5,"fresh_oversampled_sketch_per_component",TRUE,""
"0.99.39","tabula","classification","opls","cuda","float64","argmax","rsvd",20,5,0,0.396,0.00500000000000012,0.168,0.004,0.565,0.0089999999999999,0.739926886274196,948.08203125,507.98046875,"ordinary_fast",32,5,"fresh_oversampled_sketch_per_component",TRUE,""
"0.99.39","tabula","classification","opls","cpu","float64","argmax","rsvd",32,5,0,0.243,0.004,0.181,0.00099999999999989,0.423,0.002,0.794902015621567,621.84375,181.6484375,"ordinary_fast",32,5,"fresh_oversampled_sketch_per_component",TRUE,""
"0.99.39","tabula","classification","opls","cuda","float64","argmax","rsvd",32,5,0,0.426,0.004,0.171,0.002,0.598,0.00600000000000001,0.794902015621567,946.83984375,506.6484375,"ordinary_fast",32,5,"fresh_oversampled_sketch_per_component",TRUE,""
"0.99.39","tabula","classification","opls","cpu","float64","argmax","rsvd",47,5,0,0.253,0.00300000000000011,0.182,0.00299999999999989,0.435,0.00400000000000023,0.798138196927625,621.66796875,181.57421875,"ordinary_fast",32,5,"fresh_oversampled_sketch_per_component",TRUE,""
"0.99.39","tabula","classification","opls","cuda","float64","argmax","rsvd",47,5,0,0.474,0.004,0.17,0.00099999999999989,0.647,0.00300000000000034,0.798138196927625,953.3671875,513.20703125,"ordinary_fast",32,5,"fresh_oversampled_sketch_per_component",TRUE,""
"0.99.39","tabula","classification","opls","cpu","float64","argmax","rsvd",50,5,0,0.255,0.00500000000000012,0.182,0.00300000000000011,0.438,0.00100000000000011,0.795681096306359,621.9609375,181.76953125,"ordinary_fast",32,5,"fresh_oversampled_sketch_per_component",TRUE,""
"0.99.39","tabula","classification","opls","cuda","float64","argmax","rsvd",50,5,0,0.483,0.002,0.169,0.00199999999999978,0.654,0.00600000000000001,0.792864419984418,953.50390625,513.37890625,"ordinary_fast",32,5,"fresh_oversampled_sketch_per_component",TRUE,""
"0.99.39","tabula","classification","kernelpls","cpu","float64","argmax","rsvd",1,5,0,0.0919999999999999,0.002,0.203,0.002,0.295,0.00300000000000011,0.213168461215765,607.63671875,167.43359375,"ordinary_fast",32,5,"fresh_oversampled_sketch_per_component",TRUE,""
"0.99.39","tabula","classification","kernelpls","cuda","float64","argmax","rsvd",1,5,0,0.263,0.00800000000000001,0.17,0.00100000000000011,0.432,0.0069999999999999,0.213168461215765,937.70703125,497.56640625,"ordinary_fast",32,5,"fresh_oversampled_sketch_per_component",TRUE,""
"0.99.39","tabula","classification","kernelpls","cpu","float64","argmax","rsvd",2,5,0,0.097,0.00299999999999989,0.205,0.00500000000000012,0.302,0.00200000000000022,0.257316366687309,607.73828125,167.625,"ordinary_fast",32,5,"fresh_oversampled_sketch_per_component",TRUE,""
"0.99.39","tabula","classification","kernelpls","cuda","float64","argmax","rsvd",2,5,0,0.268,0.00900000000000012,0.172,2.22044604925031e-16,0.44,0.00900000000000012,0.257316366687309,946.39453125,506.32421875,"ordinary_fast",32,5,"fresh_oversampled_sketch_per_component",TRUE,""
"0.99.39","tabula","classification","kernelpls","cpu","float64","argmax","rsvd",5,5,0,0.11,0.002,0.205,0.00199999999999978,0.316,0.00100000000000011,0.408777642381989,607.4140625,167.3515625,"ordinary_fast",32,5,"fresh_oversampled_sketch_per_component",TRUE,""
"0.99.39","tabula","classification","kernelpls","cuda","float64","argmax","rsvd",5,5,0,0.276,0.00800000000000001,0.168,0.00299999999999989,0.444,0.00500000000000012,0.408777642381989,936.62109375,496.4921875,"ordinary_fast",32,5,"fresh_oversampled_sketch_per_component",TRUE,""
"0.99.39","tabula","classification","kernelpls","cpu","float64","argmax","rsvd",10,5,0,0.131,0.00099999999999989,0.204,0.002,0.336,0.002,0.598773447332148,607.484375,167.3359375,"ordinary_fast",32,5,"fresh_oversampled_sketch_per_component",TRUE,""
"0.99.39","tabula","classification","kernelpls","cuda","float64","argmax","rsvd",10,5,0,0.298,0.00999999999999979,0.169,0.00099999999999989,0.467,0.0089999999999999,0.598773447332148,943.8125,503.609375,"ordinary_fast",32,5,"fresh_oversampled_sketch_per_component",TRUE,""
"0.99.39","tabula","classification","kernelpls","cpu","float64","argmax","rsvd",20,5,0,0.16,0.00100000000000011,0.205,0.002,0.365,0.002,0.739447452006632,607.47265625,167.33984375,"ordinary_fast",32,5,"fresh_oversampled_sketch_per_component",TRUE,""
"0.99.39","tabula","classification","kernelpls","cuda","float64","argmax","rsvd",20,5,0,0.318,0.00700000000000012,0.167,0.00100000000000011,0.485,0.00600000000000001,0.739447452006632,936.84765625,496.734375,"ordinary_fast",32,5,"fresh_oversampled_sketch_per_component",TRUE,""
"0.99.39","tabula","classification","kernelpls","cpu","float64","argmax","rsvd",32,5,0,0.169,0.00400000000000023,0.204,0.00100000000000011,0.373,0.00900000000000034,0.794921992049382,607.7890625,167.6015625,"ordinary_fast",32,5,"fresh_oversampled_sketch_per_component",TRUE,""
"0.99.39","tabula","classification","kernelpls","cuda","float64","argmax","rsvd",32,5,0,0.352,0.00600000000000001,0.168,0.004,0.522,0.00900000000000012,0.794921992049382,937.10546875,496.90234375,"ordinary_fast",32,5,"fresh_oversampled_sketch_per_component",TRUE,""
"0.99.39","tabula","classification","kernelpls","cpu","float64","argmax","rsvd",44,5,0,0.174,0.002,0.204,0.002,0.377,0.00299999999999989,0.800435486126371,607.40234375,167.30859375,"ordinary_fast",32,5,"fresh_oversampled_sketch_per_component",TRUE,""
"0.99.39","tabula","classification","kernelpls","cuda","float64","argmax","rsvd",44,5,0,0.389,0.00099999999999989,0.169,0.00200000000000022,0.56,0.00299999999999989,0.800435486126371,949.7578125,509.68359375,"ordinary_fast",32,5,"fresh_oversampled_sketch_per_component",TRUE,""
"0.99.39","tabula","classification","kernelpls","cpu","float64","argmax","rsvd",50,5,0,0.18,0.00099999999999989,0.204,0.00300000000000011,0.381,0.00200000000000022,0.800595297548892,607.609375,167.4765625,"ordinary_fast",32,5,"fresh_oversampled_sketch_per_component",TRUE,""
"0.99.39","tabula","classification","kernelpls","cuda","float64","argmax","rsvd",50,5,0,0.408,0.002,0.17,0.002,0.578,0.00299999999999967,0.800595297548892,950.92578125,510.78515625,"ordinary_fast",32,5,"fresh_oversampled_sketch_per_component",TRUE,""
"0.99.39","tcga_brca","classification","plssvd","cpu","float64","argmax","rsvd",1,5,0,0.013,0,0.003,0,0.016,0,0.659090909090909,464.75390625,69.82421875,"not_applicable",32,5,"NA",NA,""
"0.99.39","tcga_brca","classification","plssvd","cuda","float64","argmax","rsvd",1,5,0,0.243,0.004,0.0069999999999999,2.22044604925031e-16,0.25,0.00499999999999989,0.659090909090909,830.796875,435.859375,"not_applicable",32,5,"NA",NA,""
"0.99.39","tcga_brca","classification","plssvd","cpu","float64","argmax","rsvd",2,5,0,0.013,0,0.003,0,0.016,0,0.806818181818182,464.75,69.92578125,"not_applicable",32,5,"NA",NA,""
"0.99.39","tcga_brca","classification","plssvd","cuda","float64","argmax","rsvd",2,5,0,0.236,0.001,0.004,0,0.241,0.001,0.806818181818182,808.07421875,413.1328125,"not_applicable",32,5,"NA",NA,""
"0.99.39","tcga_brca","classification","plssvd","cpu","float64","argmax","rsvd",3,5,0,0.0139999999999999,0.00099999999999989,0.003,0,0.0169999999999999,0.00099999999999989,0.840909090909091,464.34765625,69.484375,"not_applicable",32,5,"NA",NA,""
"0.99.39","tcga_brca","classification","plssvd","cuda","float64","argmax","rsvd",3,5,0,0.235,0.001,0.004,0,0.239,0.000999999999999779,0.840909090909091,808.2109375,413.390625,"not_applicable",32,5,"NA",NA,""
"0.99.39","tcga_brca","classification","plssvd","cpu","float64","argmax","rsvd",5,5,0,0.014,0,0.003,0,0.017,0,0.886363636363636,464.71484375,69.76953125,"not_applicable",32,5,"NA",NA,""
"0.99.39","tcga_brca","classification","plssvd","cuda","float64","argmax","rsvd",5,5,0,0.236,1.11022302462516e-16,0.004,0.00100000000000011,0.24,0,0.886363636363636,808.44921875,413.55859375,"not_applicable",32,5,"NA",NA,""
"0.99.39","tcga_brca","classification","simpls","cpu","float64","argmax","rsvd",1,5,0,0.015,0,0.004,0.001,0.0189999999999999,0.001,0.659090909090909,464.65625,69.65234375,"ordinary_fast",32,5,"fresh_oversampled_sketch_per_component",TRUE,""
"0.99.39","tcga_brca","classification","simpls","cuda","float64","argmax","rsvd",1,5,0,0.235,0.00800000000000012,0.0089999999999999,0.00100000000000011,0.243,0.00800000000000034,0.659090909090909,812.08984375,417.13671875,"ordinary_fast",32,5,"fresh_oversampled_sketch_per_component",TRUE,""
"0.99.39","tcga_brca","classification","simpls","cpu","float64","argmax","rsvd",2,5,0,0.016,1.11022302462516e-16,0.003,0.001,0.019,0.00099999999999989,0.806818181818182,464.5,69.59765625,"ordinary_fast",32,5,"fresh_oversampled_sketch_per_component",TRUE,""
"0.99.39","tcga_brca","classification","simpls","cuda","float64","argmax","rsvd",2,5,0,0.24,0.00900000000000023,0.004,2.22044604925031e-16,0.244,0.00900000000000023,0.806818181818182,812.66796875,417.6640625,"ordinary_fast",32,5,"fresh_oversampled_sketch_per_component",TRUE,""
"0.99.39","tcga_brca","classification","simpls","cpu","float64","argmax","rsvd",3,5,0,0.017,1.11022302462516e-16,0.003,0,0.02,0.00100000000000011,0.806818181818182,464.57421875,69.7265625,"ordinary_fast",32,5,"fresh_oversampled_sketch_per_component",TRUE,""
"0.99.39","tcga_brca","classification","simpls","cuda","float64","argmax","rsvd",3,5,0,0.244,0.00199999999999978,0.004,0,0.249,0.00199999999999989,0.806818181818182,812.60546875,417.73828125,"ordinary_fast",32,5,"fresh_oversampled_sketch_per_component",TRUE,""
"0.99.39","tcga_brca","classification","simpls","cpu","float64","argmax","rsvd",5,5,0,0.018,0.001,0.003,0.001,0.0219999999999999,1.11022302462516e-16,0.852272727272727,464.44140625,69.625,"ordinary_fast",32,5,"fresh_oversampled_sketch_per_component",TRUE,""
"0.99.39","tcga_brca","classification","simpls","cuda","float64","argmax","rsvd",5,5,0,0.25,0.001,0.004,0,0.254,1.11022302462516e-16,0.852272727272727,812.796875,417.890625,"ordinary_fast",32,5,"fresh_oversampled_sketch_per_component",TRUE,""
"0.99.39","tcga_brca","classification","simpls","cpu","float64","argmax","rsvd",7,5,0,0.021,0.001,0.003,0,0.024,0.001,0.852272727272727,464.6171875,69.7734375,"ordinary_fast",32,5,"fresh_oversampled_sketch_per_component",TRUE,""
"0.99.39","tcga_brca","classification","simpls","cuda","float64","argmax","rsvd",7,5,0,0.258,0.003,0.004,0,0.263,0.003,0.852272727272727,812.44140625,417.546875,"ordinary_fast",32,5,"fresh_oversampled_sketch_per_component",TRUE,""
"0.99.39","tcga_brca","classification","simpls","cpu","float64","argmax","rsvd",10,5,0,0.023,0,0.003,0,0.026,0,0.863636363636364,464.3046875,69.3515625,"ordinary_fast",32,5,"fresh_oversampled_sketch_per_component",TRUE,""
"0.99.39","tcga_brca","classification","simpls","cuda","float64","argmax","rsvd",10,5,0,0.27,0.00399999999999989,0.004,0,0.274,0.00399999999999989,0.863636363636364,813.13671875,418.15625,"ordinary_fast",32,5,"fresh_oversampled_sketch_per_component",TRUE,""
"0.99.39","tcga_brca","classification","simpls","cpu","float64","argmax","rsvd",20,5,0,0.032,0.001,0.003,0.001,0.036,0.001,0.818181818181818,464.52734375,69.59765625,"ordinary_fast",32,5,"fresh_oversampled_sketch_per_component",TRUE,""
"0.99.39","tcga_brca","classification","simpls","cuda","float64","argmax","rsvd",20,5,0,0.309,0.00800000000000001,0.004,0,0.313,0.00800000000000001,0.818181818181818,813.046875,418.16015625,"ordinary_fast",32,5,"fresh_oversampled_sketch_per_component",TRUE,""
"0.99.39","tcga_brca","classification","simpls","cpu","float64","argmax","rsvd",50,5,0,0.0580000000000001,0,0.003,0.001,0.0619999999999999,0.001,0.738636363636364,464.19921875,69.34375,"ordinary_fast",32,5,"fresh_oversampled_sketch_per_component",TRUE,""
"0.99.39","tcga_brca","classification","simpls","cuda","float64","argmax","rsvd",50,5,0,0.404,0.002,0.004,0,0.408,0.002,0.738636363636364,812.98828125,418.16796875,"ordinary_fast",32,5,"fresh_oversampled_sketch_per_component",TRUE,""
"0.99.39","tcga_brca","classification","opls","cpu","float64","argmax","rsvd",1,5,0,0.0239999999999999,0.001,0.004,0,0.0279999999999999,0.001,0.659090909090909,465.296875,70.33984375,"ordinary_fast",32,5,"fresh_oversampled_sketch_per_component",TRUE,""
"0.99.39","tcga_brca","classification","opls","cuda","float64","argmax","rsvd",1,5,0,0.237,1.11022302462516e-16,0.00800000000000001,0.00099999999999989,0.245,0.001,0.659090909090909,817.1875,422.234375,"ordinary_fast",32,5,"fresh_oversampled_sketch_per_component",TRUE,""
"0.99.39","tcga_brca","classification","opls","cpu","float64","argmax","rsvd",2,5,0,0.025,0.001,0.004,0,0.028,0.001,0.738636363636364,465.29296875,70.37109375,"ordinary_fast",32,5,"fresh_oversampled_sketch_per_component",TRUE,""
"0.99.39","tcga_brca","classification","opls","cuda","float64","argmax","rsvd",2,5,0,0.244,1.11022302462516e-16,0.004,0.00100000000000011,0.248,0.00100000000000022,0.738636363636364,818.85546875,423.9921875,"ordinary_fast",32,5,"fresh_oversampled_sketch_per_component",TRUE,""
"0.99.39","tcga_brca","classification","opls","cpu","float64","argmax","rsvd",3,5,0,0.026,0.001,0.004,0,0.029,0.001,0.806818181818182,465.24609375,70.4296875,"ordinary_fast",32,5,"fresh_oversampled_sketch_per_component",TRUE,""
"0.99.39","tcga_brca","classification","opls","cuda","float64","argmax","rsvd",3,5,0,0.25,0.00300000000000022,0.004,0.00099999999999989,0.254,0.00400000000000011,0.806818181818182,818.60546875,423.73046875,"ordinary_fast",32,5,"fresh_oversampled_sketch_per_component",TRUE,""
"0.99.39","tcga_brca","classification","opls","cpu","float64","argmax","rsvd",5,5,0,0.0279999999999999,0.00099999999999989,0.004,0.001,0.031,1.11022302462516e-16,0.818181818181818,465.19140625,70.30078125,"ordinary_fast",32,5,"fresh_oversampled_sketch_per_component",TRUE,""
"0.99.39","tcga_brca","classification","opls","cuda","float64","argmax","rsvd",5,5,0,0.257,0.00399999999999978,0.004,0,0.261,0.00299999999999945,0.818181818181818,818.98828125,424.09765625,"ordinary_fast",32,5,"fresh_oversampled_sketch_per_component",TRUE,""
"0.99.39","tcga_brca","classification","opls","cpu","float64","argmax","rsvd",10,5,0,0.032,1.11022302462516e-16,0.004,1.11022302462516e-16,0.0359999999999999,1.11022302462516e-16,0.818181818181818,465.18359375,70.2890625,"ordinary_fast",32,5,"fresh_oversampled_sketch_per_component",TRUE,""
"0.99.39","tcga_brca","classification","opls","cuda","float64","argmax","rsvd",10,5,0,0.272,0,0.004,0,0.276,0.00099999999999989,0.818181818181818,819.19140625,424.28125,"ordinary_fast",32,5,"fresh_oversampled_sketch_per_component",TRUE,""
"0.99.39","tcga_brca","classification","opls","cpu","float64","argmax","rsvd",20,5,0,0.041,0,0.004,0,0.045,0,0.738636363636364,465.02734375,70.20703125,"ordinary_fast",32,5,"fresh_oversampled_sketch_per_component",TRUE,""
"0.99.39","tcga_brca","classification","opls","cuda","float64","argmax","rsvd",20,5,0,0.308,0.003,0.00499999999999989,2.22044604925031e-16,0.313,0.00300000000000022,0.738636363636364,819.24609375,424.26171875,"ordinary_fast",32,5,"fresh_oversampled_sketch_per_component",TRUE,""
"0.99.39","tcga_brca","classification","opls","cpu","float64","argmax","rsvd",50,5,0,0.0670000000000001,0,0.004,1.11022302462516e-16,0.0710000000000001,2.22044604925031e-16,0.704545454545455,464.62890625,69.80078125,"ordinary_fast",32,5,"fresh_oversampled_sketch_per_component",TRUE,""
"0.99.39","tcga_brca","classification","opls","cuda","float64","argmax","rsvd",50,5,0,0.41,0.003,0.00499999999999989,0.00099999999999989,0.415,0.00300000000000022,0.704545454545455,819.4609375,424.55859375,"ordinary_fast",32,5,"fresh_oversampled_sketch_per_component",TRUE,""
"0.99.39","tcga_brca","classification","kernelpls","cpu","float64","argmax","rsvd",1,5,0,0.016,0,0.004,0.001,0.02,0,0.659090909090909,464.4765625,69.53125,"ordinary_fast",32,5,"fresh_oversampled_sketch_per_component",TRUE,""
"0.99.39","tcga_brca","classification","kernelpls","cuda","float64","argmax","rsvd",1,5,0,0.233,0.00200000000000011,0.00800000000000001,0,0.241,0.00200000000000011,0.659090909090909,812.41015625,417.453125,"ordinary_fast",32,5,"fresh_oversampled_sketch_per_component",TRUE,""
"0.99.39","tcga_brca","classification","kernelpls","cpu","float64","argmax","rsvd",2,5,0,0.017,0.001,0.003,0,0.02,0.001,0.806818181818182,464.42578125,69.53125,"ordinary_fast",32,5,"fresh_oversampled_sketch_per_component",TRUE,""
"0.99.39","tcga_brca","classification","kernelpls","cuda","float64","argmax","rsvd",2,5,0,0.241,0.00099999999999989,0.004,0,0.245,0.00099999999999989,0.806818181818182,812.46484375,417.64453125,"ordinary_fast",32,5,"fresh_oversampled_sketch_per_component",TRUE,""
"0.99.39","tcga_brca","classification","kernelpls","cpu","float64","argmax","rsvd",3,5,0,0.019,0.001,0.003,0.001,0.022,0,0.806818181818182,464.4296875,69.51171875,"ordinary_fast",32,5,"fresh_oversampled_sketch_per_component",TRUE,""
"0.99.39","tcga_brca","classification","kernelpls","cuda","float64","argmax","rsvd",3,5,0,0.247,0.00600000000000012,0.004,2.22044604925031e-16,0.252,0.00600000000000034,0.806818181818182,812.5625,417.62109375,"ordinary_fast",32,5,"fresh_oversampled_sketch_per_component",TRUE,""
"0.99.39","tcga_brca","classification","kernelpls","cpu","float64","argmax","rsvd",5,5,0,0.02,1.11022302462516e-16,0.003,0.001,0.023,1.11022302462516e-16,0.852272727272727,464.49609375,69.55078125,"ordinary_fast",32,5,"fresh_oversampled_sketch_per_component",TRUE,""
"0.99.39","tcga_brca","classification","kernelpls","cuda","float64","argmax","rsvd",5,5,0,0.252,0.00199999999999989,0.004,2.22044604925031e-16,0.256,0.002,0.852272727272727,812.37890625,417.546875,"ordinary_fast",32,5,"fresh_oversampled_sketch_per_component",TRUE,""
"0.99.39","tcga_brca","classification","kernelpls","cpu","float64","argmax","rsvd",7,5,0,0.0219999999999999,1.11022302462516e-16,0.004,0.001,0.025,0.00099999999999989,0.852272727272727,464.6796875,69.71484375,"ordinary_fast",32,5,"fresh_oversampled_sketch_per_component",TRUE,""
"0.99.39","tcga_brca","classification","kernelpls","cuda","float64","argmax","rsvd",7,5,0,0.259,0.002,0.004,0,0.263,0.002,0.852272727272727,812.51953125,417.62109375,"ordinary_fast",32,5,"fresh_oversampled_sketch_per_component",TRUE,""
"0.99.39","tcga_brca","classification","kernelpls","cpu","float64","argmax","rsvd",10,5,0,0.025,1.11022302462516e-16,0.003,0,0.028,1.11022302462516e-16,0.863636363636364,464.55078125,69.66796875,"ordinary_fast",32,5,"fresh_oversampled_sketch_per_component",TRUE,""
"0.99.39","tcga_brca","classification","kernelpls","cuda","float64","argmax","rsvd",10,5,0,0.269,0.00299999999999989,0.004,0.00099999999999989,0.273,0.00200000000000011,0.863636363636364,812.80078125,417.890625,"ordinary_fast",32,5,"fresh_oversampled_sketch_per_component",TRUE,""
"0.99.39","tcga_brca","classification","kernelpls","cpu","float64","argmax","rsvd",20,5,0,0.034,0,0.003,0.001,0.037,0.001,0.818181818181818,464.48828125,69.5859375,"ordinary_fast",32,5,"fresh_oversampled_sketch_per_component",TRUE,""
"0.99.39","tcga_brca","classification","kernelpls","cuda","float64","argmax","rsvd",20,5,0,0.304,2.22044604925031e-16,0.00499999999999989,0.00100000000000011,0.309,0.001,0.818181818181818,813.1796875,418.234375,"ordinary_fast",32,5,"fresh_oversampled_sketch_per_component",TRUE,""
"0.99.39","tcga_brca","classification","kernelpls","cpu","float64","argmax","rsvd",50,5,0,0.0610000000000001,0.001,0.004,0.001,0.0640000000000001,0.001,0.738636363636364,464.9375,70.03125,"ordinary_fast",32,5,"fresh_oversampled_sketch_per_component",TRUE,""
"0.99.39","tcga_brca","classification","kernelpls","cuda","float64","argmax","rsvd",50,5,0,0.411,0.00700000000000012,0.004,0,0.415,0.00700000000000012,0.738636363636364,813.59375,418.69140625,"ordinary_fast",32,5,"fresh_oversampled_sketch_per_component",TRUE,""
"0.99.39","tcga_hnsc_methylation","classification","plssvd","cpu","float64","argmax","rsvd",1,5,0,0.0099999999999999,0,0.003,0.001,0.0129999999999999,0.00099999999999989,1,461.8671875,69.96875,"not_applicable",32,5,"NA",NA,""
"0.99.39","tcga_hnsc_methylation","classification","plssvd","cuda","float64","argmax","rsvd",1,5,0,0.234,0.002,0.004,0.00100000000000011,0.237,0.003,1,806.82421875,415.01171875,"not_applicable",32,5,"NA",NA,""
"0.99.39","tcga_hnsc_methylation","classification","plssvd","cpu","float64","argmax","rsvd",2,5,0,0.01,0,0.003,0,0.013,0,1,461.77734375,69.8671875,"not_applicable",32,5,"NA",NA,""
"0.99.39","tcga_hnsc_methylation","classification","plssvd","cuda","float64","argmax","rsvd",2,5,0,0.235,0.002,0.004,0.00100000000000011,0.239,0.00300000000000011,1,806.96875,415.09765625,"not_applicable",32,5,"NA",NA,""
"0.99.39","tcga_hnsc_methylation","classification","simpls","cpu","float64","argmax","rsvd",1,5,0,0.011,0.00100000000000011,0.003,0,0.013,0.00100000000000011,1,461.5078125,69.578125,"ordinary_fast",32,5,"fresh_oversampled_sketch_per_component",TRUE,""
"0.99.39","tcga_hnsc_methylation","classification","simpls","cuda","float64","argmax","rsvd",1,5,0,0.223,0.00199999999999989,0.00800000000000001,0.00099999999999989,0.231,0.00199999999999989,1,787.25390625,395.45703125,"ordinary_fast",32,5,"fresh_oversampled_sketch_per_component",TRUE,""
"0.99.39","tcga_hnsc_methylation","classification","simpls","cpu","float64","argmax","rsvd",2,5,0,0.011,0,0.003,0,0.014,0,1,461.68359375,69.86328125,"ordinary_fast",32,5,"fresh_oversampled_sketch_per_component",TRUE,""
"0.99.39","tcga_hnsc_methylation","classification","simpls","cuda","float64","argmax","rsvd",2,5,0,0.229,0.00199999999999989,0.00300000000000011,0.00100000000000011,0.233,0.002,1,787.8359375,395.953125,"ordinary_fast",32,5,"fresh_oversampled_sketch_per_component",TRUE,""
"0.99.39","tcga_hnsc_methylation","classification","simpls","cpu","float64","argmax","rsvd",5,5,0,0.012,0.001,0.003,0.001,0.015,0.002,0.982758620689655,461.41796875,69.53125,"ordinary_fast",32,5,"fresh_oversampled_sketch_per_component",TRUE,""
"0.99.39","tcga_hnsc_methylation","classification","simpls","cuda","float64","argmax","rsvd",5,5,0,0.237,0.003,0.00399999999999978,0.00099999999999989,0.241,0.00200000000000011,0.982758620689655,787.921875,396.015625,"ordinary_fast",32,5,"fresh_oversampled_sketch_per_component",TRUE,""
"0.99.39","tcga_hnsc_methylation","classification","simpls","cpu","float64","argmax","rsvd",10,5,0,0.014,0,0.003,0,0.017,0,1,461.44921875,69.53515625,"ordinary_fast",32,5,"fresh_oversampled_sketch_per_component",TRUE,""
"0.99.39","tcga_hnsc_methylation","classification","simpls","cuda","float64","argmax","rsvd",10,5,0,0.249,0.002,0.004,0,0.253,0.002,1,787.72265625,395.88671875,"ordinary_fast",32,5,"fresh_oversampled_sketch_per_component",TRUE,""
"0.99.39","tcga_hnsc_methylation","classification","simpls","cpu","float64","argmax","rsvd",20,5,0,0.018,0,0.003,0,0.021,0,1,461.39453125,69.546875,"ordinary_fast",32,5,"fresh_oversampled_sketch_per_component",TRUE,""
"0.99.39","tcga_hnsc_methylation","classification","simpls","cuda","float64","argmax","rsvd",20,5,0,0.276,0.00100000000000022,0.004,0.00099999999999989,0.28,0.001,1,787.9375,396.0703125,"ordinary_fast",32,5,"fresh_oversampled_sketch_per_component",TRUE,""
"0.99.39","tcga_hnsc_methylation","classification","simpls","cpu","float64","argmax","rsvd",50,5,0,0.029,0.00099999999999989,0.003,0,0.032,0.001,0.896551724137931,461.65625,69.76171875,"ordinary_fast",32,5,"fresh_oversampled_sketch_per_component",TRUE,""
"0.99.39","tcga_hnsc_methylation","classification","simpls","cuda","float64","argmax","rsvd",50,5,0,0.357,0.00099999999999989,0.004,0,0.361,1.11022302462516e-16,0.896551724137931,788.359375,396.5390625,"ordinary_fast",32,5,"fresh_oversampled_sketch_per_component",TRUE,""
"0.99.39","tcga_hnsc_methylation","classification","opls","cpu","float64","argmax","rsvd",1,5,0,0.0159999999999999,0.00099999999999989,0.003,0.001,0.0189999999999999,0,1,467.7890625,75.921875,"ordinary_fast",32,5,"fresh_oversampled_sketch_per_component",TRUE,""
"0.99.39","tcga_hnsc_methylation","classification","opls","cuda","float64","argmax","rsvd",1,5,0,0.225,0.001,0.00800000000000001,0.00099999999999989,0.233,0.001,1,789.19140625,397.30078125,"ordinary_fast",32,5,"fresh_oversampled_sketch_per_component",TRUE,""
"0.99.39","tcga_hnsc_methylation","classification","opls","cpu","float64","argmax","rsvd",2,5,0,0.016,1.11022302462516e-16,0.003,0.001,0.019,0.00100000000000011,0.982758620689655,467.66015625,75.80859375,"ordinary_fast",32,5,"fresh_oversampled_sketch_per_component",TRUE,""
"0.99.39","tcga_hnsc_methylation","classification","opls","cuda","float64","argmax","rsvd",2,5,0,0.23,0.001,0.004,0,0.234,0.001,0.982758620689655,791.17578125,399.25,"ordinary_fast",32,5,"fresh_oversampled_sketch_per_component",TRUE,""
"0.99.39","tcga_hnsc_methylation","classification","opls","cpu","float64","argmax","rsvd",5,5,0,0.0169999999999999,0,0.004,0.001,0.02,0.001,0.982758620689655,467.9765625,76.0703125,"ordinary_fast",32,5,"fresh_oversampled_sketch_per_component",TRUE,""
"0.99.39","tcga_hnsc_methylation","classification","opls","cuda","float64","argmax","rsvd",5,5,0,0.241,1.11022302462516e-16,0.004,0,0.245,3.33066907387547e-16,0.982758620689655,790.85546875,398.953125,"ordinary_fast",32,5,"fresh_oversampled_sketch_per_component",TRUE,""
"0.99.39","tcga_hnsc_methylation","classification","opls","cpu","float64","argmax","rsvd",10,5,0,0.019,0,0.003,0,0.022,0.00099999999999989,1,467.78125,75.9375,"ordinary_fast",32,5,"fresh_oversampled_sketch_per_component",TRUE,""
"0.99.39","tcga_hnsc_methylation","classification","opls","cuda","float64","argmax","rsvd",10,5,0,0.253,2.22044604925031e-16,0.004,0,0.257,2.22044604925031e-16,1,791.01171875,399.21875,"ordinary_fast",32,5,"fresh_oversampled_sketch_per_component",TRUE,""
"0.99.39","tcga_hnsc_methylation","classification","opls","cpu","float64","argmax","rsvd",20,5,0,0.023,1.11022302462516e-16,0.003,0.00099999999999989,0.026,0.00099999999999989,1,467.46875,75.61328125,"ordinary_fast",32,5,"fresh_oversampled_sketch_per_component",TRUE,""
"0.99.39","tcga_hnsc_methylation","classification","opls","cuda","float64","argmax","rsvd",20,5,0,0.283,0.00100000000000011,0.004,0,0.287,0.00100000000000011,1,791.24609375,399.3125,"ordinary_fast",32,5,"fresh_oversampled_sketch_per_component",TRUE,""
"0.99.39","tcga_hnsc_methylation","classification","opls","cpu","float64","argmax","rsvd",50,5,0,0.034,0,0.003,0,0.037,0,0.896551724137931,467.515625,75.71484375,"ordinary_fast",32,5,"fresh_oversampled_sketch_per_component",TRUE,""
"0.99.39","tcga_hnsc_methylation","classification","opls","cuda","float64","argmax","rsvd",50,5,0,0.363,0.00700000000000001,0.004,0,0.368,0.00700000000000001,0.896551724137931,792.03125,400.109375,"ordinary_fast",32,5,"fresh_oversampled_sketch_per_component",TRUE,""
"0.99.39","tcga_hnsc_methylation","classification","kernelpls","cpu","float64","argmax","rsvd",1,5,0,0.012,0.00099999999999989,0.003,0,0.015,0.00099999999999989,1,461.32421875,69.39453125,"ordinary_fast",32,5,"fresh_oversampled_sketch_per_component",TRUE,""
"0.99.39","tcga_hnsc_methylation","classification","kernelpls","cuda","float64","argmax","rsvd",1,5,0,0.223,0.00400000000000011,0.00800000000000001,0,0.231,0.00400000000000011,1,787.2109375,395.43359375,"ordinary_fast",32,5,"fresh_oversampled_sketch_per_component",TRUE,""
"0.99.39","tcga_hnsc_methylation","classification","kernelpls","cpu","float64","argmax","rsvd",2,5,0,0.013,1.11022302462516e-16,0.003,0,0.0159999999999999,0.001,1,461.6640625,69.77734375,"ordinary_fast",32,5,"fresh_oversampled_sketch_per_component",TRUE,""
"0.99.39","tcga_hnsc_methylation","classification","kernelpls","cuda","float64","argmax","rsvd",2,5,0,0.228,0.00700000000000001,0.004,0,0.232,0.00700000000000001,1,787.484375,395.65625,"ordinary_fast",32,5,"fresh_oversampled_sketch_per_component",TRUE,""
"0.99.39","tcga_hnsc_methylation","classification","kernelpls","cpu","float64","argmax","rsvd",5,5,0,0.014,0,0.003,0,0.017,0,0.982758620689655,461.41796875,69.5625,"ordinary_fast",32,5,"fresh_oversampled_sketch_per_component",TRUE,""
"0.99.39","tcga_hnsc_methylation","classification","kernelpls","cuda","float64","argmax","rsvd",5,5,0,0.238,0.004,0.004,2.22044604925031e-16,0.242,0.00300000000000034,0.982758620689655,787.86328125,395.9765625,"ordinary_fast",32,5,"fresh_oversampled_sketch_per_component",TRUE,""
"0.99.39","tcga_hnsc_methylation","classification","kernelpls","cpu","float64","argmax","rsvd",10,5,0,0.0159999999999999,0.001,0.003,0,0.0189999999999999,0.001,1,461.52734375,69.64453125,"ordinary_fast",32,5,"fresh_oversampled_sketch_per_component",TRUE,""
"0.99.39","tcga_hnsc_methylation","classification","kernelpls","cuda","float64","argmax","rsvd",10,5,0,0.25,0.001,0.00399999999999978,0.00100000000000011,0.253,0.00199999999999967,1,787.89453125,396.12109375,"ordinary_fast",32,5,"fresh_oversampled_sketch_per_component",TRUE,""
"0.99.39","tcga_hnsc_methylation","classification","kernelpls","cpu","float64","argmax","rsvd",20,5,0,0.0199999999999999,0.00099999999999989,0.003,0,0.0229999999999999,0.00099999999999989,1,461.515625,69.6796875,"ordinary_fast",32,5,"fresh_oversampled_sketch_per_component",TRUE,""
"0.99.39","tcga_hnsc_methylation","classification","kernelpls","cuda","float64","argmax","rsvd",20,5,0,0.279,0.003,0.004,0.00100000000000011,0.283,0.00400000000000011,1,787.84375,395.921875,"ordinary_fast",32,5,"fresh_oversampled_sketch_per_component",TRUE,""
"0.99.39","tcga_hnsc_methylation","classification","kernelpls","cpu","float64","argmax","rsvd",50,5,0,0.031,0,0.003,0,0.034,0,0.896551724137931,461.6796875,69.77734375,"ordinary_fast",32,5,"fresh_oversampled_sketch_per_component",TRUE,""
"0.99.39","tcga_hnsc_methylation","classification","kernelpls","cuda","float64","argmax","rsvd",50,5,0,0.36,0.00900000000000001,0.004,0,0.364,0.00800000000000012,0.896551724137931,788.390625,396.484375,"ordinary_fast",32,5,"fresh_oversampled_sketch_per_component",TRUE,""
"0.99.39","tcga_pan_cancer","classification","plssvd","cpu","float64","argmax","rsvd",1,5,0,0.0620000000000001,0.001,0.018,0,0.0800000000000001,0.00199999999999989,0.208757637474542,490.625,76.02734375,"not_applicable",32,5,"NA",NA,""
"0.99.39","tcga_pan_cancer","classification","plssvd","cuda","float64","argmax","rsvd",1,5,0,0.252,0.001,0.00900000000000012,0.00100000000000011,0.262,0.002,0.208757637474542,855.0703125,440.55859375,"not_applicable",32,5,"NA",NA,""
"0.99.39","tcga_pan_cancer","classification","plssvd","cpu","float64","argmax","rsvd",2,5,0,0.0640000000000001,0.001,0.018,1.11022302462516e-16,0.0820000000000001,0.00100000000000011,0.242362525458248,490.703125,76.203125,"not_applicable",32,5,"NA",NA,""
"0.99.39","tcga_pan_cancer","classification","plssvd","cuda","float64","argmax","rsvd",2,5,0,0.25,0.001,0.00900000000000012,2.22044604925031e-16,0.26,0.00100000000000022,0.242362525458248,845.69921875,431.16796875,"not_applicable",32,5,"NA",NA,""
"0.99.39","tcga_pan_cancer","classification","plssvd","cpu","float64","argmax","rsvd",5,5,0,0.0670000000000001,0,0.018,1.11022302462516e-16,0.0850000000000001,1.11022302462516e-16,0.439918533604888,490.80859375,76.26953125,"not_applicable",32,5,"NA",NA,""
"0.99.39","tcga_pan_cancer","classification","plssvd","cuda","float64","argmax","rsvd",5,5,0,0.248,0.0079999999999999,0.00900000000000012,0.00099999999999989,0.258,0.00899999999999979,0.439918533604888,838.3046875,423.8125,"not_applicable",32,5,"NA",NA,""
"0.99.39","tcga_pan_cancer","classification","plssvd","cpu","float64","argmax","rsvd",10,5,0,0.0740000000000001,0.001,0.018,0,0.0920000000000001,0.001,0.609979633401222,490.59375,76.0859375,"not_applicable",32,5,"NA",NA,""
"0.99.39","tcga_pan_cancer","classification","plssvd","cuda","float64","argmax","rsvd",10,5,0,0.252,0.004,0.00900000000000012,0.00099999999999989,0.262,0.00500000000000012,0.609979633401222,846.23046875,431.62109375,"not_applicable",32,5,"NA",NA,""
"0.99.39","tcga_pan_cancer","classification","plssvd","cpu","float64","argmax","rsvd",20,5,0,0.0840000000000001,0.001,0.0189999999999999,0.00099999999999989,0.103,0.00199999999999978,0.79837067209776,492.3203125,77.828125,"not_applicable",32,5,"NA",NA,""
"0.99.39","tcga_pan_cancer","classification","plssvd","cuda","float64","argmax","rsvd",20,5,0,0.25,0.00099999999999989,0.00900000000000012,0.00099999999999989,0.259,0.00199999999999978,0.79837067209776,838.8671875,424.453125,"not_applicable",32,5,"NA",NA,""
"0.99.39","tcga_pan_cancer","classification","plssvd","cpu","float64","argmax","rsvd",30,5,0,0.0950000000000001,0.00199999999999989,0.018,0.00100000000000011,0.113,0.003,0.882892057026477,493.15625,78.671875,"not_applicable",32,5,"NA",NA,""
"0.99.39","tcga_pan_cancer","classification","plssvd","cuda","float64","argmax","rsvd",30,5,0,0.249,0.001,0.0089999999999999,2.22044604925031e-16,0.258,0.00099999999999989,0.882892057026477,839.75,425.26171875,"not_applicable",32,5,"NA",NA,""
"0.99.39","tcga_pan_cancer","classification","plssvd","cpu","float64","argmax","rsvd",32,5,0,0.0970000000000001,0.001,0.018,0.00100000000000011,0.115,0.001,0.880855397148676,492.93359375,78.5078125,"not_applicable",32,5,"NA",NA,""
"0.99.39","tcga_pan_cancer","classification","plssvd","cuda","float64","argmax","rsvd",32,5,0,0.25,0.00099999999999989,0.00900000000000012,0,0.259,0.00199999999999978,0.880855397148676,839.74609375,425.1796875,"not_applicable",32,5,"NA",NA,""
"0.99.39","tcga_pan_cancer","classification","simpls","cpu","float64","argmax","rsvd",1,5,0,0.0730000000000001,0.001,0.018,0,0.0909999999999999,0.001,0.208757637474542,490.48828125,76.00390625,"ordinary_fast",32,5,"fresh_oversampled_sketch_per_component",TRUE,""
"0.99.39","tcga_pan_cancer","classification","simpls","cuda","float64","argmax","rsvd",1,5,0,0.244,0,0.0129999999999999,0.00099999999999989,0.257,0.00099999999999989,0.208757637474542,840.81640625,426.390625,"ordinary_fast",32,5,"fresh_oversampled_sketch_per_component",TRUE,""
"0.99.39","tcga_pan_cancer","classification","simpls","cpu","float64","argmax","rsvd",2,5,0,0.0850000000000001,0.00099999999999989,0.018,0,0.103,0.00099999999999989,0.242362525458248,490.3125,75.89453125,"ordinary_fast",32,5,"fresh_oversampled_sketch_per_component",TRUE,""
"0.99.39","tcga_pan_cancer","classification","simpls","cuda","float64","argmax","rsvd",2,5,0,0.253,0.002,0.00900000000000012,0,0.262,0.00299999999999989,0.242362525458248,842.1796875,427.62890625,"ordinary_fast",32,5,"fresh_oversampled_sketch_per_component",TRUE,""
"0.99.39","tcga_pan_cancer","classification","simpls","cpu","float64","argmax","rsvd",5,5,0,0.124,0.002,0.018,0,0.142,0.002,0.441955193482688,490.296875,75.8359375,"ordinary_fast",32,5,"fresh_oversampled_sketch_per_component",TRUE,""
"0.99.39","tcga_pan_cancer","classification","simpls","cuda","float64","argmax","rsvd",5,5,0,0.263,0.003,0.00900000000000012,0,0.272,0.00400000000000011,0.441955193482688,842.2265625,427.72265625,"ordinary_fast",32,5,"fresh_oversampled_sketch_per_component",TRUE,""
"0.99.39","tcga_pan_cancer","classification","simpls","cpu","float64","argmax","rsvd",10,5,0,0.185,0,0.018,0,0.203,0,0.612016293279022,490.41796875,75.95703125,"ordinary_fast",32,5,"fresh_oversampled_sketch_per_component",TRUE,""
"0.99.39","tcga_pan_cancer","classification","simpls","cuda","float64","argmax","rsvd",10,5,0,0.28,0.00700000000000012,0.0129999999999999,2.22044604925031e-16,0.293,0.00700000000000034,0.612016293279022,848.6484375,434.1640625,"ordinary_fast",32,5,"fresh_oversampled_sketch_per_component",TRUE,""
"0.99.39","tcga_pan_cancer","classification","simpls","cpu","float64","argmax","rsvd",20,5,0,0.308,0.00100000000000011,0.018,0,0.326,0.00100000000000011,0.789205702647658,490.5859375,76.02734375,"ordinary_fast",32,5,"fresh_oversampled_sketch_per_component",TRUE,""
"0.99.39","tcga_pan_cancer","classification","simpls","cuda","float64","argmax","rsvd",20,5,0,0.311,0.002,0.0089999999999999,0,0.32,0.002,0.789205702647658,842.58984375,428.1640625,"ordinary_fast",32,5,"fresh_oversampled_sketch_per_component",TRUE,""
"0.99.39","tcga_pan_cancer","classification","simpls","cpu","float64","argmax","rsvd",32,5,0,0.458,0.00600000000000012,0.018,0,0.476,0.00600000000000012,0.894093686354379,490.76171875,76.2421875,"ordinary_fast",32,5,"fresh_oversampled_sketch_per_component",TRUE,""
"0.99.39","tcga_pan_cancer","classification","simpls","cuda","float64","argmax","rsvd",32,5,0,0.348,0.00599999999999989,0.0089999999999999,0,0.357,0.00599999999999989,0.894093686354379,842.3046875,427.890625,"ordinary_fast",32,5,"fresh_oversampled_sketch_per_component",TRUE,""
"0.99.39","tcga_pan_cancer","classification","simpls","cpu","float64","argmax","rsvd",50,5,0,0.676,0.003,0.018,0,0.694,0.00400000000000011,0.911405295315682,492.0078125,77.5078125,"ordinary_fast",32,5,"fresh_oversampled_sketch_per_component",TRUE,""
"0.99.39","tcga_pan_cancer","classification","simpls","cuda","float64","argmax","rsvd",50,5,0,0.406,0.001,0.00900000000000012,0.00099999999999989,0.415,1.11022302462516e-16,0.911405295315682,842.88671875,428.484375,"ordinary_fast",32,5,"fresh_oversampled_sketch_per_component",TRUE,""
"0.99.39","tcga_pan_cancer","classification","simpls","cpu","float64","argmax","rsvd",100,5,0,1.298,0.00300000000000034,0.0179999999999998,0,1.316,0.00299999999999989,0.933808553971487,493.15234375,78.7265625,"ordinary_fast",32,5,"fresh_oversampled_sketch_per_component",TRUE,""
"0.99.39","tcga_pan_cancer","classification","simpls","cuda","float64","argmax","rsvd",100,5,0,0.57,0.001,0.00900000000000012,0.00099999999999989,0.579,0.00200000000000011,0.933808553971487,844.19140625,429.65625,"ordinary_fast",32,5,"fresh_oversampled_sketch_per_component",TRUE,""
"0.99.39","tcga_pan_cancer","classification","simpls","cpu","float64","argmax","rsvd",185,5,0,2.358,0.00499999999999989,0.0180000000000002,0,2.376,0.004,0.940936863543788,495.4296875,80.94140625,"ordinary_fast",32,5,"fresh_oversampled_sketch_per_component",TRUE,""
"0.99.39","tcga_pan_cancer","classification","simpls","cuda","float64","argmax","rsvd",185,5,0,0.842,0.00100000000000011,0.01,0.00099999999999989,0.852,0.00100000000000022,0.940936863543788,846.18359375,431.765625,"ordinary_fast",32,5,"fresh_oversampled_sketch_per_component",TRUE,""
"0.99.39","tcga_pan_cancer","classification","simpls","cpu","float64","argmax","rsvd",200,5,0,2.535,0.00300000000000011,0.0189999999999997,0.00100000000000033,2.554,0.00300000000000011,0.939918533604888,495.8828125,81.4140625,"ordinary_fast",32,5,"fresh_oversampled_sketch_per_component",TRUE,""
"0.99.39","tcga_pan_cancer","classification","simpls","cuda","float64","argmax","rsvd",200,5,0,0.889,0.001,0.01,0.00100000000000011,0.9,0.00100000000000011,0.939918533604888,846.17578125,431.6875,"ordinary_fast",32,5,"fresh_oversampled_sketch_per_component",TRUE,""
"0.99.39","tcga_pan_cancer","classification","opls","cpu","float64","argmax","rsvd",1,5,0,0.137,1.11022302462516e-16,0.0249999999999999,0.00099999999999989,0.162,0.001,0.163951120162933,504.87109375,90.33203125,"ordinary_fast",32,5,"fresh_oversampled_sketch_per_component",TRUE,""
"0.99.39","tcga_pan_cancer","classification","opls","cuda","float64","argmax","rsvd",1,5,0,0.304,0.004,0.014,0,0.318,0.00399999999999978,0.163951120162933,851.51953125,437.0625,"ordinary_fast",32,5,"fresh_oversampled_sketch_per_component",TRUE,""
"0.99.39","tcga_pan_cancer","classification","opls","cpu","float64","argmax","rsvd",2,5,0,0.15,0.00100000000000011,0.0249999999999999,2.22044604925031e-16,0.174,0.00100000000000033,0.229124236252546,504.984375,90.48046875,"ordinary_fast",32,5,"fresh_oversampled_sketch_per_component",TRUE,""
"0.99.39","tcga_pan_cancer","classification","opls","cuda","float64","argmax","rsvd",2,5,0,0.314,0.0100000000000001,0.0110000000000001,2.22044604925031e-16,0.326,0.0100000000000001,0.229124236252546,857.32421875,442.8515625,"ordinary_fast",32,5,"fresh_oversampled_sketch_per_component",TRUE,""
"0.99.39","tcga_pan_cancer","classification","opls","cpu","float64","argmax","rsvd",5,5,0,0.186,0.00199999999999989,0.0249999999999999,0.00100000000000011,0.211,0.00299999999999989,0.387983706720978,504.8515625,90.28125,"ordinary_fast",32,5,"fresh_oversampled_sketch_per_component",TRUE,""
"0.99.39","tcga_pan_cancer","classification","opls","cuda","float64","argmax","rsvd",5,5,0,0.321,0.004,0.0109999999999999,2.22044604925031e-16,0.333,0.00399999999999978,0.387983706720978,857.3828125,442.89453125,"ordinary_fast",32,5,"fresh_oversampled_sketch_per_component",TRUE,""
"0.99.39","tcga_pan_cancer","classification","opls","cpu","float64","argmax","rsvd",10,5,0,0.247,0.00099999999999989,0.024,0.00099999999999989,0.271,0.00199999999999978,0.628309572301426,504.97265625,90.48046875,"ordinary_fast",32,5,"fresh_oversampled_sketch_per_component",TRUE,""
"0.99.39","tcga_pan_cancer","classification","opls","cuda","float64","argmax","rsvd",10,5,0,0.337,0.00600000000000012,0.0130000000000001,2.22044604925031e-16,0.35,0.00400000000000023,0.628309572301426,858.578125,444.08984375,"ordinary_fast",32,5,"fresh_oversampled_sketch_per_component",TRUE,""
"0.99.39","tcga_pan_cancer","classification","opls","cpu","float64","argmax","rsvd",20,5,0,0.372,0.00099999999999989,0.0249999999999999,0.00100000000000011,0.397,2.22044604925031e-16,0.797352342158859,504.8125,90.32421875,"ordinary_fast",32,5,"fresh_oversampled_sketch_per_component",TRUE,""
"0.99.39","tcga_pan_cancer","classification","opls","cuda","float64","argmax","rsvd",20,5,0,0.372,0.00499999999999989,0.0110000000000001,2.22044604925031e-16,0.383,0.00499999999999989,0.797352342158859,857.41796875,442.859375,"ordinary_fast",32,5,"fresh_oversampled_sketch_per_component",TRUE,""
"0.99.39","tcga_pan_cancer","classification","opls","cpu","float64","argmax","rsvd",32,5,0,0.519,0.001,0.0249999999999999,0.00099999999999989,0.543,0.001,0.891038696537678,504.953125,90.4453125,"ordinary_fast",32,5,"fresh_oversampled_sketch_per_component",TRUE,""
"0.99.39","tcga_pan_cancer","classification","opls","cuda","float64","argmax","rsvd",32,5,0,0.406,0,0.0110000000000001,0,0.417,2.22044604925031e-16,0.891038696537678,857.69921875,443.22265625,"ordinary_fast",32,5,"fresh_oversampled_sketch_per_component",TRUE,""
"0.99.39","tcga_pan_cancer","classification","opls","cpu","float64","argmax","rsvd",50,5,0,0.746,0.002,0.02,0.00099999999999989,0.766,0.004,0.910386965376782,525.54296875,111.01953125,"ordinary_fast",32,5,"fresh_oversampled_sketch_per_component",TRUE,""
"0.99.39","tcga_pan_cancer","classification","opls","cuda","float64","argmax","rsvd",50,5,0,0.466,0.004,0.0109999999999999,0,0.477,0.00299999999999989,0.910386965376782,858.14453125,443.69921875,"ordinary_fast",32,5,"fresh_oversampled_sketch_per_component",TRUE,""
"0.99.39","tcga_pan_cancer","classification","opls","cpu","float64","argmax","rsvd",100,5,0,1.36,0.00400000000000023,0.02,0,1.38,0.00400000000000023,0.935845213849287,526.69921875,112.26171875,"ordinary_fast",32,5,"fresh_oversampled_sketch_per_component",TRUE,""
"0.99.39","tcga_pan_cancer","classification","opls","cuda","float64","argmax","rsvd",100,5,0,0.626,0.002,0.012,0.00099999999999989,0.638,0.00299999999999989,0.935845213849287,859.625,445.15234375,"ordinary_fast",32,5,"fresh_oversampled_sketch_per_component",TRUE,""
"0.99.39","tcga_pan_cancer","classification","opls","cpu","float64","argmax","rsvd",182,5,0,2.375,0.00800000000000001,0.02,0.00099999999999989,2.395,0.00800000000000001,0.938900203665988,529.23828125,114.74609375,"ordinary_fast",32,5,"fresh_oversampled_sketch_per_component",TRUE,""
"0.99.39","tcga_pan_cancer","classification","opls","cuda","float64","argmax","rsvd",182,5,0,0.896,0.00600000000000012,0.012,0.00100000000000011,0.909,0.005,0.938900203665988,860.92578125,446.5,"ordinary_fast",32,5,"fresh_oversampled_sketch_per_component",TRUE,""
"0.99.39","tcga_pan_cancer","classification","opls","cpu","float64","argmax","rsvd",200,5,0,2.608,0.0100000000000002,0.02,0.00099999999999989,2.628,0.0110000000000001,0.938900203665988,529.4296875,114.984375,"ordinary_fast",32,5,"fresh_oversampled_sketch_per_component",TRUE,""
"0.99.39","tcga_pan_cancer","classification","opls","cuda","float64","argmax","rsvd",200,5,0,0.948,0.00700000000000001,0.0129999999999999,2.22044604925031e-16,0.961,0.00700000000000023,0.938900203665988,862.10546875,447.57421875,"ordinary_fast",32,5,"fresh_oversampled_sketch_per_component",TRUE,""
"0.99.39","tcga_pan_cancer","classification","kernelpls","cpu","float64","argmax","rsvd",1,5,0,0.0750000000000001,0.001,0.018,1.11022302462516e-16,0.0930000000000001,0.00099999999999989,0.208757637474542,490.69140625,76.2578125,"ordinary_fast",32,5,"fresh_oversampled_sketch_per_component",TRUE,""
"0.99.39","tcga_pan_cancer","classification","kernelpls","cuda","float64","argmax","rsvd",1,5,0,0.245,0.00099999999999989,0.0130000000000001,2.22044604925031e-16,0.259,0.00100000000000011,0.208757637474542,840.9609375,426.54296875,"ordinary_fast",32,5,"fresh_oversampled_sketch_per_component",TRUE,""
"0.99.39","tcga_pan_cancer","classification","kernelpls","cpu","float64","argmax","rsvd",2,5,0,0.0870000000000001,0.002,0.0170000000000001,0.00099999999999989,0.104,0.00100000000000022,0.242362525458248,490.26171875,75.80078125,"ordinary_fast",32,5,"fresh_oversampled_sketch_per_component",TRUE,""
"0.99.39","tcga_pan_cancer","classification","kernelpls","cuda","float64","argmax","rsvd",2,5,0,0.252,0.001,0.0089999999999999,2.22044604925031e-16,0.26,0.001,0.242362525458248,842.1015625,427.5234375,"ordinary_fast",32,5,"fresh_oversampled_sketch_per_component",TRUE,""
"0.99.39","tcga_pan_cancer","classification","kernelpls","cpu","float64","argmax","rsvd",5,5,0,0.124,0,0.018,0.00100000000000011,0.142,0.00099999999999989,0.441955193482688,490.3984375,75.8984375,"ordinary_fast",32,5,"fresh_oversampled_sketch_per_component",TRUE,""
"0.99.39","tcga_pan_cancer","classification","kernelpls","cuda","float64","argmax","rsvd",5,5,0,0.262,0.00100000000000011,0.00900000000000012,2.22044604925031e-16,0.271,0.00099999999999989,0.441955193482688,842.328125,427.91796875,"ordinary_fast",32,5,"fresh_oversampled_sketch_per_component",TRUE,""
"0.99.39","tcga_pan_cancer","classification","kernelpls","cpu","float64","argmax","rsvd",10,5,0,0.185,1.11022302462516e-16,0.018,0,0.203,1.11022302462516e-16,0.612016293279022,490.5625,76.0703125,"ordinary_fast",32,5,"fresh_oversampled_sketch_per_component",TRUE,""
"0.99.39","tcga_pan_cancer","classification","kernelpls","cuda","float64","argmax","rsvd",10,5,0,0.277,0.00299999999999989,0.0129999999999999,2.22044604925031e-16,0.29,0.00199999999999978,0.612016293279022,848.87109375,434.36328125,"ordinary_fast",32,5,"fresh_oversampled_sketch_per_component",TRUE,""
"0.99.39","tcga_pan_cancer","classification","kernelpls","cpu","float64","argmax","rsvd",20,5,0,0.311,0.005,0.018,0.002,0.328,0.00700000000000001,0.789205702647658,490.68359375,76.203125,"ordinary_fast",32,5,"fresh_oversampled_sketch_per_component",TRUE,""
"0.99.39","tcga_pan_cancer","classification","kernelpls","cuda","float64","argmax","rsvd",20,5,0,0.315,0.00399999999999989,0.0089999999999999,0,0.324,0.00399999999999989,0.789205702647658,842.3828125,427.828125,"ordinary_fast",32,5,"fresh_oversampled_sketch_per_component",TRUE,""
"0.99.39","tcga_pan_cancer","classification","kernelpls","cpu","float64","argmax","rsvd",32,5,0,0.456,0,0.018,0.00099999999999989,0.474,0.00099999999999989,0.894093686354379,490.4765625,75.921875,"ordinary_fast",32,5,"fresh_oversampled_sketch_per_component",TRUE,""
"0.99.39","tcga_pan_cancer","classification","kernelpls","cuda","float64","argmax","rsvd",32,5,0,0.348,0.00199999999999989,0.0089999999999999,0,0.357,0.00199999999999989,0.894093686354379,842.75,428.31640625,"ordinary_fast",32,5,"fresh_oversampled_sketch_per_component",TRUE,""
"0.99.39","tcga_pan_cancer","classification","kernelpls","cpu","float64","argmax","rsvd",50,5,0,0.678,0.001,0.018,0,0.697,0.00100000000000011,0.911405295315682,492.10546875,77.609375,"ordinary_fast",32,5,"fresh_oversampled_sketch_per_component",TRUE,""
"0.99.39","tcga_pan_cancer","classification","kernelpls","cuda","float64","argmax","rsvd",50,5,0,0.405,0.00300000000000011,0.01,0.00099999999999989,0.415,0.00299999999999989,0.911405295315682,843.328125,428.83984375,"ordinary_fast",32,5,"fresh_oversampled_sketch_per_component",TRUE,""
"0.99.39","tcga_pan_cancer","classification","kernelpls","cpu","float64","argmax","rsvd",100,5,0,1.302,0.004,0.0180000000000002,0,1.32,0.00499999999999989,0.933808553971487,493.1640625,78.60546875,"ordinary_fast",32,5,"fresh_oversampled_sketch_per_component",TRUE,""
"0.99.39","tcga_pan_cancer","classification","kernelpls","cuda","float64","argmax","rsvd",100,5,0,0.567,0.00199999999999989,0.01,0,0.576,0.002,0.933808553971487,844.3359375,429.82421875,"ordinary_fast",32,5,"fresh_oversampled_sketch_per_component",TRUE,""
"0.99.39","tcga_pan_cancer","classification","kernelpls","cpu","float64","argmax","rsvd",185,5,0,2.351,0.00499999999999989,0.0180000000000002,4.44089209850063e-16,2.369,0.00499999999999989,0.940936863543788,495.5703125,81.05078125,"ordinary_fast",32,5,"fresh_oversampled_sketch_per_component",TRUE,""
"0.99.39","tcga_pan_cancer","classification","kernelpls","cuda","float64","argmax","rsvd",185,5,0,0.842,0.00100000000000011,0.0109999999999999,0.00099999999999989,0.853,0.00200000000000022,0.940936863543788,845.97265625,431.49609375,"ordinary_fast",32,5,"fresh_oversampled_sketch_per_component",TRUE,""
"0.99.39","tcga_pan_cancer","classification","kernelpls","cpu","float64","argmax","rsvd",200,5,0,2.537,0.00599999999999978,0.0179999999999998,0,2.555,0.00599999999999978,0.939918533604888,495.94921875,81.4765625,"ordinary_fast",32,5,"fresh_oversampled_sketch_per_component",TRUE,""
"0.99.39","tcga_pan_cancer","classification","kernelpls","cuda","float64","argmax","rsvd",200,5,0,0.89,0.001,0.01,0,0.9,0.001,0.939918533604888,846.2890625,431.87109375,"ordinary_fast",32,5,"fresh_oversampled_sketch_per_component",TRUE,""
