"package_version","dataset","task_type","method","backend_requested","precision","classifier","svd_method","ncomp","n_ok","n_failed","median_fit_sec","iqr_fit_sec","median_prediction_sec","iqr_prediction_sec","median_total_sec","iqr_total_sec","median_metric","median_peak_rss_mb","median_incremental_rss_mb","control_profile","oversample","power","direction_rule","fresh_start","errors"
"0.99.39","cbmc_citeseq","regression","plssvd","cpu","float64","argmax","rsvd",1,5,0,0.102,0.00800000000000012,0.005,0.001,0.107,0.00800000000000012,1484.73183922094,354.46875,66.921875,"not_applicable",32,5,"NA",NA,""
"0.99.39","cbmc_citeseq","regression","plssvd","metal","float64","argmax","rsvd",1,5,0,0.205,0.003,0.0149999999999999,0.001,0.219,0.003,1484.73183898532,472.375,185.859375,"not_applicable",32,5,"NA",NA,""
"0.99.39","cbmc_citeseq","regression","plssvd","cpu","float64","argmax","rsvd",2,5,0,0.105,0.00399999999999989,0.005,0.001,0.109,0.004,1204.05930120707,355.4375,66.78125,"not_applicable",32,5,"NA",NA,""
"0.99.39","cbmc_citeseq","regression","plssvd","metal","float64","argmax","rsvd",2,5,0,0.207,0.006,0.0139999999999999,0.002,0.222,0.00500000000000023,1204.05936892198,454.34375,167.171875,"not_applicable",32,5,"NA",NA,""
"0.99.39","cbmc_citeseq","regression","plssvd","cpu","float64","argmax","rsvd",5,5,0,0.114,0.002,0.005,0,0.119,0.002,1092.52684370828,356.21875,66.84375,"not_applicable",32,5,"NA",NA,""
"0.99.39","cbmc_citeseq","regression","plssvd","metal","float64","argmax","rsvd",5,5,0,0.216,0.01,0.0170000000000001,0.00300000000000011,0.233,0.0069999999999999,1092.52727754255,471.640625,186,"not_applicable",32,5,"NA",NA,""
"0.99.39","cbmc_citeseq","regression","plssvd","cpu","float64","argmax","rsvd",10,5,0,0.125,0.00599999999999989,0.005,0.001,0.13,0.0069999999999999,1096.50042330597,352.78125,66.84375,"not_applicable",32,5,"NA",NA,""
"0.99.39","cbmc_citeseq","regression","plssvd","metal","float64","argmax","rsvd",10,5,0,0.208,0.015,0.014,0.001,0.222,0.0150000000000001,1096.50040684303,473.375,186.15625,"not_applicable",32,5,"NA",NA,""
"0.99.39","cbmc_citeseq","regression","simpls","cpu","float64","argmax","rsvd",1,5,0,0.067,0.0079999999999999,0.005,0,0.073,0.0079999999999999,1484.73183922094,413.609375,125.6875,"ordinary_fast",32,5,"fresh_oversampled_sketch_per_component",TRUE,""
"0.99.39","cbmc_citeseq","regression","simpls","metal","float64","argmax","rsvd",1,5,0,0.232,0.0129999999999999,0.0129999999999999,0.002,0.246,0.00599999999999989,1484.73183892948,471.515625,185.640625,"ordinary_fast",32,5,"fresh_oversampled_sketch_per_component",TRUE,""
"0.99.39","cbmc_citeseq","regression","simpls","cpu","float64","argmax","rsvd",2,5,0,0.0690000000000001,0.004,0.005,0.001,0.0740000000000001,0.003,1480.64923754435,411.203125,125.671875,"ordinary_fast",32,5,"fresh_oversampled_sketch_per_component",TRUE,""
"0.99.39","cbmc_citeseq","regression","simpls","metal","float64","argmax","rsvd",2,5,0,0.275,0.0270000000000001,0.014,0.006,0.289,0.04,1480.64923711883,473.296875,185.53125,"ordinary_fast",32,5,"fresh_oversampled_sketch_per_component",TRUE,""
"0.99.39","cbmc_citeseq","regression","simpls","cpu","float64","argmax","rsvd",5,5,0,0.0960000000000001,0.004,0.005,0.001,0.101,0.00399999999999989,1114.67303488022,407.515625,123.0625,"ordinary_fast",32,5,"fresh_oversampled_sketch_per_component",TRUE,""
"0.99.39","cbmc_citeseq","regression","simpls","metal","float64","argmax","rsvd",5,5,0,0.364,0.00700000000000001,0.016,0.00099999999999989,0.38,0.004,1114.67307055034,448.703125,155.234375,"ordinary_fast",32,5,"fresh_oversampled_sketch_per_component",TRUE,""
"0.99.39","cbmc_citeseq","regression","simpls","cpu","float64","argmax","rsvd",10,5,0,0.116,0.00300000000000011,0.005,0.001,0.12,0.00300000000000011,1091.41081609295,415.15625,125.78125,"ordinary_fast",32,5,"fresh_oversampled_sketch_per_component",TRUE,""
"0.99.39","cbmc_citeseq","regression","simpls","metal","float64","argmax","rsvd",10,5,0,0.512,0.015,0.0149999999999999,0.002,0.526,0.013,1091.41087300196,469.25,186.046875,"ordinary_fast",32,5,"fresh_oversampled_sketch_per_component",TRUE,""
"0.99.39","cbmc_citeseq","regression","simpls","cpu","float64","argmax","rsvd",20,5,0,0.186,0.00400000000000011,0.005,0,0.19,0.004,1099.9607116667,410.65625,125.84375,"ordinary_fast",32,5,"fresh_oversampled_sketch_per_component",TRUE,""
"0.99.39","cbmc_citeseq","regression","simpls","metal","float64","argmax","rsvd",20,5,0,0.809,0.024,0.0130000000000001,0.00199999999999978,0.826,0.0250000000000004,1099.96058388926,479.046875,192.171875,"ordinary_fast",32,5,"fresh_oversampled_sketch_per_component",TRUE,""
"0.99.39","cbmc_citeseq","regression","simpls","cpu","float64","argmax","rsvd",49,5,0,0.356,0.0069999999999999,0.004,0,0.36,0.0069999999999999,1050.86326616619,410.8125,125.890625,"ordinary_fast",32,5,"fresh_oversampled_sketch_per_component",TRUE,""
"0.99.39","cbmc_citeseq","regression","simpls","metal","float64","argmax","rsvd",49,5,0,1.683,0.063,0.0150000000000001,0.00300000000000011,1.702,0.0660000000000001,1050.86303425771,513.640625,226.359375,"ordinary_fast",32,5,"fresh_oversampled_sketch_per_component",TRUE,""
"0.99.39","cbmc_citeseq","regression","simpls","cpu","float64","argmax","rsvd",50,5,0,0.371,0.011,0.00499999999999989,0.00100000000000011,0.375,0.0109999999999998,1052.0989214988,406.96875,125.671875,"ordinary_fast",32,5,"fresh_oversampled_sketch_per_component",TRUE,""
"0.99.39","cbmc_citeseq","regression","simpls","metal","float64","argmax","rsvd",50,5,0,1.721,0.0779999999999996,0.0140000000000002,0.00099999999999989,1.735,0.0759999999999998,1052.09890280572,477.96875,186.21875,"ordinary_fast",32,5,"fresh_oversampled_sketch_per_component",TRUE,""
"0.99.39","cbmc_citeseq","regression","opls","cpu","float64","argmax","rsvd",1,5,0,0.196,0.0099999999999999,0.00800000000000001,0.002,0.203,0.0110000000000001,1480.8070048676,465.96875,178.296875,"ordinary_fast",32,5,"fresh_oversampled_sketch_per_component",TRUE,""
"0.99.39","cbmc_citeseq","regression","opls","metal","float64","argmax","rsvd",1,5,0,0.376,0.0099999999999999,0.028,0.00599999999999978,0.407,0.0139999999999999,1480.80700610744,478.140625,192.765625,"ordinary_fast",32,5,"fresh_oversampled_sketch_per_component",TRUE,""
"0.99.39","cbmc_citeseq","regression","opls","cpu","float64","argmax","rsvd",2,5,0,0.193,0.006,0.00700000000000001,0,0.2,0.00700000000000001,1146.2822099557,479.890625,191.65625,"ordinary_fast",32,5,"fresh_oversampled_sketch_per_component",TRUE,""
"0.99.39","cbmc_citeseq","regression","opls","metal","float64","argmax","rsvd",2,5,0,0.391,0.0130000000000001,0.0269999999999999,0.00200000000000022,0.417,0.0110000000000002,1146.28210554096,479.375,193.21875,"ordinary_fast",32,5,"fresh_oversampled_sketch_per_component",TRUE,""
"0.99.39","cbmc_citeseq","regression","opls","cpu","float64","argmax","rsvd",5,5,0,0.205,0.002,0.00700000000000001,0.001,0.211,0.003,1110.73064115455,480.640625,191.828125,"ordinary_fast",32,5,"fresh_oversampled_sketch_per_component",TRUE,""
"0.99.39","cbmc_citeseq","regression","opls","metal","float64","argmax","rsvd",5,5,0,0.49,0.019,0.0270000000000001,0.004,0.513,0.0149999999999999,1110.73057990601,477.390625,193.34375,"ordinary_fast",32,5,"fresh_oversampled_sketch_per_component",TRUE,""
"0.99.39","cbmc_citeseq","regression","opls","cpu","float64","argmax","rsvd",10,5,0,0.234,0.001,0.00700000000000001,0,0.24,0.001,1085.39022184952,477.296875,191.71875,"ordinary_fast",32,5,"fresh_oversampled_sketch_per_component",TRUE,""
"0.99.39","cbmc_citeseq","regression","opls","metal","float64","argmax","rsvd",10,5,0,0.646,0.0189999999999999,0.0299999999999998,0.006,0.674,0.0239999999999999,1085.39036167794,482.640625,197.28125,"ordinary_fast",32,5,"fresh_oversampled_sketch_per_component",TRUE,""
"0.99.39","cbmc_citeseq","regression","opls","cpu","float64","argmax","rsvd",20,5,0,0.299,0.004,0.0069999999999999,0.00099999999999989,0.305,0.00300000000000011,1094.04583578893,479.25,191.8125,"ordinary_fast",32,5,"fresh_oversampled_sketch_per_component",TRUE,""
"0.99.39","cbmc_citeseq","regression","opls","metal","float64","argmax","rsvd",20,5,0,0.938,0.023,0.0269999999999999,0.00099999999999989,0.964,0.0240000000000001,1094.04573310273,485.296875,199.359375,"ordinary_fast",32,5,"fresh_oversampled_sketch_per_component",TRUE,""
"0.99.39","cbmc_citeseq","regression","opls","cpu","float64","argmax","rsvd",48,5,0,0.471,0.0189999999999998,0.00700000000000012,0.00100000000000011,0.477,0.0199999999999997,1051.00988214629,476.421875,192.234375,"ordinary_fast",32,5,"fresh_oversampled_sketch_per_component",TRUE,""
"0.99.39","cbmc_citeseq","regression","opls","metal","float64","argmax","rsvd",48,5,0,1.734,0.0470000000000002,0.0270000000000001,0.00099999999999989,1.761,0.0460000000000003,1051.01003222134,512.25,222.9375,"ordinary_fast",32,5,"fresh_oversampled_sketch_per_component",TRUE,""
"0.99.39","cbmc_citeseq","regression","opls","cpu","float64","argmax","rsvd",50,5,0,0.485,0.00100000000000011,0.0069999999999999,0.00100000000000011,0.491,0.00200000000000011,1051.84354851596,479.09375,192.21875,"ordinary_fast",32,5,"fresh_oversampled_sketch_per_component",TRUE,""
"0.99.39","cbmc_citeseq","regression","opls","metal","float64","argmax","rsvd",50,5,0,1.888,0.0409999999999997,0.0270000000000001,0.00099999999999989,1.915,0.0349999999999995,1051.84365636287,494.71875,200.625,"ordinary_fast",32,5,"fresh_oversampled_sketch_per_component",TRUE,""
"0.99.39","cbmc_citeseq","regression","kernelpls","cpu","float64","argmax","rsvd",1,5,0,0.0599999999999999,0.014,0.005,0,0.065,0.0140000000000001,1484.73183922094,411.859375,125.765625,"ordinary_fast",32,5,"fresh_oversampled_sketch_per_component",TRUE,""
"0.99.39","cbmc_citeseq","regression","kernelpls","metal","float64","argmax","rsvd",1,5,0,0.237,0.00900000000000001,0.012,0.001,0.249,0.005,1484.73183892948,471.953125,185.734375,"ordinary_fast",32,5,"fresh_oversampled_sketch_per_component",TRUE,""
"0.99.39","cbmc_citeseq","regression","kernelpls","cpu","float64","argmax","rsvd",2,5,0,0.068,0.00800000000000001,0.005,0.001,0.073,0.00700000000000001,1480.64923754435,414.15625,125.796875,"ordinary_fast",32,5,"fresh_oversampled_sketch_per_component",TRUE,""
"0.99.39","cbmc_citeseq","regression","kernelpls","metal","float64","argmax","rsvd",2,5,0,0.28,0.032,0.016,0.002,0.296,0.034,1480.64923711883,444.25,184.90625,"ordinary_fast",32,5,"fresh_oversampled_sketch_per_component",TRUE,""
"0.99.39","cbmc_citeseq","regression","kernelpls","cpu","float64","argmax","rsvd",5,5,0,0.092,0.006,0.005,1.11022302462516e-16,0.0959999999999999,0.00599999999999989,1114.67303488022,413.359375,125.9375,"ordinary_fast",32,5,"fresh_oversampled_sketch_per_component",TRUE,""
"0.99.39","cbmc_citeseq","regression","kernelpls","metal","float64","argmax","rsvd",5,5,0,0.355,0.0259999999999999,0.012,0.00099999999999989,0.368,0.0269999999999998,1114.67307055034,474.6875,186.09375,"ordinary_fast",32,5,"fresh_oversampled_sketch_per_component",TRUE,""
"0.99.39","cbmc_citeseq","regression","kernelpls","cpu","float64","argmax","rsvd",10,5,0,0.118,0.006,0.005,0.001,0.123,0.005,1091.41081609295,414.703125,125.703125,"ordinary_fast",32,5,"fresh_oversampled_sketch_per_component",TRUE,""
"0.99.39","cbmc_citeseq","regression","kernelpls","metal","float64","argmax","rsvd",10,5,0,0.476,0.0089999999999999,0.0149999999999999,0.002,0.489,0.0089999999999999,1091.41087300196,473.53125,186.640625,"ordinary_fast",32,5,"fresh_oversampled_sketch_per_component",TRUE,""
"0.99.39","cbmc_citeseq","regression","kernelpls","cpu","float64","argmax","rsvd",20,5,0,0.181,0.004,0.00499999999999989,0.001,0.185,0.003,1099.9607116667,412.34375,125.765625,"ordinary_fast",32,5,"fresh_oversampled_sketch_per_component",TRUE,""
"0.99.39","cbmc_citeseq","regression","kernelpls","metal","float64","argmax","rsvd",20,5,0,0.801,0.0599999999999999,0.0149999999999999,0.00400000000000023,0.814,0.0560000000000002,1099.96058388926,477.671875,192.109375,"ordinary_fast",32,5,"fresh_oversampled_sketch_per_component",TRUE,""
"0.99.39","cbmc_citeseq","regression","kernelpls","cpu","float64","argmax","rsvd",49,5,0,0.36,0.002,0.00500000000000012,0,0.365,0.002,1050.86326616619,413.375,125.96875,"ordinary_fast",32,5,"fresh_oversampled_sketch_per_component",TRUE,""
"0.99.39","cbmc_citeseq","regression","kernelpls","metal","float64","argmax","rsvd",49,5,0,1.664,0.0559999999999998,0.0149999999999997,0.00200000000000022,1.679,0.0539999999999996,1050.86303425771,511.28125,224.25,"ordinary_fast",32,5,"fresh_oversampled_sketch_per_component",TRUE,""
"0.99.39","cbmc_citeseq","regression","kernelpls","cpu","float64","argmax","rsvd",50,5,0,0.362,0.00299999999999989,0.00499999999999989,0.00100000000000011,0.366,0.00299999999999978,1052.0989214988,414.5625,125.71875,"ordinary_fast",32,5,"fresh_oversampled_sketch_per_component",TRUE,""
"0.99.39","cbmc_citeseq","regression","kernelpls","metal","float64","argmax","rsvd",50,5,0,1.645,0.0700000000000001,0.0130000000000003,0.00100000000000033,1.658,0.071,1052.09890280572,512.078125,227.9375,"ordinary_fast",32,5,"fresh_oversampled_sketch_per_component",TRUE,""
"0.99.39","ccle","classification","plssvd","cpu","float64","argmax","rsvd",1,5,0,0.015,0,0.002,0,0.017,0,0.267605633802817,230.421875,5.375,"not_applicable",32,5,"NA",NA,""
"0.99.39","ccle","classification","plssvd","metal","float64","argmax","rsvd",1,5,0,0.0650000000000001,0.003,0.00499999999999989,0.00499999999999989,0.0720000000000001,0.00700000000000001,0.267605633802817,248.515625,20.890625,"not_applicable",32,5,"NA",NA,""
"0.99.39","ccle","classification","plssvd","cpu","float64","argmax","rsvd",2,5,0,0.015,0,0.002,0,0.017,0.001,0.338028169014085,231.125,5.28125,"not_applicable",32,5,"NA",NA,""
"0.99.39","ccle","classification","plssvd","metal","float64","argmax","rsvd",2,5,0,0.0650000000000001,0.002,0.006,0.003,0.0710000000000001,0.002,0.338028169014085,244.9375,21.328125,"not_applicable",32,5,"NA",NA,""
"0.99.39","ccle","classification","plssvd","cpu","float64","argmax","rsvd",5,5,0,0.016,0,0.002,0,0.018,0,0.436619718309859,230.359375,5.28125,"not_applicable",32,5,"NA",NA,""
"0.99.39","ccle","classification","plssvd","metal","float64","argmax","rsvd",5,5,0,0.0660000000000001,0.002,0.006,1.11022302462516e-16,0.0710000000000001,0.00199999999999989,0.436619718309859,242.3125,16.65625,"not_applicable",32,5,"NA",NA,""
"0.99.39","ccle","classification","plssvd","cpu","float64","argmax","rsvd",10,5,0,0.017,0,0.002,0,0.019,0,0.619718309859155,229.046875,5.25,"not_applicable",32,5,"NA",NA,""
"0.99.39","ccle","classification","plssvd","metal","float64","argmax","rsvd",10,5,0,0.0680000000000001,0.005,0.00800000000000001,1.11022302462516e-16,0.074,0.00500000000000012,0.619718309859155,245.984375,20.546875,"not_applicable",32,5,"NA",NA,""
"0.99.39","ccle","classification","plssvd","cpu","float64","argmax","rsvd",17,5,0,0.018,0,0.002,0,0.02,0,0.647887323943662,231.171875,5.3125,"not_applicable",32,5,"NA",NA,""
"0.99.39","ccle","classification","plssvd","metal","float64","argmax","rsvd",17,5,0,0.062,0.005,0.00599999999999989,0,0.068,0.00199999999999989,0.647887323943662,247.265625,20.9375,"not_applicable",32,5,"NA",NA,""
"0.99.39","ccle","classification","plssvd","cpu","float64","argmax","rsvd",18,5,0,0.018,0,0.002,0,0.02,0,0.647887323943662,232.53125,5.265625,"not_applicable",32,5,"NA",NA,""
"0.99.39","ccle","classification","plssvd","metal","float64","argmax","rsvd",18,5,0,0.063,0.005,0.00900000000000001,0.00300000000000011,0.071,0.00700000000000012,0.647887323943662,243.78125,20.859375,"not_applicable",32,5,"NA",NA,""
"0.99.39","ccle","classification","simpls","cpu","float64","argmax","rsvd",1,5,0,0.015,0.001,0.002,0,0.017,0.001,0.267605633802817,234.75,9.15625,"ordinary_fast",32,5,"fresh_oversampled_sketch_per_component",TRUE,""
"0.99.39","ccle","classification","simpls","metal","float64","argmax","rsvd",1,5,0,0.0710000000000001,0.001,0.006,0.002,0.0780000000000001,0.001,0.267605633802817,249.234375,21,"ordinary_fast",32,5,"fresh_oversampled_sketch_per_component",TRUE,""
"0.99.39","ccle","classification","simpls","cpu","float64","argmax","rsvd",2,5,0,0.02,0,0.002,0,0.022,0,0.338028169014085,237.28125,5.046875,"ordinary_fast",32,5,"fresh_oversampled_sketch_per_component",TRUE,""
"0.99.39","ccle","classification","simpls","metal","float64","argmax","rsvd",2,5,0,0.0820000000000001,0.011,0.004,0.003,0.0860000000000001,0.0140000000000001,0.338028169014085,244.328125,17.21875,"ordinary_fast",32,5,"fresh_oversampled_sketch_per_component",TRUE,""
"0.99.39","ccle","classification","simpls","cpu","float64","argmax","rsvd",5,5,0,0.037,0.001,0.002,0,0.039,0.001,0.422535211267606,232.890625,9.15625,"ordinary_fast",32,5,"fresh_oversampled_sketch_per_component",TRUE,""
"0.99.39","ccle","classification","simpls","metal","float64","argmax","rsvd",5,5,0,0.0910000000000001,0.004,0.004,0.003,0.0950000000000001,0.00700000000000001,0.422535211267606,247.546875,20.75,"ordinary_fast",32,5,"fresh_oversampled_sketch_per_component",TRUE,""
"0.99.39","ccle","classification","simpls","cpu","float64","argmax","rsvd",10,5,0,0.0640000000000001,0.001,0.002,1.11022302462516e-16,0.0660000000000001,0,0.507042253521127,235.78125,9.265625,"ordinary_fast",32,5,"fresh_oversampled_sketch_per_component",TRUE,""
"0.99.39","ccle","classification","simpls","metal","float64","argmax","rsvd",10,5,0,0.125,0.002,0.006,0.004,0.132,0.004,0.507042253521127,248.234375,22.328125,"ordinary_fast",32,5,"fresh_oversampled_sketch_per_component",TRUE,""
"0.99.39","ccle","classification","simpls","cpu","float64","argmax","rsvd",18,5,0,0.108,0,0.002,0,0.11,0,0.647887323943662,233.171875,6.15625,"ordinary_fast",32,5,"fresh_oversampled_sketch_per_component",TRUE,""
"0.99.39","ccle","classification","simpls","metal","float64","argmax","rsvd",18,5,0,0.169,0.001,0.004,0.001,0.173,0.003,0.647887323943662,254.84375,28.421875,"ordinary_fast",32,5,"fresh_oversampled_sketch_per_component",TRUE,""
"0.99.39","ccle","classification","simpls","cpu","float64","argmax","rsvd",26,5,0,0.153,0,0.002,0,0.155,0.001,0.71830985915493,236.578125,9.609375,"ordinary_fast",32,5,"fresh_oversampled_sketch_per_component",TRUE,""
"0.99.39","ccle","classification","simpls","metal","float64","argmax","rsvd",26,5,0,0.229,0.00399999999999989,0.004,0,0.235,0.00399999999999989,0.71830985915493,259.125,33.046875,"ordinary_fast",32,5,"fresh_oversampled_sketch_per_component",TRUE,""
"0.99.39","ccle","classification","simpls","cpu","float64","argmax","rsvd",50,5,0,0.286,0,0.002,0,0.288,0,0.732394366197183,236.390625,9.234375,"ordinary_fast",32,5,"fresh_oversampled_sketch_per_component",TRUE,""
"0.99.39","ccle","classification","simpls","metal","float64","argmax","rsvd",50,5,0,0.413,0.00900000000000001,0.00500000000000012,2.22044604925031e-16,0.418,0.013,0.732394366197183,269.171875,39.875,"ordinary_fast",32,5,"fresh_oversampled_sketch_per_component",TRUE,""
"0.99.39","ccle","classification","simpls","cpu","float64","argmax","rsvd",100,5,0,0.567,1.11022302462516e-16,0.002,0.00100000000000011,0.57,0.001,0.71830985915493,234.484375,9.515625,"ordinary_fast",32,5,"fresh_oversampled_sketch_per_component",TRUE,""
"0.99.39","ccle","classification","simpls","metal","float64","argmax","rsvd",100,5,0,0.842,0.0599999999999998,0.006,0.002,0.848,0.0629999999999997,0.71830985915493,277.03125,50.984375,"ordinary_fast",32,5,"fresh_oversampled_sketch_per_component",TRUE,""
"0.99.39","ccle","classification","opls","cpu","float64","argmax","rsvd",1,5,0,0.028,0,0.002,0,0.03,0.00099999999999989,0.323943661971831,241.34375,13.78125,"ordinary_fast",32,5,"fresh_oversampled_sketch_per_component",TRUE,""
"0.99.39","ccle","classification","opls","metal","float64","argmax","rsvd",1,5,0,0.13,0.003,0.011,0.004,0.144,0.004,0.323943661971831,249.953125,21.265625,"ordinary_fast",32,5,"fresh_oversampled_sketch_per_component",TRUE,""
"0.99.39","ccle","classification","opls","cpu","float64","argmax","rsvd",2,5,0,0.033,0,0.002,0,0.035,0.001,0.380281690140845,242.6875,13.796875,"ordinary_fast",32,5,"fresh_oversampled_sketch_per_component",TRUE,""
"0.99.39","ccle","classification","opls","metal","float64","argmax","rsvd",2,5,0,0.136,0.005,0.00900000000000001,0.004,0.141,0.00900000000000001,0.380281690140845,247.03125,21.90625,"ordinary_fast",32,5,"fresh_oversampled_sketch_per_component",TRUE,""
"0.99.39","ccle","classification","opls","cpu","float64","argmax","rsvd",5,5,0,0.051,0.001,0.002,0,0.053,0.001,0.450704225352113,243.15625,13.5625,"ordinary_fast",32,5,"fresh_oversampled_sketch_per_component",TRUE,""
"0.99.39","ccle","classification","opls","metal","float64","argmax","rsvd",5,5,0,0.176,0.012,0.00700000000000001,0.002,0.183,0.0149999999999999,0.450704225352113,248.171875,19.34375,"ordinary_fast",32,5,"fresh_oversampled_sketch_per_component",TRUE,""
"0.99.39","ccle","classification","opls","cpu","float64","argmax","rsvd",10,5,0,0.0780000000000001,0.001,0.002,0,0.0800000000000001,0.002,0.52112676056338,240.671875,10.828125,"ordinary_fast",32,5,"fresh_oversampled_sketch_per_component",TRUE,""
"0.99.39","ccle","classification","opls","metal","float64","argmax","rsvd",10,5,0,0.197,0.021,0.00700000000000001,0.001,0.204,0.024,0.52112676056338,247.875,22.375,"ordinary_fast",32,5,"fresh_oversampled_sketch_per_component",TRUE,""
"0.99.39","ccle","classification","opls","cpu","float64","argmax","rsvd",18,5,0,0.121,0.001,0.002,0,0.123,0.001,0.605633802816901,240.234375,9.5,"ordinary_fast",32,5,"fresh_oversampled_sketch_per_component",TRUE,""
"0.99.39","ccle","classification","opls","metal","float64","argmax","rsvd",18,5,0,0.246,0.12,0.00900000000000001,0.001,0.255,0.122,0.605633802816901,249.109375,22.640625,"ordinary_fast",32,5,"fresh_oversampled_sketch_per_component",TRUE,""
"0.99.39","ccle","classification","opls","cpu","float64","argmax","rsvd",25,5,0,0.161,0.001,0.002,0.001,0.164,0.001,0.676056338028169,239.859375,13.703125,"ordinary_fast",32,5,"fresh_oversampled_sketch_per_component",TRUE,""
"0.99.39","ccle","classification","opls","metal","float64","argmax","rsvd",25,5,0,0.278,0.012,0.005,0.004,0.283,0.019,0.676056338028169,259.5,35.3125,"ordinary_fast",32,5,"fresh_oversampled_sketch_per_component",TRUE,""
"0.99.39","ccle","classification","opls","cpu","float64","argmax","rsvd",50,5,0,0.3,0,0.003,0.001,0.302,0.001,0.71830985915493,240.484375,14.03125,"ordinary_fast",32,5,"fresh_oversampled_sketch_per_component",TRUE,""
"0.99.39","ccle","classification","opls","metal","float64","argmax","rsvd",50,5,0,0.433,0.048,0.00700000000000012,0.00099999999999989,0.438,0.0430000000000001,0.71830985915493,264.828125,41.28125,"ordinary_fast",32,5,"fresh_oversampled_sketch_per_component",TRUE,""
"0.99.39","ccle","classification","opls","cpu","float64","argmax","rsvd",100,5,0,0.582,0.003,0.002,0,0.584,0.003,0.704225352112676,243.40625,16.015625,"ordinary_fast",32,5,"fresh_oversampled_sketch_per_component",TRUE,""
"0.99.39","ccle","classification","opls","metal","float64","argmax","rsvd",100,5,0,0.875,0.032,0.00500000000000012,0.00100000000000011,0.881,0.03,0.704225352112676,277.453125,48.09375,"ordinary_fast",32,5,"fresh_oversampled_sketch_per_component",TRUE,""
"0.99.39","ccle","classification","kernelpls","cpu","float64","argmax","rsvd",1,5,0,0.016,0,0.002,0,0.018,0,0.267605633802817,232.765625,5.640625,"ordinary_fast",32,5,"fresh_oversampled_sketch_per_component",TRUE,""
"0.99.39","ccle","classification","kernelpls","metal","float64","argmax","rsvd",1,5,0,0.0680000000000001,0.001,0.00700000000000001,0.002,0.0740000000000001,0.001,0.267605633802817,245.265625,21.03125,"ordinary_fast",32,5,"fresh_oversampled_sketch_per_component",TRUE,""
"0.99.39","ccle","classification","kernelpls","cpu","float64","argmax","rsvd",2,5,0,0.021,0,0.002,0,0.023,0.001,0.338028169014085,231.40625,5.703125,"ordinary_fast",32,5,"fresh_oversampled_sketch_per_component",TRUE,""
"0.99.39","ccle","classification","kernelpls","metal","float64","argmax","rsvd",2,5,0,0.0770000000000001,0.00800000000000001,0.006,0.004,0.0800000000000001,0.00700000000000001,0.338028169014085,248.78125,21.265625,"ordinary_fast",32,5,"fresh_oversampled_sketch_per_component",TRUE,""
"0.99.39","ccle","classification","kernelpls","cpu","float64","argmax","rsvd",5,5,0,0.039,0.002,0.002,0,0.041,0.002,0.422535211267606,234.125,9.15625,"ordinary_fast",32,5,"fresh_oversampled_sketch_per_component",TRUE,""
"0.99.39","ccle","classification","kernelpls","metal","float64","argmax","rsvd",5,5,0,0.096,0.015,0.006,0.003,0.103,0.018,0.422535211267606,250.765625,21.25,"ordinary_fast",32,5,"fresh_oversampled_sketch_per_component",TRUE,""
"0.99.39","ccle","classification","kernelpls","cpu","float64","argmax","rsvd",10,5,0,0.0660000000000001,0,0.002,0,0.0680000000000001,0.001,0.507042253521127,238.859375,9.265625,"ordinary_fast",32,5,"fresh_oversampled_sketch_per_component",TRUE,""
"0.99.39","ccle","classification","kernelpls","metal","float64","argmax","rsvd",10,5,0,0.123,0.005,0.004,0.001,0.127,0.00700000000000001,0.507042253521127,248.59375,22.859375,"ordinary_fast",32,5,"fresh_oversampled_sketch_per_component",TRUE,""
"0.99.39","ccle","classification","kernelpls","cpu","float64","argmax","rsvd",18,5,0,0.11,0,0.002,0.001,0.112,0.001,0.647887323943662,236.890625,9.359375,"ordinary_fast",32,5,"fresh_oversampled_sketch_per_component",TRUE,""
"0.99.39","ccle","classification","kernelpls","metal","float64","argmax","rsvd",18,5,0,0.174,0.003,0.00599999999999989,0.002,0.18,0.003,0.647887323943662,252.375,25.46875,"ordinary_fast",32,5,"fresh_oversampled_sketch_per_component",TRUE,""
"0.99.39","ccle","classification","kernelpls","cpu","float64","argmax","rsvd",26,5,0,0.154,0.002,0.002,0,0.156,0.002,0.71830985915493,235.546875,9.15625,"ordinary_fast",32,5,"fresh_oversampled_sketch_per_component",TRUE,""
"0.99.39","ccle","classification","kernelpls","metal","float64","argmax","rsvd",26,5,0,0.226,0.005,0.004,0.002,0.232,0.004,0.71830985915493,259.375,31.953125,"ordinary_fast",32,5,"fresh_oversampled_sketch_per_component",TRUE,""
"0.99.39","ccle","classification","kernelpls","cpu","float64","argmax","rsvd",50,5,0,0.288,0.001,0.002,0.001,0.29,0.002,0.732394366197183,235.328125,6.875,"ordinary_fast",32,5,"fresh_oversampled_sketch_per_component",TRUE,""
"0.99.39","ccle","classification","kernelpls","metal","float64","argmax","rsvd",50,5,0,0.419,0.014,0.00700000000000012,0.00300000000000011,0.426,0.0180000000000002,0.732394366197183,266.359375,41.796875,"ordinary_fast",32,5,"fresh_oversampled_sketch_per_component",TRUE,""
"0.99.39","ccle","classification","kernelpls","cpu","float64","argmax","rsvd",100,5,0,0.568,0.001,0.002,0,0.57,0.001,0.71830985915493,234.78125,9.34375,"ordinary_fast",32,5,"fresh_oversampled_sketch_per_component",TRUE,""
"0.99.39","ccle","classification","kernelpls","metal","float64","argmax","rsvd",100,5,0,0.79,0.133,0.00499999999999989,0.002,0.794,0.135,0.71830985915493,276.0625,48.578125,"ordinary_fast",32,5,"fresh_oversampled_sketch_per_component",TRUE,""
"0.99.39","cifar100","classification","plssvd","cpu","float64","argmax","rsvd",1,5,0,4.43,0.0359999999999996,0.271,0.00799999999999912,4.701,0.0360000000000005,0.0199,797.484375,216.140625,"not_applicable",32,5,"NA",NA,""
"0.99.39","cifar100","classification","plssvd","metal","float64","argmax","rsvd",1,5,0,1.224,0.147,0.195,0.00700000000000012,1.419,0.154,0.0199,1288.671875,717.4375,"not_applicable",32,5,"NA",NA,""
"0.99.39","cifar100","classification","plssvd","cpu","float64","argmax","rsvd",2,5,0,4.365,0.0890000000000004,0.268,0.00699999999999967,4.649,0.0990000000000002,0.0426,944.890625,369.578125,"not_applicable",32,5,"NA",NA,""
"0.99.39","cifar100","classification","plssvd","metal","float64","argmax","rsvd",2,5,0,1.151,0.00700000000000012,0.198,0.00300000000000011,1.354,0.00900000000000034,0.0426,1280.125,705.984375,"not_applicable",32,5,"NA",NA,""
"0.99.39","cifar100","classification","plssvd","cpu","float64","argmax","rsvd",5,5,0,4.488,0.0289999999999999,0.273,0.00199999999999978,4.763,0.0289999999999999,0.109,899.953125,369.46875,"not_applicable",32,5,"NA",NA,""
"0.99.39","cifar100","classification","plssvd","metal","float64","argmax","rsvd",5,5,0,1.169,0.0330000000000001,0.188,0.0089999999999999,1.361,0.0279999999999998,0.1089,1222.46875,646.078125,"not_applicable",32,5,"NA",NA,""
"0.99.39","cifar100","classification","plssvd","cpu","float64","argmax","rsvd",10,5,0,4.403,0.00800000000000001,0.268,0.00199999999999978,4.669,0.00899999999999945,0.2655,954.328125,374.4375,"not_applicable",32,5,"NA",NA,""
"0.99.39","cifar100","classification","plssvd","metal","float64","argmax","rsvd",10,5,0,1.206,0.0310000000000001,0.193,0.00199999999999978,1.398,0.0300000000000002,0.2653,1308.484375,733.859375,"not_applicable",32,5,"NA",NA,""
"0.99.39","cifar100","classification","plssvd","cpu","float64","argmax","rsvd",20,5,0,4.592,0.0510000000000002,0.271,0.00400000000000045,4.861,0.0599999999999996,0.4117,944.234375,369.5,"not_applicable",32,5,"NA",NA,""
"0.99.39","cifar100","classification","plssvd","metal","float64","argmax","rsvd",20,5,0,1.222,0.193,0.2,0.0179999999999998,1.416,0.221,0.4118,1302.828125,732.03125,"not_applicable",32,5,"NA",NA,""
"0.99.39","cifar100","classification","plssvd","cpu","float64","argmax","rsvd",50,5,0,5.026,0.0290000000000008,0.271999999999999,0.00899999999999945,5.33,0.0389999999999997,0.7082,941.21875,369.4375,"not_applicable",32,5,"NA",NA,""
"0.99.39","cifar100","classification","plssvd","metal","float64","argmax","rsvd",50,5,0,1.258,0.122,0.205,0,1.463,0.138,0.7082,1289.4375,714.359375,"not_applicable",32,5,"NA",NA,""
"0.99.39","cifar100","classification","plssvd","cpu","float64","argmax","rsvd",99,5,0,5.753,0.093,0.268999999999999,0.00299999999999923,6.021,0.0950000000000006,0.874,956.765625,384.0625,"not_applicable",32,5,"NA",NA,""
"0.99.39","cifar100","classification","plssvd","metal","float64","argmax","rsvd",99,5,0,1.22,0.0380000000000003,0.201,0.00299999999999967,1.421,0.0350000000000006,0.874,1342.265625,764.703125,"not_applicable",32,5,"NA",NA,""
"0.99.39","cifar100","classification","plssvd","cpu","float64","argmax","rsvd",100,5,0,5.673,0.127000000000001,0.269,0.00699999999999967,5.94,0.133000000000001,0.874,1058.34375,483.59375,"not_applicable",32,5,"NA",NA,""
"0.99.39","cifar100","classification","plssvd","metal","float64","argmax","rsvd",100,5,0,1.196,0.079,0.212,0.0139999999999998,1.425,0.0829999999999997,0.874,1331.171875,754.625,"not_applicable",32,5,"NA",NA,""
"0.99.39","cifar100","classification","simpls","cpu","float64","argmax","rsvd",1,5,0,1.574,0.0870000000000002,0.271,0.00200000000000022,1.845,0.0890000000000004,0.0199,1202.390625,630.03125,"ordinary_fast",32,5,"fresh_oversampled_sketch_per_component",TRUE,""
"0.99.39","cifar100","classification","simpls","metal","float64","argmax","rsvd",1,5,0,1.235,0.046,0.195,0.0110000000000001,1.427,0.0669999999999997,0.0199,1343.359375,773.453125,"ordinary_fast",32,5,"fresh_oversampled_sketch_per_component",TRUE,""
"0.99.39","cifar100","classification","simpls","cpu","float64","argmax","rsvd",2,5,0,1.554,0.0890000000000002,0.27,0.00200000000000022,1.832,0.0910000000000004,0.0426,1275.0625,700.625,"ordinary_fast",32,5,"fresh_oversampled_sketch_per_component",TRUE,""
"0.99.39","cifar100","classification","simpls","metal","float64","argmax","rsvd",2,5,0,1.371,0.0410000000000004,0.2,0.0109999999999997,1.564,0.0449999999999999,0.0426,1331.78125,758.640625,"ordinary_fast",32,5,"fresh_oversampled_sketch_per_component",TRUE,""
"0.99.39","cifar100","classification","simpls","cpu","float64","argmax","rsvd",5,5,0,1.818,0.0239999999999998,0.272,0.00100000000000033,2.088,0.0209999999999999,0.1092,1158.921875,583.09375,"ordinary_fast",32,5,"fresh_oversampled_sketch_per_component",TRUE,""
"0.99.39","cifar100","classification","simpls","metal","float64","argmax","rsvd",5,5,0,1.793,0.0479999999999996,0.192,0.00799999999999956,1.98,0.060999999999999,0.1092,1330.015625,755.09375,"ordinary_fast",32,5,"fresh_oversampled_sketch_per_component",TRUE,""
"0.99.39","cifar100","classification","simpls","cpu","float64","argmax","rsvd",10,5,0,1.9,0.102,0.268,0.00599999999999978,2.209,0.107000000000001,0.2652,1272.5,700.640625,"ordinary_fast",32,5,"fresh_oversampled_sketch_per_component",TRUE,""
"0.99.39","cifar100","classification","simpls","metal","float64","argmax","rsvd",10,5,0,2.408,0.0910000000000002,0.189,0.0109999999999997,2.582,0.0960000000000001,0.2652,1285.015625,707.390625,"ordinary_fast",32,5,"fresh_oversampled_sketch_per_component",TRUE,""
"0.99.39","cifar100","classification","simpls","cpu","float64","argmax","rsvd",20,5,0,2.336,0.104,0.267,0.00499999999999989,2.603,0.109,0.4115,1273.828125,701.40625,"ordinary_fast",32,5,"fresh_oversampled_sketch_per_component",TRUE,""
"0.99.39","cifar100","classification","simpls","metal","float64","argmax","rsvd",20,5,0,3.773,0.16,0.194,0.00800000000000001,3.976,0.168,0.4117,1333.296875,759.9375,"ordinary_fast",32,5,"fresh_oversampled_sketch_per_component",TRUE,""
"0.99.39","cifar100","classification","simpls","cpu","float64","argmax","rsvd",50,5,0,4.089,0.0460000000000003,0.276,0.00400000000000045,4.358,0.0509999999999993,0.7078,1014.765625,443.546875,"ordinary_fast",32,5,"fresh_oversampled_sketch_per_component",TRUE,""
"0.99.39","cifar100","classification","simpls","metal","float64","argmax","rsvd",50,5,0,7.705,0.279999999999999,0.192,0.00199999999999889,7.899,0.281999999999998,0.7077,1302.34375,833.203125,"ordinary_fast",32,5,"fresh_oversampled_sketch_per_component",TRUE,""
"0.99.39","cifar100","classification","simpls","cpu","float64","argmax","rsvd",100,5,0,6.502,0.0209999999999999,0.269,0.000999999999999446,6.772,0.0209999999999999,0.8739,1273.25,701.03125,"ordinary_fast",32,5,"fresh_oversampled_sketch_per_component",TRUE,""
"0.99.39","cifar100","classification","simpls","metal","float64","argmax","rsvd",100,5,0,14.327,0.462,0.210000000000001,0.00799999999999912,14.524,0.471000000000002,0.8739,1398.015625,827.40625,"ordinary_fast",32,5,"fresh_oversampled_sketch_per_component",TRUE,""
"0.99.39","cifar100","classification","simpls","cpu","float64","argmax","rsvd",200,5,0,11.685,0.107999999999999,0.273999999999999,0.00400000000000134,11.956,0.113999999999999,0.888,1171.09375,599.453125,"ordinary_fast",32,5,"fresh_oversampled_sketch_per_component",TRUE,""
"0.99.39","cifar100","classification","simpls","metal","float64","argmax","rsvd",200,5,0,27.093,0.972999999999999,0.225999999999999,0.00900000000000034,27.332,0.977999999999998,0.8879,1319.546875,750.6875,"ordinary_fast",32,5,"fresh_oversampled_sketch_per_component",TRUE,""
"0.99.39","cifar100","classification","simpls","cpu","float64","argmax","rsvd",263,5,0,15.144,0.116,0.272000000000002,3.5527136788005e-15,15.416,0.117000000000001,0.8911,1080.0625,496.96875,"ordinary_fast",32,5,"fresh_oversampled_sketch_per_component",TRUE,""
"0.99.39","cifar100","classification","simpls","metal","float64","argmax","rsvd",263,5,0,35.524,0.170000000000002,0.227000000000004,0.00499999999999545,35.751,0.165000000000006,0.8912,1390.84375,811.8125,"ordinary_fast",32,5,"fresh_oversampled_sketch_per_component",TRUE,""
"0.99.39","cifar100","classification","simpls","cpu","float64","argmax","rsvd",300,5,0,17.003,0.117999999999999,0.271999999999998,0.00300000000000011,17.286,0.111999999999998,0.8908,1049.171875,474.734375,"ordinary_fast",32,5,"fresh_oversampled_sketch_per_component",TRUE,""
"0.99.39","cifar100","classification","simpls","metal","float64","argmax","rsvd",300,5,0,40.406,0.347999999999992,0.241,0.0159999999999982,40.646,0.332999999999991,0.8908,1383.734375,815.0625,"ordinary_fast",32,5,"fresh_oversampled_sketch_per_component",TRUE,""
"0.99.39","cifar100","classification","opls","cpu","float64","argmax","rsvd",1,5,0,6.124,0.102999999999999,0.291,0.003000000000001,6.412,0.104999999999999,0.02,1196.5,622.03125,"ordinary_fast",32,5,"fresh_oversampled_sketch_per_component",TRUE,""
"0.99.39","cifar100","classification","opls","metal","float64","argmax","rsvd",1,5,0,1.81,0.032,0.367,0.0229999999999997,2.197,0.0370000000000004,0.02,1376.609375,804.78125,"ordinary_fast",32,5,"fresh_oversampled_sketch_per_component",TRUE,""
"0.99.39","cifar100","classification","opls","cpu","float64","argmax","rsvd",2,5,0,6.228,0.129,0.293,0.00400000000000045,6.517,0.127999999999999,0.0444,1233.390625,658.765625,"ordinary_fast",32,5,"fresh_oversampled_sketch_per_component",TRUE,""
"0.99.39","cifar100","classification","opls","metal","float64","argmax","rsvd",2,5,0,1.881,0.048,0.385,0.0350000000000001,2.262,0.0570000000000004,0.0444,1407.390625,833.375,"ordinary_fast",32,5,"fresh_oversampled_sketch_per_component",TRUE,""
"0.99.39","cifar100","classification","opls","cpu","float64","argmax","rsvd",5,5,0,6.272,0.0339999999999998,0.287999999999999,0.00200000000000067,6.56,0.0370000000000008,0.0983,1288.984375,712.15625,"ordinary_fast",32,5,"fresh_oversampled_sketch_per_component",TRUE,""
"0.99.39","cifar100","classification","opls","metal","float64","argmax","rsvd",5,5,0,2.33,0.0880000000000001,0.364,0.00199999999999978,2.679,0.089,0.0982,1371.71875,803.125,"ordinary_fast",32,5,"fresh_oversampled_sketch_per_component",TRUE,""
"0.99.39","cifar100","classification","opls","cpu","float64","argmax","rsvd",10,5,0,6.673,0.177,0.289,0.00399999999999956,6.965,0.172,0.2665,1098.34375,527.296875,"ordinary_fast",32,5,"fresh_oversampled_sketch_per_component",TRUE,""
"0.99.39","cifar100","classification","opls","metal","float64","argmax","rsvd",10,5,0,2.99,0.102,0.377,0.019000000000001,3.376,0.112,0.2665,1394.78125,821.703125,"ordinary_fast",32,5,"fresh_oversampled_sketch_per_component",TRUE,""
"0.99.39","cifar100","classification","opls","cpu","float64","argmax","rsvd",20,5,0,7.054,0.0380000000000003,0.288,0.00199999999999978,7.342,0.04,0.4253,1358.40625,787.6875,"ordinary_fast",32,5,"fresh_oversampled_sketch_per_component",TRUE,""
"0.99.39","cifar100","classification","opls","metal","float64","argmax","rsvd",20,5,0,4.289,0.0620000000000003,0.366,0.0220000000000002,4.683,0.0140000000000002,0.4259,1345.09375,769.765625,"ordinary_fast",32,5,"fresh_oversampled_sketch_per_component",TRUE,""
"0.99.39","cifar100","classification","opls","cpu","float64","argmax","rsvd",50,5,0,8.725,0.226999999999999,0.291,0.000999999999999446,9.016,0.212999999999997,0.7056,1255.90625,684.0625,"ordinary_fast",32,5,"fresh_oversampled_sketch_per_component",TRUE,""
"0.99.39","cifar100","classification","opls","metal","float64","argmax","rsvd",50,5,0,8.318,0.0739999999999998,0.352,0.027000000000001,8.674,0.177000000000001,0.7051,1413.828125,840.984375,"ordinary_fast",32,5,"fresh_oversampled_sketch_per_component",TRUE,""
"0.99.39","cifar100","classification","opls","cpu","float64","argmax","rsvd",100,5,0,11.454,0.0800000000000018,0.294,0.00399999999999956,11.747,0.0730000000000022,0.8751,1109.734375,539.734375,"ordinary_fast",32,5,"fresh_oversampled_sketch_per_component",TRUE,""
"0.99.39","cifar100","classification","opls","metal","float64","argmax","rsvd",100,5,0,14.658,0.154999999999999,0.369999999999999,0.00999999999999979,15.028,0.157000000000002,0.8751,1415.59375,842.046875,"ordinary_fast",32,5,"fresh_oversampled_sketch_per_component",TRUE,""
"0.99.39","cifar100","classification","opls","cpu","float64","argmax","rsvd",200,5,0,16.487,0.141000000000002,0.292999999999999,0.00400000000000134,16.779,0.148,0.8877,1136.234375,559.203125,"ordinary_fast",32,5,"fresh_oversampled_sketch_per_component",TRUE,""
"0.99.39","cifar100","classification","opls","metal","float64","argmax","rsvd",200,5,0,27.706,0.531000000000002,0.407,0.0189999999999984,28.106,0.518000000000004,0.8877,1405.734375,833.03125,"ordinary_fast",32,5,"fresh_oversampled_sketch_per_component",TRUE,""
"0.99.39","cifar100","classification","opls","cpu","float64","argmax","rsvd",286,5,0,20.962,0.380000000000003,0.292000000000002,0.00199999999999889,21.254,0.378000000000004,0.8908,1155.484375,581.09375,"ordinary_fast",32,5,"fresh_oversampled_sketch_per_component",TRUE,""
"0.99.39","cifar100","classification","opls","metal","float64","argmax","rsvd",286,5,0,39.008,0.728000000000002,0.421999999999997,0.0210000000000079,39.43,0.753,0.8908,1333.96875,755.96875,"ordinary_fast",32,5,"fresh_oversampled_sketch_per_component",TRUE,""
"0.99.39","cifar100","classification","opls","cpu","float64","argmax","rsvd",300,5,0,21.692,0.0909999999999975,0.292000000000002,0.00399999999999778,21.986,0.0960000000000001,0.8903,1072.9375,498.296875,"ordinary_fast",32,5,"fresh_oversampled_sketch_per_component",TRUE,""
"0.99.39","cifar100","classification","opls","metal","float64","argmax","rsvd",300,5,0,40.966,0.204999999999998,0.433999999999997,0.00799999999999557,41.4,0.227999999999994,0.8903,1475.90625,904.375,"ordinary_fast",32,5,"fresh_oversampled_sketch_per_component",TRUE,""
"0.99.39","cifar100","classification","kernelpls","cpu","float64","argmax","rsvd",1,5,0,1.574,0.022,0.269,0.00100000000000033,1.85,0.0179999999999993,0.0199,1204.640625,628.609375,"ordinary_fast",32,5,"fresh_oversampled_sketch_per_component",TRUE,""
"0.99.39","cifar100","classification","kernelpls","metal","float64","argmax","rsvd",1,5,0,1.208,0.106,0.194,0.00499999999999989,1.402,0.111,0.0199,1416.34375,842.296875,"ordinary_fast",32,5,"fresh_oversampled_sketch_per_component",TRUE,""
"0.99.39","cifar100","classification","kernelpls","cpu","float64","argmax","rsvd",2,5,0,1.496,0.208,0.268,0.00300000000000011,1.761,0.203,0.0426,1274.921875,700.625,"ordinary_fast",32,5,"fresh_oversampled_sketch_per_component",TRUE,""
"0.99.39","cifar100","classification","kernelpls","metal","float64","argmax","rsvd",2,5,0,1.356,0.0859999999999999,0.196,0.00899999999999945,1.56,0.0959999999999996,0.0426,1378.171875,806.4375,"ordinary_fast",32,5,"fresh_oversampled_sketch_per_component",TRUE,""
"0.99.39","cifar100","classification","kernelpls","cpu","float64","argmax","rsvd",5,5,0,1.789,0.0579999999999998,0.272,0.00499999999999989,2.069,0.0629999999999997,0.1092,1180.296875,606.6875,"ordinary_fast",32,5,"fresh_oversampled_sketch_per_component",TRUE,""
"0.99.39","cifar100","classification","kernelpls","metal","float64","argmax","rsvd",5,5,0,1.792,0.0450000000000002,0.194,0.00299999999999967,1.986,0.0479999999999998,0.1092,1328.203125,752.421875,"ordinary_fast",32,5,"fresh_oversampled_sketch_per_component",TRUE,""
"0.99.39","cifar100","classification","kernelpls","cpu","float64","argmax","rsvd",10,5,0,1.834,0.124,0.266,0.00299999999999967,2.1,0.127999999999999,0.2652,1276.359375,701.09375,"ordinary_fast",32,5,"fresh_oversampled_sketch_per_component",TRUE,""
"0.99.39","cifar100","classification","kernelpls","metal","float64","argmax","rsvd",10,5,0,2.462,0.0669999999999997,0.19,0.004,2.657,0.0719999999999996,0.2652,1440.3125,868.546875,"ordinary_fast",32,5,"fresh_oversampled_sketch_per_component",TRUE,""
"0.99.39","cifar100","classification","kernelpls","cpu","float64","argmax","rsvd",20,5,0,2.527,0.146,0.27,0.00299999999999967,2.798,0.144,0.4115,1226.515625,654.53125,"ordinary_fast",32,5,"fresh_oversampled_sketch_per_component",TRUE,""
"0.99.39","cifar100","classification","kernelpls","metal","float64","argmax","rsvd",20,5,0,3.651,0.180000000000001,0.204,0.00899999999999945,3.849,0.189,0.4117,1416.1875,843.84375,"ordinary_fast",32,5,"fresh_oversampled_sketch_per_component",TRUE,""
"0.99.39","cifar100","classification","kernelpls","cpu","float64","argmax","rsvd",50,5,0,4.071,0.0230000000000006,0.27,0.00100000000000122,4.339,0.0219999999999994,0.7078,1269.75,696.03125,"ordinary_fast",32,5,"fresh_oversampled_sketch_per_component",TRUE,""
"0.99.39","cifar100","classification","kernelpls","metal","float64","argmax","rsvd",50,5,0,7.561,0.167000000000001,0.202,0.00799999999999912,7.759,0.153000000000001,0.7077,1332.125,754.90625,"ordinary_fast",32,5,"fresh_oversampled_sketch_per_component",TRUE,""
"0.99.39","cifar100","classification","kernelpls","cpu","float64","argmax","rsvd",100,5,0,6.732,0.334999999999999,0.269,0.003000000000001,7.001,0.339,0.8739,1049.203125,479.546875,"ordinary_fast",32,5,"fresh_oversampled_sketch_per_component",TRUE,""
"0.99.39","cifar100","classification","kernelpls","metal","float64","argmax","rsvd",100,5,0,14.145,0.257,0.206,0.0109999999999992,14.34,0.239000000000001,0.8739,1267.875,690.609375,"ordinary_fast",32,5,"fresh_oversampled_sketch_per_component",TRUE,""
"0.99.39","cifar100","classification","kernelpls","cpu","float64","argmax","rsvd",200,5,0,12.1,0.0299999999999994,0.282,0.004999999999999,12.377,0.020999999999999,0.888,1127.09375,555.078125,"ordinary_fast",32,5,"fresh_oversampled_sketch_per_component",TRUE,""
"0.99.39","cifar100","classification","kernelpls","metal","float64","argmax","rsvd",200,5,0,26.99,0.267000000000003,0.226000000000003,0.000999999999997669,27.217,0.254000000000005,0.8879,1353.375,777.875,"ordinary_fast",32,5,"fresh_oversampled_sketch_per_component",TRUE,""
"0.99.39","cifar100","classification","kernelpls","cpu","float64","argmax","rsvd",263,5,0,15.137,0.0700000000000003,0.273,0.00300000000000011,15.412,0.0700000000000003,0.8911,1067.78125,494.28125,"ordinary_fast",32,5,"fresh_oversampled_sketch_per_component",TRUE,""
"0.99.39","cifar100","classification","kernelpls","metal","float64","argmax","rsvd",263,5,0,36.121,0.895999999999994,0.234999999999999,0.0149999999999935,36.359,0.865999999999993,0.8912,1366.65625,856.5625,"ordinary_fast",32,5,"fresh_oversampled_sketch_per_component",TRUE,""
"0.99.39","cifar100","classification","kernelpls","cpu","float64","argmax","rsvd",300,5,0,18.032,4.455,0.283999999999999,0.0229999999999997,18.316,4.482,0.8908,1045.640625,649.984375,"ordinary_fast",32,5,"fresh_oversampled_sketch_per_component",TRUE,""
"0.99.39","cifar100","classification","kernelpls","metal","float64","argmax","rsvd",300,5,0,39.519,1.469,0.242999999999995,0.0200000000000031,39.762,1.574,0.8908,1486.515625,1090.96875,"ordinary_fast",32,5,"fresh_oversampled_sketch_per_component",TRUE,""
"0.99.39","gtex_v8","classification","plssvd","cpu","float64","argmax","rsvd",1,5,0,0.113,0.001,0.01,0.001,0.123,0.002,0.248431618569636,282.90625,30.1875,"not_applicable",32,5,"NA",NA,""
"0.99.39","gtex_v8","classification","plssvd","metal","float64","argmax","rsvd",1,5,0,0.137,0.004,0.016,0.004,0.153,0.003,0.248431618569636,335.671875,83.53125,"not_applicable",32,5,"NA",NA,""
"0.99.39","gtex_v8","classification","plssvd","cpu","float64","argmax","rsvd",2,5,0,0.116,1.11022302462516e-16,0.011,0,0.127,0.001,0.302383939774153,283.875,30.359375,"not_applicable",32,5,"NA",NA,""
"0.99.39","gtex_v8","classification","plssvd","metal","float64","argmax","rsvd",2,5,0,0.135,0.003,0.015,0.002,0.15,0.004,0.302383939774153,332.09375,82.40625,"not_applicable",32,5,"NA",NA,""
"0.99.39","gtex_v8","classification","plssvd","cpu","float64","argmax","rsvd",5,5,0,0.117,0.001,0.011,0.001,0.128,0.002,0.454203262233375,281.828125,30.203125,"not_applicable",32,5,"NA",NA,""
"0.99.39","gtex_v8","classification","plssvd","metal","float64","argmax","rsvd",5,5,0,0.136,0.002,0.013,0.002,0.149,0.002,0.454203262233375,334.65625,82.484375,"not_applicable",32,5,"NA",NA,""
"0.99.39","gtex_v8","classification","plssvd","cpu","float64","argmax","rsvd",10,5,0,0.122,0.001,0.011,0,0.133,0.002,0.72396486825596,282.015625,30.234375,"not_applicable",32,5,"NA",NA,""
"0.99.39","gtex_v8","classification","plssvd","metal","float64","argmax","rsvd",10,5,0,0.137,0.001,0.015,0.001,0.152,0.002,0.72396486825596,333.71875,82.640625,"not_applicable",32,5,"NA",NA,""
"0.99.39","gtex_v8","classification","plssvd","cpu","float64","argmax","rsvd",20,5,0,0.133,0.006,0.011,0,0.144,0.006,0.892095357590966,280.71875,30.21875,"not_applicable",32,5,"NA",NA,""
"0.99.39","gtex_v8","classification","plssvd","metal","float64","argmax","rsvd",20,5,0,0.149,0.00700000000000001,0.016,0.002,0.164,0.006,0.892095357590966,334.421875,83.6875,"not_applicable",32,5,"NA",NA,""
"0.99.39","gtex_v8","classification","plssvd","cpu","float64","argmax","rsvd",30,5,0,0.141,0.001,0.011,0,0.152,0.001,0.941028858218319,283.421875,31.25,"not_applicable",32,5,"NA",NA,""
"0.99.39","gtex_v8","classification","plssvd","metal","float64","argmax","rsvd",30,5,0,0.143,0.011,0.016,0.001,0.157,0.00900000000000001,0.941028858218319,336.390625,82.515625,"not_applicable",32,5,"NA",NA,""
"0.99.39","gtex_v8","classification","plssvd","cpu","float64","argmax","rsvd",32,5,0,0.142,0,0.011,0.001,0.153,0.001,0.941028858218319,282.125,30.984375,"not_applicable",32,5,"NA",NA,""
"0.99.39","gtex_v8","classification","plssvd","metal","float64","argmax","rsvd",32,5,0,0.136,0.002,0.015,0,0.152,0.002,0.941028858218319,333.1875,82.28125,"not_applicable",32,5,"NA",NA,""
"0.99.39","gtex_v8","classification","simpls","cpu","float64","argmax","rsvd",1,5,0,0.061,0.002,0.011,1.11022302462516e-16,0.0720000000000001,0.00200000000000011,0.248431618569636,304.9375,54.484375,"ordinary_fast",32,5,"fresh_oversampled_sketch_per_component",TRUE,""
"0.99.39","gtex_v8","classification","simpls","metal","float64","argmax","rsvd",1,5,0,0.145,0.002,0.013,0,0.159,0.003,0.248431618569636,334.5625,82.5625,"ordinary_fast",32,5,"fresh_oversampled_sketch_per_component",TRUE,""
"0.99.39","gtex_v8","classification","simpls","cpu","float64","argmax","rsvd",2,5,0,0.0810000000000001,0.002,0.011,0.001,0.0920000000000001,0.002,0.302383939774153,305.015625,53.203125,"ordinary_fast",32,5,"fresh_oversampled_sketch_per_component",TRUE,""
"0.99.39","gtex_v8","classification","simpls","metal","float64","argmax","rsvd",2,5,0,0.17,0.01,0.014,0.002,0.184,0.011,0.302383939774153,333.96875,82.828125,"ordinary_fast",32,5,"fresh_oversampled_sketch_per_component",TRUE,""
"0.99.39","gtex_v8","classification","simpls","cpu","float64","argmax","rsvd",5,5,0,0.134,0,0.011,0.001,0.144,0.001,0.456712672521957,302.890625,53.578125,"ordinary_fast",32,5,"fresh_oversampled_sketch_per_component",TRUE,""
"0.99.39","gtex_v8","classification","simpls","metal","float64","argmax","rsvd",5,5,0,0.206,0.006,0.015,0.001,0.219,0.005,0.456712672521957,335.828125,82.546875,"ordinary_fast",32,5,"fresh_oversampled_sketch_per_component",TRUE,""
"0.99.39","gtex_v8","classification","simpls","cpu","float64","argmax","rsvd",10,5,0,0.225,0.002,0.011,0.001,0.237,0.002,0.731493099121706,302.015625,52.828125,"ordinary_fast",32,5,"fresh_oversampled_sketch_per_component",TRUE,""
"0.99.39","gtex_v8","classification","simpls","metal","float64","argmax","rsvd",10,5,0,0.287,0.005,0.018,0.002,0.309,0.00900000000000001,0.731493099121706,340.09375,89.1875,"ordinary_fast",32,5,"fresh_oversampled_sketch_per_component",TRUE,""
"0.99.39","gtex_v8","classification","simpls","cpu","float64","argmax","rsvd",20,5,0,0.409,0.0069999999999999,0.0110000000000001,0,0.42,0.0069999999999999,0.875784190715182,302.953125,52.75,"ordinary_fast",32,5,"fresh_oversampled_sketch_per_component",TRUE,""
"0.99.39","gtex_v8","classification","simpls","metal","float64","argmax","rsvd",20,5,0,0.435,0.002,0.0169999999999999,0.002,0.451,0.00299999999999978,0.875784190715182,343.4375,92.53125,"ordinary_fast",32,5,"fresh_oversampled_sketch_per_component",TRUE,""
"0.99.39","gtex_v8","classification","simpls","cpu","float64","argmax","rsvd",32,5,0,0.641,0.002,0.0110000000000001,2.22044604925031e-16,0.652,0.00299999999999989,0.93099121706399,306.859375,53.78125,"ordinary_fast",32,5,"fresh_oversampled_sketch_per_component",TRUE,""
"0.99.39","gtex_v8","classification","simpls","metal","float64","argmax","rsvd",32,5,0,0.611,0.015,0.0159999999999998,0.002,0.626,0.0179999999999999,0.93099121706399,348.453125,94.953125,"ordinary_fast",32,5,"fresh_oversampled_sketch_per_component",TRUE,""
"0.99.39","gtex_v8","classification","simpls","cpu","float64","argmax","rsvd",50,5,0,0.977,0.006,0.016,0.00799999999999979,0.993,0.0139999999999998,0.957340025094103,298.90625,46.9375,"ordinary_fast",32,5,"fresh_oversampled_sketch_per_component",TRUE,""
"0.99.39","gtex_v8","classification","simpls","metal","float64","argmax","rsvd",50,5,0,1.048,0.0470000000000002,0.0180000000000002,0.0089999999999999,1.066,0.0490000000000004,0.957340025094103,298.546875,91.75,"ordinary_fast",32,5,"fresh_oversampled_sketch_per_component",TRUE,""
"0.99.39","gtex_v8","classification","simpls","cpu","float64","argmax","rsvd",100,5,0,1.903,0.00500000000000012,0.012,0.00099999999999989,1.917,0.00400000000000045,0.962358845671267,299.5625,49.46875,"ordinary_fast",32,5,"fresh_oversampled_sketch_per_component",TRUE,""
"0.99.39","gtex_v8","classification","simpls","metal","float64","argmax","rsvd",100,5,0,1.611,0.0410000000000004,0.0169999999999999,0.004,1.626,0.0430000000000001,0.962358845671267,366.171875,119.046875,"ordinary_fast",32,5,"fresh_oversampled_sketch_per_component",TRUE,""
"0.99.39","gtex_v8","classification","simpls","cpu","float64","argmax","rsvd",190,5,0,3.577,0.0130000000000003,0.0119999999999996,0.000999999999999446,3.589,0.012,0.963613550815558,307.359375,55.171875,"ordinary_fast",32,5,"fresh_oversampled_sketch_per_component",TRUE,""
"0.99.39","gtex_v8","classification","simpls","metal","float64","argmax","rsvd",190,5,0,3.056,0.048,0.0169999999999999,0.00100000000000033,3.073,0.0500000000000007,0.963613550815558,376.609375,128.96875,"ordinary_fast",32,5,"fresh_oversampled_sketch_per_component",TRUE,""
"0.99.39","gtex_v8","classification","simpls","cpu","float64","argmax","rsvd",200,5,0,3.68,0.00300000000000011,0.0109999999999992,8.88178419700125e-16,3.69,0.003000000000001,0.962358845671267,305.9375,57.34375,"ordinary_fast",32,5,"fresh_oversampled_sketch_per_component",TRUE,""
"0.99.39","gtex_v8","classification","simpls","metal","float64","argmax","rsvd",200,5,0,3.198,0.0839999999999996,0.0180000000000002,0.00299999999999967,3.217,0.0819999999999999,0.962358845671267,387.078125,134.640625,"ordinary_fast",32,5,"fresh_oversampled_sketch_per_component",TRUE,""
"0.99.39","gtex_v8","classification","opls","cpu","float64","argmax","rsvd",1,5,0,0.178,0.001,0.012,0.001,0.192,0.002,0.248431618569636,337.328125,81.984375,"ordinary_fast",32,5,"fresh_oversampled_sketch_per_component",TRUE,""
"0.99.39","gtex_v8","classification","opls","metal","float64","argmax","rsvd",1,5,0,0.229,0.001,0.026,0,0.255,0.00700000000000001,0.248431618569636,367.40625,116.078125,"ordinary_fast",32,5,"fresh_oversampled_sketch_per_component",TRUE,""
"0.99.39","gtex_v8","classification","opls","cpu","float64","argmax","rsvd",2,5,0,0.196,0.001,0.0129999999999999,0.001,0.209,0.002,0.324968632371393,336.421875,83.390625,"ordinary_fast",32,5,"fresh_oversampled_sketch_per_component",TRUE,""
"0.99.39","gtex_v8","classification","opls","metal","float64","argmax","rsvd",2,5,0,0.25,0.0149999999999999,0.024,0.002,0.273,0.0149999999999999,0.324968632371393,369.203125,115.96875,"ordinary_fast",32,5,"fresh_oversampled_sketch_per_component",TRUE,""
"0.99.39","gtex_v8","classification","opls","cpu","float64","argmax","rsvd",5,5,0,0.251,0.001,0.012,0,0.264,0.001,0.508155583437892,332,83.125,"ordinary_fast",32,5,"fresh_oversampled_sketch_per_component",TRUE,""
"0.99.39","gtex_v8","classification","opls","metal","float64","argmax","rsvd",5,5,0,0.29,0.003,0.027,0.00599999999999989,0.318,0.005,0.508155583437892,368.3125,118.40625,"ordinary_fast",32,5,"fresh_oversampled_sketch_per_component",TRUE,""
"0.99.39","gtex_v8","classification","opls","cpu","float64","argmax","rsvd",10,5,0,0.344,0.0149999999999999,0.013,0.002,0.356,0.0159999999999999,0.737766624843162,337.296875,83.078125,"ordinary_fast",32,5,"fresh_oversampled_sketch_per_component",TRUE,""
"0.99.39","gtex_v8","classification","opls","metal","float64","argmax","rsvd",10,5,0,0.364,0.01,0.024,0.00100000000000033,0.387,0.00999999999999979,0.737766624843162,369.6875,118.984375,"ordinary_fast",32,5,"fresh_oversampled_sketch_per_component",TRUE,""
"0.99.39","gtex_v8","classification","opls","cpu","float64","argmax","rsvd",20,5,0,0.523,0.00199999999999989,0.0129999999999999,0,0.536,0.00200000000000011,0.875784190715182,335.609375,82.1875,"ordinary_fast",32,5,"fresh_oversampled_sketch_per_component",TRUE,""
"0.99.39","gtex_v8","classification","opls","metal","float64","argmax","rsvd",20,5,0,0.509,0.005,0.0259999999999998,0.00100000000000011,0.535,0.00299999999999978,0.875784190715182,376.015625,126.078125,"ordinary_fast",32,5,"fresh_oversampled_sketch_per_component",TRUE,""
"0.99.39","gtex_v8","classification","opls","cpu","float64","argmax","rsvd",32,5,0,0.74,0.002,0.0130000000000001,0.00100000000000011,0.753,0.00100000000000011,0.928481806775408,335.296875,82.1875,"ordinary_fast",32,5,"fresh_oversampled_sketch_per_component",TRUE,""
"0.99.39","gtex_v8","classification","opls","metal","float64","argmax","rsvd",32,5,0,0.699,0.022,0.0290000000000001,0.00300000000000011,0.725,0.022,0.928481806775408,383.578125,129,"ordinary_fast",32,5,"fresh_oversampled_sketch_per_component",TRUE,""
"0.99.39","gtex_v8","classification","opls","cpu","float64","argmax","rsvd",50,5,0,1.069,0.0169999999999999,0.0129999999999999,2.22044604925031e-16,1.082,0.0159999999999998,0.95357590966123,333.90625,82,"ordinary_fast",32,5,"fresh_oversampled_sketch_per_component",TRUE,""
"0.99.39","gtex_v8","classification","opls","metal","float64","argmax","rsvd",50,5,0,0.951,0.0169999999999998,0.026,0.00300000000000011,0.977,0.0179999999999997,0.95357590966123,381.25,128.765625,"ordinary_fast",32,5,"fresh_oversampled_sketch_per_component",TRUE,""
"0.99.39","gtex_v8","classification","opls","cpu","float64","argmax","rsvd",100,5,0,1.977,0.0160000000000002,0.0129999999999999,0.00099999999999989,1.989,0.016,0.959849435382685,333.875,82.59375,"ordinary_fast",32,5,"fresh_oversampled_sketch_per_component",TRUE,""
"0.99.39","gtex_v8","classification","opls","metal","float64","argmax","rsvd",100,5,0,1.724,0.0619999999999998,0.0270000000000001,0.00200000000000022,1.751,0.069,0.959849435382685,382.125,132.8125,"ordinary_fast",32,5,"fresh_oversampled_sketch_per_component",TRUE,""
"0.99.39","gtex_v8","classification","opls","cpu","float64","argmax","rsvd",179,5,0,3.427,0.0800000000000001,0.0120000000000005,0.000999999999999446,3.439,0.0819999999999999,0.961104140526976,329.9375,85.484375,"ordinary_fast",32,5,"fresh_oversampled_sketch_per_component",TRUE,""
"0.99.39","gtex_v8","classification","opls","metal","float64","argmax","rsvd",179,5,0,2.914,0.0509999999999997,0.0310000000000001,0.00300000000000011,2.947,0.0530000000000004,0.961104140526976,371.921875,126.015625,"ordinary_fast",32,5,"fresh_oversampled_sketch_per_component",TRUE,""
"0.99.39","gtex_v8","classification","opls","cpu","float64","argmax","rsvd",200,5,0,3.911,0.15,0.0140000000000002,0,3.925,0.151,0.959849435382685,324.953125,70.234375,"ordinary_fast",32,5,"fresh_oversampled_sketch_per_component",TRUE,""
"0.99.39","gtex_v8","classification","opls","metal","float64","argmax","rsvd",200,5,0,3.233,0.0100000000000007,0.0289999999999999,0.00200000000000022,3.263,0.0120000000000005,0.959849435382685,397.703125,145.8125,"ordinary_fast",32,5,"fresh_oversampled_sketch_per_component",TRUE,""
"0.99.39","gtex_v8","classification","kernelpls","cpu","float64","argmax","rsvd",1,5,0,0.0650000000000001,0.00100000000000011,0.011,0,0.0760000000000001,0.00200000000000011,0.248431618569636,303.484375,53.078125,"ordinary_fast",32,5,"fresh_oversampled_sketch_per_component",TRUE,""
"0.99.39","gtex_v8","classification","kernelpls","metal","float64","argmax","rsvd",1,5,0,0.152,0.006,0.0149999999999999,0.001,0.165,0.00599999999999989,0.248431618569636,334.84375,82.265625,"ordinary_fast",32,5,"fresh_oversampled_sketch_per_component",TRUE,""
"0.99.39","gtex_v8","classification","kernelpls","cpu","float64","argmax","rsvd",2,5,0,0.0800000000000001,0.001,0.011,0,0.0910000000000001,0.001,0.302383939774153,305.6875,52.78125,"ordinary_fast",32,5,"fresh_oversampled_sketch_per_component",TRUE,""
"0.99.39","gtex_v8","classification","kernelpls","metal","float64","argmax","rsvd",2,5,0,0.16,0.005,0.013,0.001,0.173,0.00800000000000001,0.302383939774153,331.609375,82.296875,"ordinary_fast",32,5,"fresh_oversampled_sketch_per_component",TRUE,""
"0.99.39","gtex_v8","classification","kernelpls","cpu","float64","argmax","rsvd",5,5,0,0.134,0.001,0.011,0,0.145,0.001,0.456712672521957,305.265625,53.046875,"ordinary_fast",32,5,"fresh_oversampled_sketch_per_component",TRUE,""
"0.99.39","gtex_v8","classification","kernelpls","metal","float64","argmax","rsvd",5,5,0,0.209,0.003,0.015,0,0.224,0.003,0.456712672521957,336.609375,84.828125,"ordinary_fast",32,5,"fresh_oversampled_sketch_per_component",TRUE,""
"0.99.39","gtex_v8","classification","kernelpls","cpu","float64","argmax","rsvd",10,5,0,0.225,0,0.011,0,0.236,0,0.731493099121706,303.71875,53.515625,"ordinary_fast",32,5,"fresh_oversampled_sketch_per_component",TRUE,""
"0.99.39","gtex_v8","classification","kernelpls","metal","float64","argmax","rsvd",10,5,0,0.281,0.00900000000000001,0.016,0,0.295,0.014,0.731493099121706,338.90625,84.21875,"ordinary_fast",32,5,"fresh_oversampled_sketch_per_component",TRUE,""
"0.99.39","gtex_v8","classification","kernelpls","cpu","float64","argmax","rsvd",20,5,0,0.406,0,0.0109999999999999,2.22044604925031e-16,0.417,0.00100000000000011,0.875784190715182,306,52.8125,"ordinary_fast",32,5,"fresh_oversampled_sketch_per_component",TRUE,""
"0.99.39","gtex_v8","classification","kernelpls","metal","float64","argmax","rsvd",20,5,0,0.428,0.01,0.016,0.00499999999999989,0.447,0.00800000000000001,0.875784190715182,345.984375,94.421875,"ordinary_fast",32,5,"fresh_oversampled_sketch_per_component",TRUE,""
"0.99.39","gtex_v8","classification","kernelpls","cpu","float64","argmax","rsvd",32,5,0,0.625,0.002,0.0109999999999999,2.22044604925031e-16,0.636,0.00200000000000022,0.93099121706399,305.640625,54.28125,"ordinary_fast",32,5,"fresh_oversampled_sketch_per_component",TRUE,""
"0.99.39","gtex_v8","classification","kernelpls","metal","float64","argmax","rsvd",32,5,0,0.602,0.004,0.016,0.002,0.619,0.00500000000000034,0.93099121706399,355.015625,99.8125,"ordinary_fast",32,5,"fresh_oversampled_sketch_per_component",TRUE,""
"0.99.39","gtex_v8","classification","kernelpls","cpu","float64","argmax","rsvd",50,5,0,0.952,0.001,0.0109999999999999,0.00100000000000011,0.962,0.00100000000000022,0.957340025094103,304.3125,52.921875,"ordinary_fast",32,5,"fresh_oversampled_sketch_per_component",TRUE,""
"0.99.39","gtex_v8","classification","kernelpls","metal","float64","argmax","rsvd",50,5,0,0.89,0.052,0.0170000000000001,0.00200000000000022,0.906,0.048,0.957340025094103,355.546875,102.046875,"ordinary_fast",32,5,"fresh_oversampled_sketch_per_component",TRUE,""
"0.99.39","gtex_v8","classification","kernelpls","cpu","float64","argmax","rsvd",100,5,0,1.905,0.006,0.012,0.00099999999999989,1.916,0.00500000000000012,0.962358845671267,304.859375,53.703125,"ordinary_fast",32,5,"fresh_oversampled_sketch_per_component",TRUE,""
"0.99.39","gtex_v8","classification","kernelpls","metal","float64","argmax","rsvd",100,5,0,1.626,0.2,0.0199999999999996,0.00600000000000023,1.654,0.206,0.962358845671267,343.5625,94.328125,"ordinary_fast",32,5,"fresh_oversampled_sketch_per_component",TRUE,""
"0.99.39","gtex_v8","classification","kernelpls","cpu","float64","argmax","rsvd",190,5,0,3.588,0.00799999999999956,0.0120000000000005,8.88178419700125e-16,3.6,0.00800000000000045,0.963613550815558,301.453125,48.96875,"ordinary_fast",32,5,"fresh_oversampled_sketch_per_component",TRUE,""
"0.99.39","gtex_v8","classification","kernelpls","metal","float64","argmax","rsvd",190,5,0,3.059,0.0349999999999997,0.0179999999999998,0.00300000000000011,3.08,0.0339999999999998,0.963613550815558,378.5625,128.578125,"ordinary_fast",32,5,"fresh_oversampled_sketch_per_component",TRUE,""
"0.99.39","gtex_v8","classification","kernelpls","cpu","float64","argmax","rsvd",200,5,0,3.765,0.024,0.0110000000000001,0.00100000000000033,3.776,0.0229999999999997,0.962358845671267,308.40625,56.515625,"ordinary_fast",32,5,"fresh_oversampled_sketch_per_component",TRUE,""
"0.99.39","gtex_v8","classification","kernelpls","metal","float64","argmax","rsvd",200,5,0,3.262,0.0490000000000004,0.02,0.004,3.284,0.0460000000000003,0.962358845671267,380.71875,127.140625,"ordinary_fast",32,5,"fresh_oversampled_sketch_per_component",TRUE,""
"0.99.39","metref","classification","plssvd","cpu","float64","argmax","rsvd",1,5,0,0.011,0.00099999999999989,0.002,0,0.013,0.00099999999999989,0.12,227.15625,3.296875,"not_applicable",32,5,"NA",NA,""
"0.99.39","metref","classification","plssvd","metal","float64","argmax","rsvd",1,5,0,0.064,0.006,0.005,0.001,0.069,0.005,0.12,235.46875,13.546875,"not_applicable",32,5,"NA",NA,""
"0.99.39","metref","classification","plssvd","cpu","float64","argmax","rsvd",2,5,0,0.0109999999999999,0,0.002,0,0.0129999999999999,0,0.13,228.46875,1.4375,"not_applicable",32,5,"NA",NA,""
"0.99.39","metref","classification","plssvd","metal","float64","argmax","rsvd",2,5,0,0.0660000000000001,0.002,0.006,0.003,0.072,0.002,0.13,235.78125,12.53125,"not_applicable",32,5,"NA",NA,""
"0.99.39","metref","classification","plssvd","cpu","float64","argmax","rsvd",5,5,0,0.011,0.00099999999999989,0.002,0,0.013,1.11022302462516e-16,0.41,226.984375,1.78125,"not_applicable",32,5,"NA",NA,""
"0.99.39","metref","classification","plssvd","metal","float64","argmax","rsvd",5,5,0,0.065,0.002,0.00800000000000001,0.002,0.072,0.003,0.41,238.125,10.984375,"not_applicable",32,5,"NA",NA,""
"0.99.39","metref","classification","plssvd","cpu","float64","argmax","rsvd",10,5,0,0.0119999999999999,0,0.002,0,0.0139999999999999,0,0.56,225.09375,2.125,"not_applicable",32,5,"NA",NA,""
"0.99.39","metref","classification","plssvd","metal","float64","argmax","rsvd",10,5,0,0.063,0.00299999999999989,0.006,0.001,0.0700000000000001,0.00300000000000011,0.56,237.96875,10.75,"not_applicable",32,5,"NA",NA,""
"0.99.39","metref","classification","plssvd","cpu","float64","argmax","rsvd",21,5,0,0.0129999999999999,0.001,0.002,0,0.0149999999999999,0.001,0.8,224.34375,1.1875,"not_applicable",32,5,"NA",NA,""
"0.99.39","metref","classification","plssvd","metal","float64","argmax","rsvd",21,5,0,0.0589999999999999,0.0069999999999999,0.00700000000000001,0.001,0.066,0.0069999999999999,0.8,237.59375,13.828125,"not_applicable",32,5,"NA",NA,""
"0.99.39","metref","classification","plssvd","cpu","float64","argmax","rsvd",22,5,0,0.013,0.001,0.002,0,0.015,0.001,0.8,228.28125,1.703125,"not_applicable",32,5,"NA",NA,""
"0.99.39","metref","classification","plssvd","metal","float64","argmax","rsvd",22,5,0,0.062,0.004,0.0079999999999999,0.003,0.072,0.003,0.8,239.6875,14.953125,"not_applicable",32,5,"NA",NA,""
"0.99.39","metref","classification","simpls","cpu","float64","argmax","rsvd",1,5,0,0.0099999999999999,0.00099999999999989,0.002,0,0.0119999999999999,0.00099999999999989,0.12,229.375,5.21875,"ordinary_fast",32,5,"fresh_oversampled_sketch_per_component",TRUE,""
"0.99.39","metref","classification","simpls","metal","float64","argmax","rsvd",1,5,0,0.0720000000000001,0.00300000000000011,0.006,0.002,0.0760000000000001,0.00300000000000011,0.12,237.734375,15.109375,"ordinary_fast",32,5,"fresh_oversampled_sketch_per_component",TRUE,""
"0.99.39","metref","classification","simpls","cpu","float64","argmax","rsvd",2,5,0,0.014,0.001,0.002,0,0.016,0.001,0.13,226.890625,3.390625,"ordinary_fast",32,5,"fresh_oversampled_sketch_per_component",TRUE,""
"0.99.39","metref","classification","simpls","metal","float64","argmax","rsvd",2,5,0,0.0790000000000001,0.00700000000000001,0.004,0.003,0.0830000000000001,0.006,0.13,235.546875,12.4375,"ordinary_fast",32,5,"fresh_oversampled_sketch_per_component",TRUE,""
"0.99.39","metref","classification","simpls","cpu","float64","argmax","rsvd",5,5,0,0.023,0,0.002,0,0.025,0,0.39,227.4375,0.9375,"ordinary_fast",32,5,"fresh_oversampled_sketch_per_component",TRUE,""
"0.99.39","metref","classification","simpls","metal","float64","argmax","rsvd",5,5,0,0.086,0.00599999999999989,0.005,0.001,0.0910000000000001,0.006,0.39,239.796875,14.046875,"ordinary_fast",32,5,"fresh_oversampled_sketch_per_component",TRUE,""
"0.99.39","metref","classification","simpls","cpu","float64","argmax","rsvd",10,5,0,0.036,0.001,0.002,0,0.038,0.001,0.59,228.15625,3.234375,"ordinary_fast",32,5,"fresh_oversampled_sketch_per_component",TRUE,""
"0.99.39","metref","classification","simpls","metal","float64","argmax","rsvd",10,5,0,0.103,0.00800000000000001,0.004,0,0.106,0.00800000000000001,0.59,238.171875,15.171875,"ordinary_fast",32,5,"fresh_oversampled_sketch_per_component",TRUE,""
"0.99.39","metref","classification","simpls","cpu","float64","argmax","rsvd",22,5,0,0.0740000000000001,0.001,0.002,0,0.0760000000000001,0.001,0.77,224.546875,1.140625,"ordinary_fast",32,5,"fresh_oversampled_sketch_per_component",TRUE,""
"0.99.39","metref","classification","simpls","metal","float64","argmax","rsvd",22,5,0,0.191,0.0189999999999999,0.005,0.002,0.196,0.0209999999999999,0.77,213.65625,10.359375,"ordinary_fast",32,5,"fresh_oversampled_sketch_per_component",TRUE,""
"0.99.39","metref","classification","simpls","cpu","float64","argmax","rsvd",50,5,0,0.171,0.0270000000000001,0.002,0.00099999999999989,0.174,0.0270000000000001,0.95,203.015625,5.703125,"ordinary_fast",32,5,"fresh_oversampled_sketch_per_component",TRUE,""
"0.99.39","metref","classification","simpls","metal","float64","argmax","rsvd",50,5,0,0.28,0.011,0.005,0.00200000000000011,0.285,0.012,0.95,257.6875,33.90625,"ordinary_fast",32,5,"fresh_oversampled_sketch_per_component",TRUE,""
"0.99.39","metref","classification","simpls","cpu","float64","argmax","rsvd",100,5,0,0.307,0.003,0.002,0,0.309,0.003,0.98,229.109375,3.734375,"ordinary_fast",32,5,"fresh_oversampled_sketch_per_component",TRUE,""
"0.99.39","metref","classification","simpls","metal","float64","argmax","rsvd",100,5,0,0.518,0.00900000000000001,0.004,0,0.522,0.00900000000000001,0.98,268.21875,48.84375,"ordinary_fast",32,5,"fresh_oversampled_sketch_per_component",TRUE,""
"0.99.39","metref","classification","simpls","cpu","float64","argmax","rsvd",118,5,0,0.358,0.00199999999999989,0.002,0,0.36,0.00199999999999989,0.97,224.0625,1.390625,"ordinary_fast",32,5,"fresh_oversampled_sketch_per_component",TRUE,""
"0.99.39","metref","classification","simpls","metal","float64","argmax","rsvd",118,5,0,0.558,0.0329999999999999,0.00500000000000012,0.002,0.567,0.0319999999999998,0.97,272.359375,50.171875,"ordinary_fast",32,5,"fresh_oversampled_sketch_per_component",TRUE,""
"0.99.39","metref","classification","simpls","cpu","float64","argmax","rsvd",150,5,0,0.456,0.00100000000000011,0.002,0,0.458,0.00100000000000011,0.96,228.875,5.5,"ordinary_fast",32,5,"fresh_oversampled_sketch_per_component",TRUE,""
"0.99.39","metref","classification","simpls","metal","float64","argmax","rsvd",150,5,0,0.683,0.042,0.00299999999999989,0.00100000000000011,0.685,0.0430000000000001,0.96,274.71875,50.65625,"ordinary_fast",32,5,"fresh_oversampled_sketch_per_component",TRUE,""
"0.99.39","metref","classification","opls","cpu","float64","argmax","rsvd",1,5,0,0.019,0.001,0.002,0.001,0.022,0,0.12,230.546875,5.453125,"ordinary_fast",32,5,"fresh_oversampled_sketch_per_component",TRUE,""
"0.99.39","metref","classification","opls","metal","float64","argmax","rsvd",1,5,0,0.123,0.005,0.00800000000000001,0.002,0.131,0.005,0.12,239.109375,14.65625,"ordinary_fast",32,5,"fresh_oversampled_sketch_per_component",TRUE,""
"0.99.39","metref","classification","opls","cpu","float64","argmax","rsvd",2,5,0,0.023,0.001,0.002,0,0.025,0.001,0.13,226.625,5.5,"ordinary_fast",32,5,"fresh_oversampled_sketch_per_component",TRUE,""
"0.99.39","metref","classification","opls","metal","float64","argmax","rsvd",2,5,0,0.134,0.005,0.006,0.003,0.139,0.01,0.13,237.640625,15.125,"ordinary_fast",32,5,"fresh_oversampled_sketch_per_component",TRUE,""
"0.99.39","metref","classification","opls","cpu","float64","argmax","rsvd",5,5,0,0.032,0.001,0.00299999999999989,0.001,0.034,0.00100000000000011,0.29,228.59375,5.453125,"ordinary_fast",32,5,"fresh_oversampled_sketch_per_component",TRUE,""
"0.99.39","metref","classification","opls","metal","float64","argmax","rsvd",5,5,0,0.157,0.00700000000000001,0.004,0.004,0.164,0.003,0.29,237.84375,13.96875,"ordinary_fast",32,5,"fresh_oversampled_sketch_per_component",TRUE,""
"0.99.39","metref","classification","opls","cpu","float64","argmax","rsvd",10,5,0,0.047,0.002,0.002,0,0.049,0.002,0.59,227.0625,3.765625,"ordinary_fast",32,5,"fresh_oversampled_sketch_per_component",TRUE,""
"0.99.39","metref","classification","opls","metal","float64","argmax","rsvd",10,5,0,0.166,0.0149999999999999,0.006,0.001,0.173,0.013,0.59,240.25,13.65625,"ordinary_fast",32,5,"fresh_oversampled_sketch_per_component",TRUE,""
"0.99.39","metref","classification","opls","cpu","float64","argmax","rsvd",22,5,0,0.0790000000000001,0.001,0.002,1.11022302462516e-16,0.081,0.001,0.76,230.421875,5.53125,"ordinary_fast",32,5,"fresh_oversampled_sketch_per_component",TRUE,""
"0.99.39","metref","classification","opls","metal","float64","argmax","rsvd",22,5,0,0.236,0.00500000000000012,0.00700000000000001,0.001,0.24,0.00800000000000001,0.76,242.796875,19.421875,"ordinary_fast",32,5,"fresh_oversampled_sketch_per_component",TRUE,""
"0.99.39","metref","classification","opls","cpu","float64","argmax","rsvd",50,5,0,0.161,1.11022302462516e-16,0.002,0,0.163,1.11022302462516e-16,0.95,229.234375,5.4375,"ordinary_fast",32,5,"fresh_oversampled_sketch_per_component",TRUE,""
"0.99.39","metref","classification","opls","metal","float64","argmax","rsvd",50,5,0,0.362,0.032,0.00500000000000012,0.001,0.368,0.0339999999999999,0.95,257.78125,32.671875,"ordinary_fast",32,5,"fresh_oversampled_sketch_per_component",TRUE,""
"0.99.39","metref","classification","opls","cpu","float64","argmax","rsvd",100,5,0,0.307,0.001,0.002,0,0.309,0,0.98,231.046875,6.03125,"ordinary_fast",32,5,"fresh_oversampled_sketch_per_component",TRUE,""
"0.99.39","metref","classification","opls","metal","float64","argmax","rsvd",100,5,0,0.506,0.134,0.0069999999999999,0.00300000000000011,0.511,0.131,0.98,273.40625,51.21875,"ordinary_fast",32,5,"fresh_oversampled_sketch_per_component",TRUE,""
"0.99.39","metref","classification","opls","cpu","float64","argmax","rsvd",118,5,0,0.36,1.11022302462516e-16,0.002,0,0.362,0.001,0.97,232.6875,7.6875,"ordinary_fast",32,5,"fresh_oversampled_sketch_per_component",TRUE,""
"0.99.39","metref","classification","opls","metal","float64","argmax","rsvd",118,5,0,0.87,0.0689999999999998,0.00500000000000012,0.00299999999999989,0.875,0.0690000000000001,0.97,274.1875,52.796875,"ordinary_fast",32,5,"fresh_oversampled_sketch_per_component",TRUE,""
"0.99.39","metref","classification","opls","cpu","float64","argmax","rsvd",150,5,0,0.469,0.00599999999999989,0.002,0,0.471,0.00599999999999989,0.96,229.34375,6.140625,"ordinary_fast",32,5,"fresh_oversampled_sketch_per_component",TRUE,""
"0.99.39","metref","classification","opls","metal","float64","argmax","rsvd",150,5,0,0.759,0.03,0.006,0.002,0.765,0.0329999999999999,0.96,275.71875,51.859375,"ordinary_fast",32,5,"fresh_oversampled_sketch_per_component",TRUE,""
"0.99.39","metref","classification","kernelpls","cpu","float64","argmax","rsvd",1,5,0,0.0109999999999999,0.00100000000000011,0.002,0,0.0129999999999999,0.00100000000000011,0.12,226.921875,3.03125,"ordinary_fast",32,5,"fresh_oversampled_sketch_per_component",TRUE,""
"0.99.39","metref","classification","kernelpls","metal","float64","argmax","rsvd",1,5,0,0.067,0.004,0.005,0.002,0.073,0.004,0.12,234.40625,12.90625,"ordinary_fast",32,5,"fresh_oversampled_sketch_per_component",TRUE,""
"0.99.39","metref","classification","kernelpls","cpu","float64","argmax","rsvd",2,5,0,0.014,0.001,0.002,0.001,0.016,0,0.13,227.703125,3.0625,"ordinary_fast",32,5,"fresh_oversampled_sketch_per_component",TRUE,""
"0.99.39","metref","classification","kernelpls","metal","float64","argmax","rsvd",2,5,0,0.0740000000000001,0.00200000000000011,0.003,0.002,0.0789999999999998,0.001,0.13,235.765625,12.8125,"ordinary_fast",32,5,"fresh_oversampled_sketch_per_component",TRUE,""
"0.99.39","metref","classification","kernelpls","cpu","float64","argmax","rsvd",5,5,0,0.023,0,0.002,0.00099999999999989,0.025,0.001,0.39,226.515625,3.25,"ordinary_fast",32,5,"fresh_oversampled_sketch_per_component",TRUE,""
"0.99.39","metref","classification","kernelpls","metal","float64","argmax","rsvd",5,5,0,0.0900000000000001,0.0069999999999999,0.006,0.002,0.0960000000000001,0.0149999999999999,0.39,237.03125,13.078125,"ordinary_fast",32,5,"fresh_oversampled_sketch_per_component",TRUE,""
"0.99.39","metref","classification","kernelpls","cpu","float64","argmax","rsvd",10,5,0,0.039,0.001,0.002,0,0.041,0.001,0.59,225.796875,3.109375,"ordinary_fast",32,5,"fresh_oversampled_sketch_per_component",TRUE,""
"0.99.39","metref","classification","kernelpls","metal","float64","argmax","rsvd",10,5,0,0.106,0.005,0.003,0.005,0.113,0.004,0.59,237.34375,13.1875,"ordinary_fast",32,5,"fresh_oversampled_sketch_per_component",TRUE,""
"0.99.39","metref","classification","kernelpls","cpu","float64","argmax","rsvd",22,5,0,0.075,1.11022302462516e-16,0.002,0,0.077,0.001,0.77,210.96875,3.84375,"ordinary_fast",32,5,"fresh_oversampled_sketch_per_component",TRUE,""
"0.99.39","metref","classification","kernelpls","metal","float64","argmax","rsvd",22,5,0,0.197,0.025,0.00500000000000012,0.003,0.203,0.0229999999999999,0.77,216.859375,7.53125,"ordinary_fast",32,5,"fresh_oversampled_sketch_per_component",TRUE,""
"0.99.39","metref","classification","kernelpls","cpu","float64","argmax","rsvd",50,5,0,0.168,0.004,0.002,0.00099999999999989,0.17,0.00300000000000011,0.95,205.453125,3.78125,"ordinary_fast",32,5,"fresh_oversampled_sketch_per_component",TRUE,""
"0.99.39","metref","classification","kernelpls","metal","float64","argmax","rsvd",50,5,0,0.296,0.016,0.006,1.11022302462516e-16,0.303,0.018,0.95,254.5,35.671875,"ordinary_fast",32,5,"fresh_oversampled_sketch_per_component",TRUE,""
"0.99.39","metref","classification","kernelpls","cpu","float64","argmax","rsvd",100,5,0,0.306,0.003,0.002,0,0.308,0.003,0.98,223.015625,3.96875,"ordinary_fast",32,5,"fresh_oversampled_sketch_per_component",TRUE,""
"0.99.39","metref","classification","kernelpls","metal","float64","argmax","rsvd",100,5,0,0.51,0.0100000000000001,0.004,0.00100000000000011,0.513,0.00900000000000001,0.98,261.140625,33.75,"ordinary_fast",32,5,"fresh_oversampled_sketch_per_component",TRUE,""
"0.99.39","metref","classification","kernelpls","cpu","float64","argmax","rsvd",118,5,0,0.361,0.002,0.002,0,0.363,0.002,0.97,229.140625,5.5,"ordinary_fast",32,5,"fresh_oversampled_sketch_per_component",TRUE,""
"0.99.39","metref","classification","kernelpls","metal","float64","argmax","rsvd",118,5,0,0.549,0.0089999999999999,0.00300000000000011,0.00099999999999989,0.552,0.00800000000000001,0.97,271.875,48.234375,"ordinary_fast",32,5,"fresh_oversampled_sketch_per_component",TRUE,""
"0.99.39","metref","classification","kernelpls","cpu","float64","argmax","rsvd",150,5,0,0.458,0.00200000000000011,0.002,0,0.46,0.00200000000000011,0.96,228.3125,3.453125,"ordinary_fast",32,5,"fresh_oversampled_sketch_per_component",TRUE,""
"0.99.39","metref","classification","kernelpls","metal","float64","argmax","rsvd",150,5,0,0.994,0.319,0.0069999999999999,0.00299999999999989,1.001,0.318,0.96,276.765625,52.0625,"ordinary_fast",32,5,"fresh_oversampled_sketch_per_component",TRUE,""
"0.99.39","prism","regression","plssvd","cpu","float64","argmax","rsvd",1,5,0,0.751,0.002,0.0780000000000001,2.22044604925031e-16,0.829,0.001,0.553800139722204,365.21875,120.703125,"not_applicable",32,5,"NA",NA,""
"0.99.39","prism","regression","plssvd","metal","float64","argmax","rsvd",1,5,0,0.335,0.0139999999999999,0.011,0,0.346,0.0129999999999999,0.553800140312416,453.9375,209.703125,"not_applicable",32,5,"NA",NA,""
"0.99.39","prism","regression","plssvd","cpu","float64","argmax","rsvd",2,5,0,0.782,0.003,0.0780000000000001,0.00100000000000011,0.86,0.00400000000000023,0.551369589534502,363.328125,118.84375,"not_applicable",32,5,"NA",NA,""
"0.99.39","prism","regression","plssvd","metal","float64","argmax","rsvd",2,5,0,0.335,0.00900000000000001,0.0129999999999999,0.00300000000000011,0.349,0.0120000000000001,0.551369589541456,453.03125,208.1875,"not_applicable",32,5,"NA",NA,""
"0.99.39","prism","regression","plssvd","cpu","float64","argmax","rsvd",5,5,0,0.883,0.00900000000000012,0.0800000000000001,0.00300000000000011,0.963,0.0120000000000002,0.549987665214043,361.6875,120.40625,"not_applicable",32,5,"NA",NA,""
"0.99.39","prism","regression","plssvd","metal","float64","argmax","rsvd",5,5,0,0.422,0.00700000000000001,0.012,0.00100000000000011,0.433,0.00700000000000023,0.549987665675588,439.671875,196.84375,"not_applicable",32,5,"NA",NA,""
"0.99.39","prism","regression","plssvd","cpu","float64","argmax","rsvd",7,5,0,0.946,0.013,0.081,0.00299999999999989,1.03,0.014,0.549632283383086,347.140625,114.9375,"not_applicable",32,5,"NA",NA,""
"0.99.39","prism","regression","plssvd","metal","float64","argmax","rsvd",7,5,0,0.43,0.032,0.00900000000000012,0.00099999999999989,0.44,0.032,0.549632285311472,414.625,171.453125,"not_applicable",32,5,"NA",NA,""
"0.99.39","prism","regression","plssvd","cpu","float64","argmax","rsvd",10,5,0,1.111,0.048,0.0989999999999998,0.00099999999999989,1.21,0.0439999999999998,0.551540680329825,275.640625,58.671875,"not_applicable",32,5,"NA",NA,""
"0.99.39","prism","regression","plssvd","metal","float64","argmax","rsvd",10,5,0,0.479,0.0280000000000001,0.012,0.00200000000000022,0.492,0.0290000000000002,0.551540646243449,415.703125,174.5,"not_applicable",32,5,"NA",NA,""
"0.99.39","prism","regression","plssvd","cpu","float64","argmax","rsvd",20,5,0,1.332,0.00700000000000012,0.081,0.00099999999999989,1.414,0.00499999999999989,0.549191822035291,349.03125,111.796875,"not_applicable",32,5,"NA",NA,""
"0.99.39","prism","regression","plssvd","metal","float64","argmax","rsvd",20,5,0,0.487,0.0129999999999999,0.01,0.00099999999999989,0.498,0.0140000000000002,0.549192063515022,468.28125,221.53125,"not_applicable",32,5,"NA",NA,""
"0.99.39","prism","regression","plssvd","cpu","float64","argmax","rsvd",50,5,0,2.27,0.00800000000000001,0.081,0.00099999999999989,2.351,0.00700000000000012,0.564380095184922,376.90625,133.078125,"not_applicable",32,5,"NA",NA,""
"0.99.39","prism","regression","plssvd","metal","float64","argmax","rsvd",50,5,0,0.745,0.014,0.0130000000000001,0.002,0.757,0.0149999999999999,0.564357494725564,501.40625,256.78125,"not_applicable",32,5,"NA",NA,""
"0.99.39","prism","regression","plssvd","cpu","float64","argmax","rsvd",100,5,0,4.079,0.00300000000000011,0.0809999999999995,0.000999999999999446,4.16,0.00199999999999889,0.589124266434085,384.25,151.6875,"not_applicable",32,5,"NA",NA,""
"0.99.39","prism","regression","plssvd","metal","float64","argmax","rsvd",100,5,0,1.391,0.0069999999999999,0.0140000000000002,0.00200000000000022,1.406,0.00499999999999967,0.589091473477053,580.8125,338.359375,"not_applicable",32,5,"NA",NA,""
"0.99.39","prism","regression","simpls","cpu","float64","argmax","rsvd",1,5,0,1.323,0.00499999999999989,0.0799999999999998,0.00099999999999989,1.403,0.004,0.553800139722206,403.21875,155.09375,"high_response_stable",48,6,"fresh_oversampled_sketch_per_component",TRUE,""
"0.99.39","prism","regression","simpls","metal","float64","argmax","rsvd",1,5,0,0.62,0.002,0.012,0.00299999999999989,0.629,0.00499999999999989,0.553800139384998,472.359375,228.546875,"high_response_stable",48,6,"fresh_oversampled_sketch_per_component",TRUE,""
"0.99.39","prism","regression","simpls","cpu","float64","argmax","rsvd",2,5,0,2.657,0.0670000000000002,0.0800000000000001,0.00300000000000011,2.736,0.0700000000000003,0.551360029101045,344.03125,95.65625,"high_response_stable",48,6,"fresh_oversampled_sketch_per_component",TRUE,""
"0.99.39","prism","regression","simpls","metal","float64","argmax","rsvd",2,5,0,1.023,0.0299999999999998,0.0109999999999999,0,1.034,0.0279999999999998,0.551360029165076,492.890625,250.890625,"high_response_stable",48,6,"fresh_oversampled_sketch_per_component",TRUE,""
"0.99.39","prism","regression","simpls","cpu","float64","argmax","rsvd",5,5,0,6.45,0.0860000000000003,0.0799999999999992,0.000999999999999446,6.53,0.0830000000000011,0.548247842937537,400.75,157.046875,"high_response_stable",48,6,"fresh_oversampled_sketch_per_component",TRUE,""
"0.99.39","prism","regression","simpls","metal","float64","argmax","rsvd",5,5,0,2.112,0.0599999999999996,0.0110000000000001,4.44089209850063e-16,2.123,0.0579999999999998,0.548247843111214,616.53125,372.34375,"high_response_stable",48,6,"fresh_oversampled_sketch_per_component",TRUE,""
"0.99.39","prism","regression","simpls","cpu","float64","argmax","rsvd",6,5,0,7.816,0.15,0.0800000000000001,0,7.896,0.157999999999999,0.547758816210537,354.4375,131.546875,"high_response_stable",48,6,"fresh_oversampled_sketch_per_component",TRUE,""
"0.99.39","prism","regression","simpls","metal","float64","argmax","rsvd",6,5,0,2.407,0.0569999999999995,0.0129999999999999,0.00700000000000012,2.42,0.0569999999999995,0.547758816460513,592.578125,352.625,"high_response_stable",48,6,"fresh_oversampled_sketch_per_component",TRUE,""
"0.99.39","prism","regression","simpls","cpu","float64","argmax","rsvd",10,5,0,12.689,0.0470000000000006,0.0780000000000012,1.77635683940025e-15,12.766,0.0469999999999988,0.550362821176883,400.203125,157.390625,"high_response_stable",48,6,"fresh_oversampled_sketch_per_component",TRUE,""
"0.99.39","prism","regression","simpls","metal","float64","argmax","rsvd",10,5,0,3.775,0.0239999999999996,0.0110000000000001,0.00100000000000033,3.786,0.024999999999999,0.550362821917754,653.4375,405.609375,"high_response_stable",48,6,"fresh_oversampled_sketch_per_component",TRUE,""
"0.99.39","prism","regression","simpls","cpu","float64","argmax","rsvd",20,5,0,25.424,0.0600000000000023,0.0779999999999994,0.00100000000000122,25.502,0.0609999999999999,0.559266565669081,392,140.6875,"high_response_stable",48,6,"fresh_oversampled_sketch_per_component",TRUE,""
"0.99.39","prism","regression","simpls","metal","float64","argmax","rsvd",20,5,0,7.235,0.0179999999999998,0.0120000000000005,0.00100000000000033,7.249,0.0179999999999989,0.559266551528478,650.09375,401.875,"high_response_stable",48,6,"fresh_oversampled_sketch_per_component",TRUE,""
"0.99.39","prism","regression","simpls","cpu","float64","argmax","rsvd",50,5,0,64.253,0.418000000000006,0.0789999999999935,0.00199999999999534,64.331,0.420999999999992,0.568243258224353,406.34375,163.875,"high_response_stable",48,6,"fresh_oversampled_sketch_per_component",TRUE,""
"0.99.39","prism","regression","simpls","metal","float64","argmax","rsvd",50,5,0,17.198,0.0800000000000018,0.0129999999999981,0,17.211,0.0829999999999984,0.568245127214019,755.1875,514.21875,"high_response_stable",48,6,"fresh_oversampled_sketch_per_component",TRUE,""
"0.99.39","prism","regression","simpls","cpu","float64","argmax","rsvd",100,5,0,130.105,0.175999999999988,0.078000000000003,0.00100000000000477,130.184,0.174999999999983,0.596001252406225,400.109375,159.125,"high_response_stable",48,6,"fresh_oversampled_sketch_per_component",TRUE,""
"0.99.39","prism","regression","simpls","metal","float64","argmax","rsvd",100,5,0,33.927,0.0750000000000028,0.0150000000000006,0.00200000000000244,33.944,0.0810000000000031,0.59599746372662,727.296875,482.375,"high_response_stable",48,6,"fresh_oversampled_sketch_per_component",TRUE,""
"0.99.39","prism","regression","opls","cpu","float64","argmax","rsvd",1,5,0,9.212,0.0350000000000001,0.0780000000000012,0.00100000000000122,9.289,0.0339999999999989,0.552231674853753,449.3125,208.625,"high_response_stable",48,6,"fresh_oversampled_sketch_per_component",TRUE,""
"0.99.39","prism","regression","opls","metal","float64","argmax","rsvd",1,5,0,0.932,0.0219999999999999,0.0110000000000001,0.00500000000000012,0.942,0.0199999999999998,0.552231676087117,552.109375,308.09375,"high_response_stable",48,6,"fresh_oversampled_sketch_per_component",TRUE,""
"0.99.39","prism","regression","opls","cpu","float64","argmax","rsvd",2,5,0,10.465,0.020999999999999,0.0779999999999994,0.00100000000000122,10.544,0.0220000000000002,0.550750815916269,440.421875,195.859375,"high_response_stable",48,6,"fresh_oversampled_sketch_per_component",TRUE,""
"0.99.39","prism","regression","opls","metal","float64","argmax","rsvd",2,5,0,1.263,0.0479999999999998,0.012,0.00199999999999978,1.275,0.0459999999999996,0.550750817619173,540.109375,297.8125,"high_response_stable",48,6,"fresh_oversampled_sketch_per_component",TRUE,""
"0.99.39","prism","regression","opls","cpu","float64","argmax","rsvd",5,5,0,14.257,0.00700000000000145,0.077,0.00100000000000122,14.335,0.00800000000000267,0.549646861460011,448.078125,207.59375,"high_response_stable",48,6,"fresh_oversampled_sketch_per_component",TRUE,""
"0.99.39","prism","regression","opls","metal","float64","argmax","rsvd",5,5,0,2.398,0.0160000000000005,0.012,0.00299999999999967,2.409,0.0160000000000005,0.549646862524272,619.59375,371.953125,"high_response_stable",48,6,"fresh_oversampled_sketch_per_component",TRUE,""
"0.99.39","prism","regression","opls","cpu","float64","argmax","rsvd",10,5,0,20.591,0.036999999999999,0.0779999999999994,0,20.669,0.0360000000000014,0.553519176881752,450.234375,209.984375,"high_response_stable",48,6,"fresh_oversampled_sketch_per_component",TRUE,""
"0.99.39","prism","regression","opls","metal","float64","argmax","rsvd",10,5,0,4.105,0.0309999999999997,0.0149999999999997,0.003000000000001,4.116,0.0299999999999994,0.553519177317991,636.5,391.21875,"high_response_stable",48,6,"fresh_oversampled_sketch_per_component",TRUE,""
"0.99.39","prism","regression","opls","cpu","float64","argmax","rsvd",20,5,0,33.25,0.0339999999999989,0.0789999999999935,0.000999999999990564,33.328,0.0359999999999943,0.561585111310886,432.625,190.03125,"high_response_stable",48,6,"fresh_oversampled_sketch_per_component",TRUE,""
"0.99.39","prism","regression","opls","metal","float64","argmax","rsvd",20,5,0,7.596,0.105,0.016,0.00300000000000011,7.609,0.101999999999999,0.561585085868284,622.453125,381.75,"high_response_stable",48,6,"fresh_oversampled_sketch_per_component",TRUE,""
"0.99.39","prism","regression","opls","cpu","float64","argmax","rsvd",50,5,0,71.858,0.046999999999997,0.0789999999999935,0.000999999999990564,71.937,0.0459999999999923,0.570952845310395,432.59375,191.71875,"high_response_stable",48,6,"fresh_oversampled_sketch_per_component",TRUE,""
"0.99.39","prism","regression","opls","metal","float64","argmax","rsvd",50,5,0,17.655,0.146000000000001,0.0130000000000017,0.00199999999999534,17.668,0.158999999999999,0.570954071211245,658.921875,416.703125,"high_response_stable",48,6,"fresh_oversampled_sketch_per_component",TRUE,""
"0.99.39","prism","regression","opls","cpu","float64","argmax","rsvd",100,5,0,138.584,0.173000000000002,0.0790000000000077,0.00199999999998113,138.662,0.191999999999979,0.597284818508961,364.921875,121.96875,"high_response_stable",48,6,"fresh_oversampled_sketch_per_component",TRUE,""
"0.99.39","prism","regression","opls","metal","float64","argmax","rsvd",100,5,0,34.7,0.0690000000000026,0.0180000000000007,0.000999999999997669,34.718,0.0710000000000051,0.597289168925831,632.515625,388.09375,"high_response_stable",48,6,"fresh_oversampled_sketch_per_component",TRUE,""
"0.99.39","prism","regression","kernelpls","cpu","float64","argmax","rsvd",1,5,0,1.333,0.0310000000000001,0.079,0.00100000000000011,1.412,0.0329999999999999,0.553800139722206,378.03125,136.4375,"high_response_stable",48,6,"fresh_oversampled_sketch_per_component",TRUE,""
"0.99.39","prism","regression","kernelpls","metal","float64","argmax","rsvd",1,5,0,0.619,0.0170000000000001,0.0110000000000001,0.00100000000000011,0.629,0.0209999999999999,0.553800139384998,426.4375,183.40625,"high_response_stable",48,6,"fresh_oversampled_sketch_per_component",TRUE,""
"0.99.39","prism","regression","kernelpls","cpu","float64","argmax","rsvd",2,5,0,2.594,0.0140000000000002,0.0790000000000002,0.00100000000000033,2.672,0.0129999999999999,0.551360029101045,372.203125,126.34375,"high_response_stable",48,6,"fresh_oversampled_sketch_per_component",TRUE,""
"0.99.39","prism","regression","kernelpls","metal","float64","argmax","rsvd",2,5,0,1.021,0.0409999999999999,0.01,0.00399999999999978,1.03,0.0449999999999997,0.551360029165076,463.421875,222,"high_response_stable",48,6,"fresh_oversampled_sketch_per_component",TRUE,""
"0.99.39","prism","regression","kernelpls","cpu","float64","argmax","rsvd",5,5,0,6.386,0.0279999999999996,0.0779999999999994,0.00100000000000033,6.463,0.0299999999999994,0.548247842937537,372.734375,127.9375,"high_response_stable",48,6,"fresh_oversampled_sketch_per_component",TRUE,""
"0.99.39","prism","regression","kernelpls","metal","float64","argmax","rsvd",5,5,0,2.1,0.0260000000000002,0.00999999999999979,0.00299999999999967,2.109,0.0280000000000005,0.548247843111214,541.15625,296.015625,"high_response_stable",48,6,"fresh_oversampled_sketch_per_component",TRUE,""
"0.99.39","prism","regression","kernelpls","cpu","float64","argmax","rsvd",6,5,0,7.62,0.0649999999999995,0.0780000000000012,1.77635683940025e-15,7.698,0.0660000000000007,0.547758816210537,367.59375,122.25,"high_response_stable",48,6,"fresh_oversampled_sketch_per_component",TRUE,""
"0.99.39","prism","regression","kernelpls","metal","float64","argmax","rsvd",6,5,0,2.374,0.0249999999999995,0.0100000000000002,0,2.384,0.0269999999999992,0.547758816460513,535.46875,290.71875,"high_response_stable",48,6,"fresh_oversampled_sketch_per_component",TRUE,""
"0.99.39","prism","regression","kernelpls","cpu","float64","argmax","rsvd",10,5,0,12.695,0.00999999999999979,0.0779999999999994,1.77635683940025e-15,12.773,0.00900000000000212,0.550362821176883,362.40625,122.625,"high_response_stable",48,6,"fresh_oversampled_sketch_per_component",TRUE,""
"0.99.39","prism","regression","kernelpls","metal","float64","argmax","rsvd",10,5,0,3.826,0.0609999999999995,0.0110000000000001,0.00100000000000033,3.837,0.0609999999999995,0.550362821917754,563.140625,316.546875,"high_response_stable",48,6,"fresh_oversampled_sketch_per_component",TRUE,""
"0.99.39","prism","regression","kernelpls","cpu","float64","argmax","rsvd",20,5,0,25.392,0.0500000000000007,0.0779999999999994,0,25.47,0.0500000000000043,0.559266565669081,358.140625,118.828125,"high_response_stable",48,6,"fresh_oversampled_sketch_per_component",TRUE,""
"0.99.39","prism","regression","kernelpls","metal","float64","argmax","rsvd",20,5,0,7.3,0.048,0.0100000000000007,0.00199999999999889,7.31,0.0499999999999998,0.559266551528478,567.6875,317.265625,"high_response_stable",48,6,"fresh_oversampled_sketch_per_component",TRUE,""
"0.99.39","prism","regression","kernelpls","cpu","float64","argmax","rsvd",50,5,0,64.055,0.210000000000015,0.078000000000003,0.00100000000000477,64.133,0.212000000000018,0.568243258224353,355.890625,111.203125,"high_response_stable",48,6,"fresh_oversampled_sketch_per_component",TRUE,""
"0.99.39","prism","regression","kernelpls","metal","float64","argmax","rsvd",50,5,0,17.482,0.0480000000000018,0.0129999999999981,0.000999999999997669,17.494,0.0490000000000066,0.568245127214019,596.234375,355.171875,"high_response_stable",48,6,"fresh_oversampled_sketch_per_component",TRUE,""
"0.99.39","prism","regression","kernelpls","cpu","float64","argmax","rsvd",100,5,0,130.533,0.262000000000029,0.078000000000003,0.00600000000000023,130.616,0.262000000000029,0.596001252406225,363.28125,121.125,"high_response_stable",48,6,"fresh_oversampled_sketch_per_component",TRUE,""
"0.99.39","prism","regression","kernelpls","metal","float64","argmax","rsvd",100,5,0,34.133,0.283000000000001,0.0159999999999982,0.00299999999999301,34.149,0.283000000000001,0.59599746372662,669.375,425.921875,"high_response_stable",48,6,"fresh_oversampled_sketch_per_component",TRUE,""
"0.99.39","retina","classification","plssvd","cpu","float64","argmax","rsvd",1,5,0,0.023,0,0.015,0.001,0.038,0.001,0.723020619476926,300.0625,36.140625,"not_applicable",32,5,"NA",NA,""
"0.99.39","retina","classification","plssvd","metal","float64","argmax","rsvd",1,5,0,0.088,0.012,0.039,0.00399999999999989,0.121,0.0149999999999999,0.723020619476926,348.25,83.328125,"not_applicable",32,5,"NA",NA,""
"0.99.39","retina","classification","plssvd","cpu","float64","argmax","rsvd",2,5,0,0.023,0,0.015,0.001,0.038,0.001,0.844104257788093,304.484375,41.78125,"not_applicable",32,5,"NA",NA,""
"0.99.39","retina","classification","plssvd","metal","float64","argmax","rsvd",2,5,0,0.076,0.017,0.034,0.00199999999999989,0.117,0.0179999999999999,0.844104257788093,344.625,80.390625,"not_applicable",32,5,"NA",NA,""
"0.99.39","retina","classification","plssvd","cpu","float64","argmax","rsvd",5,5,0,0.025,0.001,0.015,0.001,0.04,0,0.90783718646791,304.875,35.8125,"not_applicable",32,5,"NA",NA,""
"0.99.39","retina","classification","plssvd","metal","float64","argmax","rsvd",5,5,0,0.085,0.022,0.046,0.01,0.126,0.0319999999999999,0.90783718646791,337.625,69.09375,"not_applicable",32,5,"NA",NA,""
"0.99.39","retina","classification","plssvd","cpu","float64","argmax","rsvd",10,5,0,0.0279999999999999,0.001,0.015,0.001,0.043,0,0.92667142729626,302.515625,40.09375,"not_applicable",32,5,"NA",NA,""
"0.99.39","retina","classification","plssvd","metal","float64","argmax","rsvd",10,5,0,0.072,0.004,0.037,0.005,0.112,0.00900000000000001,0.92667142729626,346.875,84.09375,"not_applicable",32,5,"NA",NA,""
"0.99.39","retina","classification","plssvd","cpu","float64","argmax","rsvd",11,5,0,0.028,0,0.016,0,0.044,0.001,0.927251629027939,305.671875,41.4375,"not_applicable",32,5,"NA",NA,""
"0.99.39","retina","classification","plssvd","metal","float64","argmax","rsvd",11,5,0,0.074,0.004,0.031,0.00399999999999989,0.109,0.005,0.927251629027939,352.671875,86.390625,"not_applicable",32,5,"NA",NA,""
"0.99.39","retina","classification","simpls","cpu","float64","argmax","rsvd",1,5,0,0.015,0.001,0.016,0,0.031,0.001,0.723020619476926,314.09375,47.3125,"ordinary_fast",32,5,"fresh_oversampled_sketch_per_component",TRUE,""
"0.99.39","retina","classification","simpls","metal","float64","argmax","rsvd",1,5,0,0.088,0.001,0.0339999999999999,0.00299999999999989,0.123,0.00499999999999989,0.723020619476926,350.296875,84.125,"ordinary_fast",32,5,"fresh_oversampled_sketch_per_component",TRUE,""
"0.99.39","retina","classification","simpls","cpu","float64","argmax","rsvd",2,5,0,0.016,0,0.016,0.001,0.031,0.001,0.843524056056413,317,49.46875,"ordinary_fast",32,5,"fresh_oversampled_sketch_per_component",TRUE,""
"0.99.39","retina","classification","simpls","metal","float64","argmax","rsvd",2,5,0,0.094,0.012,0.0359999999999999,0.004,0.129,0.00900000000000001,0.843524056056413,347.0625,79.96875,"ordinary_fast",32,5,"fresh_oversampled_sketch_per_component",TRUE,""
"0.99.39","retina","classification","simpls","cpu","float64","argmax","rsvd",5,5,0,0.018,0.001,0.015,0,0.034,0.001,0.92327947871106,308.109375,49.125,"ordinary_fast",32,5,"fresh_oversampled_sketch_per_component",TRUE,""
"0.99.39","retina","classification","simpls","metal","float64","argmax","rsvd",5,5,0,0.133,0.003,0.034,0.00800000000000001,0.172,0.00900000000000001,0.92327947871106,343.265625,79.3125,"ordinary_fast",32,5,"fresh_oversampled_sketch_per_component",TRUE,""
"0.99.39","retina","classification","simpls","cpu","float64","argmax","rsvd",10,5,0,0.023,0,0.016,0,0.039,0,0.96134963848969,310.109375,49.015625,"ordinary_fast",32,5,"fresh_oversampled_sketch_per_component",TRUE,""
"0.99.39","retina","classification","simpls","metal","float64","argmax","rsvd",10,5,0,0.179,0.00900000000000001,0.037,0.00900000000000001,0.216,0.018,0.96134963848969,348.453125,83.34375,"ordinary_fast",32,5,"fresh_oversampled_sketch_per_component",TRUE,""
"0.99.39","retina","classification","simpls","cpu","float64","argmax","rsvd",20,5,0,0.032,0,0.015,0,0.047,0,0.967597964830849,315.328125,47.28125,"ordinary_fast",32,5,"fresh_oversampled_sketch_per_component",TRUE,""
"0.99.39","retina","classification","simpls","metal","float64","argmax","rsvd",20,5,0,0.283,0.0229999999999999,0.0410000000000001,0.00400000000000023,0.32,0.03,0.967597964830849,353.546875,91.15625,"ordinary_fast",32,5,"fresh_oversampled_sketch_per_component",TRUE,""
"0.99.39","retina","classification","simpls","cpu","float64","argmax","rsvd",30,5,0,0.033,0.001,0.016,0.001,0.049,0.002,0.967776488440596,308.84375,45.578125,"ordinary_fast",32,5,"fresh_oversampled_sketch_per_component",TRUE,""
"0.99.39","retina","classification","simpls","metal","float64","argmax","rsvd",30,5,0,0.391,0.0189999999999999,0.0459999999999998,0.00300000000000011,0.438,0.0150000000000001,0.967776488440596,360.953125,95.5,"ordinary_fast",32,5,"fresh_oversampled_sketch_per_component",TRUE,""
"0.99.39","retina","classification","simpls","cpu","float64","argmax","rsvd",50,5,0,0.035,0.001,0.015,0.001,0.051,0,0.967776488440596,310.46875,46.078125,"ordinary_fast",32,5,"fresh_oversampled_sketch_per_component",TRUE,""
"0.99.39","retina","classification","simpls","metal","float64","argmax","rsvd",50,5,0,0.67,0.006,0.052,0.00099999999999989,0.728,0.00900000000000023,0.967776488440596,375.03125,111.25,"ordinary_fast",32,5,"fresh_oversampled_sketch_per_component",TRUE,""
"0.99.39","retina","classification","opls","cpu","float64","argmax","rsvd",1,5,0,0.0379999999999999,0.003,0.019,0.002,0.0579999999999999,0.00100000000000011,0.768722663572257,327.671875,66.46875,"ordinary_fast",32,5,"fresh_oversampled_sketch_per_component",TRUE,""
"0.99.39","retina","classification","opls","metal","float64","argmax","rsvd",1,5,0,0.159,0.00399999999999989,0.059,0.006,0.218,0.00600000000000012,0.768722663572257,351.53125,85.90625,"ordinary_fast",32,5,"fresh_oversampled_sketch_per_component",TRUE,""
"0.99.39","retina","classification","opls","cpu","float64","argmax","rsvd",2,5,0,0.038,0.00200000000000011,0.018,0.001,0.0579999999999999,0.002,0.801303222351156,327.28125,65.5625,"ordinary_fast",32,5,"fresh_oversampled_sketch_per_component",TRUE,""
"0.99.39","retina","classification","opls","metal","float64","argmax","rsvd",2,5,0,0.18,0.0200000000000001,0.058,0.00800000000000012,0.233,0.0250000000000002,0.801303222351156,346.921875,84.78125,"ordinary_fast",32,5,"fresh_oversampled_sketch_per_component",TRUE,""
"0.99.39","retina","classification","opls","cpu","float64","argmax","rsvd",5,5,0,0.041,1.11022302462516e-16,0.019,0,0.06,0.00100000000000011,0.923815049540302,318.859375,49.484375,"ordinary_fast",32,5,"fresh_oversampled_sketch_per_component",TRUE,""
"0.99.39","retina","classification","opls","metal","float64","argmax","rsvd",5,5,0,0.195,0.001,0.0549999999999999,0.00700000000000001,0.257,0.00900000000000001,0.923815049540302,365.6875,98.6875,"ordinary_fast",32,5,"fresh_oversampled_sketch_per_component",TRUE,""
"0.99.39","retina","classification","opls","cpu","float64","argmax","rsvd",10,5,0,0.045,0.001,0.019,0,0.0640000000000001,0.001,0.94322949210033,329.171875,63.40625,"ordinary_fast",32,5,"fresh_oversampled_sketch_per_component",TRUE,""
"0.99.39","retina","classification","opls","metal","float64","argmax","rsvd",10,5,0,0.24,0.0399999999999999,0.0650000000000002,0.006,0.306,0.0519999999999998,0.94322949210033,362.0625,95.390625,"ordinary_fast",32,5,"fresh_oversampled_sketch_per_component",TRUE,""
"0.99.39","retina","classification","opls","cpu","float64","argmax","rsvd",20,5,0,0.0539999999999999,0.001,0.018,0.001,0.073,0,0.94974560385611,330.984375,66.828125,"ordinary_fast",32,5,"fresh_oversampled_sketch_per_component",TRUE,""
"0.99.39","retina","classification","opls","metal","float64","argmax","rsvd",20,5,0,0.349,0.0249999999999999,0.067,0.0069999999999999,0.42,0.0369999999999997,0.94974560385611,361.546875,104.234375,"ordinary_fast",32,5,"fresh_oversampled_sketch_per_component",TRUE,""
"0.99.39","retina","classification","opls","cpu","float64","argmax","rsvd",22,5,0,0.0549999999999999,0.001,0.018,0,0.073,0.001,0.94974560385611,332.34375,62.5,"ordinary_fast",32,5,"fresh_oversampled_sketch_per_component",TRUE,""
"0.99.39","retina","classification","opls","metal","float64","argmax","rsvd",22,5,0,0.375,0.0159999999999999,0.071,0.00700000000000034,0.441,0.0219999999999999,0.94974560385611,368.625,102.71875,"ordinary_fast",32,5,"fresh_oversampled_sketch_per_component",TRUE,""
"0.99.39","retina","classification","opls","cpu","float64","argmax","rsvd",30,5,0,0.0549999999999999,0.001,0.019,0.002,0.075,0.002,0.950325805587789,321.0625,59.6875,"ordinary_fast",32,5,"fresh_oversampled_sketch_per_component",TRUE,""
"0.99.39","retina","classification","opls","metal","float64","argmax","rsvd",30,5,0,0.437,0.0399999999999998,0.134,0.00400000000000023,0.56,0.0379999999999998,0.950325805587789,339.90625,80.15625,"ordinary_fast",32,5,"fresh_oversampled_sketch_per_component",TRUE,""
"0.99.39","retina","classification","opls","cpu","float64","argmax","rsvd",50,5,0,0.0589999999999999,0,0.019,0,0.078,0.00200000000000011,0.945371775417299,310.296875,63.984375,"ordinary_fast",32,5,"fresh_oversampled_sketch_per_component",TRUE,""
"0.99.39","retina","classification","opls","metal","float64","argmax","rsvd",50,5,0,0.659,0.0359999999999999,0.132,0.0169999999999999,0.787,0.0549999999999998,0.945148620905115,388.03125,125.515625,"ordinary_fast",32,5,"fresh_oversampled_sketch_per_component",TRUE,""
"0.99.39","retina","classification","kernelpls","cpu","float64","argmax","rsvd",1,5,0,0.016,0,0.016,0.001,0.032,0.001,0.723020619476926,310.4375,44.359375,"ordinary_fast",32,5,"fresh_oversampled_sketch_per_component",TRUE,""
"0.99.39","retina","classification","kernelpls","metal","float64","argmax","rsvd",1,5,0,0.092,0.01,0.0379999999999999,0.003,0.128,0.00900000000000001,0.723020619476926,348.046875,82.625,"ordinary_fast",32,5,"fresh_oversampled_sketch_per_component",TRUE,""
"0.99.39","retina","classification","kernelpls","cpu","float64","argmax","rsvd",2,5,0,0.017,0.003,0.016,0.001,0.034,0.003,0.843524056056413,313.703125,47.046875,"ordinary_fast",32,5,"fresh_oversampled_sketch_per_component",TRUE,""
"0.99.39","retina","classification","kernelpls","metal","float64","argmax","rsvd",2,5,0,0.1,0.00700000000000001,0.0369999999999999,0.002,0.134,0.0119999999999999,0.843524056056413,345.6875,73.671875,"ordinary_fast",32,5,"fresh_oversampled_sketch_per_component",TRUE,""
"0.99.39","retina","classification","kernelpls","cpu","float64","argmax","rsvd",5,5,0,0.025,0.001,0.0169999999999999,0.002,0.0419999999999999,0.00300000000000011,0.92327947871106,300.765625,50.15625,"ordinary_fast",32,5,"fresh_oversampled_sketch_per_component",TRUE,""
"0.99.39","retina","classification","kernelpls","metal","float64","argmax","rsvd",5,5,0,0.142,0.018,0.0450000000000002,0.014,0.203,0.023,0.92327947871106,325.984375,73.796875,"ordinary_fast",32,5,"fresh_oversampled_sketch_per_component",TRUE,""
"0.99.39","retina","classification","kernelpls","cpu","float64","argmax","rsvd",10,5,0,0.031,0.0169999999999999,0.022,0.00200000000000022,0.055,0.0129999999999999,0.96134963848969,289.421875,40.96875,"ordinary_fast",32,5,"fresh_oversampled_sketch_per_component",TRUE,""
"0.99.39","retina","classification","kernelpls","metal","float64","argmax","rsvd",10,5,0,0.184,0.004,0.0409999999999999,0.00499999999999989,0.225,0.00799999999999979,0.96134963848969,325,69.46875,"ordinary_fast",32,5,"fresh_oversampled_sketch_per_component",TRUE,""
"0.99.39","retina","classification","kernelpls","cpu","float64","argmax","rsvd",20,5,0,0.039,0.00100000000000011,0.019,0.00100000000000011,0.0579999999999999,0.00900000000000012,0.967597964830849,297.453125,49.671875,"ordinary_fast",32,5,"fresh_oversampled_sketch_per_component",TRUE,""
"0.99.39","retina","classification","kernelpls","metal","float64","argmax","rsvd",20,5,0,0.272,0.0199999999999999,0.05,0.00800000000000001,0.338,0.026,0.967597964830849,328.359375,81.03125,"ordinary_fast",32,5,"fresh_oversampled_sketch_per_component",TRUE,""
"0.99.39","retina","classification","kernelpls","cpu","float64","argmax","rsvd",30,5,0,0.044,0.00100000000000011,0.02,0.001,0.0640000000000001,0.00100000000000011,0.967776488440596,289.6875,41.390625,"ordinary_fast",32,5,"fresh_oversampled_sketch_per_component",TRUE,""
"0.99.39","retina","classification","kernelpls","metal","float64","argmax","rsvd",30,5,0,0.383,0.0379999999999999,0.048,0.002,0.431,0.0299999999999999,0.967776488440596,343.078125,93.078125,"ordinary_fast",32,5,"fresh_oversampled_sketch_per_component",TRUE,""
"0.99.39","retina","classification","kernelpls","cpu","float64","argmax","rsvd",50,5,0,0.038,0.001,0.016,0,0.054,1.11022302462516e-16,0.967776488440596,310.71875,46.109375,"ordinary_fast",32,5,"fresh_oversampled_sketch_per_component",TRUE,""
"0.99.39","retina","classification","kernelpls","metal","float64","argmax","rsvd",50,5,0,0.432,0.0830000000000002,0.044,0.004,0.476,0.0900000000000003,0.967776488440596,373.09375,113.0625,"ordinary_fast",32,5,"fresh_oversampled_sketch_per_component",TRUE,""
"0.99.39","tabula","classification","plssvd","cpu","float64","argmax","rsvd",1,5,0,0.105,0.00600000000000012,0.13,0.0100000000000002,0.235,0.0180000000000001,0.213168461215765,439.25,133.1875,"not_applicable",32,5,"NA",NA,""
"0.99.39","tabula","classification","plssvd","metal","float64","argmax","rsvd",1,5,0,0.183,0.014,0.172,0.0119999999999998,0.355,0.0579999999999997,0.213168461215765,493.21875,183.15625,"not_applicable",32,5,"NA",NA,""
"0.99.39","tabula","classification","plssvd","cpu","float64","argmax","rsvd",2,5,0,0.114,0.0110000000000001,0.135,0.01,0.253,0.0210000000000001,0.257815777382688,407.09375,106.25,"not_applicable",32,5,"NA",NA,""
"0.99.39","tabula","classification","plssvd","metal","float64","argmax","rsvd",2,5,0,0.192,0.0169999999999999,0.182,0.00700000000000001,0.374,0.0239999999999999,0.257815777382688,425.5,120.3125,"not_applicable",32,5,"NA",NA,""
"0.99.39","tabula","classification","plssvd","cpu","float64","argmax","rsvd",5,5,0,0.117,0.023,0.142,0.0089999999999999,0.265,0.0279999999999999,0.416368684951757,388.984375,102.421875,"not_applicable",32,5,"NA",NA,""
"0.99.39","tabula","classification","plssvd","metal","float64","argmax","rsvd",5,5,0,0.178,0.0279999999999998,0.177,0.00700000000000012,0.352,0.0399999999999998,0.416368684951757,470.671875,193.9375,"not_applicable",32,5,"NA",NA,""
"0.99.39","tabula","classification","plssvd","cpu","float64","argmax","rsvd",10,5,0,0.114,0.014,0.13,0.005,0.243,0.0190000000000001,0.601769911504425,406.953125,118.96875,"not_applicable",32,5,"NA",NA,""
"0.99.39","tabula","classification","plssvd","metal","float64","argmax","rsvd",10,5,0,0.172,0.0159999999999999,0.169,0.01,0.335,0.0169999999999999,0.601769911504425,479.40625,179.703125,"not_applicable",32,5,"NA",NA,""
"0.99.39","tabula","classification","plssvd","cpu","float64","argmax","rsvd",20,5,0,0.131,0.002,0.128,0.00800000000000001,0.26,0.01,0.748097245250604,438.140625,125,"not_applicable",32,5,"NA",NA,""
"0.99.39","tabula","classification","plssvd","metal","float64","argmax","rsvd",20,5,0,0.189,0.0209999999999999,0.148,0.02,0.323,0.0209999999999998,0.748097245250604,480.078125,199.21875,"not_applicable",32,5,"NA",NA,""
"0.99.39","tabula","classification","plssvd","cpu","float64","argmax","rsvd",31,5,0,0.155,0.003,0.126,0.0089999999999999,0.282,0.004,0.779999600471444,411.765625,127.859375,"not_applicable",32,5,"NA",NA,""
"0.99.39","tabula","classification","plssvd","metal","float64","argmax","rsvd",31,5,0,0.169,0.017,0.232,0.01,0.401,1.11022302462516e-16,0.779999600471444,466.3125,160.0625,"not_applicable",32,5,"NA",NA,""
"0.99.39","tabula","classification","plssvd","cpu","float64","argmax","rsvd",32,5,0,0.158,0.00700000000000001,0.132,0.0140000000000002,0.287,0.0210000000000004,0.779999600471444,430.578125,127.3125,"not_applicable",32,5,"NA",NA,""
"0.99.39","tabula","classification","plssvd","metal","float64","argmax","rsvd",32,5,0,0.157,0.003,0.223,0.01,0.383,0.036,0.779999600471444,471.140625,168.546875,"not_applicable",32,5,"NA",NA,""
"0.99.39","tabula","classification","simpls","cpu","float64","argmax","rsvd",1,5,0,0.053,0.00199999999999989,0.128,0.00400000000000023,0.181,0.00700000000000012,0.213168461215765,408.328125,111.53125,"ordinary_fast",32,5,"fresh_oversampled_sketch_per_component",TRUE,""
"0.99.39","tabula","classification","simpls","metal","float64","argmax","rsvd",1,5,0,0.179,0.016,0.168,0.0129999999999999,0.351,0.0119999999999998,0.213168461215765,422.5,139.78125,"ordinary_fast",32,5,"fresh_oversampled_sketch_per_component",TRUE,""
"0.99.39","tabula","classification","simpls","cpu","float64","argmax","rsvd",2,5,0,0.0509999999999999,0.003,0.126,0.003,0.18,0.006,0.257316366687309,456.28125,153.671875,"ordinary_fast",32,5,"fresh_oversampled_sketch_per_component",TRUE,""
"0.99.39","tabula","classification","simpls","metal","float64","argmax","rsvd",2,5,0,0.184,0.004,0.164,0.00200000000000011,0.348,0.00199999999999989,0.257316366687309,483.53125,179.640625,"ordinary_fast",32,5,"fresh_oversampled_sketch_per_component",TRUE,""
"0.99.39","tabula","classification","simpls","cpu","float64","argmax","rsvd",5,5,0,0.0680000000000001,0.001,0.138,0.0100000000000002,0.207,0.00700000000000034,0.408777642381989,430.5625,133.15625,"ordinary_fast",32,5,"fresh_oversampled_sketch_per_component",TRUE,""
"0.99.39","tabula","classification","simpls","metal","float64","argmax","rsvd",5,5,0,0.217,0.0249999999999999,0.162,0.01,0.378,0.00599999999999989,0.408777642381989,480.53125,186.03125,"ordinary_fast",32,5,"fresh_oversampled_sketch_per_component",TRUE,""
"0.99.39","tabula","classification","simpls","cpu","float64","argmax","rsvd",10,5,0,0.0700000000000001,0.002,0.122,0.00500000000000012,0.191,0.004,0.598773447332148,459.8125,154.921875,"ordinary_fast",32,5,"fresh_oversampled_sketch_per_component",TRUE,""
"0.99.39","tabula","classification","simpls","metal","float64","argmax","rsvd",10,5,0,0.275,0.00300000000000011,0.164,0.00400000000000023,0.439,0.00700000000000034,0.598773447332148,485.78125,177.828125,"ordinary_fast",32,5,"fresh_oversampled_sketch_per_component",TRUE,""
"0.99.39","tabula","classification","simpls","cpu","float64","argmax","rsvd",20,5,0,0.0910000000000001,0.002,0.125,0.003,0.216,0.00700000000000001,0.739447452006632,459.9375,152.21875,"ordinary_fast",32,5,"fresh_oversampled_sketch_per_component",TRUE,""
"0.99.39","tabula","classification","simpls","metal","float64","argmax","rsvd",20,5,0,0.352,0.00199999999999989,0.119,0.004,0.471,0.0100000000000001,0.739447452006632,520.890625,214.546875,"ordinary_fast",32,5,"fresh_oversampled_sketch_per_component",TRUE,""
"0.99.39","tabula","classification","simpls","cpu","float64","argmax","rsvd",32,5,0,0.099,0.001,0.121,0,0.219,0.001,0.794921992049382,456.84375,150.65625,"ordinary_fast",32,5,"fresh_oversampled_sketch_per_component",TRUE,""
"0.99.39","tabula","classification","simpls","metal","float64","argmax","rsvd",32,5,0,0.52,0.0950000000000001,0.168,0.00100000000000011,0.686,0.1,0.794921992049382,539.53125,234.046875,"ordinary_fast",32,5,"fresh_oversampled_sketch_per_component",TRUE,""
"0.99.39","tabula","classification","simpls","cpu","float64","argmax","rsvd",44,5,0,0.106,0.001,0.121,0.00199999999999989,0.226,0.00299999999999989,0.800435486126371,459.984375,153.03125,"ordinary_fast",32,5,"fresh_oversampled_sketch_per_component",TRUE,""
"0.99.39","tabula","classification","simpls","metal","float64","argmax","rsvd",44,5,0,0.669,0.0429999999999999,0.136,0.0110000000000001,0.805,0.0319999999999998,0.800435486126371,458.859375,151.640625,"ordinary_fast",32,5,"fresh_oversampled_sketch_per_component",TRUE,""
"0.99.39","tabula","classification","simpls","cpu","float64","argmax","rsvd",50,5,0,0.117,0.01,0.137,0.0399999999999999,0.261,0.0689999999999998,0.800595297548892,423.625,130.90625,"ordinary_fast",32,5,"fresh_oversampled_sketch_per_component",TRUE,""
"0.99.39","tabula","classification","simpls","metal","float64","argmax","rsvd",50,5,0,0.983,0.126,0.275,0.107,1.278,0.0589999999999997,0.800595297548892,445.203125,152.0625,"ordinary_fast",32,5,"fresh_oversampled_sketch_per_component",TRUE,""
"0.99.39","tabula","classification","opls","cpu","float64","argmax","rsvd",1,5,0,0.197,0.0349999999999999,0.151,0.0169999999999999,0.36,0.046,0.1570147226273,431.765625,155.453125,"ordinary_fast",32,5,"fresh_oversampled_sketch_per_component",TRUE,""
"0.99.39","tabula","classification","opls","metal","float64","argmax","rsvd",1,5,0,0.354,0.0950000000000001,0.273,0.0200000000000002,0.632,0.072,0.1570147226273,459.46875,178.78125,"ordinary_fast",32,5,"fresh_oversampled_sketch_per_component",TRUE,""
"0.99.39","tabula","classification","opls","cpu","float64","argmax","rsvd",2,5,0,0.201,0.028,0.159,0.0109999999999999,0.362,0.0419999999999999,0.294931980263289,430.828125,152.34375,"ordinary_fast",32,5,"fresh_oversampled_sketch_per_component",TRUE,""
"0.99.39","tabula","classification","opls","metal","float64","argmax","rsvd",2,5,0,0.325,0.037,0.251,0.00599999999999978,0.573,0.037,0.294931980263289,466.140625,185.796875,"ordinary_fast",32,5,"fresh_oversampled_sketch_per_component",TRUE,""
"0.99.39","tabula","classification","opls","cpu","float64","argmax","rsvd",5,5,0,0.197,0.0300000000000001,0.159,0.0089999999999999,0.356,0.016,0.388221898160171,438.375,153.046875,"ordinary_fast",32,5,"fresh_oversampled_sketch_per_component",TRUE,""
"0.99.39","tabula","classification","opls","metal","float64","argmax","rsvd",5,5,0,0.44,0.0570000000000002,0.266,0.0270000000000001,0.684,0.065,0.388221898160171,516.890625,230.28125,"ordinary_fast",32,5,"fresh_oversampled_sketch_per_component",TRUE,""
"0.99.39","tabula","classification","opls","cpu","float64","argmax","rsvd",10,5,0,0.208,0.00499999999999989,0.162,0.00100000000000011,0.371,0.00900000000000023,0.579316406640165,435.875,152.40625,"ordinary_fast",32,5,"fresh_oversampled_sketch_per_component",TRUE,""
"0.99.39","tabula","classification","opls","metal","float64","argmax","rsvd",10,5,0,0.382,0.031,0.233,0.00499999999999989,0.611,0.0319999999999999,0.579316406640165,545.703125,243.53125,"ordinary_fast",32,5,"fresh_oversampled_sketch_per_component",TRUE,""
"0.99.39","tabula","classification","opls","cpu","float64","argmax","rsvd",20,5,0,0.221,0.032,0.158,0.0529999999999999,0.409,0.0680000000000002,0.739926886274196,435.453125,146.265625,"ordinary_fast",32,5,"fresh_oversampled_sketch_per_component",TRUE,""
"0.99.39","tabula","classification","opls","metal","float64","argmax","rsvd",20,5,0,0.473,0.026,0.224,0.002,0.696,0.0530000000000002,0.739926886274196,576.078125,269.65625,"ordinary_fast",32,5,"fresh_oversampled_sketch_per_component",TRUE,""
"0.99.39","tabula","classification","opls","cpu","float64","argmax","rsvd",32,5,0,0.215,0.005,0.132,0.004,0.348,0.00300000000000022,0.794902015621567,463.875,159.84375,"ordinary_fast",32,5,"fresh_oversampled_sketch_per_component",TRUE,""
"0.99.39","tabula","classification","opls","metal","float64","argmax","rsvd",32,5,0,0.581,0.004,0.218,0.002,0.8,0.00700000000000001,0.794902015621567,592.953125,287.84375,"ordinary_fast",32,5,"fresh_oversampled_sketch_per_component",TRUE,""
"0.99.39","tabula","classification","opls","cpu","float64","argmax","rsvd",47,5,0,0.228,0.001,0.135,0.0069999999999999,0.362,0.01,0.798138196927625,464.359375,162.015625,"ordinary_fast",32,5,"fresh_oversampled_sketch_per_component",TRUE,""
"0.99.39","tabula","classification","opls","metal","float64","argmax","rsvd",47,5,0,0.797,0.003,0.283,0.00800000000000023,1.082,0.00700000000000012,0.798138196927625,495.28125,192.359375,"ordinary_fast",32,5,"fresh_oversampled_sketch_per_component",TRUE,""
"0.99.39","tabula","classification","opls","cpu","float64","argmax","rsvd",50,5,0,0.228,0.00700000000000001,0.135,0.00599999999999978,0.36,0.00400000000000023,0.795181685610979,438.140625,137.90625,"ordinary_fast",32,5,"fresh_oversampled_sketch_per_component",TRUE,""
"0.99.39","tabula","classification","opls","metal","float64","argmax","rsvd",50,5,0,0.825,0.018,0.293,0.0119999999999998,1.111,0.0240000000000002,0.796799776264008,529.171875,225.046875,"ordinary_fast",32,5,"fresh_oversampled_sketch_per_component",TRUE,""
"0.99.39","tabula","classification","kernelpls","cpu","float64","argmax","rsvd",1,5,0,0.052,0.00199999999999989,0.133,0.001,0.185,0.00200000000000011,0.213168461215765,457.0625,150.265625,"ordinary_fast",32,5,"fresh_oversampled_sketch_per_component",TRUE,""
"0.99.39","tabula","classification","kernelpls","metal","float64","argmax","rsvd",1,5,0,0.182,0.012,0.18,0.015,0.37,0.0329999999999998,0.213168461215765,438.90625,135.765625,"ordinary_fast",32,5,"fresh_oversampled_sketch_per_component",TRUE,""
"0.99.39","tabula","classification","kernelpls","cpu","float64","argmax","rsvd",2,5,0,0.0609999999999999,0.001,0.133,0.00100000000000011,0.194,0.00499999999999978,0.257316366687309,441.859375,146.609375,"ordinary_fast",32,5,"fresh_oversampled_sketch_per_component",TRUE,""
"0.99.39","tabula","classification","kernelpls","metal","float64","argmax","rsvd",2,5,0,0.193,0.0179999999999999,0.166,0.00800000000000001,0.369,0.013,0.257316366687309,441.65625,140.75,"ordinary_fast",32,5,"fresh_oversampled_sketch_per_component",TRUE,""
"0.99.39","tabula","classification","kernelpls","cpu","float64","argmax","rsvd",5,5,0,0.066,0.00199999999999989,0.133,0.004,0.199,0.003,0.408777642381989,422.796875,121.546875,"ordinary_fast",32,5,"fresh_oversampled_sketch_per_component",TRUE,""
"0.99.39","tabula","classification","kernelpls","metal","float64","argmax","rsvd",5,5,0,0.217,0.006,0.17,0.0150000000000001,0.395,0.013,0.408777642381989,486.9375,177.5625,"ordinary_fast",32,5,"fresh_oversampled_sketch_per_component",TRUE,""
"0.99.39","tabula","classification","kernelpls","cpu","float64","argmax","rsvd",10,5,0,0.073,0.00200000000000011,0.128,0.00499999999999978,0.202,0.0079999999999999,0.598773447332148,462.71875,157.484375,"ordinary_fast",32,5,"fresh_oversampled_sketch_per_component",TRUE,""
"0.99.39","tabula","classification","kernelpls","metal","float64","argmax","rsvd",10,5,0,0.269,0.0099999999999999,0.17,0.00800000000000001,0.446,0.011,0.598773447332148,499.390625,193.15625,"ordinary_fast",32,5,"fresh_oversampled_sketch_per_component",TRUE,""
"0.99.39","tabula","classification","kernelpls","cpu","float64","argmax","rsvd",20,5,0,0.096,0.001,0.139,0.012,0.236,0.012,0.739447452006632,453.046875,149.859375,"ordinary_fast",32,5,"fresh_oversampled_sketch_per_component",TRUE,""
"0.99.39","tabula","classification","kernelpls","metal","float64","argmax","rsvd",20,5,0,0.38,0.012,0.127,0.0089999999999999,0.507,0.00300000000000011,0.739447452006632,511.015625,209.5625,"ordinary_fast",32,5,"fresh_oversampled_sketch_per_component",TRUE,""
"0.99.39","tabula","classification","kernelpls","cpu","float64","argmax","rsvd",32,5,0,0.103,0.001,0.127,0.00200000000000011,0.231,0.00300000000000011,0.794921992049382,462.890625,156.796875,"ordinary_fast",32,5,"fresh_oversampled_sketch_per_component",TRUE,""
"0.99.39","tabula","classification","kernelpls","metal","float64","argmax","rsvd",32,5,0,0.548,0.006,0.182,0.006,0.735,0.00700000000000001,0.794921992049382,536.9375,231.65625,"ordinary_fast",32,5,"fresh_oversampled_sketch_per_component",TRUE,""
"0.99.39","tabula","classification","kernelpls","cpu","float64","argmax","rsvd",44,5,0,0.112,0.005,0.132,0.006,0.243,0.003,0.800435486126371,442.71875,141.375,"ordinary_fast",32,5,"fresh_oversampled_sketch_per_component",TRUE,""
"0.99.39","tabula","classification","kernelpls","metal","float64","argmax","rsvd",44,5,0,0.688,0.037,0.128,0.00499999999999989,0.813,0.0559999999999999,0.800435486126371,492.5,191.453125,"ordinary_fast",32,5,"fresh_oversampled_sketch_per_component",TRUE,""
"0.99.39","tabula","classification","kernelpls","cpu","float64","argmax","rsvd",50,5,0,0.114,0.001,0.126,0.002,0.24,0.004,0.800595297548892,441.75,137.5625,"ordinary_fast",32,5,"fresh_oversampled_sketch_per_component",TRUE,""
"0.99.39","tabula","classification","kernelpls","metal","float64","argmax","rsvd",50,5,0,0.734,0.0079999999999999,0.185,0.00400000000000023,0.919,0.00999999999999968,0.800595297548892,562.109375,254.140625,"ordinary_fast",32,5,"fresh_oversampled_sketch_per_component",TRUE,""
"0.99.39","tcga_brca","classification","plssvd","cpu","float64","argmax","rsvd",1,5,0,0.00900000000000001,0.001,0.002,0,0.011,0,0.659090909090909,235.09375,1.328125,"not_applicable",32,5,"NA",NA,""
"0.99.39","tcga_brca","classification","plssvd","metal","float64","argmax","rsvd",1,5,0,0.062,0.003,0.005,0.001,0.067,0.002,0.659090909090909,254.359375,26.0625,"not_applicable",32,5,"NA",NA,""
"0.99.39","tcga_brca","classification","plssvd","cpu","float64","argmax","rsvd",2,5,0,0.01,0,0.002,0.001,0.011,0.001,0.806818181818182,233.953125,6.875,"not_applicable",32,5,"NA",NA,""
"0.99.39","tcga_brca","classification","plssvd","metal","float64","argmax","rsvd",2,5,0,0.062,0.004,0.003,0,0.065,0.004,0.806818181818182,252.25,25.796875,"not_applicable",32,5,"NA",NA,""
"0.99.39","tcga_brca","classification","plssvd","cpu","float64","argmax","rsvd",3,5,0,0.00900000000000001,0.001,0.002,0.001,0.011,0,0.840909090909091,233.578125,7.015625,"not_applicable",32,5,"NA",NA,""
"0.99.39","tcga_brca","classification","plssvd","metal","float64","argmax","rsvd",3,5,0,0.063,0.00099999999999989,0.00499999999999989,0.001,0.068,0.00299999999999989,0.840909090909091,248.171875,23.296875,"not_applicable",32,5,"NA",NA,""
"0.99.39","tcga_brca","classification","plssvd","cpu","float64","argmax","rsvd",5,5,0,0.01,0,0.002,0,0.012,0.001,0.886363636363636,236.140625,6.90625,"not_applicable",32,5,"NA",NA,""
"0.99.39","tcga_brca","classification","plssvd","metal","float64","argmax","rsvd",5,5,0,0.064,0.006,0.004,0.002,0.069,0.005,0.886363636363636,255.328125,25.921875,"not_applicable",32,5,"NA",NA,""
"0.99.39","tcga_brca","classification","simpls","cpu","float64","argmax","rsvd",1,5,0,0.00900000000000001,1.11022302462516e-16,0.002,0,0.0109999999999999,0.001,0.659090909090909,240.875,12.359375,"ordinary_fast",32,5,"fresh_oversampled_sketch_per_component",TRUE,""
"0.99.39","tcga_brca","classification","simpls","metal","float64","argmax","rsvd",1,5,0,0.069,0.003,0.004,0.001,0.073,0.001,0.659090909090909,252.21875,25.859375,"ordinary_fast",32,5,"fresh_oversampled_sketch_per_component",TRUE,""
"0.99.39","tcga_brca","classification","simpls","cpu","float64","argmax","rsvd",2,5,0,0.00900000000000001,0.001,0.002,0,0.011,0.001,0.806818181818182,239,12.4375,"ordinary_fast",32,5,"fresh_oversampled_sketch_per_component",TRUE,""
"0.99.39","tcga_brca","classification","simpls","metal","float64","argmax","rsvd",2,5,0,0.072,0.002,0.004,0.001,0.076,0.002,0.806818181818182,252.953125,25.46875,"ordinary_fast",32,5,"fresh_oversampled_sketch_per_component",TRUE,""
"0.99.39","tcga_brca","classification","simpls","cpu","float64","argmax","rsvd",3,5,0,0.011,0,0.002,0.001,0.013,0.001,0.806818181818182,238.90625,12.34375,"ordinary_fast",32,5,"fresh_oversampled_sketch_per_component",TRUE,""
"0.99.39","tcga_brca","classification","simpls","metal","float64","argmax","rsvd",3,5,0,0.084,0.006,0.00700000000000001,0.004,0.087,0.005,0.806818181818182,256.765625,26.21875,"ordinary_fast",32,5,"fresh_oversampled_sketch_per_component",TRUE,""
"0.99.39","tcga_brca","classification","simpls","cpu","float64","argmax","rsvd",5,5,0,0.013,0,0.002,0,0.015,0,0.852272727272727,239.65625,12.390625,"ordinary_fast",32,5,"fresh_oversampled_sketch_per_component",TRUE,""
"0.99.39","tcga_brca","classification","simpls","metal","float64","argmax","rsvd",5,5,0,0.093,0.011,0.004,0.00100000000000011,0.098,0.012,0.852272727272727,248.28125,21.046875,"ordinary_fast",32,5,"fresh_oversampled_sketch_per_component",TRUE,""
"0.99.39","tcga_brca","classification","simpls","cpu","float64","argmax","rsvd",7,5,0,0.014,1.11022302462516e-16,0.002,0,0.016,1.11022302462516e-16,0.852272727272727,241.09375,12.359375,"ordinary_fast",32,5,"fresh_oversampled_sketch_per_component",TRUE,""
"0.99.39","tcga_brca","classification","simpls","metal","float64","argmax","rsvd",7,5,0,0.09,0.00700000000000001,0.004,0.001,0.095,0.0099999999999999,0.852272727272727,255.328125,26.09375,"ordinary_fast",32,5,"fresh_oversampled_sketch_per_component",TRUE,""
"0.99.39","tcga_brca","classification","simpls","cpu","float64","argmax","rsvd",10,5,0,0.017,0,0.002,0,0.019,1.11022302462516e-16,0.863636363636364,239.640625,12.34375,"ordinary_fast",32,5,"fresh_oversampled_sketch_per_component",TRUE,""
"0.99.39","tcga_brca","classification","simpls","metal","float64","argmax","rsvd",10,5,0,0.104,0.014,0.003,0.00100000000000011,0.107,0.016,0.863636363636364,254.703125,25.734375,"ordinary_fast",32,5,"fresh_oversampled_sketch_per_component",TRUE,""
"0.99.39","tcga_brca","classification","simpls","cpu","float64","argmax","rsvd",20,5,0,0.0259999999999999,0.001,0.002,0,0.0269999999999999,0.001,0.818181818181818,238.078125,12.359375,"ordinary_fast",32,5,"fresh_oversampled_sketch_per_component",TRUE,""
"0.99.39","tcga_brca","classification","simpls","metal","float64","argmax","rsvd",20,5,0,0.132,0.0179999999999999,0.004,0.001,0.137,0.0189999999999999,0.818181818181818,251.03125,26.46875,"ordinary_fast",32,5,"fresh_oversampled_sketch_per_component",TRUE,""
"0.99.39","tcga_brca","classification","simpls","cpu","float64","argmax","rsvd",50,5,0,0.0529999999999999,0,0.002,0.001,0.0549999999999999,0.001,0.738636363636364,240.53125,12.6875,"ordinary_fast",32,5,"fresh_oversampled_sketch_per_component",TRUE,""
"0.99.39","tcga_brca","classification","simpls","metal","float64","argmax","rsvd",50,5,0,0.232,0.013,0.005,0,0.237,0.013,0.738636363636364,262.359375,35.5,"ordinary_fast",32,5,"fresh_oversampled_sketch_per_component",TRUE,""
"0.99.39","tcga_brca","classification","opls","cpu","float64","argmax","rsvd",1,5,0,0.017,0.001,0.002,0,0.019,0.001,0.659090909090909,248.09375,23.953125,"ordinary_fast",32,5,"fresh_oversampled_sketch_per_component",TRUE,""
"0.99.39","tcga_brca","classification","opls","metal","float64","argmax","rsvd",1,5,0,0.123,0.014,0.006,0.002,0.132,0.012,0.659090909090909,255.28125,31.328125,"ordinary_fast",32,5,"fresh_oversampled_sketch_per_component",TRUE,""
"0.99.39","tcga_brca","classification","opls","cpu","float64","argmax","rsvd",2,5,0,0.017,0.001,0.002,0,0.02,0.001,0.738636363636364,247.109375,18.328125,"ordinary_fast",32,5,"fresh_oversampled_sketch_per_component",TRUE,""
"0.99.39","tcga_brca","classification","opls","metal","float64","argmax","rsvd",2,5,0,0.13,0.01,0.006,0.001,0.136,0.00900000000000001,0.738636363636364,252.640625,25.984375,"ordinary_fast",32,5,"fresh_oversampled_sketch_per_component",TRUE,""
"0.99.39","tcga_brca","classification","opls","cpu","float64","argmax","rsvd",3,5,0,0.019,0.003,0.002,0.001,0.022,0.002,0.806818181818182,247.09375,18.4375,"ordinary_fast",32,5,"fresh_oversampled_sketch_per_component",TRUE,""
"0.99.39","tcga_brca","classification","opls","metal","float64","argmax","rsvd",3,5,0,0.138,0.00700000000000012,0.005,0.001,0.143,0.00900000000000012,0.806818181818182,251.6875,22.578125,"ordinary_fast",32,5,"fresh_oversampled_sketch_per_component",TRUE,""
"0.99.39","tcga_brca","classification","opls","cpu","float64","argmax","rsvd",5,5,0,0.0209999999999999,0.00199999999999989,0.002,0,0.0229999999999999,0.00199999999999989,0.818181818181818,246.4375,18.453125,"ordinary_fast",32,5,"fresh_oversampled_sketch_per_component",TRUE,""
"0.99.39","tcga_brca","classification","opls","metal","float64","argmax","rsvd",5,5,0,0.149,0.0179999999999999,0.00700000000000001,0.001,0.157,0.0199999999999999,0.818181818181818,257.703125,26.671875,"ordinary_fast",32,5,"fresh_oversampled_sketch_per_component",TRUE,""
"0.99.39","tcga_brca","classification","opls","cpu","float64","argmax","rsvd",10,5,0,0.0259999999999999,0.00100000000000011,0.002,0,0.0279999999999999,1.11022302462516e-16,0.818181818181818,248.46875,23.84375,"ordinary_fast",32,5,"fresh_oversampled_sketch_per_component",TRUE,""
"0.99.39","tcga_brca","classification","opls","metal","float64","argmax","rsvd",10,5,0,0.176,0.002,0.00800000000000001,0,0.184,0.003,0.818181818181818,257.328125,26.1875,"ordinary_fast",32,5,"fresh_oversampled_sketch_per_component",TRUE,""
"0.99.39","tcga_brca","classification","opls","cpu","float64","argmax","rsvd",20,5,0,0.0339999999999999,0.002,0.002,0,0.0359999999999999,0.002,0.738636363636364,250.203125,23.78125,"ordinary_fast",32,5,"fresh_oversampled_sketch_per_component",TRUE,""
"0.99.39","tcga_brca","classification","opls","metal","float64","argmax","rsvd",20,5,0,0.236,0.004,0.00900000000000001,0.003,0.246,0.004,0.738636363636364,254.03125,27.328125,"ordinary_fast",32,5,"fresh_oversampled_sketch_per_component",TRUE,""
"0.99.39","tcga_brca","classification","opls","cpu","float64","argmax","rsvd",50,5,0,0.062,0.001,0.002,0,0.064,0.001,0.704545454545455,251.03125,24.21875,"ordinary_fast",32,5,"fresh_oversampled_sketch_per_component",TRUE,""
"0.99.39","tcga_brca","classification","opls","metal","float64","argmax","rsvd",50,5,0,0.347,0.049,0.00700000000000001,0.004,0.354,0.045,0.704545454545455,271.953125,42.78125,"ordinary_fast",32,5,"fresh_oversampled_sketch_per_component",TRUE,""
"0.99.39","tcga_brca","classification","kernelpls","cpu","float64","argmax","rsvd",1,5,0,0.00900000000000001,0.001,0.002,0,0.011,0.001,0.659090909090909,239.65625,12.375,"ordinary_fast",32,5,"fresh_oversampled_sketch_per_component",TRUE,""
"0.99.39","tcga_brca","classification","kernelpls","metal","float64","argmax","rsvd",1,5,0,0.07,0.005,0.005,0.001,0.076,0.006,0.659090909090909,254.65625,26.015625,"ordinary_fast",32,5,"fresh_oversampled_sketch_per_component",TRUE,""
"0.99.39","tcga_brca","classification","kernelpls","cpu","float64","argmax","rsvd",2,5,0,0.01,0.001,0.002,0,0.012,0.001,0.806818181818182,240.9375,12.421875,"ordinary_fast",32,5,"fresh_oversampled_sketch_per_component",TRUE,""
"0.99.39","tcga_brca","classification","kernelpls","metal","float64","argmax","rsvd",2,5,0,0.076,0.005,0.005,0.002,0.085,0.00700000000000001,0.806818181818182,255.21875,25.78125,"ordinary_fast",32,5,"fresh_oversampled_sketch_per_component",TRUE,""
"0.99.39","tcga_brca","classification","kernelpls","cpu","float64","argmax","rsvd",3,5,0,0.011,0.001,0.002,0.001,0.013,0,0.806818181818182,241.84375,12.359375,"ordinary_fast",32,5,"fresh_oversampled_sketch_per_component",TRUE,""
"0.99.39","tcga_brca","classification","kernelpls","metal","float64","argmax","rsvd",3,5,0,0.081,0.006,0.005,0.002,0.086,0.005,0.806818181818182,255.96875,26.046875,"ordinary_fast",32,5,"fresh_oversampled_sketch_per_component",TRUE,""
"0.99.39","tcga_brca","classification","kernelpls","cpu","float64","argmax","rsvd",5,5,0,0.013,0.001,0.002,0,0.015,0.001,0.852272727272727,241.453125,12.359375,"ordinary_fast",32,5,"fresh_oversampled_sketch_per_component",TRUE,""
"0.99.39","tcga_brca","classification","kernelpls","metal","float64","argmax","rsvd",5,5,0,0.096,0.014,0.004,1.11022302462516e-16,0.1,0.017,0.852272727272727,249.421875,25.75,"ordinary_fast",32,5,"fresh_oversampled_sketch_per_component",TRUE,""
"0.99.39","tcga_brca","classification","kernelpls","cpu","float64","argmax","rsvd",7,5,0,0.013,0.001,0.001,0.001,0.015,0.001,0.852272727272727,242.703125,12.4375,"ordinary_fast",32,5,"fresh_oversampled_sketch_per_component",TRUE,""
"0.99.39","tcga_brca","classification","kernelpls","metal","float64","argmax","rsvd",7,5,0,0.091,0.003,0.004,0.001,0.094,0.003,0.852272727272727,254.484375,26.703125,"ordinary_fast",32,5,"fresh_oversampled_sketch_per_component",TRUE,""
"0.99.39","tcga_brca","classification","kernelpls","cpu","float64","argmax","rsvd",10,5,0,0.016,0,0.002,0.001,0.018,0,0.863636363636364,238.65625,12.421875,"ordinary_fast",32,5,"fresh_oversampled_sketch_per_component",TRUE,""
"0.99.39","tcga_brca","classification","kernelpls","metal","float64","argmax","rsvd",10,5,0,0.101,0.015,0.004,0,0.105,0.016,0.863636363636364,256.625,29.1875,"ordinary_fast",32,5,"fresh_oversampled_sketch_per_component",TRUE,""
"0.99.39","tcga_brca","classification","kernelpls","cpu","float64","argmax","rsvd",20,5,0,0.0289999999999999,0.00800000000000023,0.002,0,0.0309999999999999,0.00800000000000023,0.818181818181818,240.53125,12.34375,"ordinary_fast",32,5,"fresh_oversampled_sketch_per_component",TRUE,""
"0.99.39","tcga_brca","classification","kernelpls","metal","float64","argmax","rsvd",20,5,0,0.166,0.005,0.005,0.002,0.171,0.003,0.818181818181818,236.9375,26.34375,"ordinary_fast",32,5,"fresh_oversampled_sketch_per_component",TRUE,""
"0.99.39","tcga_brca","classification","kernelpls","cpu","float64","argmax","rsvd",50,5,0,0.0589999999999999,0.003,0.002,0,0.0609999999999999,0.003,0.738636363636364,226.015625,13.125,"ordinary_fast",32,5,"fresh_oversampled_sketch_per_component",TRUE,""
"0.99.39","tcga_brca","classification","kernelpls","metal","float64","argmax","rsvd",50,5,0,0.306,0.0529999999999999,0.006,0.00399999999999989,0.315,0.054,0.738636363636364,245.625,33.09375,"ordinary_fast",32,5,"fresh_oversampled_sketch_per_component",TRUE,""
"0.99.39","tcga_hnsc_methylation","classification","plssvd","cpu","float64","argmax","rsvd",1,5,0,0.006,0.001,0.002,0,0.00800000000000001,0.001,1,216.640625,4.234375,"not_applicable",32,5,"NA",NA,""
"0.99.39","tcga_hnsc_methylation","classification","plssvd","metal","float64","argmax","rsvd",1,5,0,0.0609999999999999,0.016,0.003,0.001,0.068,0.016,1,221.90625,12.5625,"not_applicable",32,5,"NA",NA,""
"0.99.39","tcga_hnsc_methylation","classification","plssvd","cpu","float64","argmax","rsvd",2,5,0,0.00700000000000001,0,0.002,0,0.00900000000000001,0,1,213.4375,4.40625,"not_applicable",32,5,"NA",NA,""
"0.99.39","tcga_hnsc_methylation","classification","plssvd","metal","float64","argmax","rsvd",2,5,0,0.069,0.022,0.005,0.003,0.075,0.02,1,222.265625,14.1875,"not_applicable",32,5,"NA",NA,""
"0.99.39","tcga_hnsc_methylation","classification","simpls","cpu","float64","argmax","rsvd",1,5,0,0.00700000000000001,0.001,0.002,0.001,0.00900000000000001,0.001,1,221.53125,3.90625,"ordinary_fast",32,5,"fresh_oversampled_sketch_per_component",TRUE,""
"0.99.39","tcga_hnsc_methylation","classification","simpls","metal","float64","argmax","rsvd",1,5,0,0.0760000000000001,0.0079999999999999,0.003,0.002,0.0790000000000001,0.0099999999999999,1,223.71875,12.21875,"ordinary_fast",32,5,"fresh_oversampled_sketch_per_component",TRUE,""
"0.99.39","tcga_hnsc_methylation","classification","simpls","cpu","float64","argmax","rsvd",2,5,0,0.00800000000000001,0.002,0.002,0,0.01,0.003,1,217.140625,7.796875,"ordinary_fast",32,5,"fresh_oversampled_sketch_per_component",TRUE,""
"0.99.39","tcga_hnsc_methylation","classification","simpls","metal","float64","argmax","rsvd",2,5,0,0.0740000000000001,0.0079999999999999,0.004,0.001,0.0780000000000001,0.0089999999999999,1,223.3125,15.828125,"ordinary_fast",32,5,"fresh_oversampled_sketch_per_component",TRUE,""
"0.99.39","tcga_hnsc_methylation","classification","simpls","cpu","float64","argmax","rsvd",5,5,0,0.00900000000000001,0.00499999999999989,0.002,0.002,0.011,0.0069999999999999,0.982758620689655,216.078125,5.375,"ordinary_fast",32,5,"fresh_oversampled_sketch_per_component",TRUE,""
"0.99.39","tcga_hnsc_methylation","classification","simpls","metal","float64","argmax","rsvd",5,5,0,0.083,0.0450000000000002,0.004,0.002,0.089,0.0460000000000002,0.982758620689655,223.125,13.46875,"ordinary_fast",32,5,"fresh_oversampled_sketch_per_component",TRUE,""
"0.99.39","tcga_hnsc_methylation","classification","simpls","cpu","float64","argmax","rsvd",10,5,0,0.011,0.004,0.002,0,0.013,0.004,1,215.390625,5.5625,"ordinary_fast",32,5,"fresh_oversampled_sketch_per_component",TRUE,""
"0.99.39","tcga_hnsc_methylation","classification","simpls","metal","float64","argmax","rsvd",10,5,0,0.142,0.047,0.004,0.002,0.151,0.0330000000000001,1,214.75,6.609375,"ordinary_fast",32,5,"fresh_oversampled_sketch_per_component",TRUE,""
"0.99.39","tcga_hnsc_methylation","classification","simpls","cpu","float64","argmax","rsvd",20,5,0,0.014,0.001,0.002,0,0.016,0.00100000000000011,1,216.0625,7.296875,"ordinary_fast",32,5,"fresh_oversampled_sketch_per_component",TRUE,""
"0.99.39","tcga_hnsc_methylation","classification","simpls","metal","float64","argmax","rsvd",20,5,0,0.136,0.004,0.005,0.003,0.14,0.005,1,222.5,16.453125,"ordinary_fast",32,5,"fresh_oversampled_sketch_per_component",TRUE,""
"0.99.39","tcga_hnsc_methylation","classification","simpls","cpu","float64","argmax","rsvd",50,5,0,0.026,0.003,0.002,0.001,0.028,0.004,0.896551724137931,213.6875,3.640625,"ordinary_fast",32,5,"fresh_oversampled_sketch_per_component",TRUE,""
"0.99.39","tcga_hnsc_methylation","classification","simpls","metal","float64","argmax","rsvd",50,5,0,0.239,0.00800000000000001,0.006,0.00200000000000011,0.244,0.0089999999999999,0.896551724137931,228.71875,17.53125,"ordinary_fast",32,5,"fresh_oversampled_sketch_per_component",TRUE,""
"0.99.39","tcga_hnsc_methylation","classification","opls","cpu","float64","argmax","rsvd",1,5,0,0.012,0.003,0.003,0,0.015,0.002,1,221.984375,10.171875,"ordinary_fast",32,5,"fresh_oversampled_sketch_per_component",TRUE,""
"0.99.39","tcga_hnsc_methylation","classification","opls","metal","float64","argmax","rsvd",1,5,0,0.155,0.016,0.005,0.002,0.162,0.0160000000000001,1,225.28125,9.875,"ordinary_fast",32,5,"fresh_oversampled_sketch_per_component",TRUE,""
"0.99.39","tcga_hnsc_methylation","classification","opls","cpu","float64","argmax","rsvd",2,5,0,0.012,0.003,0.002,0.002,0.014,0.005,0.982758620689655,219.078125,9.875,"ordinary_fast",32,5,"fresh_oversampled_sketch_per_component",TRUE,""
"0.99.39","tcga_hnsc_methylation","classification","opls","metal","float64","argmax","rsvd",2,5,0,0.178,0.00800000000000012,0.006,0.00099999999999989,0.184,0.00900000000000001,0.982758620689655,222.734375,12.953125,"ordinary_fast",32,5,"fresh_oversampled_sketch_per_component",TRUE,""
"0.99.39","tcga_hnsc_methylation","classification","opls","cpu","float64","argmax","rsvd",5,5,0,0.0169999999999999,0.006,0.003,0.001,0.0199999999999999,0.005,0.982758620689655,217.578125,11.359375,"ordinary_fast",32,5,"fresh_oversampled_sketch_per_component",TRUE,""
"0.99.39","tcga_hnsc_methylation","classification","opls","metal","float64","argmax","rsvd",5,5,0,0.175,0.0279999999999999,0.00700000000000001,0.00100000000000011,0.181,0.0239999999999998,0.982758620689655,225.296875,17.6875,"ordinary_fast",32,5,"fresh_oversampled_sketch_per_component",TRUE,""
"0.99.39","tcga_hnsc_methylation","classification","opls","cpu","float64","argmax","rsvd",10,5,0,0.013,0.001,0.002,0,0.015,0.001,1,229.296875,10.140625,"ordinary_fast",32,5,"fresh_oversampled_sketch_per_component",TRUE,""
"0.99.39","tcga_hnsc_methylation","classification","opls","metal","float64","argmax","rsvd",10,5,0,0.189,0.00700000000000001,0.006,0.00299999999999989,0.195,0.01,1,225.703125,11.71875,"ordinary_fast",32,5,"fresh_oversampled_sketch_per_component",TRUE,""
"0.99.39","tcga_hnsc_methylation","classification","opls","cpu","float64","argmax","rsvd",20,5,0,0.0199999999999999,0.001,0.002,0.001,0.022,0.00199999999999989,1,219.109375,12.984375,"ordinary_fast",32,5,"fresh_oversampled_sketch_per_component",TRUE,""
"0.99.39","tcga_hnsc_methylation","classification","opls","metal","float64","argmax","rsvd",20,5,0,0.197,0.018,0.005,0.000999999999999779,0.202,0.0199999999999999,1,227.640625,14.0625,"ordinary_fast",32,5,"fresh_oversampled_sketch_per_component",TRUE,""
"0.99.39","tcga_hnsc_methylation","classification","opls","cpu","float64","argmax","rsvd",50,5,0,0.027,0.00599999999999989,0.002,0.001,0.029,0.0069999999999999,0.896551724137931,224.296875,10.828125,"ordinary_fast",32,5,"fresh_oversampled_sketch_per_component",TRUE,""
"0.99.39","tcga_hnsc_methylation","classification","opls","metal","float64","argmax","rsvd",50,5,0,0.272,0.0429999999999999,0.006,0.002,0.28,0.042,0.896551724137931,232.578125,18.234375,"ordinary_fast",32,5,"fresh_oversampled_sketch_per_component",TRUE,""
"0.99.39","tcga_hnsc_methylation","classification","kernelpls","cpu","float64","argmax","rsvd",1,5,0,0.00800000000000001,0.001,0.002,0,0.01,0.001,1,219.4375,7.265625,"ordinary_fast",32,5,"fresh_oversampled_sketch_per_component",TRUE,""
"0.99.39","tcga_hnsc_methylation","classification","kernelpls","metal","float64","argmax","rsvd",1,5,0,0.0599999999999999,0.0160000000000001,0.003,0.001,0.063,0.0180000000000001,1,239.109375,14.65625,"ordinary_fast",32,5,"fresh_oversampled_sketch_per_component",TRUE,""
"0.99.39","tcga_hnsc_methylation","classification","kernelpls","cpu","float64","argmax","rsvd",2,5,0,0.00700000000000001,0,0.002,0.001,0.00900000000000001,0.001,1,230.578125,3.96875,"ordinary_fast",32,5,"fresh_oversampled_sketch_per_component",TRUE,""
"0.99.39","tcga_hnsc_methylation","classification","kernelpls","metal","float64","argmax","rsvd",2,5,0,0.068,0.00700000000000001,0.003,0,0.071,0.00800000000000001,1,240.40625,12.875,"ordinary_fast",32,5,"fresh_oversampled_sketch_per_component",TRUE,""
"0.99.39","tcga_hnsc_methylation","classification","kernelpls","cpu","float64","argmax","rsvd",5,5,0,0.00800000000000001,0,0.002,0,0.01,0,0.982758620689655,234.28125,7.359375,"ordinary_fast",32,5,"fresh_oversampled_sketch_per_component",TRUE,""
"0.99.39","tcga_hnsc_methylation","classification","kernelpls","metal","float64","argmax","rsvd",5,5,0,0.075,0.003,0.004,0.001,0.079,0.004,0.982758620689655,247.359375,17.484375,"ordinary_fast",32,5,"fresh_oversampled_sketch_per_component",TRUE,""
"0.99.39","tcga_hnsc_methylation","classification","kernelpls","cpu","float64","argmax","rsvd",10,5,0,0.01,0,0.002,0,0.012,0.001,1,229.921875,1.171875,"ordinary_fast",32,5,"fresh_oversampled_sketch_per_component",TRUE,""
"0.99.39","tcga_hnsc_methylation","classification","kernelpls","metal","float64","argmax","rsvd",10,5,0,0.085,0.002,0.005,0,0.09,0.002,1,248.125,14.875,"ordinary_fast",32,5,"fresh_oversampled_sketch_per_component",TRUE,""
"0.99.39","tcga_hnsc_methylation","classification","kernelpls","cpu","float64","argmax","rsvd",20,5,0,0.013,0,0.002,0.001,0.015,0.001,1,234.75,1.0625,"ordinary_fast",32,5,"fresh_oversampled_sketch_per_component",TRUE,""
"0.99.39","tcga_hnsc_methylation","classification","kernelpls","metal","float64","argmax","rsvd",20,5,0,0.109,0.011,0.004,0.001,0.113,0.00900000000000001,1,246.609375,17.203125,"ordinary_fast",32,5,"fresh_oversampled_sketch_per_component",TRUE,""
"0.99.39","tcga_hnsc_methylation","classification","kernelpls","cpu","float64","argmax","rsvd",50,5,0,0.023,0.002,0.002,0,0.025,0.002,0.896551724137931,232.15625,7.0625,"ordinary_fast",32,5,"fresh_oversampled_sketch_per_component",TRUE,""
"0.99.39","tcga_hnsc_methylation","classification","kernelpls","metal","float64","argmax","rsvd",50,5,0,0.175,0.034,0.005,0,0.179,0.034,0.896551724137931,249.953125,26.46875,"ordinary_fast",32,5,"fresh_oversampled_sketch_per_component",TRUE,""
"0.99.39","tcga_pan_cancer","classification","plssvd","cpu","float64","argmax","rsvd",1,5,0,0.097,0.001,0.011,0,0.108,0.001,0.208757637474542,279.921875,27.65625,"not_applicable",32,5,"NA",NA,""
"0.99.39","tcga_pan_cancer","classification","plssvd","metal","float64","argmax","rsvd",1,5,0,0.086,0.00700000000000001,0.0139999999999999,0.00199999999999989,0.0989999999999999,0.0120000000000001,0.208757637474542,326.640625,77.203125,"not_applicable",32,5,"NA",NA,""
"0.99.39","tcga_pan_cancer","classification","plssvd","cpu","float64","argmax","rsvd",2,5,0,0.099,0.001,0.011,0.001,0.11,1.11022302462516e-16,0.242362525458248,281.78125,27.3125,"not_applicable",32,5,"NA",NA,""
"0.99.39","tcga_pan_cancer","classification","plssvd","metal","float64","argmax","rsvd",2,5,0,0.083,0.003,0.0139999999999999,1.11022302462516e-16,0.0969999999999999,0.00399999999999989,0.242362525458248,327.625,78.09375,"not_applicable",32,5,"NA",NA,""
"0.99.39","tcga_pan_cancer","classification","plssvd","cpu","float64","argmax","rsvd",5,5,0,0.099,0.001,0.011,0,0.11,0.001,0.439918533604888,275.65625,29.109375,"not_applicable",32,5,"NA",NA,""
"0.99.39","tcga_pan_cancer","classification","plssvd","metal","float64","argmax","rsvd",5,5,0,0.0810000000000001,0.00299999999999989,0.014,0,0.0950000000000001,0.00599999999999978,0.439918533604888,327.828125,71.734375,"not_applicable",32,5,"NA",NA,""
"0.99.39","tcga_pan_cancer","classification","plssvd","cpu","float64","argmax","rsvd",10,5,0,0.103,0.001,0.011,0,0.114,0.001,0.609979633401222,279.125,27.078125,"not_applicable",32,5,"NA",NA,""
"0.99.39","tcga_pan_cancer","classification","plssvd","metal","float64","argmax","rsvd",10,5,0,0.084,0.001,0.0159999999999999,0.00100000000000011,0.0999999999999999,0.002,0.609979633401222,325.265625,76.96875,"not_applicable",32,5,"NA",NA,""
"0.99.39","tcga_pan_cancer","classification","plssvd","cpu","float64","argmax","rsvd",20,5,0,0.111,0,0.011,0,0.122,0,0.79837067209776,279.25,27.15625,"not_applicable",32,5,"NA",NA,""
"0.99.39","tcga_pan_cancer","classification","plssvd","metal","float64","argmax","rsvd",20,5,0,0.085,0.005,0.0149999999999999,0.001,0.0999999999999999,0.004,0.79837067209776,326.65625,76.953125,"not_applicable",32,5,"NA",NA,""
"0.99.39","tcga_pan_cancer","classification","plssvd","cpu","float64","argmax","rsvd",30,5,0,0.12,0.001,0.011,0,0.131,0.001,0.882892057026477,276.578125,27.96875,"not_applicable",32,5,"NA",NA,""
"0.99.39","tcga_pan_cancer","classification","plssvd","metal","float64","argmax","rsvd",30,5,0,0.084,0.00700000000000001,0.0149999999999999,0.001,0.0999999999999999,0.00800000000000001,0.882892057026477,326.6875,76.78125,"not_applicable",32,5,"NA",NA,""
"0.99.39","tcga_pan_cancer","classification","plssvd","cpu","float64","argmax","rsvd",32,5,0,0.121,0.001,0.011,0,0.132,0.001,0.880855397148676,277.515625,27.09375,"not_applicable",32,5,"NA",NA,""
"0.99.39","tcga_pan_cancer","classification","plssvd","metal","float64","argmax","rsvd",32,5,0,0.085,0.004,0.0149999999999999,0.00199999999999989,0.0999999999999999,0.005,0.880855397148676,333.0625,77.125,"not_applicable",32,5,"NA",NA,""
"0.99.39","tcga_pan_cancer","classification","simpls","cpu","float64","argmax","rsvd",1,5,0,0.0549999999999999,0.006,0.012,0.00199999999999989,0.067,0.0079999999999999,0.208757637474542,294.84375,46.171875,"ordinary_fast",32,5,"fresh_oversampled_sketch_per_component",TRUE,""
"0.99.39","tcga_pan_cancer","classification","simpls","metal","float64","argmax","rsvd",1,5,0,0.098,0.0069999999999999,0.014,0.001,0.112,0.006,0.208757637474542,323.3125,77.375,"ordinary_fast",32,5,"fresh_oversampled_sketch_per_component",TRUE,""
"0.99.39","tcga_pan_cancer","classification","simpls","cpu","float64","argmax","rsvd",2,5,0,0.068,0.00700000000000001,0.011,0.001,0.079,0.00800000000000001,0.242362525458248,294.125,46.703125,"ordinary_fast",32,5,"fresh_oversampled_sketch_per_component",TRUE,""
"0.99.39","tcga_pan_cancer","classification","simpls","metal","float64","argmax","rsvd",2,5,0,0.106,0.00800000000000001,0.014,0.00299999999999989,0.119,0.0129999999999999,0.242362525458248,324.34375,77.265625,"ordinary_fast",32,5,"fresh_oversampled_sketch_per_component",TRUE,""
"0.99.39","tcga_pan_cancer","classification","simpls","cpu","float64","argmax","rsvd",5,5,0,0.113,0,0.011,0,0.124,0,0.441955193482688,293.125,46.1875,"ordinary_fast",32,5,"fresh_oversampled_sketch_per_component",TRUE,""
"0.99.39","tcga_pan_cancer","classification","simpls","metal","float64","argmax","rsvd",5,5,0,0.137,0.003,0.013,0,0.15,0.003,0.441955193482688,323.53125,76.59375,"ordinary_fast",32,5,"fresh_oversampled_sketch_per_component",TRUE,""
"0.99.39","tcga_pan_cancer","classification","simpls","cpu","float64","argmax","rsvd",10,5,0,0.189,0.001,0.011,0,0.201,0.001,0.612016293279022,298.03125,47.171875,"ordinary_fast",32,5,"fresh_oversampled_sketch_per_component",TRUE,""
"0.99.39","tcga_pan_cancer","classification","simpls","metal","float64","argmax","rsvd",10,5,0,0.189,0.002,0.014,0.002,0.202,0.005,0.612016293279022,330.953125,80.1875,"ordinary_fast",32,5,"fresh_oversampled_sketch_per_component",TRUE,""
"0.99.39","tcga_pan_cancer","classification","simpls","cpu","float64","argmax","rsvd",20,5,0,0.348,0.00600000000000023,0.012,0.00099999999999989,0.36,0.00500000000000034,0.789205702647658,294.421875,46.609375,"ordinary_fast",32,5,"fresh_oversampled_sketch_per_component",TRUE,""
"0.99.39","tcga_pan_cancer","classification","simpls","metal","float64","argmax","rsvd",20,5,0,0.295,0.018,0.014,0.002,0.31,0.018,0.789205702647658,334.140625,84.078125,"ordinary_fast",32,5,"fresh_oversampled_sketch_per_component",TRUE,""
"0.99.39","tcga_pan_cancer","classification","simpls","cpu","float64","argmax","rsvd",32,5,0,0.542,0.0199999999999999,0.012,0.00099999999999989,0.554,0.0209999999999998,0.894093686354379,295.046875,46.484375,"ordinary_fast",32,5,"fresh_oversampled_sketch_per_component",TRUE,""
"0.99.39","tcga_pan_cancer","classification","simpls","metal","float64","argmax","rsvd",32,5,0,0.441,0.0139999999999999,0.014,0.00100000000000011,0.455,0.0099999999999999,0.894093686354379,338.671875,88,"ordinary_fast",32,5,"fresh_oversampled_sketch_per_component",TRUE,""
"0.99.39","tcga_pan_cancer","classification","simpls","cpu","float64","argmax","rsvd",50,5,0,0.8,0.001,0.0110000000000001,2.22044604925031e-16,0.811,0.00100000000000022,0.911405295315682,298.203125,47.28125,"ordinary_fast",32,5,"fresh_oversampled_sketch_per_component",TRUE,""
"0.99.39","tcga_pan_cancer","classification","simpls","metal","float64","argmax","rsvd",50,5,0,0.62,0.00899999999999979,0.014,0.00099999999999989,0.635,0.00899999999999956,0.911405295315682,346.484375,97.1875,"ordinary_fast",32,5,"fresh_oversampled_sketch_per_component",TRUE,""
"0.99.39","tcga_pan_cancer","classification","simpls","cpu","float64","argmax","rsvd",100,5,0,1.56,2.22044604925031e-16,0.0110000000000001,0.000999999999999446,1.572,0.00100000000000011,0.933808553971487,296.734375,46.203125,"ordinary_fast",32,5,"fresh_oversampled_sketch_per_component",TRUE,""
"0.99.39","tcga_pan_cancer","classification","simpls","metal","float64","argmax","rsvd",100,5,0,1.176,0.0120000000000002,0.0149999999999999,2.22044604925031e-16,1.191,0.0160000000000005,0.933808553971487,346.421875,97.453125,"ordinary_fast",32,5,"fresh_oversampled_sketch_per_component",TRUE,""
"0.99.39","tcga_pan_cancer","classification","simpls","cpu","float64","argmax","rsvd",185,5,0,2.865,0.00999999999999934,0.012,0.00099999999999989,2.877,0.00899999999999901,0.940936863543788,290.1875,39.640625,"ordinary_fast",32,5,"fresh_oversampled_sketch_per_component",TRUE,""
"0.99.39","tcga_pan_cancer","classification","simpls","metal","float64","argmax","rsvd",185,5,0,2.133,0.00800000000000045,0.0150000000000001,4.44089209850063e-16,2.148,0.00900000000000079,0.940936863543788,358.6875,110.515625,"ordinary_fast",32,5,"fresh_oversampled_sketch_per_component",TRUE,""
"0.99.39","tcga_pan_cancer","classification","simpls","cpu","float64","argmax","rsvd",200,5,0,3.11,0.0290000000000004,0.012,0,3.122,0.0300000000000007,0.939918533604888,292.90625,44,"ordinary_fast",32,5,"fresh_oversampled_sketch_per_component",TRUE,""
"0.99.39","tcga_pan_cancer","classification","simpls","metal","float64","argmax","rsvd",200,5,0,2.32,0.0280000000000005,0.016,0.00099999999999989,2.335,0.0270000000000006,0.939918533604888,358.5625,109.890625,"ordinary_fast",32,5,"fresh_oversampled_sketch_per_component",TRUE,""
"0.99.39","tcga_pan_cancer","classification","opls","cpu","float64","argmax","rsvd",1,5,0,0.152,0.005,0.014,0.001,0.165,0.005,0.163951120162933,322.40625,73.140625,"ordinary_fast",32,5,"fresh_oversampled_sketch_per_component",TRUE,""
"0.99.39","tcga_pan_cancer","classification","opls","metal","float64","argmax","rsvd",1,5,0,0.163,0.003,0.027,0.003,0.192,0.00800000000000001,0.163951120162933,360.21875,112.203125,"ordinary_fast",32,5,"fresh_oversampled_sketch_per_component",TRUE,""
"0.99.39","tcga_pan_cancer","classification","opls","cpu","float64","argmax","rsvd",2,5,0,0.168,0.001,0.013,0.001,0.181,0,0.229124236252546,323.234375,72.640625,"ordinary_fast",32,5,"fresh_oversampled_sketch_per_component",TRUE,""
"0.99.39","tcga_pan_cancer","classification","opls","metal","float64","argmax","rsvd",2,5,0,0.183,0.00900000000000001,0.0289999999999999,0.001,0.211,0.01,0.229124236252546,357.859375,108.71875,"ordinary_fast",32,5,"fresh_oversampled_sketch_per_component",TRUE,""
"0.99.39","tcga_pan_cancer","classification","opls","cpu","float64","argmax","rsvd",5,5,0,0.214,0.001,0.0129999999999999,0,0.227,0.001,0.387983706720978,317.328125,73.078125,"ordinary_fast",32,5,"fresh_oversampled_sketch_per_component",TRUE,""
"0.99.39","tcga_pan_cancer","classification","opls","metal","float64","argmax","rsvd",5,5,0,0.203,0.005,0.0239999999999999,0.00200000000000011,0.227,0.012,0.387983706720978,362.890625,114.328125,"ordinary_fast",32,5,"fresh_oversampled_sketch_per_component",TRUE,""
"0.99.39","tcga_pan_cancer","classification","opls","cpu","float64","argmax","rsvd",10,5,0,0.289,0,0.013,0.001,0.303,0.001,0.628309572301426,322.28125,72.3125,"ordinary_fast",32,5,"fresh_oversampled_sketch_per_component",TRUE,""
"0.99.39","tcga_pan_cancer","classification","opls","metal","float64","argmax","rsvd",10,5,0,0.259,0.0079999999999999,0.026,0.002,0.29,0.0079999999999999,0.628309572301426,360.1875,114.046875,"ordinary_fast",32,5,"fresh_oversampled_sketch_per_component",TRUE,""
"0.99.39","tcga_pan_cancer","classification","opls","cpu","float64","argmax","rsvd",20,5,0,0.442,0.00100000000000011,0.0130000000000001,0.00100000000000011,0.455,0.00199999999999989,0.797352342158859,322.5625,73.203125,"ordinary_fast",32,5,"fresh_oversampled_sketch_per_component",TRUE,""
"0.99.39","tcga_pan_cancer","classification","opls","metal","float64","argmax","rsvd",20,5,0,0.365,0.019,0.0299999999999999,0.00800000000000023,0.405,0.0119999999999999,0.797352342158859,366.90625,121.765625,"ordinary_fast",32,5,"fresh_oversampled_sketch_per_component",TRUE,""
"0.99.39","tcga_pan_cancer","classification","opls","cpu","float64","argmax","rsvd",32,5,0,0.626,0.003,0.014,0,0.641,0.003,0.891038696537678,327.90625,78.75,"ordinary_fast",32,5,"fresh_oversampled_sketch_per_component",TRUE,""
"0.99.39","tcga_pan_cancer","classification","opls","metal","float64","argmax","rsvd",32,5,0,0.51,0.00600000000000023,0.03,0.00299999999999989,0.543,0.011,0.891038696537678,365.8125,118.96875,"ordinary_fast",32,5,"fresh_oversampled_sketch_per_component",TRUE,""
"0.99.39","tcga_pan_cancer","classification","opls","cpu","float64","argmax","rsvd",50,5,0,0.902,0.002,0.0130000000000001,2.22044604925031e-16,0.915,0.00200000000000011,0.910386965376782,324.46875,72.3125,"ordinary_fast",32,5,"fresh_oversampled_sketch_per_component",TRUE,""
"0.99.39","tcga_pan_cancer","classification","opls","metal","float64","argmax","rsvd",50,5,0,0.705,0.00699999999999978,0.0269999999999999,0.0069999999999999,0.732,0.0159999999999997,0.910386965376782,344.046875,89.640625,"ordinary_fast",32,5,"fresh_oversampled_sketch_per_component",TRUE,""
"0.99.39","tcga_pan_cancer","classification","opls","cpu","float64","argmax","rsvd",100,5,0,1.669,0.0119999999999998,0.0139999999999998,0,1.683,0.0120000000000002,0.935845213849287,307.625,59.578125,"ordinary_fast",32,5,"fresh_oversampled_sketch_per_component",TRUE,""
"0.99.39","tcga_pan_cancer","classification","opls","metal","float64","argmax","rsvd",100,5,0,1.242,0.01,0.0270000000000001,0.00300000000000011,1.269,0.0139999999999998,0.935845213849287,384.28125,136.203125,"ordinary_fast",32,5,"fresh_oversampled_sketch_per_component",TRUE,""
"0.99.39","tcga_pan_cancer","classification","opls","cpu","float64","argmax","rsvd",182,5,0,2.926,0.00800000000000001,0.0129999999999999,0,2.939,0.00699999999999967,0.938900203665988,323.203125,76.140625,"ordinary_fast",32,5,"fresh_oversampled_sketch_per_component",TRUE,""
"0.99.39","tcga_pan_cancer","classification","opls","metal","float64","argmax","rsvd",182,5,0,2.17,0.0420000000000003,0.0310000000000001,0.00500000000000034,2.207,0.0440000000000005,0.938900203665988,384.375,132.546875,"ordinary_fast",32,5,"fresh_oversampled_sketch_per_component",TRUE,""
"0.99.39","tcga_pan_cancer","classification","opls","cpu","float64","argmax","rsvd",200,5,0,3.2,0.00699999999999967,0.0129999999999999,0,3.214,0.00699999999999967,0.938900203665988,324.125,76.59375,"ordinary_fast",32,5,"fresh_oversampled_sketch_per_component",TRUE,""
"0.99.39","tcga_pan_cancer","classification","opls","metal","float64","argmax","rsvd",200,5,0,2.384,0.00700000000000012,0.032,0.00299999999999967,2.418,0.00999999999999979,0.938900203665988,405.0625,156.828125,"ordinary_fast",32,5,"fresh_oversampled_sketch_per_component",TRUE,""
"0.99.39","tcga_pan_cancer","classification","kernelpls","cpu","float64","argmax","rsvd",1,5,0,0.0529999999999999,0,0.011,0,0.064,0,0.208757637474542,295.671875,46.375,"ordinary_fast",32,5,"fresh_oversampled_sketch_per_component",TRUE,""
"0.99.39","tcga_pan_cancer","classification","kernelpls","metal","float64","argmax","rsvd",1,5,0,0.095,0.006,0.012,0.001,0.107,0.004,0.208757637474542,324.890625,76.84375,"ordinary_fast",32,5,"fresh_oversampled_sketch_per_component",TRUE,""
"0.99.39","tcga_pan_cancer","classification","kernelpls","cpu","float64","argmax","rsvd",2,5,0,0.068,0,0.011,0,0.079,0.001,0.242362525458248,295.75,46.265625,"ordinary_fast",32,5,"fresh_oversampled_sketch_per_component",TRUE,""
"0.99.39","tcga_pan_cancer","classification","kernelpls","metal","float64","argmax","rsvd",2,5,0,0.106,0.004,0.013,0,0.119,0.004,0.242362525458248,327.09375,76.90625,"ordinary_fast",32,5,"fresh_oversampled_sketch_per_component",TRUE,""
"0.99.39","tcga_pan_cancer","classification","kernelpls","cpu","float64","argmax","rsvd",5,5,0,0.114,0.001,0.011,0.001,0.126,0.001,0.441955193482688,293.25,46.203125,"ordinary_fast",32,5,"fresh_oversampled_sketch_per_component",TRUE,""
"0.99.39","tcga_pan_cancer","classification","kernelpls","metal","float64","argmax","rsvd",5,5,0,0.133,0.0139999999999999,0.012,0.001,0.145,0.0149999999999999,0.441955193482688,326.421875,78.703125,"ordinary_fast",32,5,"fresh_oversampled_sketch_per_component",TRUE,""
"0.99.39","tcga_pan_cancer","classification","kernelpls","cpu","float64","argmax","rsvd",10,5,0,0.194,0.00400000000000011,0.012,0.001,0.206,0.004,0.612016293279022,296.296875,46.3125,"ordinary_fast",32,5,"fresh_oversampled_sketch_per_component",TRUE,""
"0.99.39","tcga_pan_cancer","classification","kernelpls","metal","float64","argmax","rsvd",10,5,0,0.194,0.005,0.014,0.00100000000000011,0.209,0.003,0.612016293279022,328.71875,79.03125,"ordinary_fast",32,5,"fresh_oversampled_sketch_per_component",TRUE,""
"0.99.39","tcga_pan_cancer","classification","kernelpls","cpu","float64","argmax","rsvd",20,5,0,0.344,0.00100000000000011,0.011,0,0.355,0.00100000000000011,0.789205702647658,295.953125,46.1875,"ordinary_fast",32,5,"fresh_oversampled_sketch_per_component",TRUE,""
"0.99.39","tcga_pan_cancer","classification","kernelpls","metal","float64","argmax","rsvd",20,5,0,0.298,0.012,0.015,0.001,0.313,0.012,0.789205702647658,329.625,80.34375,"ordinary_fast",32,5,"fresh_oversampled_sketch_per_component",TRUE,""
"0.99.39","tcga_pan_cancer","classification","kernelpls","cpu","float64","argmax","rsvd",32,5,0,0.527,0.00099999999999989,0.0109999999999999,0,0.538,0.000999999999999668,0.894093686354379,291.625,46.5625,"ordinary_fast",32,5,"fresh_oversampled_sketch_per_component",TRUE,""
"0.99.39","tcga_pan_cancer","classification","kernelpls","metal","float64","argmax","rsvd",32,5,0,0.421,0.004,0.014,0.00099999999999989,0.435,0.00300000000000011,0.894093686354379,336.328125,88.1875,"ordinary_fast",32,5,"fresh_oversampled_sketch_per_component",TRUE,""
"0.99.39","tcga_pan_cancer","classification","kernelpls","cpu","float64","argmax","rsvd",50,5,0,0.8,0.00099999999999989,0.0109999999999999,2.22044604925031e-16,0.811,0.00100000000000011,0.911405295315682,295.53125,46.625,"ordinary_fast",32,5,"fresh_oversampled_sketch_per_component",TRUE,""
"0.99.39","tcga_pan_cancer","classification","kernelpls","metal","float64","argmax","rsvd",50,5,0,0.709,0.016,0.014,0.00099999999999989,0.724,0.0130000000000001,0.911405295315682,336.984375,93.796875,"ordinary_fast",32,5,"fresh_oversampled_sketch_per_component",TRUE,""
"0.99.39","tcga_pan_cancer","classification","kernelpls","cpu","float64","argmax","rsvd",100,5,0,1.566,0.0069999999999999,0.012,0.00099999999999989,1.577,0.00799999999999979,0.933808553971487,294.734375,47.140625,"ordinary_fast",32,5,"fresh_oversampled_sketch_per_component",TRUE,""
"0.99.39","tcga_pan_cancer","classification","kernelpls","metal","float64","argmax","rsvd",100,5,0,1.312,0.0310000000000001,0.0159999999999998,0.00300000000000011,1.33,0.0340000000000003,0.933808553971487,348.265625,98.5,"ordinary_fast",32,5,"fresh_oversampled_sketch_per_component",TRUE,""
"0.99.39","tcga_pan_cancer","classification","kernelpls","cpu","float64","argmax","rsvd",185,5,0,2.87,0.00399999999999956,0.012,0.00099999999999989,2.881,0.00499999999999989,0.940936863543788,296.328125,46.53125,"ordinary_fast",32,5,"fresh_oversampled_sketch_per_component",TRUE,""
"0.99.39","tcga_pan_cancer","classification","kernelpls","metal","float64","argmax","rsvd",185,5,0,2.409,0.00800000000000001,0.0170000000000003,4.44089209850063e-16,2.426,0.00699999999999967,0.940936863543788,355.890625,106.1875,"ordinary_fast",32,5,"fresh_oversampled_sketch_per_component",TRUE,""
"0.99.39","tcga_pan_cancer","classification","kernelpls","cpu","float64","argmax","rsvd",200,5,0,3.112,0.012,0.012,0.00100000000000033,3.125,0.0120000000000005,0.939918533604888,295.46875,44.234375,"ordinary_fast",32,5,"fresh_oversampled_sketch_per_component",TRUE,""
"0.99.39","tcga_pan_cancer","classification","kernelpls","metal","float64","argmax","rsvd",200,5,0,2.583,0.0459999999999998,0.0169999999999999,0.00099999999999989,2.602,0.0439999999999996,0.939918533604888,361.390625,108.90625,"ordinary_fast",32,5,"fresh_oversampled_sketch_per_component",TRUE,""
